# Blender 5.2.0 LTS
# www.blender.org
o Engine2
v 0.000000 -2.388484 34.918407
v 0.000000 0.000000 35.000000
v 0.000000 0.000000 31.000000
v 0.000000 2.388484 34.918407
v 0.000000 2.262855 30.917301
v 0.000000 4.765833 34.674007
v 0.000000 4.513636 30.669645
v 0.000000 7.120960 34.267944
v 0.000000 6.740335 30.258352
v 0.000000 9.442887 33.702106
v 0.000000 8.931072 29.685619
v 0.000000 11.720786 32.979134
v 0.000000 11.074158 28.954500
v 0.000000 13.944038 32.102394
v 0.000000 13.158157 28.068895
v 0.000000 16.102276 31.075983
v 0.000000 15.171953 27.033531
v 0.000000 18.185438 29.904678
v 0.000000 17.104799 25.853931
v 0.000000 20.183811 28.593946
v 0.000000 18.946384 24.536390
v 0.000000 22.088078 27.149895
v 0.000000 20.686884 23.087938
v 0.000000 23.889360 25.579258
v 0.000000 22.317007 21.516300
v 0.000000 25.579258 23.889360
v 0.000000 23.828062 19.829865
v 0.000000 27.149895 22.088078
v 0.000000 25.211983 18.037626
v 0.000000 28.593946 20.183811
v 0.000000 26.461386 16.149151
v 0.000000 29.904678 18.185438
v 0.000000 31.075983 16.102276
v 0.000000 27.569607 14.174512
v 0.000000 32.102394 13.944038
v 0.000000 28.530731 12.124247
v 0.000000 32.979134 11.720786
v 0.000000 29.339632 10.009293
v 0.000000 33.702106 9.442887
v 0.000000 29.991995 7.840935
v 0.000000 34.267944 7.120960
v 0.000000 30.484337 5.630743
v 0.000000 34.674007 4.765833
v 0.000000 30.814030 3.390507
v 0.000000 34.918407 2.388484
v 0.000000 30.979319 1.132183
v 0.000000 35.000000 0.000000
v 0.000000 30.979319 -1.132183
v 0.000000 34.918407 -2.388484
v 0.000000 30.814030 -3.390507
v 0.000000 34.674007 -4.765833
v 0.000000 30.484337 -5.630743
v 0.000000 34.267944 -7.120960
v 0.000000 29.991995 -7.840935
v 0.000000 33.702106 -9.442887
v 0.000000 29.339632 -10.009293
v 0.000000 32.979134 -11.720786
v 0.000000 28.530731 -12.124247
v 0.000000 32.102394 -13.944038
v 0.000000 27.569607 -14.174512
v 0.000000 31.075983 -16.102276
v 0.000000 26.461386 -16.149151
v 0.000000 29.904678 -18.185438
v 0.000000 28.593946 -20.183811
v 0.000000 25.211983 -18.037626
v 0.000000 27.149895 -22.088078
v 0.000000 23.828062 -19.829865
v 0.000000 25.579258 -23.889360
v 0.000000 22.317007 -21.516300
v 0.000000 23.889360 -25.579258
v 0.000000 20.686884 -23.087938
v 0.000000 22.088078 -27.149895
v 0.000000 18.946384 -24.536390
v 0.000000 20.183811 -28.593946
v 0.000000 17.104799 -25.853931
v 0.000000 18.185438 -29.904678
v 0.000000 15.171953 -27.033531
v 0.000000 16.102276 -31.075983
v 0.000000 13.158157 -28.068895
v 0.000000 13.944038 -32.102394
v 0.000000 11.074158 -28.954500
v 0.000000 11.720786 -32.979134
v 0.000000 8.931072 -29.685619
v 0.000000 9.442887 -33.702106
v 0.000000 6.740335 -30.258352
v 0.000000 7.120960 -34.267944
v 0.000000 4.513636 -30.669645
v 0.000000 4.765833 -34.674007
v 0.000000 2.262855 -30.917301
v 0.000000 2.388484 -34.918407
v 0.000000 0.000000 -31.000000
v 0.000000 0.000000 -35.000000
v 0.000000 -2.388484 -34.918407
v 0.000000 -2.262855 -30.917301
v 0.000000 -4.765833 -34.674007
v 0.000000 -4.513636 -30.669645
v 0.000000 -7.120960 -34.267944
v 0.000000 -6.740335 -30.258352
v 0.000000 -9.442887 -33.702106
v 0.000000 -8.931072 -29.685619
v 0.000000 -11.720786 -32.979134
v 0.000000 -11.074158 -28.954500
v 0.000000 -13.944038 -32.102394
v 0.000000 -13.158157 -28.068895
v 0.000000 -16.102276 -31.075983
v 0.000000 -15.171953 -27.033531
v 0.000000 -18.185438 -29.904678
v 0.000000 -17.104799 -25.853931
v 0.000000 -20.183811 -28.593946
v 0.000000 -18.946384 -24.536390
v 0.000000 -22.088078 -27.149895
v 0.000000 -20.686884 -23.087938
v 0.000000 -23.889360 -25.579258
v 0.000000 -22.317007 -21.516300
v 0.000000 -25.579258 -23.889360
v 0.000000 -23.828062 -19.829865
v 0.000000 -27.149895 -22.088078
v 0.000000 -25.211983 -18.037626
v 0.000000 -28.593946 -20.183811
v 0.000000 -26.461386 -16.149151
v 0.000000 -29.904678 -18.185438
v 0.000000 -31.075983 -16.102276
v 0.000000 -27.569607 -14.174512
v 0.000000 -32.102394 -13.944038
v 0.000000 -28.530731 -12.124247
v 0.000000 -32.979134 -11.720786
v 0.000000 -29.339632 -10.009293
v 0.000000 -33.702106 -9.442887
v 0.000000 -29.991995 -7.840935
v 0.000000 -34.267944 -7.120960
v 0.000000 -30.484337 -5.630743
v 0.000000 -34.674007 -4.765833
v 0.000000 -30.814030 -3.390507
v 0.000000 -34.918407 -2.388484
v 0.000000 -30.979319 -1.132183
v 0.000000 -35.000000 -0.000000
v 0.000000 -30.979319 1.132183
v 0.000000 -34.918407 2.388484
v 0.000000 -30.814030 3.390507
v 0.000000 -34.674007 4.765833
v 0.000000 -30.484337 5.630743
v 0.000000 -34.267944 7.120960
v 0.000000 -29.991995 7.840935
v 0.000000 -33.702106 9.442887
v 0.000000 -29.339632 10.009293
v 0.000000 -32.979134 11.720786
v 0.000000 -28.530731 12.124247
v 0.000000 -32.102394 13.944038
v 0.000000 -27.569607 14.174512
v 0.000000 -31.075983 16.102276
v 0.000000 -26.461386 16.149151
v 0.000000 -29.904678 18.185438
v 0.000000 -28.593946 20.183811
v 0.000000 -25.211983 18.037626
v 0.000000 -27.149895 22.088078
v 0.000000 -23.828062 19.829865
v 0.000000 -25.579258 23.889360
v 0.000000 -22.317007 21.516300
v 0.000000 -23.889360 25.579258
v 0.000000 -20.686884 23.087938
v 0.000000 -22.088078 27.149895
v 0.000000 -18.946384 24.536390
v 0.000000 -20.183811 28.593946
v 0.000000 -17.104799 25.853931
v 0.000000 -18.185438 29.904678
v 0.000000 -15.171953 27.033531
v 0.000000 -16.102276 31.075983
v 0.000000 -13.158157 28.068895
v 0.000000 -13.944038 32.102394
v 0.000000 -11.074158 28.954500
v 0.000000 -11.720786 32.979134
v 0.000000 -8.931072 29.685619
v 0.000000 -9.442887 33.702106
v 0.000000 -6.740335 30.258352
v 0.000000 -7.120960 34.267944
v 0.000000 -4.513636 30.669645
v 0.000000 -4.765833 34.674007
v 0.000000 -2.262855 30.917301
v 22.241941 0.844174 30.987875
v 22.200001 0.000000 31.000000
v 22.241941 -0.844174 30.987875
v 22.873528 3.376455 30.815573
v 22.578400 2.548175 30.894466
v 22.367973 1.698824 30.952299
v 24.215546 5.602520 30.489281
v 23.702839 4.914349 30.607517
v 23.251596 4.168890 30.718124
v 26.832083 7.748934 30.015749
v 26.086777 7.297931 30.128431
v 25.398659 6.785431 30.248089
v 39.424999 10.009293 29.339632
v 31.000000 8.800000 29.724737
v 30.155893 8.758068 29.737408
v 39.424999 12.124247 28.530731
v 39.424999 14.174512 27.569607
v 39.424999 16.149151 26.461386
v 39.424999 18.037626 25.211983
v 39.424999 19.829865 23.828062
v 39.424999 21.516300 22.317007
v 39.424999 23.087938 20.686884
v 39.424999 24.536390 18.946384
v 39.424999 25.853931 17.104799
v 39.424999 27.033531 15.171953
v 39.424999 28.068895 13.158157
v 39.424999 28.954500 11.074158
v 39.424999 29.685619 8.931072
v 39.424999 30.258352 6.740335
v 39.424999 30.669645 4.513636
v 39.424999 30.917301 2.262855
v 39.424999 31.000000 0.000000
v 39.424999 30.917301 -2.262855
v 39.424999 30.669645 -4.513636
v 39.424999 30.258352 -6.740335
v 39.424999 29.685619 -8.931072
v 39.424999 28.954500 -11.074158
v 39.424999 28.068895 -13.158157
v 39.424999 27.033531 -15.171953
v 39.424999 25.853931 -17.104799
v 39.424999 24.536390 -18.946384
v 39.424999 23.087938 -20.686884
v 39.424999 21.516300 -22.317007
v 39.424999 19.829865 -23.828062
v 39.424999 18.037626 -25.211983
v 39.424999 16.149151 -26.461386
v 39.424999 14.174512 -27.569607
v 39.424999 12.124247 -28.530731
v 39.424999 10.009293 -29.339632
v 39.424999 7.840935 -29.991995
v 39.424999 5.630743 -30.484337
v 39.424999 3.390507 -30.814030
v 39.424999 1.132183 -30.979319
v 39.424999 -1.132183 -30.979319
v 39.424999 -3.390507 -30.814030
v 39.424999 -5.630743 -30.484337
v 39.424999 -7.840935 -29.991995
v 39.424999 -10.009293 -29.339632
v 39.424999 -12.124247 -28.530731
v 39.424999 -14.174512 -27.569607
v 39.424999 -16.149151 -26.461386
v 39.424999 -18.037626 -25.211983
v 39.424999 -19.829865 -23.828062
v 39.424999 -21.516300 -22.317007
v 39.424999 -23.087938 -20.686884
v 39.424999 -24.536390 -18.946384
v 39.424999 -25.853931 -17.104799
v 39.424999 -27.033531 -15.171953
v 39.424999 -28.068895 -13.158157
v 39.424999 -28.954500 -11.074158
v 39.424999 -29.685619 -8.931072
v 39.424999 -30.258352 -6.740335
v 39.424999 -30.669645 -4.513636
v 39.424999 -30.917301 -2.262855
v 39.424999 -31.000000 -0.000000
v 39.424999 -30.917301 2.262855
v 39.424999 -30.669645 4.513636
v 39.424999 -30.258352 6.740335
v 39.424999 -29.685619 8.931072
v 39.424999 -28.954500 11.074158
v 39.424999 -28.068895 13.158157
v 39.424999 -27.033531 15.171953
v 39.424999 -25.853931 17.104799
v 39.424999 -24.536390 18.946384
v 39.424999 -23.087938 20.686884
v 39.424999 -21.516300 22.317007
v 39.424999 -19.829865 23.828062
v 39.424999 -18.037626 25.211983
v 39.424999 -16.149151 26.461386
v 39.424999 -14.174512 27.569607
v 39.424999 -12.124247 28.530731
v 39.424999 -10.009293 29.339632
v 31.000000 -8.800000 29.724737
v 30.155893 -8.758068 29.737408
v 29.301418 -8.632081 29.774446
v 28.452305 -8.421748 29.834398
v 27.624287 -8.126781 29.915806
v 26.832083 -7.748934 30.015749
v 26.086777 -7.297931 30.128431
v 25.398659 -6.785431 30.248089
v 24.778013 -6.223092 30.368950
v 24.215546 -5.602520 30.489281
v 23.702839 -4.914349 30.607517
v 23.251596 -4.168890 30.718124
v 22.873528 -3.376455 30.815573
v 22.578400 -2.548175 30.894466
v 22.367973 -1.698824 30.952299
v 31.844107 -8.758068 29.737408
v 78.849998 -7.840935 29.991995
v 78.849998 -10.009293 29.339632
v 118.275002 -7.840935 29.991995
v 118.275002 -10.009293 29.339632
v 157.699997 -8.931072 29.685619
v 157.699997 -11.074158 28.954500
v 32.698582 -8.632081 29.774446
v 33.547695 -8.421748 29.834398
v 39.424999 -7.840935 29.991995
v 34.375713 -8.126781 29.915806
v 35.167919 -7.748934 30.015749
v 35.913223 -7.297931 30.128431
v 36.601341 -6.785431 30.248089
v 78.849998 -5.630743 30.484337
v 118.275002 -5.630743 30.484337
v 118.275002 -3.385835 30.814545
v 157.699997 -4.513636 30.669645
v 157.699997 -2.262855 30.917301
v 118.275002 -1.132183 30.979319
v 157.699997 0.000000 31.000000
v 118.275002 1.132183 30.979319
v 157.699997 2.262855 30.917301
v 118.275002 3.385835 30.814545
v 157.699997 4.513636 30.669645
v 118.275002 5.630743 30.484337
v 157.699997 6.740335 30.258352
v 118.275002 7.840935 29.991995
v 157.699997 8.931072 29.685619
v 118.275002 10.009293 29.339632
v 157.699997 11.074158 28.954500
v 118.275002 12.124247 28.530731
v 157.699997 13.158157 28.068895
v 118.275002 14.174512 27.569607
v 157.699997 15.171953 27.033531
v 118.275002 16.149151 26.461386
v 157.699997 17.104799 25.853931
v 118.275002 18.037626 25.211983
v 157.699997 18.946384 24.536390
v 118.275002 19.829865 23.828062
v 157.699997 20.686884 23.087938
v 118.275002 21.516300 22.317007
v 157.699997 22.317007 21.516300
v 118.275002 23.087938 20.686884
v 157.699997 23.828062 19.829865
v 118.275002 24.536390 18.946384
v 157.699997 25.211983 18.037626
v 118.275002 25.853931 17.104799
v 157.699997 26.461386 16.149151
v 118.275002 27.033531 15.171953
v 157.699997 27.569607 14.174512
v 118.275002 28.068895 13.158157
v 157.699997 28.530731 12.124247
v 118.275002 28.954500 11.074158
v 157.699997 29.339632 10.009293
v 118.275002 29.685619 8.931072
v 157.699997 29.991995 7.840935
v 118.275002 30.258352 6.740335
v 157.699997 30.484337 5.630743
v 118.275002 30.669645 4.513636
v 157.699997 30.814030 3.390507
v 118.275002 30.917301 2.262855
v 157.699997 30.979319 1.132183
v 118.275002 31.000000 0.000000
v 157.699997 30.979319 -1.132183
v 118.275002 30.917301 -2.262855
v 157.699997 30.814030 -3.390507
v 118.275002 30.669645 -4.513636
v 157.699997 30.484337 -5.630743
v 118.275002 30.258352 -6.740335
v 157.699997 29.991995 -7.840935
v 118.275002 29.685619 -8.931072
v 157.699997 29.339632 -10.009293
v 118.275002 28.954500 -11.074158
v 157.699997 28.530731 -12.124247
v 118.275002 28.068895 -13.158157
v 157.699997 27.569607 -14.174512
v 118.275002 27.033531 -15.171953
v 157.699997 26.461386 -16.149151
v 118.275002 25.853931 -17.104799
v 157.699997 25.211983 -18.037626
v 118.275002 24.536390 -18.946384
v 157.699997 23.828062 -19.829865
v 118.275002 23.087938 -20.686884
v 157.699997 22.317007 -21.516300
v 118.275002 21.516300 -22.317007
v 157.699997 20.686884 -23.087938
v 118.275002 19.829865 -23.828062
v 157.699997 18.946384 -24.536390
v 118.275002 18.037626 -25.211983
v 157.699997 17.104799 -25.853931
v 118.275002 16.149151 -26.461386
v 157.699997 15.171953 -27.033531
v 118.275002 14.174512 -27.569607
v 157.699997 13.158157 -28.068895
v 118.275002 12.124247 -28.530731
v 157.699997 11.074158 -28.954500
v 118.275002 10.009293 -29.339632
v 157.699997 8.931072 -29.685619
v 118.275002 7.840935 -29.991995
v 157.699997 6.740335 -30.258352
v 118.275002 5.630743 -30.484337
v 157.699997 4.513636 -30.669645
v 118.275002 3.390507 -30.814030
v 157.699997 2.262855 -30.917301
v 118.275002 1.132183 -30.979319
v 157.699997 0.000000 -31.000000
v 118.275002 -1.132183 -30.979319
v 157.699997 -2.262855 -30.917301
v 118.275002 -3.390507 -30.814030
v 157.699997 -4.513636 -30.669645
v 118.275002 -5.630743 -30.484337
v 157.699997 -6.740335 -30.258352
v 118.275002 -7.840935 -29.991995
v 157.699997 -8.931072 -29.685619
v 118.275002 -10.009293 -29.339632
v 157.699997 -11.074158 -28.954500
v 118.275002 -12.124247 -28.530731
v 157.699997 -13.158157 -28.068895
v 118.275002 -14.174512 -27.569607
v 157.699997 -15.171953 -27.033531
v 118.275002 -16.149151 -26.461386
v 157.699997 -17.104799 -25.853931
v 118.275002 -18.037626 -25.211983
v 157.699997 -18.946384 -24.536390
v 118.275002 -19.829865 -23.828062
v 157.699997 -20.686884 -23.087938
v 118.275002 -21.516300 -22.317007
v 157.699997 -22.317007 -21.516300
v 118.275002 -23.087938 -20.686884
v 157.699997 -23.828062 -19.829865
v 118.275002 -24.536390 -18.946384
v 157.699997 -25.211983 -18.037626
v 118.275002 -25.853931 -17.104799
v 157.699997 -26.461386 -16.149151
v 118.275002 -27.033531 -15.171953
v 157.699997 -27.569607 -14.174512
v 118.275002 -28.068895 -13.158157
v 157.699997 -28.530731 -12.124247
v 118.275002 -28.954500 -11.074158
v 157.699997 -29.339632 -10.009293
v 118.275002 -29.685619 -8.931072
v 157.699997 -29.991995 -7.840935
v 118.275002 -30.258352 -6.740335
v 157.699997 -30.484337 -5.630743
v 118.275002 -30.669645 -4.513636
v 157.699997 -30.814030 -3.390507
v 118.275002 -30.917301 -2.262855
v 157.699997 -30.979319 -1.132183
v 118.275002 -31.000000 0.000000
v 157.699997 -30.979319 1.132183
v 118.275002 -30.917301 2.262855
v 157.699997 -30.814030 3.390507
v 118.275002 -30.669645 4.513636
v 157.699997 -30.484337 5.630743
v 118.275002 -30.258352 6.740335
v 157.699997 -29.991995 7.840935
v 118.275002 -29.685619 8.931072
v 157.699997 -29.339632 10.009293
v 118.275002 -28.954500 11.074158
v 157.699997 -28.530731 12.124247
v 118.275002 -28.068895 13.158157
v 157.699997 -27.569607 14.174512
v 118.275002 -27.033531 15.171953
v 157.699997 -26.461386 16.149151
v 118.275002 -25.853931 17.104799
v 157.699997 -25.211983 18.037626
v 118.275002 -24.536390 18.946384
v 157.699997 -23.828062 19.829865
v 118.275002 -23.087938 20.686884
v 157.699997 -22.317007 21.516300
v 118.275002 -21.516300 22.317007
v 157.699997 -20.686884 23.087938
v 118.275002 -19.829865 23.828062
v 157.699997 -18.946384 24.536390
v 118.275002 -18.037626 25.211983
v 157.699997 -17.104799 25.853931
v 118.275002 -16.149151 26.461386
v 157.699997 -15.171953 27.033531
v 118.275002 -14.174512 27.569607
v 157.699997 -13.158157 28.068895
v 118.275002 -12.124247 28.530731
v 37.221989 -6.223092 30.368950
v 39.424999 -5.630743 30.484337
v 78.849998 -3.381163 30.815058
v 39.126472 -3.376455 30.815573
v 39.421600 -2.548175 30.894466
v 37.784454 -5.602520 30.489281
v 38.297161 -4.914349 30.607517
v 38.748402 -4.168890 30.718124
v 78.849998 -1.132183 30.979319
v 39.632027 -1.698824 30.952299
v 39.758057 -0.844174 30.987875
v 39.799999 -0.000000 31.000000
v 78.849998 1.132183 30.979319
v 78.849998 3.381163 30.815058
v 78.849998 5.630743 30.484337
v 39.758057 0.844174 30.987875
v 39.632027 1.698824 30.952299
v 39.421600 2.548175 30.894466
v 39.126472 3.376455 30.815573
v 39.424999 5.630743 30.484337
v 38.748402 4.168890 30.718124
v 38.297161 4.914349 30.607517
v 37.784454 5.602520 30.489281
v 37.221989 6.223092 30.368950
v 36.601341 6.785431 30.248089
v 78.849998 7.840935 29.991995
v 35.913223 7.297931 30.128431
v 39.424999 7.840935 29.991995
v 35.167919 7.748934 30.015749
v 34.375713 8.126781 29.915806
v 33.547695 8.421748 29.834398
v 32.698582 8.632081 29.774446
v 78.849998 10.009293 29.339632
v 31.844107 8.758068 29.737408
v 29.301418 8.632081 29.774446
v 28.452305 8.421748 29.834398
v 27.624287 8.126781 29.915806
v 24.778013 6.223092 30.368950
v 157.699997 -6.740335 30.258352
v 78.849998 -31.000000 -0.000000
v 78.849998 -30.917301 -2.262855
v 78.849998 -30.669645 -4.513636
v 78.849998 -30.258352 -6.740335
v 78.849998 -29.685619 -8.931072
v 78.849998 -28.954500 -11.074158
v 78.849998 -28.068895 -13.158157
v 78.849998 -27.033531 -15.171953
v 78.849998 -25.853931 -17.104799
v 78.849998 -24.536390 -18.946384
v 78.849998 -23.087938 -20.686884
v 78.849998 -21.516300 -22.317007
v 78.849998 -19.829865 -23.828062
v 78.849998 -18.037626 -25.211983
v 78.849998 -16.149151 -26.461386
v 78.849998 -14.174512 -27.569607
v 78.849998 -12.124247 -28.530731
v 78.849998 -10.009293 -29.339632
v 78.849998 -7.840935 -29.991995
v 78.849998 -5.630743 -30.484337
v 78.849998 -3.390507 -30.814030
v 78.849998 -1.132183 -30.979319
v 78.849998 1.132183 -30.979319
v 78.849998 3.390507 -30.814030
v 78.849998 5.630743 -30.484337
v 78.849998 7.840935 -29.991995
v 78.849998 10.009293 -29.339632
v 78.849998 12.124247 -28.530731
v 78.849998 14.174512 -27.569607
v 78.849998 16.149151 -26.461386
v 78.849998 18.037626 -25.211983
v 78.849998 19.829865 -23.828062
v 78.849998 21.516300 -22.317007
v 78.849998 23.087938 -20.686884
v 78.849998 24.536390 -18.946384
v 78.849998 25.853931 -17.104799
v 78.849998 27.033531 -15.171953
v 78.849998 28.068895 -13.158157
v 78.849998 28.954500 -11.074158
v 78.849998 29.685619 -8.931072
v 78.849998 30.258352 -6.740335
v 78.849998 30.669645 -4.513636
v 78.849998 30.917301 -2.262855
v 78.849998 31.000000 0.000000
v 78.849998 30.917301 2.262855
v 78.849998 30.669645 4.513636
v 78.849998 30.258352 6.740335
v 78.849998 29.685619 8.931072
v 78.849998 28.954500 11.074158
v 78.849998 28.068895 13.158157
v 78.849998 27.033531 15.171953
v 78.849998 25.853931 17.104799
v 78.849998 24.536390 18.946384
v 78.849998 23.087938 20.686884
v 78.849998 21.516300 22.317007
v 78.849998 19.829865 23.828062
v 78.849998 18.037626 25.211983
v 78.849998 16.149151 26.461386
v 78.849998 14.174512 27.569607
v 78.849998 12.124247 28.530731
v 78.849998 -30.917301 2.262855
v 78.849998 -30.669645 4.513636
v 78.849998 -30.258352 6.740335
v 78.849998 -29.685619 8.931072
v 78.849998 -28.954500 11.074158
v 78.849998 -28.068895 13.158157
v 78.849998 -27.033531 15.171953
v 78.849998 -25.853931 17.104799
v 78.849998 -24.536390 18.946384
v 78.849998 -23.087938 20.686884
v 78.849998 -21.516300 22.317007
v 78.849998 -19.829865 23.828062
v 78.849998 -18.037626 25.211983
v 78.849998 -16.149151 26.461386
v 78.849998 -14.174512 27.569607
v 78.849998 -12.124247 28.530731
v 157.699997 2.388484 34.918407
v 157.699997 0.000000 35.000000
v 157.699997 -2.388484 34.918407
v 157.699997 4.765833 34.674007
v 157.699997 7.120960 34.267944
v 157.699997 9.442887 33.702106
v 157.699997 11.720786 32.979134
v 157.699997 13.944038 32.102394
v 157.699997 16.102276 31.075983
v 157.699997 18.185438 29.904678
v 157.699997 20.183811 28.593946
v 157.699997 22.088078 27.149895
v 157.699997 23.889360 25.579258
v 157.699997 25.579258 23.889360
v 157.699997 27.149895 22.088078
v 157.699997 28.593946 20.183811
v 157.699997 29.904678 18.185438
v 157.699997 31.075983 16.102276
v 157.699997 32.102394 13.944038
v 157.699997 32.979134 11.720786
v 157.699997 33.702106 9.442887
v 157.699997 34.267944 7.120960
v 157.699997 34.674007 4.765833
v 157.699997 34.918407 2.388484
v 157.699997 35.000000 0.000000
v 157.699997 34.918407 -2.388484
v 157.699997 34.674007 -4.765833
v 157.699997 34.267944 -7.120960
v 157.699997 33.702106 -9.442887
v 157.699997 32.979134 -11.720786
v 157.699997 32.102394 -13.944038
v 157.699997 31.075983 -16.102276
v 157.699997 29.904678 -18.185438
v 157.699997 28.593946 -20.183811
v 157.699997 27.149895 -22.088078
v 157.699997 25.579258 -23.889360
v 157.699997 23.889360 -25.579258
v 157.699997 22.088078 -27.149895
v 157.699997 20.183811 -28.593946
v 157.699997 18.185438 -29.904678
v 157.699997 16.102276 -31.075983
v 157.699997 13.944038 -32.102394
v 157.699997 11.720786 -32.979134
v 157.699997 9.442887 -33.702106
v 157.699997 7.120960 -34.267944
v 157.699997 4.765833 -34.674007
v 157.699997 2.388484 -34.918407
v 157.699997 0.000000 -35.000000
v 157.699997 -2.388484 -34.918407
v 157.699997 -4.765833 -34.674007
v 157.699997 -7.120960 -34.267944
v 157.699997 -9.442887 -33.702106
v 157.699997 -11.720786 -32.979134
v 157.699997 -13.944038 -32.102394
v 157.699997 -16.102276 -31.075983
v 157.699997 -18.185438 -29.904678
v 157.699997 -20.183811 -28.593946
v 157.699997 -22.088078 -27.149895
v 157.699997 -23.889360 -25.579258
v 157.699997 -25.579258 -23.889360
v 157.699997 -27.149895 -22.088078
v 157.699997 -28.593946 -20.183811
v 157.699997 -29.904678 -18.185438
v 157.699997 -31.075983 -16.102276
v 157.699997 -32.102394 -13.944038
v 157.699997 -32.979134 -11.720786
v 157.699997 -33.702106 -9.442887
v 157.699997 -34.267944 -7.120960
v 157.699997 -34.674007 -4.765833
v 157.699997 -34.918407 -2.388484
v 157.699997 -35.000000 -0.000000
v 157.699997 -34.918407 2.388484
v 157.699997 -34.674007 4.765833
v 157.699997 -34.267944 7.120960
v 157.699997 -33.702106 9.442887
v 157.699997 -32.979134 11.720786
v 157.699997 -32.102394 13.944038
v 157.699997 -31.075983 16.102276
v 157.699997 -29.904678 18.185438
v 157.699997 -28.593946 20.183811
v 157.699997 -27.149895 22.088078
v 157.699997 -25.579258 23.889360
v 157.699997 -23.889360 25.579258
v 157.699997 -22.088078 27.149895
v 157.699997 -20.183811 28.593946
v 157.699997 -18.185438 29.904678
v 157.699997 -16.102276 31.075983
v 157.699997 -13.944038 32.102394
v 157.699997 -11.720786 32.979134
v 157.699997 -9.442887 33.702106
v 157.699997 -7.120960 34.267944
v 157.699997 -4.765833 34.674007
v 22.241848 0.843218 34.989281
v 22.200001 0.000000 35.000000
v 22.241848 -0.843218 34.989281
v 22.367651 1.697212 34.957832
v 22.577803 2.546211 34.906704
v 22.872692 3.374443 34.836952
v 23.250647 4.167107 34.750801
v 23.701941 4.912991 34.653049
v 24.214886 5.601708 34.548595
v 24.777794 6.222874 34.442356
v 25.399006 6.785705 34.335747
v 26.087690 7.298525 34.230316
v 26.833481 7.749675 34.131130
v 27.626005 8.127494 34.043262
v 28.454079 8.422286 33.971783
v 29.302933 8.632380 33.919201
v 30.156822 8.758159 33.886745
v 31.000000 8.800000 33.875656
v 31.843178 8.758159 33.886745
v 32.697067 8.632380 33.919201
v 33.545921 8.422286 33.971783
v 34.373993 8.127494 34.043262
v 35.166519 7.749675 34.131130
v 35.912308 7.298525 34.230316
v 36.600994 6.785705 34.335747
v 37.222206 6.222874 34.442356
v 37.785114 5.601708 34.548595
v 38.298061 4.912991 34.653049
v 38.749355 4.167107 34.750801
v 39.127308 3.374443 34.836952
v 39.422195 2.546211 34.906704
v 39.632347 1.697212 34.957832
v 39.758152 0.843218 34.989281
v 39.799999 0.000000 35.000000
v 39.758152 -0.843218 34.989281
v 39.632347 -1.697212 34.957832
v 39.422195 -2.546211 34.906704
v 39.127308 -3.374443 34.836952
v 38.749355 -4.167107 34.750801
v 38.298061 -4.912991 34.653049
v 37.785114 -5.601708 34.548595
v 37.222206 -6.222874 34.442356
v 36.600994 -6.785705 34.335747
v 35.912308 -7.298525 34.230316
v 35.166519 -7.749675 34.131130
v 34.373993 -8.127494 34.043262
v 33.545921 -8.422286 33.971783
v 32.697067 -8.632380 33.919201
v 31.843178 -8.758159 33.886745
v 31.000000 -8.800000 33.875656
v 30.156822 -8.758159 33.886745
v 29.302933 -8.632380 33.919201
v 28.454079 -8.422286 33.971783
v 27.626005 -8.127494 34.043262
v 26.833481 -7.749675 34.131130
v 26.087690 -7.298525 34.230316
v 25.399006 -6.785705 34.335747
v 24.777794 -6.222874 34.442356
v 24.214886 -5.601708 34.548595
v 23.701941 -4.912991 34.653049
v 23.250647 -4.167107 34.750801
v 22.872692 -3.374443 34.836952
v 22.577803 -2.546211 34.906704
v 22.367651 -1.697212 34.957832
v 52.566666 10.123824 33.503853
v 52.566666 7.788233 34.122478
v 52.566666 5.415527 34.578491
v 52.566666 3.017013 34.869724
v 52.566666 0.604122 34.994785
v 105.133331 0.604122 34.994785
v 105.133331 -1.811647 34.953083
v 105.133331 -4.218784 34.744812
v 105.133331 -6.605816 34.370964
v 105.133331 -8.961369 33.833324
v 105.133331 -11.274216 33.134453
v 105.133331 -13.533336 32.277683
v 105.133331 -15.727964 31.267094
v 105.133331 -17.847641 30.107502
v 105.133331 -19.882267 28.804436
v 105.133331 -21.822144 27.364101
v 105.133331 -23.658028 25.793365
v 105.133331 -25.381170 24.099712
v 105.133331 -26.983360 22.291214
v 105.133331 -28.456963 20.376488
v 105.133331 -29.794956 18.364656
v 105.133331 -30.990961 16.265310
v 105.133331 -32.039280 14.088453
v 105.133331 -32.934917 11.844458
v 105.133331 -33.673607 9.544018
v 105.133331 -34.251823 7.198097
v 105.133331 -34.666817 4.817873
v 105.133331 -34.916603 2.414690
v 105.133331 -35.000000 -0.000000
v 105.133331 -34.916603 -2.414690
v 105.133331 -34.666817 -4.817873
v 105.133331 -34.251823 -7.198097
v 105.133331 -33.673607 -9.544018
v 105.133331 -32.934917 -11.844458
v 105.133331 -32.039280 -14.088453
v 105.133331 -30.990961 -16.265310
v 105.133331 -29.794956 -18.364656
v 105.133331 -28.456963 -20.376488
v 105.133331 -26.983360 -22.291214
v 105.133331 -25.381170 -24.099712
v 105.133331 -23.658028 -25.793365
v 105.133331 -21.822144 -27.364101
v 105.133331 -19.882267 -28.804436
v 105.133331 -17.847641 -30.107502
v 105.133331 -15.727964 -31.267094
v 105.133331 -13.533336 -32.277683
v 105.133331 -11.274216 -33.134453
v 105.133331 -8.961369 -33.833324
v 105.133331 -6.605816 -34.370964
v 105.133331 -4.218784 -34.744812
v 105.133331 -1.811647 -34.953083
v 105.133331 0.604122 -34.994785
v 105.133331 3.017013 -34.869724
v 105.133331 5.415527 -34.578491
v 105.133331 7.788233 -34.122478
v 105.133331 10.123824 -33.503853
v 105.133331 12.411171 -32.725567
v 105.133331 14.639373 -31.791332
v 105.133331 16.797812 -30.705595
v 105.133331 18.876202 -29.473532
v 105.133331 20.864637 -28.101013
v 105.133331 22.753643 -26.594580
v 105.133331 24.534218 -24.961412
v 105.133331 26.197876 -23.209293
v 105.133331 27.736689 -21.346571
v 105.133331 29.143324 -19.382122
v 105.133331 30.411079 -17.325308
v 105.133331 31.533911 -15.185931
v 105.133331 32.506470 -12.974186
v 105.133331 33.324120 -10.700614
v 105.133331 33.982964 -8.376048
v 105.133331 34.479866 -6.011567
v 105.133331 34.812454 -3.618438
v 105.133331 34.979145 -1.208065
v 105.133331 34.979145 1.208065
v 105.133331 34.812454 3.618438
v 105.133331 34.479866 6.011567
v 105.133331 33.982964 8.376048
v 105.133331 33.324120 10.700614
v 105.133331 32.506470 12.974186
v 105.133331 31.533911 15.185931
v 105.133331 30.411079 17.325308
v 105.133331 29.143324 19.382122
v 105.133331 27.736689 21.346571
v 105.133331 26.197876 23.209293
v 105.133331 24.534218 24.961412
v 105.133331 22.753643 26.594580
v 105.133331 20.864637 28.101013
v 105.133331 18.876202 29.473532
v 105.133331 16.797812 30.705595
v 105.133331 14.639373 31.791332
v 105.133331 12.411171 32.725567
v 105.133331 10.123824 33.503853
v 105.133331 7.788233 34.122478
v 105.133331 5.415527 34.578491
v 105.133331 3.017013 34.869724
v 52.566666 -1.811647 34.953083
v 52.566666 -4.218784 34.744812
v 52.566666 -6.605816 34.370964
v 52.566666 -8.961369 33.833324
v 52.566666 -11.274216 33.134453
v 52.566666 -13.533336 32.277683
v 52.566666 -15.727964 31.267094
v 52.566666 -17.847641 30.107502
v 52.566666 -19.882267 28.804436
v 52.566666 -21.822144 27.364101
v 52.566666 -23.658028 25.793365
v 52.566666 -25.381170 24.099712
v 52.566666 -26.983360 22.291214
v 52.566666 -28.456963 20.376488
v 52.566666 -29.794956 18.364656
v 52.566666 -30.990961 16.265310
v 52.566666 -32.039280 14.088453
v 52.566666 -32.934917 11.844458
v 52.566666 -33.673607 9.544018
v 52.566666 -34.251823 7.198097
v 52.566666 -34.666817 4.817873
v 52.566666 -34.916603 2.414690
v 52.566666 -35.000000 -0.000000
v 52.566666 -34.916603 -2.414690
v 52.566666 -34.666817 -4.817873
v 52.566666 -34.251823 -7.198097
v 52.566666 -33.673607 -9.544018
v 52.566666 -32.934917 -11.844458
v 52.566666 -32.039280 -14.088453
v 52.566666 -30.990961 -16.265310
v 52.566666 -29.794956 -18.364656
v 52.566666 -28.456963 -20.376488
v 52.566666 -26.983360 -22.291214
v 52.566666 -25.381170 -24.099712
v 52.566666 -23.658028 -25.793365
v 52.566666 -21.822144 -27.364101
v 52.566666 -19.882267 -28.804436
v 52.566666 -17.847641 -30.107502
v 52.566666 -15.727964 -31.267094
v 52.566666 -13.533336 -32.277683
v 52.566666 -11.274216 -33.134453
v 52.566666 -8.961369 -33.833324
v 52.566666 -6.605816 -34.370964
v 52.566666 -4.218784 -34.744812
v 52.566666 -1.811647 -34.953083
v 52.566666 0.604122 -34.994785
v 52.566666 3.017013 -34.869724
v 52.566666 5.415527 -34.578491
v 52.566666 7.788233 -34.122478
v 52.566666 10.123824 -33.503853
v 52.566666 12.411171 -32.725567
v 52.566666 14.639373 -31.791332
v 52.566666 16.797812 -30.705595
v 52.566666 18.876202 -29.473532
v 52.566666 20.864637 -28.101013
v 52.566666 22.753643 -26.594580
v 52.566666 24.534218 -24.961412
v 52.566666 26.197876 -23.209293
v 52.566666 27.736689 -21.346571
v 52.566666 29.143324 -19.382122
v 52.566666 30.411079 -17.325308
v 52.566666 31.533911 -15.185931
v 52.566666 32.506470 -12.974186
v 52.566666 33.324120 -10.700614
v 52.566666 33.982964 -8.376048
v 52.566666 34.479866 -6.011567
v 52.566666 34.812454 -3.618438
v 52.566666 34.979145 -1.208065
v 52.566666 34.979145 1.208065
v 52.566666 34.812454 3.618438
v 52.566666 34.479866 6.011567
v 52.566666 33.982964 8.376048
v 52.566666 33.324120 10.700614
v 52.566666 32.506470 12.974186
v 52.566666 31.533911 15.185931
v 52.566666 30.411079 17.325308
v 52.566666 29.143324 19.382122
v 52.566666 27.736689 21.346571
v 52.566666 26.197876 23.209293
v 52.566666 24.534218 24.961412
v 52.566666 22.753643 26.594580
v 52.566666 20.864637 28.101013
v 52.566666 18.876202 29.473532
v 52.566666 16.797812 30.705595
v 52.566666 14.639373 31.791332
v 52.566666 12.411171 32.725567
v 153.699997 1.513666 13.917932
v 153.699997 1.711009 17.918495
v 153.699997 0.000000 14.000000
v 153.699997 0.000000 18.000000
v 153.699997 -1.711009 17.918495
v 153.699997 3.406523 17.674717
v 153.699997 3.009586 13.672688
v 153.699997 5.071186 17.270874
v 153.699997 4.470222 13.267144
v 153.699997 6.689924 16.710623
v 153.699997 5.878448 12.706056
v 153.699997 8.248077 15.999038
v 153.699997 7.217754 11.996000
v 153.699997 9.731535 15.142564
v 153.699997 8.472439 11.145303
v 153.699997 11.126862 14.148955
v 153.699997 9.627792 10.163937
v 153.699997 12.421422 13.027213
v 153.699997 13.603493 11.787493
v 153.699997 10.670269 9.063408
v 153.699997 14.662367 10.441025
v 153.699997 11.587646 7.856619
v 153.699997 15.588457 9.000000
v 153.699997 12.369168 6.557718
v 153.699997 16.373377 7.477470
v 153.699997 13.005674 5.181934
v 153.699997 17.010015 5.887223
v 153.699997 13.489700 3.745397
v 153.699997 17.492609 4.243661
v 153.699997 13.815572 2.264948
v 153.699997 17.816786 2.561667
v 153.699997 13.979467 0.757945
v 153.699997 17.979612 0.856474
v 153.699997 17.979612 -0.856474
v 153.699997 13.979467 -0.757945
v 153.699997 17.816786 -2.561667
v 153.699997 13.815572 -2.264948
v 153.699997 17.492609 -4.243661
v 153.699997 13.489700 -3.745397
v 153.699997 17.010015 -5.887223
v 153.699997 13.005674 -5.181934
v 153.699997 16.373377 -7.477470
v 153.699997 12.369168 -6.557718
v 153.699997 15.588457 -9.000000
v 153.699997 11.587646 -7.856619
v 153.699997 14.662367 -10.441025
v 153.699997 10.670269 -9.063408
v 153.699997 13.603493 -11.787493
v 153.699997 9.627792 -10.163937
v 153.699997 12.421422 -13.027213
v 153.699997 11.126862 -14.148955
v 153.699997 8.472439 -11.145303
v 153.699997 9.731535 -15.142564
v 153.699997 7.217754 -11.996000
v 153.699997 8.248077 -15.999038
v 153.699997 5.878448 -12.706056
v 153.699997 6.689924 -16.710623
v 153.699997 4.470222 -13.267144
v 153.699997 5.071186 -17.270874
v 153.699997 3.009586 -13.672688
v 153.699997 3.406523 -17.674717
v 153.699997 1.513666 -13.917932
v 153.699997 1.711009 -17.918495
v 153.699997 -0.000000 -14.000000
v 153.699997 0.000000 -18.000000
v 153.699997 -1.711009 -17.918495
v 153.699997 -1.513666 -13.917932
v 153.699997 -3.406523 -17.674717
v 153.699997 -3.009586 -13.672688
v 153.699997 -5.071186 -17.270874
v 153.699997 -4.470222 -13.267144
v 153.699997 -6.689924 -16.710623
v 153.699997 -5.878448 -12.706056
v 153.699997 -8.248077 -15.999038
v 153.699997 -7.217754 -11.996000
v 153.699997 -9.731535 -15.142564
v 153.699997 -8.472439 -11.145303
v 153.699997 -11.126862 -14.148955
v 153.699997 -9.627792 -10.163937
v 153.699997 -12.421422 -13.027213
v 153.699997 -13.603493 -11.787493
v 153.699997 -10.670269 -9.063408
v 153.699997 -14.662367 -10.441025
v 153.699997 -11.587646 -7.856619
v 153.699997 -15.588457 -9.000000
v 153.699997 -12.369168 -6.557718
v 153.699997 -16.373377 -7.477470
v 153.699997 -13.005674 -5.181934
v 153.699997 -17.010015 -5.887223
v 153.699997 -13.489700 -3.745397
v 153.699997 -17.492609 -4.243661
v 153.699997 -13.815572 -2.264948
v 153.699997 -17.816786 -2.561667
v 153.699997 -13.979467 -0.757945
v 153.699997 -17.979612 -0.856474
v 153.699997 -13.979467 0.757945
v 153.699997 -17.979612 0.856474
v 153.699997 -17.816786 2.561667
v 153.699997 -13.815572 2.264948
v 153.699997 -17.492609 4.243661
v 153.699997 -13.489700 3.745397
v 153.699997 -17.010015 5.887223
v 153.699997 -13.005674 5.181934
v 153.699997 -16.373377 7.477470
v 153.699997 -12.369168 6.557718
v 153.699997 -15.588457 9.000000
v 153.699997 -11.587646 7.856619
v 153.699997 -14.662367 10.441025
v 153.699997 -10.670269 9.063408
v 153.699997 -13.603493 11.787493
v 153.699997 -9.627792 10.163937
v 153.699997 -12.421422 13.027213
v 153.699997 -11.126862 14.148955
v 153.699997 -8.472439 11.145303
v 153.699997 -9.731535 15.142564
v 153.699997 -7.217754 11.996000
v 153.699997 -8.248077 15.999038
v 153.699997 -5.878448 12.706056
v 153.699997 -6.689924 16.710623
v 153.699997 -4.470222 13.267144
v 153.699997 -5.071186 17.270874
v 153.699997 -3.009586 13.672688
v 153.699997 -3.406523 17.674717
v 153.699997 -1.513666 13.917932
v 0.000000 -1.711009 17.918495
v 0.000000 0.000000 18.000000
v 0.000000 0.000000 14.000000
v 0.000000 1.711009 17.918495
v 0.000000 1.513666 13.917932
v 0.000000 3.406523 17.674717
v 0.000000 3.009586 13.672688
v 0.000000 5.071186 17.270874
v 0.000000 4.470222 13.267144
v 0.000000 6.689924 16.710623
v 0.000000 5.878448 12.706056
v 0.000000 8.248077 15.999038
v 0.000000 7.217754 11.996000
v 0.000000 9.731535 15.142564
v 0.000000 8.472439 11.145303
v 0.000000 11.126862 14.148955
v 0.000000 9.627792 10.163937
v 0.000000 12.421422 13.027213
v 0.000000 13.603493 11.787493
v 0.000000 10.670269 9.063408
v 0.000000 14.662367 10.441025
v 0.000000 11.587646 7.856619
v 0.000000 15.588457 9.000000
v 0.000000 12.369168 6.557718
v 0.000000 16.373377 7.477470
v 0.000000 13.005674 5.181934
v 0.000000 17.010015 5.887223
v 0.000000 13.489700 3.745397
v 0.000000 17.492609 4.243661
v 0.000000 13.815572 2.264948
v 0.000000 17.816786 2.561667
v 0.000000 13.979467 0.757945
v 0.000000 17.979612 0.856474
v 0.000000 17.979612 -0.856474
v 0.000000 13.979467 -0.757945
v 0.000000 17.816786 -2.561667
v 0.000000 13.815572 -2.264948
v 0.000000 17.492609 -4.243661
v 0.000000 13.489700 -3.745397
v 0.000000 17.010015 -5.887223
v 0.000000 13.005674 -5.181934
v 0.000000 16.373377 -7.477470
v 0.000000 12.369168 -6.557718
v 0.000000 15.588457 -9.000000
v 0.000000 11.587646 -7.856619
v 0.000000 14.662367 -10.441025
v 0.000000 10.670269 -9.063408
v 0.000000 13.603493 -11.787493
v 0.000000 9.627792 -10.163937
v 0.000000 12.421422 -13.027213
v 0.000000 11.126862 -14.148955
v 0.000000 8.472439 -11.145303
v 0.000000 9.731535 -15.142564
v 0.000000 7.217754 -11.996000
v 0.000000 8.248077 -15.999038
v 0.000000 5.878448 -12.706056
v 0.000000 6.689924 -16.710623
v 0.000000 4.470222 -13.267144
v 0.000000 5.071186 -17.270874
v 0.000000 3.009586 -13.672688
v 0.000000 3.406523 -17.674717
v 0.000000 1.513666 -13.917932
v 0.000000 1.711009 -17.918495
v 0.000000 0.000000 -14.000000
v 0.000000 0.000000 -18.000000
v 0.000000 -1.711009 -17.918495
v 0.000000 -1.513666 -13.917932
v 0.000000 -3.406523 -17.674717
v 0.000000 -3.009586 -13.672688
v 0.000000 -5.071186 -17.270874
v 0.000000 -4.470222 -13.267144
v 0.000000 -6.689924 -16.710623
v 0.000000 -5.878448 -12.706056
v 0.000000 -8.248077 -15.999038
v 0.000000 -7.217754 -11.996000
v 0.000000 -9.731535 -15.142564
v 0.000000 -8.472439 -11.145303
v 0.000000 -11.126862 -14.148955
v 0.000000 -9.627792 -10.163937
v 0.000000 -12.421422 -13.027213
v 0.000000 -13.603493 -11.787493
v 0.000000 -10.670269 -9.063408
v 0.000000 -14.662367 -10.441025
v 0.000000 -11.587646 -7.856619
v 0.000000 -15.588457 -9.000000
v 0.000000 -12.369168 -6.557718
v 0.000000 -16.373377 -7.477470
v 0.000000 -13.005674 -5.181934
v 0.000000 -17.010015 -5.887223
v 0.000000 -13.489700 -3.745397
v 0.000000 -17.492609 -4.243661
v 0.000000 -13.815572 -2.264948
v 0.000000 -17.816786 -2.561667
v 0.000000 -13.979467 -0.757945
v 0.000000 -17.979612 -0.856474
v 0.000000 -13.979467 0.757945
v 0.000000 -17.979612 0.856474
v 0.000000 -17.816786 2.561667
v 0.000000 -13.815572 2.264948
v 0.000000 -17.492609 4.243661
v 0.000000 -13.489700 3.745397
v 0.000000 -17.010015 5.887223
v 0.000000 -13.005674 5.181934
v 0.000000 -16.373377 7.477470
v 0.000000 -12.369168 6.557718
v 0.000000 -15.588457 9.000000
v 0.000000 -11.587646 7.856619
v 0.000000 -14.662367 10.441025
v 0.000000 -10.670269 9.063408
v 0.000000 -13.603493 11.787493
v 0.000000 -9.627792 10.163937
v 0.000000 -12.421422 13.027213
v 0.000000 -11.126862 14.148955
v 0.000000 -8.472439 11.145303
v 0.000000 -9.731535 15.142564
v 0.000000 -7.217754 11.996000
v 0.000000 -8.248077 15.999038
v 0.000000 -5.878448 12.706056
v 0.000000 -6.689924 16.710623
v 0.000000 -4.470222 13.267144
v 0.000000 -5.071186 17.270874
v 0.000000 -3.009586 13.672688
v 0.000000 -3.406523 17.674717
v 0.000000 -1.513666 13.917932
v 30.740000 0.757945 13.979467
v 30.740000 -0.757945 13.979467
v 30.740000 -2.264948 13.815572
v 30.740000 -3.745397 13.489700
v 30.740000 -5.181934 13.005674
v 30.740000 -6.557718 12.369168
v 30.740000 -7.856619 11.587646
v 30.740000 -9.063408 10.670269
v 30.740000 -10.163937 9.627792
v 30.740000 -11.145303 8.472439
v 30.740000 -11.996000 7.217754
v 30.740000 -12.706056 5.878448
v 30.740000 -13.267144 4.470222
v 30.740000 -13.672688 3.009586
v 30.740000 -13.917932 1.513666
v 30.740000 -14.000000 -0.000000
v 30.740000 -13.917932 -1.513666
v 30.740000 -13.672688 -3.009586
v 30.740000 -13.267144 -4.470222
v 30.740000 -12.706056 -5.878448
v 30.740000 -11.996000 -7.217754
v 30.740000 -11.145303 -8.472439
v 30.740000 -10.163937 -9.627792
v 30.740000 -9.063408 -10.670269
v 30.740000 -7.856619 -11.587646
v 30.740000 -6.557718 -12.369168
v 30.740000 -5.181934 -13.005674
v 30.740000 -3.745397 -13.489700
v 30.740000 -2.264948 -13.815572
v 30.740000 -0.757945 -13.979467
v 30.740000 0.757945 -13.979467
v 30.740000 2.264948 -13.815572
v 30.740000 3.745397 -13.489700
v 30.740000 5.181934 -13.005674
v 30.740000 6.557718 -12.369168
v 30.740000 7.856619 -11.587646
v 30.740000 9.063408 -10.670269
v 30.740000 10.163937 -9.627792
v 30.740000 11.145303 -8.472439
v 30.740000 11.996000 -7.217754
v 30.740000 12.706056 -5.878448
v 30.740000 13.267144 -4.470222
v 30.740000 13.672688 -3.009586
v 30.740000 13.917932 -1.513666
v 30.740000 14.000000 0.000000
v 30.740000 13.917932 1.513666
v 30.740000 13.672688 3.009586
v 30.740000 13.267144 4.470222
v 30.740000 12.706056 5.878448
v 30.740000 11.996000 7.217754
v 30.740000 11.145303 8.472439
v 30.740000 10.163937 9.627792
v 30.740000 9.063408 10.670269
v 30.740000 7.856619 11.587646
v 30.740000 6.557718 12.369168
v 30.740000 5.181934 13.005674
v 30.740000 3.745397 13.489700
v 30.740000 2.264948 13.815572
v 143.307571 0.076896 -13.999784
v 122.959999 0.757945 -13.979467
v 143.300003 -0.000000 -14.000000
v 122.959999 -0.757945 -13.979467
v 143.307571 -0.076896 -13.999784
v 143.330444 -0.153077 -13.999163
v 143.368134 -0.223121 -13.998219
v 143.417160 -0.282843 -13.997143
v 143.476883 -0.331860 -13.996065
v 143.546921 -0.369550 -13.995122
v 143.623108 -0.392429 -13.994501
v 143.699997 -0.400000 -13.994285
v 143.330444 0.153077 -13.999163
v 143.368134 0.223121 -13.998219
v 143.417160 0.282843 -13.997143
v 143.476883 0.331860 -13.996065
v 143.546921 0.369550 -13.995122
v 143.623108 0.392429 -13.994501
v 143.699997 0.400000 -13.994285
v 122.959999 2.264948 -13.815572
v 122.959999 3.745397 -13.489700
v 122.959999 5.181934 -13.005674
v 122.959999 6.557718 -12.369168
v 122.959999 7.856619 -11.587646
v 122.959999 9.063408 -10.670269
v 122.959999 10.163937 -9.627792
v 122.959999 11.145303 -8.472439
v 122.959999 11.996000 -7.217754
v 122.959999 12.706056 -5.878448
v 122.959999 13.267144 -4.470222
v 122.959999 13.672688 -3.009586
v 122.959999 13.917932 -1.513666
v 122.959999 14.000000 0.000000
v 122.959999 13.917932 1.513666
v 122.959999 13.672688 3.009586
v 122.959999 13.267144 4.470222
v 122.959999 12.706056 5.878448
v 122.959999 11.996000 7.217754
v 122.959999 11.145303 8.472439
v 122.959999 10.163937 9.627792
v 122.959999 9.063408 10.670269
v 122.959999 7.856619 11.587646
v 122.959999 6.557718 12.369168
v 122.959999 5.181934 13.005674
v 122.959999 3.745397 13.489700
v 122.959999 2.264948 13.815572
v 122.959999 0.757945 13.979467
v 143.699997 0.400000 13.994285
v 143.623108 0.392429 13.994501
v 143.776901 0.392429 -13.994501
v 143.853073 0.369550 -13.995122
v 143.923126 0.331860 -13.996065
v 143.982849 0.282843 -13.997143
v 144.031860 0.223121 -13.998219
v 144.069550 0.153077 -13.999163
v 144.092422 0.076896 -13.999784
v 144.100006 -0.000000 -14.000000
v 144.092422 -0.076896 -13.999784
v 144.069550 -0.153077 -13.999163
v 144.031860 -0.223121 -13.998219
v 143.982849 -0.282843 -13.997143
v 143.923126 -0.331860 -13.996065
v 143.853073 -0.369550 -13.995122
v 143.776901 -0.392429 -13.994501
v 143.307571 -0.076896 13.999784
v 122.959999 -0.757945 13.979467
v 143.300003 -0.000000 14.000000
v 143.307571 0.076896 13.999784
v 143.330444 0.153077 13.999163
v 143.368134 0.223121 13.998219
v 143.417160 0.282843 13.997143
v 143.476883 0.331860 13.996065
v 143.546921 0.369550 13.995122
v 143.330444 -0.153077 13.999163
v 143.368134 -0.223121 13.998219
v 143.417160 -0.282843 13.997143
v 143.476883 -0.331860 13.996065
v 143.546921 -0.369550 13.995122
v 143.623108 -0.392429 13.994501
v 143.699997 -0.400000 13.994285
v 122.959999 -2.264948 13.815572
v 122.959999 -3.745397 13.489700
v 122.959999 -5.181934 13.005674
v 122.959999 -6.557718 12.369168
v 122.959999 -7.856619 11.587646
v 122.959999 -9.063408 10.670269
v 122.959999 -10.163937 9.627792
v 122.959999 -11.145303 8.472439
v 122.959999 -11.996000 7.217754
v 122.959999 -12.706056 5.878448
v 122.959999 -13.267144 4.470222
v 122.959999 -13.672688 3.009586
v 122.959999 -13.917932 1.513666
v 122.959999 -14.000000 0.000000
v 122.959999 -13.917932 -1.513666
v 122.959999 -13.672688 -3.009586
v 122.959999 -13.267144 -4.470222
v 122.959999 -12.706056 -5.878448
v 122.959999 -11.996000 -7.217754
v 122.959999 -11.145303 -8.472439
v 122.959999 -10.163937 -9.627792
v 122.959999 -9.063408 -10.670269
v 122.959999 -7.856619 -11.587646
v 122.959999 -6.557718 -12.369168
v 122.959999 -5.181934 -13.005674
v 122.959999 -3.745397 -13.489700
v 122.959999 -2.264948 -13.815572
v 143.776901 -0.392429 13.994501
v 143.853073 -0.369550 13.995122
v 143.923126 -0.331860 13.996065
v 143.982849 -0.282843 13.997143
v 144.031860 -0.223121 13.998219
v 144.069550 -0.153077 13.999163
v 144.092422 -0.076896 13.999784
v 144.100006 -0.000000 14.000000
v 144.092422 0.076896 13.999784
v 144.069550 0.153077 13.999163
v 144.031860 0.223121 13.998219
v 143.982849 0.282843 13.997143
v 143.923126 0.331860 13.996065
v 143.853073 0.369550 13.995122
v 143.776901 0.392429 13.994501
v 61.480000 -14.000000 -0.000000
v 61.480000 -13.917932 -1.513666
v 61.480000 -13.672688 -3.009586
v 61.480000 -13.267144 -4.470222
v 61.480000 -12.706056 -5.878448
v 61.480000 -11.996000 -7.217754
v 61.480000 -11.145303 -8.472439
v 61.480000 -10.163937 -9.627792
v 61.480000 -9.063408 -10.670269
v 61.480000 -7.856619 -11.587646
v 61.480000 -6.557718 -12.369168
v 61.480000 -5.181934 -13.005674
v 61.480000 -3.745397 -13.489700
v 61.480000 -2.264948 -13.815572
v 61.480000 -0.757945 -13.979467
v 61.480000 0.757945 -13.979467
v 61.480000 2.264948 -13.815572
v 61.480000 3.745397 -13.489700
v 61.480000 5.181934 -13.005674
v 61.480000 6.557718 -12.369168
v 61.480000 7.856619 -11.587646
v 61.480000 9.063408 -10.670269
v 61.480000 10.163937 -9.627792
v 61.480000 11.145303 -8.472439
v 61.480000 11.996000 -7.217754
v 61.480000 12.706056 -5.878448
v 61.480000 13.267144 -4.470222
v 61.480000 13.672688 -3.009586
v 61.480000 13.917932 -1.513666
v 61.480000 14.000000 0.000000
v 61.480000 13.917932 1.513666
v 61.480000 13.672688 3.009586
v 61.480000 13.267144 4.470222
v 61.480000 12.706056 5.878448
v 61.480000 11.996000 7.217754
v 61.480000 11.145303 8.472439
v 61.480000 10.163937 9.627792
v 61.480000 9.063408 10.670269
v 61.480000 7.856619 11.587646
v 61.480000 6.557718 12.369168
v 61.480000 5.181934 13.005674
v 61.480000 3.745397 13.489700
v 61.480000 2.264948 13.815572
v 61.480000 0.757945 13.979467
v 61.480000 -0.757945 13.979467
v 61.480000 -2.264948 13.815572
v 61.480000 -3.745397 13.489700
v 61.480000 -5.181934 13.005674
v 61.480000 -6.557718 12.369168
v 61.480000 -7.856619 11.587646
v 61.480000 -9.063408 10.670269
v 61.480000 -10.163937 9.627792
v 61.480000 -11.145303 8.472439
v 61.480000 -11.996000 7.217754
v 61.480000 -12.706056 5.878448
v 61.480000 -13.267144 4.470222
v 61.480000 -13.672688 3.009586
v 61.480000 -13.917932 1.513666
v 92.220001 -14.000000 -0.000000
v 92.220001 -13.917932 -1.513666
v 92.220001 -13.672688 -3.009586
v 92.220001 -13.267144 -4.470222
v 92.220001 -12.706056 -5.878448
v 92.220001 -11.996000 -7.217754
v 92.220001 -11.145303 -8.472439
v 92.220001 -10.163937 -9.627792
v 92.220001 -9.063408 -10.670269
v 92.220001 -7.856619 -11.587646
v 92.220001 -6.557718 -12.369168
v 92.220001 -5.181934 -13.005674
v 92.220001 -3.745397 -13.489700
v 92.220001 -2.264948 -13.815572
v 92.220001 -0.757945 -13.979467
v 92.220001 0.757945 -13.979467
v 92.220001 2.264948 -13.815572
v 92.220001 3.745397 -13.489700
v 92.220001 5.181934 -13.005674
v 92.220001 6.557718 -12.369168
v 92.220001 7.856619 -11.587646
v 92.220001 9.063408 -10.670269
v 92.220001 10.163937 -9.627792
v 92.220001 11.145303 -8.472439
v 92.220001 11.996000 -7.217754
v 92.220001 12.706056 -5.878448
v 92.220001 13.267144 -4.470222
v 92.220001 13.672688 -3.009586
v 92.220001 13.917932 -1.513666
v 92.220001 14.000000 0.000000
v 92.220001 13.917932 1.513666
v 92.220001 13.672688 3.009586
v 92.220001 13.267144 4.470222
v 92.220001 12.706056 5.878448
v 92.220001 11.996000 7.217754
v 92.220001 11.145303 8.472439
v 92.220001 10.163937 9.627792
v 92.220001 9.063408 10.670269
v 92.220001 7.856619 11.587646
v 92.220001 6.557718 12.369168
v 92.220001 5.181934 13.005674
v 92.220001 3.745397 13.489700
v 92.220001 2.264948 13.815572
v 92.220001 0.757945 13.979467
v 92.220001 -0.757945 13.979467
v 92.220001 -2.264948 13.815572
v 92.220001 -3.745397 13.489700
v 92.220001 -5.181934 13.005674
v 92.220001 -6.557718 12.369168
v 92.220001 -7.856619 11.587646
v 92.220001 -9.063408 10.670269
v 92.220001 -10.163937 9.627792
v 92.220001 -11.145303 8.472439
v 92.220001 -11.996000 7.217754
v 92.220001 -12.706056 5.878448
v 92.220001 -13.267144 4.470222
v 92.220001 -13.672688 3.009586
v 92.220001 -13.917932 1.513666
v 143.300003 -0.000000 15.997142
v 143.313629 0.103528 15.997142
v 143.353592 0.200000 15.997142
v 143.417160 0.282843 15.997142
v 143.500000 0.346410 15.997142
v 143.596466 0.386370 15.997142
v 143.699997 0.400000 15.997142
v 143.803528 0.386370 15.997142
v 143.899994 0.346410 15.997142
v 143.982849 0.282843 15.997142
v 144.046417 0.200000 15.997142
v 144.086365 0.103528 15.997142
v 144.100006 -0.000000 15.997142
v 144.086365 -0.103528 15.997142
v 144.046417 -0.200000 15.997142
v 143.982849 -0.282843 15.997142
v 143.899994 -0.346410 15.997142
v 143.803528 -0.386370 15.997142
v 143.699997 -0.400000 15.997142
v 143.596466 -0.386370 15.997142
v 143.500000 -0.346410 15.997142
v 143.417160 -0.282843 15.997142
v 143.353592 -0.200000 15.997142
v 143.313629 -0.103528 15.997142
v 143.307571 0.076894 17.999832
v 143.300003 0.000000 18.000000
v 143.307571 -0.076894 17.999832
v 143.330444 -0.153076 17.999350
v 143.368134 -0.223120 17.998615
v 143.417160 -0.282843 17.997778
v 143.476883 -0.331860 17.996941
v 143.546921 -0.369551 17.996206
v 143.623108 -0.392430 17.995724
v 143.699997 -0.400000 17.995556
v 143.776901 -0.392430 17.995724
v 143.853073 -0.369551 17.996206
v 143.923126 -0.331860 17.996941
v 143.982849 -0.282843 17.997778
v 144.031860 -0.223120 17.998615
v 144.069550 -0.153076 17.999350
v 144.092422 -0.076894 17.999832
v 144.100006 0.000000 18.000000
v 144.092422 0.076894 17.999832
v 144.069550 0.153076 17.999350
v 144.031860 0.223120 17.998615
v 143.982849 0.282843 17.997778
v 143.923126 0.331860 17.996941
v 143.853073 0.369551 17.996206
v 143.776901 0.392430 17.995724
v 143.699997 0.400000 17.995556
v 143.623108 0.392430 17.995724
v 143.546921 0.369551 17.996206
v 143.476883 0.331860 17.996941
v 143.417160 0.282843 17.997778
v 143.368134 0.223120 17.998615
v 143.330444 0.153076 17.999350
v 143.307571 -0.076894 -17.999832
v 143.300003 -0.000000 -18.000000
v 143.300003 -0.000000 -15.997142
v 143.307571 0.076894 -17.999832
v 143.313629 0.103528 -15.997142
v 143.330444 0.153076 -17.999350
v 143.353592 0.200000 -15.997142
v 143.368134 0.223120 -17.998615
v 143.417160 0.282843 -15.997142
v 143.417160 0.282843 -17.997778
v 143.476883 0.331860 -17.996941
v 143.500000 0.346410 -15.997142
v 143.546921 0.369551 -17.996206
v 143.596466 0.386370 -15.997142
v 143.623108 0.392430 -17.995724
v 143.699997 0.400000 -15.997142
v 143.699997 0.400000 -17.995556
v 143.776901 0.392430 -17.995724
v 143.803528 0.386370 -15.997142
v 143.853073 0.369551 -17.996206
v 143.899994 0.346410 -15.997142
v 143.923126 0.331860 -17.996941
v 143.982849 0.282843 -15.997142
v 143.982849 0.282843 -17.997778
v 144.031860 0.223120 -17.998615
v 144.046417 0.200000 -15.997142
v 144.069550 0.153076 -17.999350
v 144.086365 0.103528 -15.997142
v 144.092422 0.076894 -17.999832
v 144.100006 -0.000000 -15.997142
v 144.100006 -0.000000 -18.000000
v 144.092422 -0.076894 -17.999832
v 144.086365 -0.103528 -15.997142
v 144.069550 -0.153076 -17.999350
v 144.046417 -0.200000 -15.997142
v 144.031860 -0.223120 -17.998615
v 143.982849 -0.282843 -15.997142
v 143.982849 -0.282843 -17.997778
v 143.923126 -0.331860 -17.996941
v 143.899994 -0.346410 -15.997142
v 143.853073 -0.369551 -17.996206
v 143.803528 -0.386370 -15.997142
v 143.776901 -0.392430 -17.995724
v 143.699997 -0.400000 -15.997142
v 143.699997 -0.400000 -17.995556
v 143.623108 -0.392430 -17.995724
v 143.596466 -0.386370 -15.997142
v 143.546921 -0.369551 -17.996206
v 143.500000 -0.346410 -15.997142
v 143.476883 -0.331860 -17.996941
v 143.417160 -0.282843 -15.997142
v 143.417160 -0.282843 -17.997778
v 143.368134 -0.223120 -17.998615
v 143.353592 -0.200000 -15.997142
v 143.330444 -0.153076 -17.999350
v 143.313629 -0.103528 -15.997142
v 122.959999 0.856474 17.979612
v 122.959999 -0.856474 17.979612
v 122.959999 2.561667 17.816786
v 122.959999 4.243661 17.492609
v 122.959999 5.887223 17.010015
v 122.959999 7.477470 16.373377
v 122.959999 9.000000 15.588457
v 122.959999 10.441025 14.662367
v 122.959999 11.787493 13.603493
v 122.959999 13.027213 12.421422
v 122.959999 14.148955 11.126862
v 122.959999 15.142564 9.731535
v 122.959999 15.999038 8.248077
v 122.959999 16.710623 6.689924
v 122.959999 17.270874 5.071186
v 122.959999 17.674717 3.406523
v 122.959999 17.918495 1.711009
v 122.959999 18.000000 0.000000
v 122.959999 17.918495 -1.711009
v 122.959999 17.674717 -3.406523
v 122.959999 17.270874 -5.071186
v 122.959999 16.710623 -6.689924
v 122.959999 15.999038 -8.248077
v 122.959999 15.142564 -9.731535
v 122.959999 14.148955 -11.126862
v 122.959999 13.027213 -12.421422
v 122.959999 11.787493 -13.603493
v 122.959999 10.441025 -14.662367
v 122.959999 9.000000 -15.588457
v 122.959999 7.477470 -16.373377
v 122.959999 5.887223 -17.010015
v 122.959999 4.243661 -17.492609
v 122.959999 2.561667 -17.816786
v 122.959999 0.856474 -17.979612
v 30.740000 -0.856474 17.979612
v 30.740000 0.856474 17.979612
v 30.740000 2.561667 17.816786
v 30.740000 4.243661 17.492609
v 30.740000 5.887223 17.010015
v 30.740000 7.477470 16.373377
v 30.740000 9.000000 15.588457
v 30.740000 10.441025 14.662367
v 30.740000 11.787493 13.603493
v 30.740000 13.027213 12.421422
v 30.740000 14.148955 11.126862
v 30.740000 15.142564 9.731535
v 30.740000 15.999038 8.248077
v 30.740000 16.710623 6.689924
v 30.740000 17.270874 5.071186
v 30.740000 17.674717 3.406523
v 30.740000 17.918495 1.711009
v 30.740000 18.000000 0.000000
v 30.740000 17.918495 -1.711009
v 30.740000 17.674717 -3.406523
v 30.740000 17.270874 -5.071186
v 30.740000 16.710623 -6.689924
v 30.740000 15.999038 -8.248077
v 30.740000 15.142564 -9.731535
v 30.740000 14.148955 -11.126862
v 30.740000 13.027213 -12.421422
v 30.740000 11.787493 -13.603493
v 30.740000 10.441025 -14.662367
v 30.740000 9.000000 -15.588457
v 30.740000 7.477470 -16.373377
v 30.740000 5.887223 -17.010015
v 30.740000 4.243661 -17.492609
v 30.740000 2.561667 -17.816786
v 30.740000 0.856474 -17.979612
v 30.740000 -0.856474 -17.979612
v 30.740000 -2.561667 -17.816786
v 30.740000 -4.243661 -17.492609
v 30.740000 -5.887223 -17.010015
v 30.740000 -7.477470 -16.373377
v 30.740000 -9.000000 -15.588457
v 30.740000 -10.441025 -14.662367
v 30.740000 -11.787493 -13.603493
v 30.740000 -13.027213 -12.421422
v 30.740000 -14.148955 -11.126862
v 30.740000 -15.142564 -9.731535
v 30.740000 -15.999038 -8.248077
v 30.740000 -16.710623 -6.689924
v 30.740000 -17.270874 -5.071186
v 30.740000 -17.674717 -3.406523
v 30.740000 -17.918495 -1.711009
v 30.740000 -18.000000 0.000000
v 30.740000 -17.918495 1.711009
v 30.740000 -17.674717 3.406523
v 30.740000 -17.270874 5.071186
v 30.740000 -16.710623 6.689924
v 30.740000 -15.999038 8.248077
v 30.740000 -15.142564 9.731535
v 30.740000 -14.148955 11.126862
v 30.740000 -13.027213 12.421422
v 30.740000 -11.787493 13.603493
v 30.740000 -10.441025 14.662367
v 30.740000 -9.000000 15.588457
v 30.740000 -7.477470 16.373377
v 30.740000 -5.887223 17.010015
v 30.740000 -4.243661 17.492609
v 30.740000 -2.561667 17.816786
v 122.959999 -0.856474 -17.979612
v 122.959999 -2.561667 -17.816786
v 92.220001 -2.561667 -17.816786
v 92.220001 -4.243661 -17.492609
v 61.480000 -4.243661 -17.492609
v 61.480000 -5.887223 -17.010015
v 122.959999 -4.243661 -17.492609
v 92.220001 -5.887223 -17.010015
v 61.480000 -7.477470 -16.373377
v 122.959999 -5.887223 -17.010015
v 92.220001 -7.477470 -16.373377
v 61.480000 -9.000000 -15.588457
v 122.959999 -7.477470 -16.373377
v 92.220001 -9.000000 -15.588457
v 61.480000 -10.441025 -14.662367
v 122.959999 -9.000000 -15.588457
v 92.220001 -10.441025 -14.662367
v 61.480000 -11.787493 -13.603493
v 122.959999 -10.441025 -14.662367
v 92.220001 -11.787493 -13.603493
v 61.480000 -13.027213 -12.421422
v 122.959999 -11.787493 -13.603493
v 92.220001 -13.027213 -12.421422
v 61.480000 -14.148955 -11.126862
v 122.959999 -13.027213 -12.421422
v 92.220001 -14.148955 -11.126862
v 61.480000 -15.142564 -9.731535
v 122.959999 -14.148955 -11.126862
v 92.220001 -15.142564 -9.731535
v 61.480000 -15.999038 -8.248077
v 122.959999 -15.142564 -9.731535
v 92.220001 -15.999038 -8.248077
v 61.480000 -16.710623 -6.689924
v 122.959999 -15.999038 -8.248077
v 92.220001 -16.710623 -6.689924
v 61.480000 -17.270874 -5.071186
v 122.959999 -16.710623 -6.689924
v 92.220001 -17.270874 -5.071186
v 61.480000 -17.674717 -3.406523
v 122.959999 -17.270874 -5.071186
v 92.220001 -17.674717 -3.406523
v 61.480000 -17.918495 -1.711009
v 122.959999 -17.674717 -3.406523
v 92.220001 -17.918495 -1.711009
v 61.480000 -18.000000 0.000000
v 122.959999 -17.918495 -1.711009
v 92.220001 -18.000000 0.000000
v 61.480000 -17.918495 1.711009
v 122.959999 -18.000000 -0.000000
v 92.220001 -17.918495 1.711009
v 61.480000 -17.674717 3.406523
v 122.959999 -17.918495 1.711009
v 92.220001 -17.674717 3.406523
v 61.480000 -17.270874 5.071186
v 122.959999 -17.674717 3.406523
v 92.220001 -17.270874 5.071186
v 61.480000 -16.710623 6.689924
v 122.959999 -17.270874 5.071186
v 92.220001 -16.710623 6.689924
v 61.480000 -15.999038 8.248077
v 122.959999 -16.710623 6.689924
v 92.220001 -15.999038 8.248077
v 61.480000 -15.142564 9.731535
v 122.959999 -15.999038 8.248077
v 92.220001 -15.142564 9.731535
v 61.480000 -14.148955 11.126862
v 122.959999 -15.142564 9.731535
v 92.220001 -14.148955 11.126862
v 61.480000 -13.027213 12.421422
v 122.959999 -14.148955 11.126862
v 92.220001 -13.027213 12.421422
v 61.480000 -11.787493 13.603493
v 122.959999 -13.027213 12.421422
v 92.220001 -11.787493 13.603493
v 61.480000 -10.441025 14.662367
v 122.959999 -11.787493 13.603493
v 92.220001 -10.441025 14.662367
v 61.480000 -9.000000 15.588457
v 122.959999 -10.441025 14.662367
v 92.220001 -9.000000 15.588457
v 61.480000 -7.477470 16.373377
v 122.959999 -9.000000 15.588457
v 92.220001 -7.477470 16.373377
v 61.480000 -5.887223 17.010015
v 122.959999 -7.477470 16.373377
v 92.220001 -5.887223 17.010015
v 61.480000 -4.243661 17.492609
v 122.959999 -5.887223 17.010015
v 92.220001 -4.243661 17.492609
v 61.480000 -2.561667 17.816786
v 122.959999 -4.243661 17.492609
v 92.220001 -2.561667 17.816786
v 61.480000 -0.856474 17.979612
v 122.959999 -2.561667 17.816786
v 92.220001 -0.856474 17.979612
v 61.480000 0.856474 17.979612
v 92.220001 0.856474 17.979612
v 61.480000 2.561667 17.816786
v 92.220001 2.561667 17.816786
v 61.480000 4.243661 17.492609
v 61.480000 -2.561667 -17.816786
v 92.220001 -0.856474 -17.979612
v 61.480000 -0.856474 -17.979612
v 92.220001 0.856474 -17.979612
v 61.480000 0.856474 -17.979612
v 92.220001 2.561667 -17.816786
v 61.480000 2.561667 -17.816786
v 92.220001 4.243661 -17.492609
v 61.480000 4.243661 -17.492609
v 92.220001 5.887223 -17.010015
v 61.480000 5.887223 -17.010015
v 92.220001 7.477470 -16.373377
v 61.480000 7.477470 -16.373377
v 92.220001 9.000000 -15.588457
v 61.480000 9.000000 -15.588457
v 92.220001 10.441025 -14.662367
v 61.480000 10.441025 -14.662367
v 92.220001 11.787493 -13.603493
v 61.480000 11.787493 -13.603493
v 92.220001 13.027213 -12.421422
v 61.480000 13.027213 -12.421422
v 92.220001 14.148955 -11.126862
v 61.480000 14.148955 -11.126862
v 92.220001 15.142564 -9.731535
v 61.480000 15.142564 -9.731535
v 92.220001 15.999038 -8.248077
v 61.480000 15.999038 -8.248077
v 92.220001 16.710623 -6.689924
v 61.480000 16.710623 -6.689924
v 92.220001 17.270874 -5.071186
v 61.480000 17.270874 -5.071186
v 92.220001 17.674717 -3.406523
v 61.480000 17.674717 -3.406523
v 92.220001 17.918495 -1.711009
v 61.480000 17.918495 -1.711009
v 92.220001 18.000000 0.000000
v 61.480000 18.000000 0.000000
v 92.220001 17.918495 1.711009
v 61.480000 17.918495 1.711009
v 92.220001 17.674717 3.406523
v 61.480000 17.674717 3.406523
v 92.220001 17.270874 5.071186
v 61.480000 17.270874 5.071186
v 92.220001 16.710623 6.689924
v 61.480000 16.710623 6.689924
v 92.220001 15.999038 8.248077
v 61.480000 15.999038 8.248077
v 92.220001 15.142564 9.731535
v 61.480000 15.142564 9.731535
v 92.220001 14.148955 11.126862
v 61.480000 14.148955 11.126862
v 92.220001 13.027213 12.421422
v 61.480000 13.027213 12.421422
v 92.220001 11.787493 13.603493
v 61.480000 11.787493 13.603493
v 92.220001 10.441025 14.662367
v 61.480000 10.441025 14.662367
v 92.220001 9.000000 15.588457
v 61.480000 9.000000 15.588457
v 92.220001 7.477470 16.373377
v 61.480000 7.477470 16.373377
v 92.220001 5.887223 17.010015
v 61.480000 5.887223 17.010015
v 92.220001 4.243661 17.492609
v 161.699997 0.000000 -31.000000
v 161.699997 2.262855 -30.917301
v 161.699997 -2.262855 -30.917301
v 161.699997 -4.513636 -30.669645
v 161.699997 4.513636 -30.669645
v 161.699997 -6.740335 -30.258352
v 161.699997 6.740335 -30.258352
v 161.699997 -8.931072 -29.685619
v 161.699997 8.931072 -29.685619
v 161.699997 -11.074158 -28.954500
v 161.699997 11.074158 -28.954500
v 161.699997 -13.158157 -28.068895
v 161.699997 13.158157 -28.068895
v 161.699997 -15.171953 -27.033531
v 161.699997 15.171953 -27.033531
v 161.699997 -17.104799 -25.853931
v 161.699997 17.104799 -25.853931
v 161.699997 -18.946384 -24.536390
v 161.699997 18.946384 -24.536390
v 161.699997 -20.686884 -23.087938
v 161.699997 20.686884 -23.087938
v 161.699997 -22.317007 -21.516300
v 161.699997 22.317007 -21.516300
v 161.699997 -23.828062 -19.829865
v 161.699997 23.828062 -19.829865
v 161.699997 -25.211983 -18.037626
v 161.699997 25.211983 -18.037626
v 161.699997 0.000000 -8.800000
v 161.699997 26.461386 -16.149151
v 161.699997 27.569607 -14.174512
v 161.699997 28.530731 -12.124247
v 161.699997 29.339632 -10.009293
v 161.699997 1.198267 -8.718037
v 161.699997 2.374212 -8.473672
v 161.699997 3.505930 -8.071460
v 161.699997 4.572339 -7.518891
v 161.699997 5.553574 -6.826259
v 161.699997 6.431356 -6.006468
v 161.699997 7.189335 -5.074787
v 161.699997 7.813390 -4.048573
v 161.699997 8.291896 -2.946941
v 161.699997 29.991995 -7.840935
v 161.699997 8.615940 -1.790413
v 161.699997 30.484337 -5.630743
v 161.699997 30.814030 -3.390507
v 161.699997 8.779485 -0.600533
v 161.699997 30.979319 -1.132183
v 161.699997 8.779485 0.600533
v 161.699997 30.979319 1.132183
v 161.699997 30.814030 3.390507
v 161.699997 8.615940 1.790413
v 161.699997 30.484337 5.630743
v 161.699997 29.991995 7.840935
v 161.699997 8.291896 2.946941
v 161.699997 29.339632 10.009293
v 161.699997 28.530731 12.124247
v 161.699997 7.813390 4.048573
v 161.699997 27.569607 14.174512
v 161.699997 26.461386 16.149151
v 161.699997 7.189335 5.074787
v 161.699997 25.211983 18.037626
v 161.699997 23.828062 19.829865
v 161.699997 6.431356 6.006468
v 161.699997 22.317007 21.516300
v 161.699997 20.686884 23.087938
v 161.699997 5.553574 6.826259
v 161.699997 18.946384 24.536390
v 161.699997 17.104799 25.853931
v 161.699997 4.572339 7.518891
v 161.699997 15.171953 27.033531
v 161.699997 3.505930 8.071460
v 161.699997 13.158157 28.068895
v 161.699997 11.074158 28.954500
v 161.699997 2.374212 8.473672
v 161.699997 8.931072 29.685619
v 161.699997 6.740335 30.258352
v 161.699997 1.198267 8.718037
v 161.699997 4.513636 30.669645
v 161.699997 2.262855 30.917301
v 161.699997 0.000000 8.800000
v 161.699997 -0.000000 31.000000
v 161.699997 -2.262855 30.917301
v 161.699997 -4.513636 30.669645
v 161.699997 -6.740335 30.258352
v 161.699997 -8.931072 29.685619
v 161.699997 -11.074158 28.954500
v 161.699997 -13.158157 28.068895
v 161.699997 -15.171953 27.033531
v 161.699997 -17.104799 25.853931
v 161.699997 -18.946384 24.536390
v 161.699997 -20.686884 23.087938
v 161.699997 -22.317007 21.516300
v 161.699997 -23.828062 19.829865
v 161.699997 -25.211983 18.037626
v 161.699997 -26.461386 16.149151
v 161.699997 -27.569607 14.174512
v 161.699997 -28.530731 12.124247
v 161.699997 -29.339632 10.009293
v 161.699997 -1.198267 8.718037
v 161.699997 -2.374212 8.473672
v 161.699997 -3.505930 8.071460
v 161.699997 -4.572339 7.518891
v 161.699997 -5.553574 6.826259
v 161.699997 -6.431356 6.006468
v 161.699997 -7.189335 5.074787
v 161.699997 -7.813390 4.048573
v 161.699997 -8.291896 2.946941
v 161.699997 -29.991995 7.840935
v 161.699997 -8.615940 1.790413
v 161.699997 -30.484337 5.630743
v 161.699997 -30.814030 3.390507
v 161.699997 -8.779485 0.600533
v 161.699997 -30.979319 1.132183
v 161.699997 -30.979319 -1.132183
v 161.699997 -8.779485 -0.600533
v 161.699997 -30.814030 -3.390507
v 161.699997 -8.615940 -1.790413
v 161.699997 -30.484337 -5.630743
v 161.699997 -29.991995 -7.840935
v 161.699997 -8.291896 -2.946941
v 161.699997 -29.339632 -10.009293
v 161.699997 -28.530731 -12.124247
v 161.699997 -7.813390 -4.048573
v 161.699997 -27.569607 -14.174512
v 161.699997 -26.461386 -16.149151
v 161.699997 -7.189335 -5.074787
v 161.699997 -6.431356 -6.006468
v 161.699997 -5.553574 -6.826259
v 161.699997 -4.572339 -7.518891
v 161.699997 -3.505930 -8.071460
v 161.699997 -2.374212 -8.473672
v 161.699997 -1.198267 -8.718037
v 153.699997 0.000000 -8.800000
v 153.699997 -1.198267 -8.718037
v 153.699997 -2.374212 -8.473672
v 153.699997 -3.505930 -8.071460
v 153.699997 -4.572339 -7.518891
v 153.699997 -5.553574 -6.826259
v 153.699997 -6.431356 -6.006468
v 153.699997 -7.189335 -5.074787
v 153.699997 -7.813390 -4.048573
v 153.699997 -8.291896 -2.946941
v 153.699997 -8.615940 -1.790413
v 153.699997 -8.779485 -0.600533
v 153.699997 -8.779485 0.600533
v 153.699997 -8.615940 1.790413
v 153.699997 -8.291896 2.946941
v 153.699997 -7.813390 4.048573
v 153.699997 -7.189335 5.074787
v 153.699997 -6.431356 6.006468
v 153.699997 -5.553574 6.826259
v 153.699997 -4.572339 7.518891
v 153.699997 -3.505930 8.071460
v 153.699997 -2.374212 8.473672
v 153.699997 -1.198267 8.718037
v 153.699997 0.000000 8.800000
v 153.699997 1.198267 8.718037
v 153.699997 2.374212 8.473672
v 153.699997 3.505930 8.071460
v 153.699997 4.572339 7.518891
v 153.699997 5.553574 6.826259
v 153.699997 6.431356 6.006468
v 153.699997 7.189335 5.074787
v 153.699997 7.813390 4.048573
v 153.699997 8.291896 2.946941
v 153.699997 8.615940 1.790413
v 153.699997 8.779485 0.600533
v 153.699997 8.779485 -0.600533
v 153.699997 8.615940 -1.790413
v 153.699997 8.291896 -2.946941
v 153.699997 7.813390 -4.048573
v 153.699997 7.189335 -5.074787
v 153.699997 6.431356 -6.006468
v 153.699997 5.553574 -6.826259
v 153.699997 4.572339 -7.518891
v 153.699997 3.505930 -8.071460
v 153.699997 2.374212 -8.473672
v 153.699997 1.198267 -8.718037
v 153.699997 2.262855 -30.917301
v 153.699997 0.000000 -31.000000
v 153.699997 -2.262855 -30.917301
v 153.699997 -4.513636 -30.669645
v 153.699997 -6.740335 -30.258352
v 153.699997 -8.931072 -29.685619
v 153.699997 -11.074158 -28.954500
v 153.699997 -13.158157 -28.068895
v 153.699997 -15.171953 -27.033531
v 153.699997 -17.104799 -25.853931
v 153.699997 -18.946384 -24.536390
v 153.699997 -20.686884 -23.087938
v 153.699997 -22.317007 -21.516300
v 153.699997 -23.828062 -19.829865
v 153.699997 -25.211983 -18.037626
v 153.699997 -26.461386 -16.149151
v 153.699997 -27.569607 -14.174512
v 153.699997 -28.530731 -12.124247
v 153.699997 -29.339632 -10.009293
v 153.699997 -29.991995 -7.840935
v 153.699997 -30.484337 -5.630743
v 153.699997 -30.814030 -3.390507
v 153.699997 -30.979319 -1.132183
v 153.699997 -30.979319 1.132183
v 153.699997 -30.814030 3.390507
v 153.699997 -30.484337 5.630743
v 153.699997 -29.991995 7.840935
v 153.699997 -29.339632 10.009293
v 153.699997 -28.530731 12.124247
v 153.699997 -27.569607 14.174512
v 153.699997 -26.461386 16.149151
v 153.699997 -25.211983 18.037626
v 153.699997 -23.828062 19.829865
v 153.699997 -22.317007 21.516300
v 153.699997 -20.686884 23.087938
v 153.699997 -18.946384 24.536390
v 153.699997 -17.104799 25.853931
v 153.699997 -15.171953 27.033531
v 153.699997 -13.158157 28.068895
v 153.699997 -11.074158 28.954500
v 153.699997 -8.931072 29.685619
v 153.699997 -6.740335 30.258352
v 153.699997 -4.513636 30.669645
v 153.699997 -2.262855 30.917301
v 153.699997 0.000000 31.000000
v 153.699997 2.262855 30.917301
v 153.699997 4.513636 30.669645
v 153.699997 6.740335 30.258352
v 153.699997 8.931072 29.685619
v 153.699997 11.074158 28.954500
v 153.699997 13.158157 28.068895
v 153.699997 15.171953 27.033531
v 153.699997 17.104799 25.853931
v 153.699997 18.946384 24.536390
v 153.699997 20.686884 23.087938
v 153.699997 22.317007 21.516300
v 153.699997 23.828062 19.829865
v 153.699997 25.211983 18.037626
v 153.699997 26.461386 16.149151
v 153.699997 27.569607 14.174512
v 153.699997 28.530731 12.124247
v 153.699997 29.339632 10.009293
v 153.699997 29.991995 7.840935
v 153.699997 30.484337 5.630743
v 153.699997 30.814030 3.390507
v 153.699997 30.979319 1.132183
v 153.699997 30.979319 -1.132183
v 153.699997 30.814030 -3.390507
v 153.699997 30.484337 -5.630743
v 153.699997 29.991995 -7.840935
v 153.699997 29.339632 -10.009293
v 153.699997 28.530731 -12.124247
v 153.699997 27.569607 -14.174512
v 153.699997 26.461386 -16.149151
v 153.699997 25.211983 -18.037626
v 153.699997 23.828062 -19.829865
v 153.699997 22.317007 -21.516300
v 153.699997 20.686884 -23.087938
v 153.699997 18.946384 -24.536390
v 153.699997 17.104799 -25.853931
v 153.699997 15.171953 -27.033531
v 153.699997 13.158157 -28.068895
v 153.699997 11.074158 -28.954500
v 153.699997 8.931072 -29.685619
v 153.699997 6.740335 -30.258352
v 153.699997 4.513636 -30.669645
v 154.000000 -1.150753 8.188031
v 154.000000 0.000000 8.268500
v 154.000000 0.000000 6.300000
v 154.000000 1.150753 8.188031
v 154.000000 1.010591 6.218417
v 154.000000 2.279108 7.948192
v 154.000000 1.995008 5.975780
v 154.000000 3.363102 7.553650
v 154.000000 2.927756 5.578373
v 154.000000 4.381638 7.012086
v 154.000000 3.784676 5.036489
v 154.000000 5.314889 6.334038
v 154.000000 4.543575 4.364163
v 154.000000 6.144693 5.532706
v 154.000000 5.184798 3.578808
v 154.000000 6.854897 4.623686
v 154.000000 7.431679 3.624672
v 154.000000 5.691738 2.700763
v 154.000000 7.863811 2.555107
v 154.000000 6.051264 1.752770
v 154.000000 8.142883 1.435810
v 154.000000 6.254066 0.759381
v 154.000000 8.263463 0.288566
v 154.000000 6.294891 -0.253675
v 154.000000 8.223205 -0.864294
v 154.000000 6.172681 -1.260162
v 154.000000 8.022890 -2.000331
v 154.000000 5.890602 -2.234011
v 154.000000 7.666420 -3.097435
v 154.000000 5.455960 -3.150000
v 154.000000 7.160731 -4.134250
v 154.000000 6.515667 -5.090597
v 154.000000 4.880011 -3.984406
v 154.000000 5.743783 -5.947861
v 154.000000 4.177673 -4.715618
v 154.000000 4.860102 -6.689357
v 154.000000 3.367135 -5.324697
v 154.000000 3.881826 -7.300652
v 154.000000 2.469390 -5.795870
v 154.000000 2.827994 -7.769848
v 154.000000 1.507689 -6.116933
v 154.000000 1.719118 -8.087813
v 154.000000 0.506939 -6.279571
v 154.000000 0.576781 -8.248359
v 154.000000 -0.576781 -8.248359
v 154.000000 -0.506939 -6.279571
v 154.000000 -1.719118 -8.087813
v 154.000000 -1.507689 -6.116933
v 154.000000 -2.827994 -7.769848
v 154.000000 -2.469390 -5.795870
v 154.000000 -3.881826 -7.300652
v 154.000000 -3.367135 -5.324697
v 154.000000 -4.860102 -6.689357
v 154.000000 -4.177673 -4.715618
v 154.000000 -5.743783 -5.947861
v 154.000000 -4.880011 -3.984406
v 154.000000 -6.515667 -5.090597
v 154.000000 -5.455960 -3.150000
v 154.000000 -7.160731 -4.134250
v 154.000000 -7.666420 -3.097435
v 154.000000 -5.890602 -2.234011
v 154.000000 -8.022890 -2.000331
v 154.000000 -6.172681 -1.260162
v 154.000000 -8.223205 -0.864294
v 154.000000 -6.294891 -0.253675
v 154.000000 -8.263463 0.288566
v 154.000000 -6.254066 0.759381
v 154.000000 -8.142883 1.435810
v 154.000000 -6.051264 1.752770
v 154.000000 -7.863811 2.555107
v 154.000000 -5.691738 2.700763
v 154.000000 -7.431679 3.624672
v 154.000000 -5.184798 3.578808
v 154.000000 -6.854897 4.623686
v 154.000000 -6.144693 5.532706
v 154.000000 -4.543575 4.364163
v 154.000000 -5.314889 6.334038
v 154.000000 -3.784676 5.036489
v 154.000000 -4.381638 7.012086
v 154.000000 -2.927756 5.578373
v 154.000000 -3.363102 7.553650
v 154.000000 -1.995008 5.975780
v 154.000000 -2.279108 7.948192
v 154.000000 -1.010591 6.218417
v 169.333328 0.253675 6.294891
v 169.333328 -0.759381 6.254066
v 169.333328 -1.752770 6.051264
v 169.333328 -2.700763 5.691738
v 169.333328 -3.578808 5.184798
v 169.333328 -4.364163 4.543575
v 169.333328 -5.036489 3.784676
v 169.333328 -5.578373 2.927756
v 169.333328 -5.975780 1.995008
v 169.333328 -6.218417 1.010591
v 169.333328 -6.300000 -0.000000
v 169.333328 -6.218417 -1.010591
v 169.333328 -5.975780 -1.995008
v 169.333328 -5.578373 -2.927756
v 169.333328 -5.036489 -3.784676
v 169.333328 -4.364163 -4.543575
v 169.333328 -3.578808 -5.184798
v 169.333328 -2.700763 -5.691738
v 169.333328 -1.752770 -6.051264
v 169.333328 -0.759381 -6.254066
v 169.333328 0.253675 -6.294891
v 169.333328 1.260162 -6.172681
v 169.333328 2.234011 -5.890602
v 169.333328 3.150000 -5.455960
v 169.333328 3.984406 -4.880011
v 169.333328 4.715618 -4.177673
v 169.333328 5.324697 -3.367135
v 169.333328 5.795870 -2.469390
v 169.333328 6.116933 -1.507689
v 169.333328 6.279571 -0.506939
v 169.333328 6.279571 0.506939
v 169.333328 6.116933 1.507689
v 169.333328 5.795870 2.469390
v 169.333328 5.324697 3.367135
v 169.333328 4.715618 4.177673
v 169.333328 3.984406 4.880011
v 169.333328 3.150000 5.455960
v 169.333328 2.234011 5.890602
v 169.333328 1.260162 6.172681
v 200.000000 -1.010591 6.218417
v 184.666672 -0.759381 6.254066
v 200.000000 0.000000 6.300000
v 184.666672 0.253675 6.294891
v 200.000000 1.010591 6.218417
v 184.666672 1.260162 6.172681
v 200.000000 1.995008 5.975780
v 184.666672 2.234011 5.890602
v 200.000000 2.927756 5.578373
v 184.666672 3.150000 5.455960
v 200.000000 3.784676 5.036489
v 184.666672 3.984406 4.880011
v 200.000000 4.543575 4.364163
v 184.666672 4.715618 4.177673
v 200.000000 5.184798 3.578808
v 184.666672 5.324697 3.367135
v 200.000000 5.691738 2.700763
v 184.666672 5.795870 2.469390
v 200.000000 6.051264 1.752770
v 184.666672 6.116933 1.507689
v 200.000000 6.254066 0.759381
v 184.666672 6.279571 0.506939
v 200.000000 6.294891 -0.253675
v 184.666672 6.279571 -0.506939
v 200.000000 6.172681 -1.260162
v 184.666672 6.116933 -1.507689
v 200.000000 5.890602 -2.234011
v 184.666672 5.795870 -2.469390
v 200.000000 5.455960 -3.150000
v 184.666672 5.324697 -3.367135
v 200.000000 4.880011 -3.984406
v 184.666672 4.715618 -4.177673
v 200.000000 4.177673 -4.715618
v 184.666672 3.984406 -4.880011
v 200.000000 3.367135 -5.324697
v 184.666672 3.150000 -5.455960
v 200.000000 2.469390 -5.795870
v 184.666672 2.234011 -5.890602
v 200.000000 1.507689 -6.116933
v 184.666672 1.260162 -6.172681
v 200.000000 0.506939 -6.279571
v 184.666672 0.253675 -6.294891
v 200.000000 -0.506939 -6.279571
v 184.666672 -0.759381 -6.254066
v 200.000000 -1.507689 -6.116933
v 184.666672 -1.752770 -6.051264
v 200.000000 -2.469390 -5.795870
v 184.666672 -2.700763 -5.691738
v 200.000000 -3.367135 -5.324697
v 184.666672 -3.578808 -5.184798
v 200.000000 -4.177673 -4.715618
v 184.666672 -4.364163 -4.543575
v 200.000000 -4.880011 -3.984406
v 184.666672 -5.036489 -3.784676
v 200.000000 -5.455960 -3.150000
v 184.666672 -5.578373 -2.927756
v 200.000000 -5.890602 -2.234011
v 184.666672 -5.975780 -1.995008
v 200.000000 -6.172681 -1.260162
v 184.666672 -6.218417 -1.010591
v 200.000000 -6.294891 -0.253675
v 184.666672 -6.300000 0.000000
v 200.000000 -6.254066 0.759381
v 184.666672 -6.218417 1.010591
v 200.000000 -6.051264 1.752770
v 184.666672 -5.975780 1.995008
v 200.000000 -5.691738 2.700763
v 184.666672 -5.578373 2.927756
v 200.000000 -5.184798 3.578808
v 184.666672 -5.036489 3.784676
v 200.000000 -4.543575 4.364163
v 184.666672 -4.364163 4.543575
v 200.000000 -3.784676 5.036489
v 184.666672 -3.578808 5.184798
v 200.000000 -2.927756 5.578373
v 184.666672 -2.700763 5.691738
v 200.000000 -1.995008 5.975780
v 184.666672 -1.752770 6.051264
v 200.000000 1.150753 8.188031
v 177.000000 0.864294 8.223205
v 200.000000 0.000000 8.268500
v 177.000000 -0.288566 8.263463
v 200.000000 -1.150753 8.188031
v 177.000000 -1.435810 8.142883
v 200.000000 -2.279108 7.948192
v 177.000000 -2.555107 7.863811
v 200.000000 -3.363102 7.553650
v 177.000000 -3.624672 7.431679
v 200.000000 -4.381638 7.012086
v 177.000000 -4.623686 6.854897
v 200.000000 -5.314889 6.334038
v 177.000000 -5.532706 6.144693
v 200.000000 -6.144693 5.532706
v 177.000000 -6.334038 5.314889
v 200.000000 -6.854897 4.623686
v 177.000000 -7.012086 4.381638
v 200.000000 -7.431679 3.624672
v 177.000000 -7.553650 3.363102
v 200.000000 -7.863811 2.555107
v 177.000000 -7.948192 2.279108
v 200.000000 -8.142883 1.435810
v 177.000000 -8.188031 1.150753
v 200.000000 -8.263463 0.288566
v 177.000000 -8.268500 -0.000000
v 200.000000 -8.223205 -0.864294
v 177.000000 -8.188031 -1.150753
v 200.000000 -8.022890 -2.000331
v 177.000000 -7.948192 -2.279108
v 200.000000 -7.666420 -3.097435
v 177.000000 -7.553650 -3.363102
v 200.000000 -7.160731 -4.134250
v 177.000000 -7.012086 -4.381638
v 200.000000 -6.515667 -5.090597
v 177.000000 -6.334038 -5.314889
v 200.000000 -5.743783 -5.947861
v 177.000000 -5.532706 -6.144693
v 200.000000 -4.860102 -6.689357
v 177.000000 -4.623686 -6.854897
v 200.000000 -3.881826 -7.300652
v 177.000000 -3.624672 -7.431679
v 200.000000 -2.827994 -7.769848
v 177.000000 -2.555107 -7.863811
v 200.000000 -1.719118 -8.087813
v 177.000000 -1.435810 -8.142883
v 200.000000 -0.576781 -8.248359
v 177.000000 -0.288566 -8.263463
v 200.000000 0.576781 -8.248359
v 177.000000 0.864294 -8.223205
v 200.000000 1.719118 -8.087813
v 177.000000 2.000331 -8.022890
v 200.000000 2.827994 -7.769848
v 177.000000 3.097435 -7.666420
v 200.000000 3.881826 -7.300652
v 177.000000 4.134250 -7.160731
v 200.000000 4.860102 -6.689357
v 177.000000 5.090597 -6.515667
v 200.000000 5.743783 -5.947861
v 177.000000 5.947861 -5.743783
v 200.000000 6.515667 -5.090597
v 177.000000 6.689357 -4.860102
v 200.000000 7.160731 -4.134250
v 177.000000 7.300652 -3.881826
v 200.000000 7.666420 -3.097435
v 177.000000 7.769848 -2.827994
v 200.000000 8.022890 -2.000331
v 177.000000 8.087813 -1.719118
v 200.000000 8.223205 -0.864294
v 177.000000 8.248359 -0.576781
v 200.000000 8.263463 0.288566
v 177.000000 8.248359 0.576781
v 200.000000 8.142883 1.435810
v 177.000000 8.087813 1.719118
v 200.000000 7.863811 2.555107
v 177.000000 7.769848 2.827994
v 200.000000 7.431679 3.624672
v 177.000000 7.300652 3.881826
v 200.000000 6.854897 4.623686
v 177.000000 6.689357 4.860102
v 200.000000 6.144693 5.532706
v 177.000000 5.947861 5.743783
v 200.000000 5.314889 6.334038
v 177.000000 5.090597 6.515667
v 200.000000 4.381638 7.012086
v 177.000000 4.134250 7.160731
v 200.000000 3.363102 7.553650
v 177.000000 3.097435 7.666420
v 200.000000 2.279108 7.948192
v 177.000000 2.000331 8.022890
v 0.000000 0.000000 -35.000000
v 0.000000 0.000000 -5.906406
v 0.000000 0.972163 -5.825851
v 0.000000 1.917807 -5.586381
v 0.000000 2.811139 -5.194530
v 0.000000 3.627790 -4.660985
v 0.000000 4.345484 -4.000300
v 0.000000 4.944645 -3.230498
v 0.000000 5.408929 -2.372576
v 0.000000 5.725672 -1.449937
v 0.000000 5.886233 -0.487747
v 0.000000 35.000000 0.000000
v 0.000000 5.886233 0.487747
v 0.000000 5.725672 1.449937
v 0.000000 5.408929 2.372576
v 0.000000 4.944645 3.230498
v 0.000000 4.345484 4.000300
v 0.000000 3.627790 4.660985
v 0.000000 2.811139 5.194530
v 0.000000 1.917807 5.586381
v 0.000000 0.972163 5.825851
v 0.000000 0.000000 5.906406
v 0.000000 -0.000000 35.000000
v 0.000000 -0.972163 5.825851
v 0.000000 -1.917807 5.586381
v 0.000000 -2.811139 5.194530
v 0.000000 -3.627790 4.660985
v 0.000000 -4.345484 4.000300
v 0.000000 -4.944645 3.230498
v 0.000000 -5.408929 2.372576
v 0.000000 -5.725672 1.449937
v 0.000000 -5.886233 0.487747
v 0.000000 -5.886233 -0.487747
v 0.000000 -5.725672 -1.449937
v 0.000000 -5.408929 -2.372576
v 0.000000 -4.944645 -3.230498
v 0.000000 -4.345484 -4.000300
v 0.000000 -3.627790 -4.660985
v 0.000000 -2.811139 -5.194530
v 0.000000 -1.917807 -5.586381
v 0.000000 -0.972163 -5.825851
v -8.000000 1.145634 -7.968062
v -8.000000 0.000000 -8.050000
v -8.000000 -1.145634 -7.968062
v -8.000000 2.267947 -7.723918
v -8.000000 3.344091 -7.322537
v -8.000000 4.352159 -6.772091
v -8.000000 5.271629 -6.083784
v -8.000000 6.083784 -5.271629
v -8.000000 6.772091 -4.352159
v -8.000000 7.322537 -3.344091
v -8.000000 7.723918 -2.267947
v -8.000000 7.968062 -1.145634
v -8.000000 8.050000 -0.000000
v -8.000000 7.968062 1.145634
v -8.000000 7.723918 2.267947
v -8.000000 7.322537 3.344091
v -8.000000 6.772091 4.352159
v -8.000000 6.083784 5.271629
v -8.000000 5.271629 6.083784
v -8.000000 4.352159 6.772091
v -8.000000 3.344091 7.322537
v -8.000000 2.267947 7.723918
v -8.000000 1.145634 7.968062
v -8.000000 0.000000 8.050000
v -8.000000 -1.145634 7.968062
v -8.000000 -2.267947 7.723918
v -8.000000 -3.344091 7.322537
v -8.000000 -4.352159 6.772091
v -8.000000 -5.271629 6.083784
v -8.000000 -6.083784 5.271629
v -8.000000 -6.772091 4.352159
v -8.000000 -7.322537 3.344091
v -8.000000 -7.723918 2.267947
v -8.000000 -7.968062 1.145634
v -8.000000 -8.050000 0.000000
v -8.000000 -7.968062 -1.145634
v -8.000000 -7.723918 -2.267947
v -8.000000 -7.322537 -3.344091
v -8.000000 -6.772091 -4.352159
v -8.000000 -6.083784 -5.271629
v -8.000000 -5.271629 -6.083784
v -8.000000 -4.352159 -6.772091
v -8.000000 -3.344091 -7.322537
v -8.000000 -2.267947 -7.723918
v -8.000000 2.388484 -34.918407
v -8.000000 0.000000 -35.000000
v -8.000000 -2.388484 -34.918407
v -8.000000 -4.765833 -34.674007
v -8.000000 -7.120960 -34.267944
v -8.000000 -9.442887 -33.702106
v -8.000000 -11.720786 -32.979134
v -8.000000 -13.944038 -32.102394
v -8.000000 -16.102276 -31.075983
v -8.000000 -18.185438 -29.904678
v -8.000000 -20.183811 -28.593946
v -8.000000 -22.088078 -27.149895
v -8.000000 -23.889360 -25.579258
v -8.000000 -25.579258 -23.889360
v -8.000000 -27.149895 -22.088078
v -8.000000 -28.593946 -20.183811
v -8.000000 -29.904678 -18.185438
v -8.000000 -31.075983 -16.102276
v -8.000000 -32.102394 -13.944038
v -8.000000 -32.979134 -11.720786
v -8.000000 -33.702106 -9.442887
v -8.000000 -34.267944 -7.120960
v -8.000000 -34.674007 -4.765833
v -8.000000 -34.918407 -2.388484
v -8.000000 -35.000000 0.000000
v -8.000000 -34.918407 2.388484
v -8.000000 4.765833 -34.674007
v -8.000000 7.120960 -34.267944
v -8.000000 9.442887 -33.702106
v -8.000000 11.720786 -32.979134
v -8.000000 13.944038 -32.102394
v -8.000000 16.102276 -31.075983
v -8.000000 18.185438 -29.904678
v -8.000000 20.183811 -28.593946
v -8.000000 22.088078 -27.149895
v -8.000000 23.889360 -25.579258
v -8.000000 25.579258 -23.889360
v -8.000000 27.149895 -22.088078
v -8.000000 28.593946 -20.183811
v -8.000000 29.904678 -18.185438
v -8.000000 31.075983 -16.102276
v -8.000000 32.102394 -13.944038
v -8.000000 32.979134 -11.720786
v -8.000000 33.702106 -9.442887
v -8.000000 34.267944 -7.120960
v -8.000000 34.674007 -4.765833
v -8.000000 34.918407 -2.388484
v -8.000000 35.000000 0.000000
v -8.000000 34.918407 2.388484
v -8.000000 34.674007 4.765833
v -8.000000 34.267944 7.120960
v -8.000000 33.702106 9.442887
v -8.000000 32.979134 11.720786
v -8.000000 32.102394 13.944038
v -8.000000 31.075983 16.102276
v -8.000000 29.904678 18.185438
v -8.000000 28.593946 20.183811
v -8.000000 27.149895 22.088078
v -8.000000 25.579258 23.889360
v -8.000000 23.889360 25.579258
v -8.000000 22.088078 27.149895
v -8.000000 20.183811 28.593946
v -8.000000 18.185438 29.904678
v -8.000000 16.102276 31.075983
v -8.000000 13.944038 32.102394
v -8.000000 11.720786 32.979134
v -8.000000 9.442887 33.702106
v -8.000000 7.120960 34.267944
v -8.000000 4.765833 34.674007
v -8.000000 2.388484 34.918407
v -8.000000 0.000000 35.000000
v -8.000000 -2.388484 34.918407
v -8.000000 -4.765833 34.674007
v -8.000000 -7.120960 34.267944
v -8.000000 -9.442887 33.702106
v -8.000000 -11.720786 32.979134
v -8.000000 -13.944038 32.102394
v -8.000000 -16.102276 31.075983
v -8.000000 -18.185438 29.904678
v -8.000000 -20.183811 28.593946
v -8.000000 -22.088078 27.149895
v -8.000000 -23.889360 25.579258
v -8.000000 -25.579258 23.889360
v -8.000000 -27.149895 22.088078
v -8.000000 -28.593946 20.183811
v -8.000000 -29.904678 18.185438
v -8.000000 -31.075983 16.102276
v -8.000000 -32.102394 13.944038
v -8.000000 -32.979134 11.720786
v -8.000000 -33.702106 9.442887
v -8.000000 -34.267944 7.120960
v -8.000000 -34.674007 4.765833
v 22.543468 -1.150753 31.731501
v 22.462999 0.000000 31.731501
v 24.431499 0.000000 31.731501
v 22.543468 1.150753 31.731501
v 24.513083 1.010591 31.731501
v 22.783308 2.279108 31.731501
v 24.755720 1.995008 31.731501
v 23.177849 3.363102 31.731501
v 25.153128 2.927756 31.731501
v 23.719414 4.381638 31.731501
v 25.695011 3.784676 31.731501
v 24.397461 5.314889 31.731501
v 26.367336 4.543575 31.731501
v 25.198793 6.144693 31.731501
v 27.152693 5.184798 31.731501
v 26.107813 6.854897 31.731501
v 27.106829 7.431679 31.731501
v 28.030737 5.691738 31.731501
v 28.176394 7.863811 31.731501
v 28.978729 6.051264 31.731501
v 29.295691 8.142883 31.731501
v 29.972118 6.254066 31.731501
v 30.442934 8.263463 31.731501
v 30.985176 6.294891 31.731501
v 31.595793 8.223205 31.731501
v 31.991661 6.172681 31.731501
v 32.731831 8.022890 31.731501
v 32.965511 5.890602 31.731501
v 33.828934 7.666420 31.731501
v 33.881500 5.455960 31.731501
v 34.865749 7.160731 31.731501
v 35.822098 6.515667 31.731501
v 34.715904 4.880011 31.731501
v 36.679359 5.743783 31.731501
v 35.447117 4.177673 31.731501
v 37.420856 4.860102 31.731501
v 36.056198 3.367135 31.731501
v 38.032150 3.881826 31.731501
v 36.527370 2.469390 31.731501
v 38.501347 2.827994 31.731501
v 36.848434 1.507689 31.731501
v 38.819313 1.719118 31.731501
v 37.011070 0.506939 31.731501
v 38.979858 0.576781 31.731501
v 38.979858 -0.576781 31.731501
v 37.011070 -0.506939 31.731501
v 38.819313 -1.719118 31.731501
v 36.848434 -1.507689 31.731501
v 38.501347 -2.827994 31.731501
v 36.527370 -2.469390 31.731501
v 38.032150 -3.881826 31.731501
v 36.056198 -3.367135 31.731501
v 37.420856 -4.860102 31.731501
v 35.447117 -4.177673 31.731501
v 36.679359 -5.743783 31.731501
v 34.715904 -4.880011 31.731501
v 35.822098 -6.515667 31.731501
v 33.881500 -5.455960 31.731501
v 34.865749 -7.160731 31.731501
v 33.828934 -7.666420 31.731501
v 32.965511 -5.890602 31.731501
v 32.731831 -8.022890 31.731501
v 31.991661 -6.172681 31.731501
v 31.595793 -8.223205 31.731501
v 30.985176 -6.294891 31.731501
v 30.442934 -8.263463 31.731501
v 29.972118 -6.254066 31.731501
v 29.295691 -8.142883 31.731501
v 28.978729 -6.051264 31.731501
v 28.176394 -7.863811 31.731501
v 28.030737 -5.691738 31.731501
v 27.106829 -7.431679 31.731501
v 27.152693 -5.184798 31.731501
v 26.107813 -6.854897 31.731501
v 25.198793 -6.144693 31.731501
v 26.367336 -4.543575 31.731501
v 24.397461 -5.314889 31.731501
v 25.695011 -3.784676 31.731501
v 23.719414 -4.381638 31.731501
v 25.153128 -2.927756 31.731501
v 23.177849 -3.363102 31.731501
v 24.755720 -1.995008 31.731501
v 22.783308 -2.279108 31.731501
v 24.513083 -1.010591 31.731501
v 24.436609 0.253675 47.064835
v 24.477434 -0.759381 47.064835
v 24.680237 -1.752770 47.064835
v 25.039762 -2.700763 47.064835
v 25.546701 -3.578808 47.064835
v 26.187925 -4.364163 47.064835
v 26.946823 -5.036489 47.064835
v 27.803743 -5.578373 47.064835
v 28.736492 -5.975780 47.064835
v 29.720909 -6.218417 47.064835
v 30.731501 -6.300000 47.064835
v 31.742090 -6.218417 47.064835
v 32.726509 -5.975780 47.064835
v 33.659256 -5.578373 47.064835
v 34.516178 -5.036489 47.064835
v 35.275074 -4.364163 47.064835
v 35.916298 -3.578808 47.064835
v 36.423237 -2.700763 47.064835
v 36.782764 -1.752770 47.064835
v 36.985565 -0.759381 47.064835
v 37.026390 0.253675 47.064835
v 36.904182 1.260162 47.064835
v 36.622101 2.234011 47.064835
v 36.187462 3.150000 47.064835
v 35.611511 3.984406 47.064835
v 34.909172 4.715618 47.064835
v 34.098633 5.324697 47.064835
v 33.200890 5.795870 47.064835
v 32.239189 6.116933 47.064835
v 31.238440 6.279571 47.064835
v 30.224560 6.279571 47.064835
v 29.223812 6.116933 47.064835
v 28.262110 5.795870 47.064835
v 27.364365 5.324697 47.064835
v 26.553827 4.715618 47.064835
v 25.851488 3.984406 47.064835
v 25.275539 3.150000 47.064835
v 24.840899 2.234011 47.064835
v 24.558819 1.260162 47.064835
v 24.513083 -1.010591 77.731499
v 24.477434 -0.759381 62.398167
v 24.431499 0.000000 77.731499
v 24.436609 0.253675 62.398167
v 24.513083 1.010591 77.731499
v 24.558819 1.260162 62.398167
v 24.755720 1.995008 77.731499
v 24.840899 2.234011 62.398167
v 25.153128 2.927756 77.731499
v 25.275539 3.150000 62.398167
v 25.695011 3.784676 77.731499
v 25.851488 3.984406 62.398167
v 26.367336 4.543575 77.731499
v 26.553827 4.715618 62.398167
v 27.152693 5.184798 77.731499
v 27.364365 5.324697 62.398167
v 28.030737 5.691738 77.731499
v 28.262110 5.795870 62.398167
v 28.978729 6.051264 77.731499
v 29.223812 6.116933 62.398167
v 29.972118 6.254066 77.731499
v 30.224560 6.279571 62.398167
v 30.985176 6.294891 77.731499
v 31.238440 6.279571 62.398167
v 31.991661 6.172681 77.731499
v 32.239189 6.116933 62.398167
v 32.965511 5.890602 77.731499
v 33.200890 5.795870 62.398167
v 33.881500 5.455960 77.731499
v 34.098633 5.324697 62.398167
v 34.715904 4.880011 77.731499
v 34.909172 4.715618 62.398167
v 35.447117 4.177673 77.731499
v 35.611511 3.984406 62.398167
v 36.056198 3.367135 77.731499
v 36.187462 3.150000 62.398167
v 36.527370 2.469390 77.731499
v 36.622101 2.234011 62.398167
v 36.848434 1.507689 77.731499
v 36.904182 1.260162 62.398167
v 37.011070 0.506939 77.731499
v 37.026390 0.253675 62.398167
v 37.011070 -0.506939 77.731499
v 36.985565 -0.759381 62.398167
v 36.848434 -1.507689 77.731499
v 36.782764 -1.752770 62.398167
v 36.527370 -2.469390 77.731499
v 36.423237 -2.700763 62.398167
v 36.056198 -3.367135 77.731499
v 35.916298 -3.578808 62.398167
v 35.447117 -4.177673 77.731499
v 35.275074 -4.364163 62.398167
v 34.715904 -4.880011 77.731499
v 34.516178 -5.036489 62.398167
v 33.881500 -5.455960 77.731499
v 33.659256 -5.578373 62.398167
v 32.965511 -5.890602 77.731499
v 32.726509 -5.975780 62.398167
v 31.991661 -6.172681 77.731499
v 31.742090 -6.218417 62.398167
v 30.985176 -6.294891 77.731499
v 30.731501 -6.300000 62.398167
v 29.972118 -6.254066 77.731499
v 29.720909 -6.218417 62.398167
v 28.978729 -6.051264 77.731499
v 28.736492 -5.975780 62.398167
v 28.030737 -5.691738 77.731499
v 27.803743 -5.578373 62.398167
v 27.152693 -5.184798 77.731499
v 26.946823 -5.036489 62.398167
v 26.367336 -4.543575 77.731499
v 26.187925 -4.364163 62.398167
v 25.695011 -3.784676 77.731499
v 25.546701 -3.578808 62.398167
v 25.153128 -2.927756 77.731499
v 25.039762 -2.700763 62.398167
v 24.755720 -1.995008 77.731499
v 24.680237 -1.752770 62.398167
v 22.543468 1.150753 77.731499
v 22.508295 0.864294 54.731499
v 22.462999 0.000000 77.731499
v 22.468037 -0.288566 54.731499
v 22.543468 -1.150753 77.731499
v 22.588617 -1.435810 54.731499
v 22.783308 -2.279108 77.731499
v 22.867689 -2.555107 54.731499
v 23.177849 -3.363102 77.731499
v 23.299822 -3.624672 54.731499
v 23.719414 -4.381638 77.731499
v 23.876602 -4.623686 54.731499
v 24.397461 -5.314889 77.731499
v 24.586807 -5.532706 54.731499
v 25.198793 -6.144693 77.731499
v 25.416611 -6.334038 54.731499
v 26.107813 -6.854897 77.731499
v 26.349863 -7.012086 54.731499
v 27.106829 -7.431679 77.731499
v 27.368399 -7.553650 54.731499
v 28.176394 -7.863811 77.731499
v 28.452393 -7.948192 54.731499
v 29.295691 -8.142883 77.731499
v 29.580748 -8.188031 54.731499
v 30.442934 -8.263463 77.731499
v 30.731501 -8.268500 54.731499
v 31.595793 -8.223205 77.731499
v 31.882254 -8.188031 54.731499
v 32.731831 -8.022890 77.731499
v 33.010609 -7.948192 54.731499
v 33.828934 -7.666420 77.731499
v 34.094601 -7.553650 54.731499
v 34.865749 -7.160731 77.731499
v 35.113136 -7.012086 54.731499
v 35.822098 -6.515667 77.731499
v 36.046391 -6.334038 54.731499
v 36.679359 -5.743783 77.731499
v 36.876194 -5.532706 54.731499
v 37.420856 -4.860102 77.731499
v 37.586395 -4.623686 54.731499
v 38.032150 -3.881826 77.731499
v 38.163177 -3.624672 54.731499
v 38.501347 -2.827994 77.731499
v 38.595310 -2.555107 54.731499
v 38.819313 -1.719118 77.731499
v 38.874382 -1.435810 54.731499
v 38.979858 -0.576781 77.731499
v 38.994965 -0.288566 54.731499
v 38.979858 0.576781 77.731499
v 38.954704 0.864294 54.731499
v 38.819313 1.719118 77.731499
v 38.754391 2.000331 54.731499
v 38.501347 2.827994 77.731499
v 38.397919 3.097435 54.731499
v 38.032150 3.881826 77.731499
v 37.892231 4.134250 54.731499
v 37.420856 4.860102 77.731499
v 37.247166 5.090597 54.731499
v 36.679359 5.743783 77.731499
v 36.475285 5.947861 54.731499
v 35.822098 6.515667 77.731499
v 35.591602 6.689357 54.731499
v 34.865749 7.160731 77.731499
v 34.613327 7.300652 54.731499
v 33.828934 7.666420 77.731499
v 33.559494 7.769848 54.731499
v 32.731831 8.022890 77.731499
v 32.450619 8.087813 54.731499
v 31.595793 8.223205 77.731499
v 31.308281 8.248359 54.731499
v 30.442934 8.263463 77.731499
v 30.154718 8.248359 54.731499
v 29.295691 8.142883 77.731499
v 29.012383 8.087813 54.731499
v 28.176394 7.863811 77.731499
v 27.903507 7.769848 54.731499
v 27.106829 7.431679 77.731499
v 26.849674 7.300652 54.731499
v 26.107813 6.854897 77.731499
v 25.871397 6.689357 54.731499
v 25.198793 6.144693 77.731499
v 24.987717 5.947861 54.731499
v 24.397461 5.314889 77.731499
v 24.215834 5.090597 54.731499
v 23.719414 4.381638 77.731499
v 23.570768 4.134250 54.731499
v 23.177849 3.363102 77.731499
v 23.065081 3.097435 54.731499
v 22.783308 2.279108 77.731499
v 22.708611 2.000331 54.731499
vn -0.0004 -0.0682 0.9977
vn -0.6998 -0.0000 0.7144
vn -0.7151 -0.0000 -0.6990
vn -0.0004 0.0682 0.9977
vn -0.7151 -0.0510 -0.6971
vn -0.0004 0.1362 0.9907
vn -0.7151 -0.1018 -0.6916
vn -0.0004 0.2035 0.9791
vn -0.7151 -0.1520 -0.6823
vn -0.0002 0.2699 0.9629
vn -0.7152 -0.2014 -0.6693
vn -0.0001 0.3349 0.9423
vn -0.7152 -0.2497 -0.6528
vn -0.0001 0.3984 0.9172
vn -0.7152 -0.2966 -0.6328
vn -0.0001 0.4601 0.8879
vn -0.7152 -0.3420 -0.6095
vn -0.0001 0.5196 0.8544
vn -0.7152 -0.3856 -0.5829
vn -0.0002 0.5767 0.8170
vn -0.7152 -0.4271 -0.5532
vn -0.0002 0.6311 0.7757
vn -0.7152 -0.4664 -0.5205
vn -0.0002 0.6826 0.7308
vn -0.7152 -0.5031 -0.4851
vn -0.0002 0.7308 0.6826
vn -0.7152 -0.5372 -0.4471
vn -0.0002 0.7757 0.6311
vn -0.7152 -0.5684 -0.4066
vn -0.0002 0.8170 0.5767
vn -0.7152 -0.5966 -0.3641
vn -0.0002 0.8544 0.5196
vn -0.0002 0.8879 0.4601
vn -0.7152 -0.6215 -0.3196
vn -0.0002 0.9172 0.3984
vn -0.7152 -0.6432 -0.2733
vn -0.0002 0.9423 0.3349
vn -0.7152 -0.6614 -0.2257
vn -0.0002 0.9629 0.2698
vn -0.7152 -0.6762 -0.1768
vn -0.0002 0.9791 0.2035
vn -0.7152 -0.6873 -0.1269
vn -0.0002 0.9907 0.1362
vn -0.7152 -0.6947 -0.0764
vn -0.0002 0.9977 0.0682
vn -0.7152 -0.6984 -0.0255
vn -0.6996 0.7145 -0.0000
vn -0.7152 -0.6984 0.0255
vn -0.0002 0.9977 -0.0682
vn -0.7152 -0.6947 0.0764
vn -0.0002 0.9907 -0.1362
vn -0.7152 -0.6873 0.1269
vn -0.0002 0.9791 -0.2035
vn -0.7152 -0.6762 0.1768
vn -0.0002 0.9629 -0.2698
vn -0.7152 -0.6614 0.2257
vn -0.0002 0.9423 -0.3349
vn -0.7152 -0.6432 0.2733
vn -0.0002 0.9172 -0.3984
vn -0.7152 -0.6215 0.3196
vn -0.0002 0.8879 -0.4601
vn -0.7152 -0.5966 0.3641
vn -0.0002 0.8544 -0.5196
vn -0.0002 0.8170 -0.5767
vn -0.7152 -0.5684 0.4066
vn -0.0002 0.7757 -0.6311
vn -0.7152 -0.5372 0.4471
vn -0.0002 0.7308 -0.6826
vn -0.7152 -0.5031 0.4851
vn -0.0002 0.6826 -0.7308
vn -0.7152 -0.4664 0.5205
vn -0.0002 0.6311 -0.7757
vn -0.7152 -0.4271 0.5532
vn -0.0002 0.5767 -0.8170
vn -0.7152 -0.3856 0.5829
vn -0.0002 0.5196 -0.8544
vn -0.7152 -0.3420 0.6095
vn -0.0001 0.4601 -0.8879
vn -0.7152 -0.2966 0.6328
vn -0.0001 0.3984 -0.9172
vn -0.7152 -0.2497 0.6528
vn -0.0001 0.3349 -0.9423
vn -0.7152 -0.2013 0.6692
vn -0.0001 0.2698 -0.9629
vn -0.7152 -0.1520 0.6822
vn -0.0001 0.2035 -0.9791
vn -0.7152 -0.1018 0.6914
vn -0.0001 0.1362 -0.9907
vn -0.7152 -0.0510 0.6970
vn -0.0001 0.0682 -0.9977
vn -0.7152 -0.0000 0.6989
vn -0.6996 -0.0000 -0.7145
vn -0.0001 -0.0682 -0.9977
vn -0.7152 0.0510 0.6970
vn -0.0001 -0.1362 -0.9907
vn -0.7152 0.1018 0.6914
vn -0.0001 -0.2035 -0.9791
vn -0.7152 0.1520 0.6822
vn -0.0001 -0.2698 -0.9629
vn -0.7152 0.2013 0.6692
vn -0.0001 -0.3349 -0.9423
vn -0.7152 0.2497 0.6528
vn -0.0001 -0.3984 -0.9172
vn -0.7152 0.2966 0.6328
vn -0.0001 -0.4601 -0.8879
vn -0.7152 0.3420 0.6095
vn -0.0001 -0.5196 -0.8544
vn -0.7152 0.3856 0.5829
vn -0.0001 -0.5767 -0.8170
vn -0.7152 0.4271 0.5532
vn -0.0001 -0.6311 -0.7757
vn -0.7152 0.4664 0.5205
vn -0.0001 -0.6826 -0.7308
vn -0.7152 0.5031 0.4851
vn -0.0001 -0.7308 -0.6826
vn -0.7152 0.5372 0.4471
vn -0.0001 -0.7757 -0.6311
vn -0.7152 0.5684 0.4066
vn -0.0001 -0.8170 -0.5767
vn -0.7152 0.5966 0.3641
vn -0.0001 -0.8544 -0.5196
vn -0.0000 -0.8879 -0.4601
vn -0.7152 0.6215 0.3196
vn -0.0000 -0.9172 -0.3984
vn -0.7152 0.6432 0.2733
vn -0.0000 -0.9423 -0.3349
vn -0.7152 0.6614 0.2257
vn -0.0000 -0.9629 -0.2698
vn -0.7152 0.6762 0.1768
vn -0.0000 -0.9791 -0.2035
vn -0.7152 0.6873 0.1269
vn -0.0000 -0.9907 -0.1362
vn -0.7152 0.6947 0.0764
vn -0.0000 -0.9977 -0.0682
vn -0.7152 0.6984 0.0255
vn -0.0000 -1.0000 -0.0000
vn -0.7152 0.6984 -0.0255
vn -0.0000 -0.9977 0.0682
vn -0.7152 0.6947 -0.0764
vn -0.0000 -0.9907 0.1362
vn -0.7152 0.6873 -0.1269
vn -0.0000 -0.9791 0.2035
vn -0.7152 0.6762 -0.1768
vn -0.0000 -0.9629 0.2698
vn -0.7152 0.6614 -0.2257
vn -0.0000 -0.9423 0.3349
vn -0.7152 0.6432 -0.2733
vn -0.0000 -0.9172 0.3984
vn -0.7152 0.6215 -0.3196
vn -0.0000 -0.8879 0.4601
vn -0.7152 0.5966 -0.3641
vn -0.0001 -0.8544 0.5196
vn -0.0001 -0.8170 0.5767
vn -0.7152 0.5684 -0.4066
vn -0.0001 -0.7757 0.6311
vn -0.7152 0.5372 -0.4471
vn -0.0001 -0.7308 0.6826
vn -0.7152 0.5031 -0.4851
vn -0.0001 -0.6826 0.7308
vn -0.7152 0.4664 -0.5205
vn -0.0001 -0.6311 0.7757
vn -0.7152 0.4271 -0.5532
vn -0.0001 -0.5767 0.8170
vn -0.7152 0.3856 -0.5829
vn -0.0001 -0.5196 0.8544
vn -0.7152 0.3420 -0.6095
vn -0.0001 -0.4601 0.8879
vn -0.7152 0.2966 -0.6328
vn -0.0001 -0.3984 0.9172
vn -0.7152 0.2497 -0.6528
vn -0.0001 -0.3349 0.9423
vn -0.7152 0.2014 -0.6693
vn -0.0002 -0.2699 0.9629
vn -0.7151 0.1520 -0.6823
vn -0.0004 -0.2035 0.9791
vn -0.7151 0.1018 -0.6916
vn -0.0004 -0.1362 0.9907
vn -0.7151 0.0510 -0.6971
vn 0.6947 -0.0896 -0.7137
vn 0.6989 -0.0000 -0.7152
vn 0.6947 0.0896 -0.7137
vn 0.6301 -0.3425 -0.6969
vn 0.6602 -0.2600 -0.7046
vn 0.6817 -0.1755 -0.7102
vn 0.5075 -0.5460 -0.6666
vn 0.5525 -0.4864 -0.6769
vn 0.5935 -0.4188 -0.6873
vn 0.2959 -0.7186 -0.6293
vn 0.3522 -0.6854 -0.6373
vn 0.4057 -0.6460 -0.6466
vn -0.0001 -0.3292 -0.9443
vn -0.0001 -0.7976 -0.6033
vn 0.0592 -0.7909 -0.6090
vn -0.0003 -0.3911 -0.9203
vn -0.0003 -0.4572 -0.8893
vn -0.0003 -0.5209 -0.8536
vn -0.0003 -0.5819 -0.8133
vn -0.0003 -0.6397 -0.7686
vn -0.0003 -0.6941 -0.7199
vn -0.0003 -0.7448 -0.6673
vn -0.0003 -0.7915 -0.6112
vn -0.0003 -0.8340 -0.5518
vn -0.0003 -0.8720 -0.4894
vn -0.0003 -0.9054 -0.4245
vn -0.0003 -0.9340 -0.3572
vn -0.0003 -0.9576 -0.2881
vn -0.0003 -0.9761 -0.2174
vn -0.0003 -0.9893 -0.1456
vn -0.0003 -0.9973 -0.0730
vn -0.0003 -1.0000 -0.0000
vn -0.0003 -0.9973 0.0730
vn -0.0003 -0.9893 0.1456
vn -0.0003 -0.9761 0.2174
vn -0.0003 -0.9576 0.2881
vn -0.0003 -0.9340 0.3572
vn -0.0003 -0.9054 0.4245
vn -0.0003 -0.8720 0.4894
vn -0.0003 -0.8340 0.5518
vn -0.0003 -0.7915 0.6112
vn -0.0003 -0.7448 0.6673
vn -0.0003 -0.6941 0.7199
vn -0.0003 -0.6397 0.7686
vn -0.0003 -0.5819 0.8133
vn -0.0003 -0.5209 0.8536
vn -0.0003 -0.4572 0.8893
vn -0.0003 -0.3911 0.9203
vn -0.0003 -0.3229 0.9464
vn -0.0003 -0.2529 0.9675
vn -0.0003 -0.1816 0.9834
vn -0.0003 -0.1094 0.9940
vn -0.0003 -0.0365 0.9993
vn -0.0003 0.0365 0.9993
vn -0.0003 0.1094 0.9940
vn -0.0003 0.1816 0.9834
vn -0.0003 0.2529 0.9675
vn -0.0003 0.3229 0.9464
vn -0.0003 0.3911 0.9203
vn -0.0003 0.4572 0.8893
vn -0.0003 0.5209 0.8536
vn -0.0003 0.5819 0.8133
vn -0.0003 0.6397 0.7686
vn -0.0003 0.6941 0.7199
vn -0.0003 0.7448 0.6673
vn -0.0003 0.7915 0.6112
vn -0.0003 0.8340 0.5518
vn -0.0003 0.8720 0.4894
vn -0.0003 0.9054 0.4245
vn -0.0003 0.9340 0.3572
vn -0.0003 0.9576 0.2881
vn -0.0003 0.9761 0.2174
vn -0.0003 0.9893 0.1456
vn -0.0003 0.9973 0.0730
vn -0.0003 1.0000 -0.0000
vn -0.0003 0.9973 -0.0730
vn -0.0003 0.9893 -0.1456
vn -0.0003 0.9761 -0.2174
vn -0.0003 0.9576 -0.2881
vn -0.0003 0.9340 -0.3572
vn -0.0003 0.9054 -0.4245
vn -0.0003 0.8720 -0.4894
vn -0.0003 0.8340 -0.5518
vn -0.0003 0.7915 -0.6112
vn -0.0003 0.7448 -0.6673
vn -0.0003 0.6941 -0.7199
vn -0.0003 0.6397 -0.7686
vn -0.0003 0.5819 -0.8133
vn -0.0003 0.5209 -0.8536
vn -0.0003 0.4572 -0.8893
vn -0.0003 0.3911 -0.9203
vn -0.0004 0.3283 -0.9446
vn -0.0001 0.7976 -0.6033
vn 0.0592 0.7909 -0.6090
vn 0.1176 0.7816 -0.6127
vn 0.1763 0.7664 -0.6176
vn 0.2363 0.7454 -0.6233
vn 0.2958 0.7186 -0.6293
vn 0.3522 0.6854 -0.6373
vn 0.4058 0.6460 -0.6465
vn 0.4578 0.5994 -0.6566
vn 0.5075 0.5460 -0.6666
vn 0.5525 0.4864 -0.6769
vn 0.5935 0.4188 -0.6873
vn 0.6301 0.3425 -0.6969
vn 0.6602 0.2600 -0.7046
vn 0.6817 0.1755 -0.7102
vn -0.0593 0.7944 -0.6045
vn -0.0001 0.2530 -0.9675
vn -0.0000 0.3229 -0.9464
vn 0.0003 0.2529 -0.9675
vn 0.0003 0.3229 -0.9464
vn 0.7152 0.2013 -0.6692
vn 0.7152 0.2497 -0.6528
vn -0.1177 0.7822 -0.6118
vn -0.1764 0.7665 -0.6175
vn -0.0000 0.2528 -0.9675
vn -0.2363 0.7458 -0.6229
vn -0.2956 0.7182 -0.6300
vn -0.3521 0.6853 -0.6375
vn -0.4058 0.6461 -0.6464
vn -0.0001 0.1815 -0.9834
vn 0.0003 0.1816 -0.9834
vn 0.0003 0.1093 -0.9940
vn 0.7152 0.1018 -0.6914
vn 0.7152 0.0510 -0.6970
vn 0.0003 0.0365 -0.9993
vn 0.7152 -0.0000 -0.6989
vn 0.0003 -0.0365 -0.9993
vn 0.7152 -0.0510 -0.6970
vn 0.0003 -0.1093 -0.9940
vn 0.7152 -0.1018 -0.6914
vn 0.0003 -0.1816 -0.9834
vn 0.7152 -0.1520 -0.6822
vn 0.0003 -0.2529 -0.9675
vn 0.7152 -0.2013 -0.6692
vn 0.0003 -0.3229 -0.9464
vn 0.7152 -0.2497 -0.6528
vn 0.0003 -0.3911 -0.9203
vn 0.7152 -0.2966 -0.6328
vn 0.0003 -0.4572 -0.8893
vn 0.7152 -0.3420 -0.6095
vn 0.0003 -0.5209 -0.8536
vn 0.7152 -0.3856 -0.5829
vn 0.0003 -0.5819 -0.8133
vn 0.7152 -0.4271 -0.5532
vn 0.0003 -0.6397 -0.7686
vn 0.7152 -0.4664 -0.5205
vn 0.0003 -0.6941 -0.7199
vn 0.7152 -0.5031 -0.4851
vn 0.0003 -0.7448 -0.6673
vn 0.7152 -0.5372 -0.4471
vn 0.0003 -0.7915 -0.6112
vn 0.7152 -0.5684 -0.4066
vn 0.0003 -0.8340 -0.5518
vn 0.7152 -0.5966 -0.3641
vn 0.0003 -0.8720 -0.4894
vn 0.7152 -0.6215 -0.3196
vn 0.0003 -0.9054 -0.4245
vn 0.7152 -0.6432 -0.2733
vn 0.0003 -0.9340 -0.3572
vn 0.7152 -0.6614 -0.2257
vn 0.0003 -0.9576 -0.2881
vn 0.7152 -0.6762 -0.1768
vn 0.0003 -0.9761 -0.2174
vn 0.7152 -0.6873 -0.1269
vn 0.0003 -0.9893 -0.1456
vn 0.7152 -0.6947 -0.0764
vn 0.0003 -0.9973 -0.0730
vn 0.7152 -0.6984 -0.0255
vn 0.0003 -1.0000 -0.0000
vn 0.7152 -0.6984 0.0255
vn 0.0003 -0.9973 0.0730
vn 0.7152 -0.6947 0.0764
vn 0.0003 -0.9893 0.1456
vn 0.7152 -0.6873 0.1269
vn 0.0003 -0.9761 0.2174
vn 0.7152 -0.6762 0.1768
vn 0.0003 -0.9576 0.2881
vn 0.7152 -0.6614 0.2257
vn 0.0003 -0.9340 0.3572
vn 0.7152 -0.6432 0.2733
vn 0.0003 -0.9054 0.4245
vn 0.7152 -0.6215 0.3196
vn 0.0003 -0.8720 0.4894
vn 0.7152 -0.5966 0.3641
vn 0.0003 -0.8340 0.5518
vn 0.7152 -0.5684 0.4066
vn 0.0003 -0.7915 0.6112
vn 0.7152 -0.5372 0.4471
vn 0.0003 -0.7448 0.6673
vn 0.7152 -0.5031 0.4851
vn 0.0003 -0.6941 0.7199
vn 0.7152 -0.4664 0.5205
vn 0.0003 -0.6397 0.7686
vn 0.7152 -0.4271 0.5532
vn 0.0003 -0.5819 0.8133
vn 0.7152 -0.3856 0.5829
vn 0.0003 -0.5209 0.8536
vn 0.7152 -0.3420 0.6095
vn 0.0003 -0.4572 0.8893
vn 0.7152 -0.2966 0.6328
vn 0.0003 -0.3911 0.9203
vn 0.7152 -0.2497 0.6528
vn 0.0003 -0.3229 0.9464
vn 0.7152 -0.2013 0.6692
vn 0.0003 -0.2529 0.9675
vn 0.7152 -0.1520 0.6822
vn 0.0003 -0.1816 0.9834
vn 0.7152 -0.1018 0.6914
vn 0.0003 -0.1094 0.9940
vn 0.7152 -0.0510 0.6970
vn 0.0003 -0.0365 0.9993
vn 0.7152 -0.0000 0.6989
vn 0.0003 0.0365 0.9993
vn 0.7152 0.0510 0.6970
vn 0.0003 0.1094 0.9940
vn 0.7152 0.1018 0.6914
vn 0.0003 0.1816 0.9834
vn 0.7152 0.1520 0.6822
vn 0.0003 0.2529 0.9675
vn 0.7152 0.2013 0.6692
vn 0.0003 0.3229 0.9464
vn 0.7152 0.2497 0.6528
vn 0.0003 0.3911 0.9203
vn 0.7152 0.2966 0.6328
vn 0.0003 0.4572 0.8893
vn 0.7152 0.3420 0.6095
vn 0.0003 0.5209 0.8536
vn 0.7152 0.3856 0.5829
vn 0.0003 0.5819 0.8133
vn 0.7152 0.4271 0.5532
vn 0.0003 0.6397 0.7686
vn 0.7152 0.4664 0.5205
vn 0.0003 0.6941 0.7199
vn 0.7152 0.5031 0.4851
vn 0.0003 0.7448 0.6673
vn 0.7152 0.5372 0.4471
vn 0.0003 0.7915 0.6112
vn 0.7152 0.5684 0.4066
vn 0.0003 0.8340 0.5518
vn 0.7152 0.5966 0.3641
vn 0.0003 0.8720 0.4894
vn 0.7152 0.6215 0.3196
vn 0.0003 0.9054 0.4245
vn 0.7152 0.6432 0.2733
vn 0.0003 0.9340 0.3572
vn 0.7152 0.6614 0.2257
vn 0.0003 0.9576 0.2881
vn 0.7152 0.6762 0.1768
vn 0.0003 0.9761 0.2174
vn 0.7152 0.6873 0.1269
vn 0.0003 0.9893 0.1456
vn 0.7152 0.6947 0.0764
vn 0.0003 0.9973 0.0730
vn 0.7152 0.6984 0.0255
vn 0.0003 1.0000 -0.0000
vn 0.7152 0.6984 -0.0255
vn 0.0003 0.9973 -0.0730
vn 0.7152 0.6947 -0.0764
vn 0.0003 0.9893 -0.1456
vn 0.7152 0.6873 -0.1269
vn 0.0003 0.9761 -0.2174
vn 0.7152 0.6762 -0.1768
vn 0.0003 0.9576 -0.2881
vn 0.7152 0.6614 -0.2257
vn 0.0003 0.9340 -0.3572
vn 0.7152 0.6432 -0.2733
vn 0.0003 0.9054 -0.4245
vn 0.7152 0.6215 -0.3196
vn 0.0003 0.8720 -0.4894
vn 0.7152 0.5966 -0.3641
vn 0.0003 0.8340 -0.5518
vn 0.7152 0.5684 -0.4066
vn 0.0003 0.7915 -0.6112
vn 0.7152 0.5372 -0.4471
vn 0.0003 0.7448 -0.6673
vn 0.7152 0.5031 -0.4851
vn 0.0003 0.6941 -0.7199
vn 0.7152 0.4664 -0.5205
vn 0.0003 0.6397 -0.7686
vn 0.7152 0.4271 -0.5532
vn 0.0003 0.5819 -0.8133
vn 0.7152 0.3856 -0.5829
vn 0.0003 0.5209 -0.8536
vn 0.7152 0.3420 -0.6095
vn 0.0003 0.4572 -0.8893
vn 0.7152 0.2966 -0.6328
vn 0.0003 0.3911 -0.9203
vn -0.4578 0.5996 -0.6565
vn -0.0028 0.1710 -0.9853
vn -0.0001 0.1093 -0.9940
vn -0.6314 0.3501 -0.6919
vn -0.6603 0.2598 -0.7046
vn -0.5073 0.5458 -0.6669
vn -0.5551 0.4848 -0.6758
vn -0.6063 0.4173 -0.6769
vn -0.0002 0.0365 -0.9993
vn -0.6817 0.1757 -0.7102
vn -0.6946 0.0894 -0.7138
vn -0.6989 -0.0000 -0.7152
vn -0.0002 -0.0365 -0.9993
vn -0.0001 -0.1093 -0.9940
vn -0.0001 -0.1815 -0.9834
vn -0.6946 -0.0894 -0.7138
vn -0.6817 -0.1757 -0.7102
vn -0.6603 -0.2598 -0.7046
vn -0.6314 -0.3501 -0.6919
vn -0.0028 -0.1710 -0.9853
vn -0.6063 -0.4173 -0.6769
vn -0.5551 -0.4848 -0.6758
vn -0.5073 -0.5458 -0.6669
vn -0.4578 -0.5996 -0.6565
vn -0.4058 -0.6461 -0.6464
vn -0.0002 -0.2529 -0.9675
vn -0.3521 -0.6853 -0.6375
vn -0.0000 -0.2528 -0.9675
vn -0.2956 -0.7182 -0.6300
vn -0.2363 -0.7458 -0.6229
vn -0.1764 -0.7665 -0.6175
vn -0.1180 -0.7850 -0.6081
vn -0.0001 -0.3229 -0.9464
vn -0.0594 -0.7944 -0.6045
vn 0.1175 -0.7816 -0.6127
vn 0.1763 -0.7664 -0.6176
vn 0.2363 -0.7454 -0.6233
vn 0.4578 -0.5994 -0.6566
vn 0.7152 0.1520 -0.6822
vn -0.0000 1.0000 -0.0000
vn -0.0000 0.9973 0.0730
vn -0.0000 0.9893 0.1456
vn -0.0000 0.9761 0.2174
vn -0.0000 0.9576 0.2881
vn -0.0000 0.9340 0.3572
vn -0.0000 0.9054 0.4245
vn -0.0000 0.8720 0.4894
vn -0.0000 0.8340 0.5518
vn -0.0000 0.7915 0.6112
vn -0.0000 0.7448 0.6673
vn -0.0000 0.6941 0.7199
vn -0.0000 0.6397 0.7686
vn -0.0000 0.5819 0.8133
vn -0.0000 0.5209 0.8536
vn -0.0000 0.4572 0.8893
vn -0.0000 0.3911 0.9203
vn -0.0000 0.3229 0.9464
vn -0.0000 0.2529 0.9675
vn -0.0000 0.1816 0.9834
vn -0.0000 0.1094 0.9940
vn -0.0000 0.0365 0.9993
vn -0.0000 -0.0365 0.9993
vn -0.0000 -0.1094 0.9940
vn -0.0000 -0.1816 0.9834
vn -0.0000 -0.2529 0.9675
vn -0.0000 -0.3229 0.9464
vn -0.0000 -0.3911 0.9203
vn -0.0000 -0.4572 0.8893
vn -0.0000 -0.5209 0.8536
vn -0.0000 -0.5819 0.8133
vn -0.0000 -0.6397 0.7686
vn -0.0000 -0.6941 0.7199
vn -0.0000 -0.7448 0.6673
vn -0.0000 -0.7915 0.6112
vn -0.0000 -0.8340 0.5518
vn -0.0000 -0.8720 0.4894
vn -0.0000 -0.9054 0.4245
vn -0.0000 -0.9340 0.3572
vn -0.0000 -0.9576 0.2881
vn -0.0000 -0.9761 0.2174
vn -0.0000 -0.9893 0.1456
vn -0.0000 -0.9973 0.0730
vn -0.0000 -0.9973 -0.0730
vn -0.0000 -0.9893 -0.1456
vn -0.0000 -0.9761 -0.2174
vn -0.0000 -0.9576 -0.2881
vn -0.0000 -0.9340 -0.3572
vn -0.0000 -0.9054 -0.4245
vn -0.0000 -0.8720 -0.4894
vn -0.0000 -0.8340 -0.5518
vn -0.0000 -0.7915 -0.6112
vn -0.0000 -0.7448 -0.6673
vn -0.0000 -0.6941 -0.7199
vn -0.0000 -0.6397 -0.7686
vn -0.0000 -0.5819 -0.8133
vn -0.0000 -0.5209 -0.8536
vn -0.0000 -0.4572 -0.8893
vn -0.0000 -0.3911 -0.9203
vn -0.0000 0.9973 -0.0730
vn -0.0000 0.9893 -0.1456
vn -0.0000 0.9761 -0.2174
vn -0.0000 0.9576 -0.2881
vn -0.0000 0.9340 -0.3572
vn -0.0000 0.9054 -0.4245
vn -0.0000 0.8720 -0.4894
vn -0.0000 0.8340 -0.5518
vn -0.0000 0.7915 -0.6112
vn -0.0000 0.7448 -0.6673
vn -0.0000 0.6941 -0.7199
vn -0.0000 0.6397 -0.7686
vn -0.0000 0.5819 -0.8133
vn -0.0000 0.5209 -0.8536
vn -0.0000 0.4572 -0.8893
vn -0.0000 0.3911 -0.9203
vn 0.6996 0.0488 0.7129
vn 0.6996 -0.0000 0.7145
vn 0.6996 -0.0488 0.7129
vn 0.6996 0.0973 0.7079
vn 0.6996 0.1454 0.6996
vn 0.6996 0.1928 0.6880
vn 0.6996 0.2393 0.6733
vn 0.6996 0.2847 0.6554
vn 0.6996 0.3287 0.6344
vn 0.6996 0.3713 0.6105
vn 0.6996 0.4121 0.5837
vn 0.6996 0.4509 0.5543
vn 0.6996 0.4877 0.5222
vn 0.6996 0.5222 0.4877
vn 0.6996 0.5543 0.4509
vn 0.6996 0.5837 0.4120
vn 0.6996 0.6105 0.3712
vn 0.6996 0.6344 0.3287
vn 0.6996 0.6554 0.2847
vn 0.6996 0.6732 0.2393
vn 0.6996 0.6880 0.1928
vn 0.6996 0.6996 0.1454
vn 0.6996 0.7079 0.0973
vn 0.6996 0.7128 0.0488
vn 0.6996 0.7145 -0.0000
vn 0.6996 0.7128 -0.0488
vn 0.6996 0.7079 -0.0973
vn 0.6996 0.6996 -0.1454
vn 0.6996 0.6880 -0.1928
vn 0.6996 0.6732 -0.2393
vn 0.6996 0.6554 -0.2847
vn 0.6996 0.6344 -0.3287
vn 0.6996 0.6105 -0.3712
vn 0.6996 0.5837 -0.4120
vn 0.6996 0.5543 -0.4509
vn 0.6996 0.5222 -0.4877
vn 0.6996 0.4877 -0.5222
vn 0.6996 0.4509 -0.5543
vn 0.6996 0.4121 -0.5837
vn 0.6996 0.3713 -0.6105
vn 0.6996 0.3287 -0.6344
vn 0.6996 0.2847 -0.6554
vn 0.6996 0.2393 -0.6733
vn 0.6996 0.1928 -0.6880
vn 0.6996 0.1454 -0.6996
vn 0.6996 0.0973 -0.7079
vn 0.6996 0.0488 -0.7129
vn 0.6996 -0.0000 -0.7145
vn 0.6996 -0.0488 -0.7129
vn 0.6996 -0.0973 -0.7079
vn 0.6996 -0.1454 -0.6996
vn 0.6996 -0.1928 -0.6881
vn 0.6996 -0.2393 -0.6733
vn 0.6996 -0.2847 -0.6554
vn 0.6996 -0.3287 -0.6345
vn 0.6996 -0.3713 -0.6105
vn 0.6996 -0.4121 -0.5838
vn 0.6996 -0.4510 -0.5543
vn 0.6996 -0.4877 -0.5222
vn 0.6996 -0.5222 -0.4877
vn 0.6996 -0.5543 -0.4510
vn 0.6995 -0.5838 -0.4121
vn 0.6995 -0.6106 -0.3713
vn 0.6995 -0.6345 -0.3288
vn 0.6995 -0.6554 -0.2847
vn 0.6995 -0.6733 -0.2393
vn 0.6995 -0.6881 -0.1928
vn 0.6995 -0.6997 -0.1454
vn 0.6995 -0.7080 -0.0973
vn 0.6995 -0.7130 -0.0488
vn 0.6995 -0.7146 -0.0000
vn 0.6995 -0.7130 0.0488
vn 0.6995 -0.7080 0.0973
vn 0.6995 -0.6997 0.1454
vn 0.6995 -0.6881 0.1928
vn 0.6995 -0.6733 0.2393
vn 0.6995 -0.6554 0.2847
vn 0.6995 -0.6345 0.3288
vn 0.6995 -0.6106 0.3713
vn 0.6995 -0.5838 0.4121
vn 0.6996 -0.5543 0.4510
vn 0.6996 -0.5222 0.4877
vn 0.6996 -0.4877 0.5222
vn 0.6996 -0.4510 0.5543
vn 0.6996 -0.4121 0.5838
vn 0.6996 -0.3713 0.6105
vn 0.6996 -0.3287 0.6345
vn 0.6996 -0.2847 0.6554
vn 0.6996 -0.2393 0.6733
vn 0.6996 -0.1928 0.6881
vn 0.6996 -0.1454 0.6996
vn 0.6996 -0.0973 0.7079
vn 0.6907 -0.0488 0.7215
vn 0.6927 -0.0000 0.7212
vn 0.6907 0.0488 0.7215
vn 0.6838 -0.0977 0.7231
vn 0.6715 -0.1464 0.7264
vn 0.6533 -0.1962 0.7313
vn 0.6305 -0.2467 0.7359
vn 0.6027 -0.2946 0.7416
vn 0.5689 -0.3402 0.7487
vn 0.5287 -0.3851 0.7564
vn 0.4827 -0.4284 0.7638
vn 0.4307 -0.4680 0.7717
vn 0.3714 -0.5036 0.7800
vn 0.3038 -0.5358 0.7878
vn 0.2309 -0.5632 0.7934
vn 0.1563 -0.5820 0.7980
vn 0.0797 -0.5922 0.8018
vn 0.0001 -0.5920 0.8060
vn -0.0797 -0.5895 0.8039
vn -0.1562 -0.5799 0.7996
vn -0.2310 -0.5631 0.7934
vn -0.3040 -0.5364 0.7873
vn -0.3715 -0.5040 0.7797
vn -0.4306 -0.4680 0.7717
vn -0.4825 -0.4283 0.7641
vn -0.5287 -0.3845 0.7567
vn -0.5691 -0.3405 0.7485
vn -0.6026 -0.2948 0.7416
vn -0.6304 -0.2465 0.7361
vn -0.6533 -0.1962 0.7312
vn -0.6714 -0.1466 0.7265
vn -0.6837 -0.0974 0.7232
vn -0.6908 -0.0488 0.7214
vn -0.6926 -0.0003 0.7214
vn -0.6906 0.0491 0.7216
vn -0.6839 0.0976 0.7230
vn -0.6713 0.1461 0.7267
vn -0.6532 0.1965 0.7313
vn -0.6306 0.2466 0.7359
vn -0.6025 0.2942 0.7419
vn -0.5688 0.3405 0.7486
vn -0.5288 0.3852 0.7563
vn -0.4827 0.4283 0.7639
vn -0.4305 0.4675 0.7721
vn -0.3713 0.5033 0.7803
vn -0.3038 0.5362 0.7875
vn -0.2310 0.5636 0.7931
vn -0.1564 0.5824 0.7977
vn -0.0797 0.5929 0.8013
vn -0.0000 0.5958 0.8031
vn 0.0797 0.5922 0.8018
vn 0.1563 0.5820 0.7981
vn 0.2309 0.5632 0.7934
vn 0.3038 0.5357 0.7879
vn 0.3714 0.5037 0.7800
vn 0.4307 0.4680 0.7717
vn 0.4827 0.4285 0.7638
vn 0.5288 0.3851 0.7564
vn 0.5689 0.3402 0.7487
vn 0.6027 0.2946 0.7416
vn 0.6305 0.2467 0.7359
vn 0.6533 0.1962 0.7313
vn 0.6715 0.1464 0.7264
vn 0.6838 0.0977 0.7231
vn 0.0003 0.2894 0.9572
vn 0.0005 0.2226 0.9749
vn 0.0007 0.1548 0.9880
vn 0.0007 0.0862 0.9963
vn 0.0007 0.0173 0.9999
vn -0.0001 0.0173 0.9999
vn -0.0001 -0.0518 0.9987
vn -0.0001 -0.1205 0.9927
vn -0.0001 -0.1887 0.9820
vn -0.0001 -0.2560 0.9667
vn -0.0001 -0.3221 0.9467
vn -0.0001 -0.3867 0.9222
vn -0.0001 -0.4494 0.8933
vn -0.0001 -0.5099 0.8602
vn -0.0001 -0.5681 0.8230
vn -0.0001 -0.6235 0.7818
vn -0.0001 -0.6759 0.7370
vn -0.0001 -0.7252 0.6886
vn -0.0001 -0.7710 0.6369
vn -0.0001 -0.8131 0.5822
vn -0.0001 -0.8513 0.5247
vn -0.0001 -0.8855 0.4647
vn -0.0001 -0.9154 0.4025
vn -0.0000 -0.9410 0.3384
vn -0.0000 -0.9621 0.2727
vn -0.0000 -0.9786 0.2057
vn -0.0000 -0.9905 0.1377
vn -0.0000 -0.9976 0.0690
vn -0.0000 -0.9976 -0.0690
vn -0.0000 -0.9905 -0.1377
vn -0.0000 -0.9786 -0.2057
vn -0.0000 -0.9621 -0.2727
vn -0.0000 -0.9410 -0.3384
vn -0.0001 -0.9154 -0.4025
vn -0.0001 -0.8855 -0.4647
vn -0.0001 -0.8513 -0.5247
vn -0.0001 -0.8131 -0.5822
vn -0.0001 -0.7710 -0.6369
vn -0.0001 -0.7252 -0.6886
vn -0.0001 -0.6759 -0.7370
vn -0.0001 -0.6235 -0.7818
vn -0.0001 -0.5681 -0.8230
vn -0.0001 -0.5099 -0.8602
vn -0.0001 -0.4494 -0.8933
vn -0.0001 -0.3867 -0.9222
vn -0.0001 -0.3221 -0.9467
vn -0.0001 -0.2560 -0.9667
vn -0.0001 -0.1887 -0.9820
vn -0.0001 -0.1205 -0.9927
vn -0.0001 -0.0518 -0.9987
vn -0.0001 0.0173 -0.9999
vn -0.0002 0.0862 -0.9963
vn -0.0002 0.1547 -0.9880
vn -0.0002 0.2225 -0.9749
vn -0.0002 0.2893 -0.9573
vn -0.0002 0.3546 -0.9350
vn -0.0002 0.4183 -0.9083
vn -0.0002 0.4799 -0.8773
vn -0.0002 0.5393 -0.8421
vn -0.0002 0.5961 -0.8029
vn -0.0002 0.6501 -0.7598
vn -0.0002 0.7010 -0.7132
vn -0.0002 0.7485 -0.6631
vn -0.0002 0.7925 -0.6099
vn -0.0002 0.8327 -0.5538
vn -0.0002 0.8689 -0.4950
vn -0.0002 0.9010 -0.4339
vn -0.0002 0.9288 -0.3707
vn -0.0002 0.9521 -0.3057
vn -0.0002 0.9709 -0.2393
vn -0.0002 0.9851 -0.1718
vn -0.0002 0.9946 -0.1034
vn -0.0002 0.9994 -0.0345
vn -0.0002 0.9994 0.0345
vn -0.0002 0.9946 0.1034
vn -0.0002 0.9851 0.1718
vn -0.0002 0.9709 0.2393
vn -0.0002 0.9521 0.3057
vn -0.0002 0.9288 0.3707
vn -0.0002 0.9010 0.4339
vn -0.0002 0.8689 0.4950
vn -0.0002 0.8327 0.5538
vn -0.0002 0.7925 0.6099
vn -0.0002 0.7485 0.6631
vn -0.0002 0.7010 0.7132
vn -0.0002 0.6501 0.7598
vn -0.0002 0.5961 0.8029
vn -0.0002 0.5393 0.8421
vn -0.0002 0.4799 0.8773
vn -0.0002 0.4183 0.9083
vn -0.0002 0.3546 0.9350
vn -0.0002 0.2893 0.9573
vn -0.0002 0.2225 0.9749
vn -0.0002 0.1547 0.9880
vn -0.0002 0.0862 0.9963
vn 0.0007 -0.0518 0.9987
vn 0.0007 -0.1205 0.9927
vn 0.0006 -0.1888 0.9820
vn 0.0004 -0.2562 0.9666
vn 0.0001 -0.3221 0.9467
vn 0.0001 -0.3867 0.9222
vn 0.0001 -0.4494 0.8933
vn 0.0001 -0.5099 0.8602
vn 0.0001 -0.5681 0.8230
vn 0.0001 -0.6235 0.7818
vn 0.0001 -0.6759 0.7370
vn 0.0001 -0.7252 0.6886
vn 0.0001 -0.7710 0.6369
vn 0.0001 -0.8131 0.5822
vn 0.0001 -0.8513 0.5247
vn 0.0001 -0.8855 0.4647
vn 0.0001 -0.9154 0.4025
vn 0.0001 -0.9154 -0.4025
vn 0.0001 -0.8855 -0.4647
vn 0.0001 -0.8513 -0.5247
vn 0.0001 -0.8131 -0.5822
vn 0.0001 -0.7710 -0.6369
vn 0.0001 -0.7252 -0.6886
vn 0.0001 -0.6759 -0.7370
vn 0.0001 -0.6235 -0.7818
vn 0.0001 -0.5681 -0.8230
vn 0.0001 -0.5099 -0.8602
vn 0.0001 -0.4494 -0.8933
vn 0.0001 -0.3867 -0.9222
vn 0.0001 -0.3221 -0.9467
vn 0.0001 -0.2560 -0.9667
vn 0.0001 -0.1887 -0.9820
vn 0.0001 -0.1205 -0.9927
vn 0.0001 -0.0518 -0.9987
vn 0.0001 0.0173 -0.9999
vn 0.0002 0.0862 -0.9963
vn 0.0002 0.1547 -0.9880
vn 0.0002 0.2225 -0.9749
vn 0.0002 0.2893 -0.9573
vn 0.0002 0.3546 -0.9350
vn 0.0002 0.4183 -0.9083
vn 0.0002 0.4799 -0.8773
vn 0.0002 0.5393 -0.8421
vn 0.0002 0.5961 -0.8029
vn 0.0002 0.6501 -0.7598
vn 0.0002 0.7010 -0.7132
vn 0.0002 0.7485 -0.6631
vn 0.0002 0.7925 -0.6099
vn 0.0002 0.8327 -0.5538
vn 0.0002 0.8689 -0.4950
vn 0.0002 0.9010 -0.4339
vn 0.0002 0.9288 -0.3707
vn 0.0002 0.9521 -0.3057
vn 0.0002 0.9709 -0.2393
vn 0.0002 0.9851 -0.1718
vn 0.0002 0.9946 -0.1034
vn 0.0002 0.9994 -0.0345
vn 0.0002 0.9994 0.0345
vn 0.0002 0.9946 0.1034
vn 0.0002 0.9851 0.1718
vn 0.0002 0.9709 0.2393
vn 0.0002 0.9521 0.3057
vn 0.0002 0.9288 0.3707
vn 0.0002 0.9010 0.4339
vn 0.0002 0.8689 0.4950
vn 0.0002 0.8327 0.5538
vn 0.0002 0.7925 0.6099
vn 0.0002 0.7485 0.6631
vn 0.0002 0.7010 0.7132
vn 0.0002 0.6501 0.7598
vn 0.0002 0.5961 0.8029
vn 0.0002 0.5393 0.8421
vn 0.0002 0.4799 0.8773
vn 0.0002 0.4183 0.9083
vn 0.0002 0.3546 0.9350
vn 0.7191 -0.0753 -0.6908
vn 0.6969 0.0683 0.7139
vn 0.7189 -0.0000 -0.6951
vn 0.6971 -0.0000 0.7170
vn 0.6969 -0.0684 0.7139
vn 0.6968 0.1357 0.7043
vn 0.7193 -0.1494 -0.6785
vn 0.6968 0.2021 0.6882
vn 0.7193 -0.2218 -0.6584
vn 0.6968 0.2666 0.6659
vn 0.7193 -0.2917 -0.6305
vn 0.6968 0.3287 0.6376
vn 0.7193 -0.3582 -0.5953
vn 0.6968 0.3878 0.6034
vn 0.7193 -0.4204 -0.5531
vn 0.6968 0.4434 0.5638
vn 0.7193 -0.4778 -0.5044
vn 0.6968 0.4950 0.5191
vn 0.6968 0.5421 0.4697
vn 0.7193 -0.5295 -0.4498
vn 0.6968 0.5843 0.4161
vn 0.7193 -0.5750 -0.3899
vn 0.6968 0.6212 0.3586
vn 0.7193 -0.6138 -0.3254
vn 0.6968 0.6525 0.2980
vn 0.7193 -0.6454 -0.2571
vn 0.6968 0.6778 0.2346
vn 0.7193 -0.6694 -0.1859
vn 0.6968 0.6971 0.1691
vn 0.7193 -0.6856 -0.1124
vn 0.6968 0.7100 0.1021
vn 0.7193 -0.6937 -0.0376
vn 0.6968 0.7165 0.0341
vn 0.6968 0.7165 -0.0341
vn 0.7193 -0.6937 0.0376
vn 0.6968 0.7100 -0.1021
vn 0.7193 -0.6856 0.1124
vn 0.6968 0.6971 -0.1691
vn 0.7193 -0.6694 0.1859
vn 0.6968 0.6778 -0.2346
vn 0.7193 -0.6454 0.2571
vn 0.6968 0.6525 -0.2980
vn 0.7193 -0.6138 0.3254
vn 0.6968 0.6212 -0.3586
vn 0.7193 -0.5750 0.3899
vn 0.6968 0.5843 -0.4161
vn 0.7193 -0.5295 0.4498
vn 0.6968 0.5421 -0.4697
vn 0.7193 -0.4778 0.5044
vn 0.6968 0.4950 -0.5191
vn 0.6968 0.4434 -0.5638
vn 0.7193 -0.4204 0.5531
vn 0.6968 0.3878 -0.6034
vn 0.7193 -0.3582 0.5953
vn 0.6968 0.3287 -0.6376
vn 0.7193 -0.2917 0.6305
vn 0.6968 0.2666 -0.6659
vn 0.7193 -0.2218 0.6584
vn 0.6968 0.2021 -0.6882
vn 0.7193 -0.1494 0.6785
vn 0.6968 0.1357 -0.7043
vn 0.7191 -0.0753 0.6908
vn 0.6969 0.0684 -0.7139
vn 0.7189 -0.0000 0.6951
vn 0.6971 -0.0000 -0.7170
vn 0.6969 -0.0684 -0.7139
vn 0.7191 0.0753 0.6908
vn 0.6968 -0.1357 -0.7043
vn 0.7193 0.1494 0.6785
vn 0.6968 -0.2021 -0.6882
vn 0.7193 0.2218 0.6584
vn 0.6968 -0.2666 -0.6659
vn 0.7193 0.2917 0.6305
vn 0.6968 -0.3287 -0.6376
vn 0.7193 0.3582 0.5953
vn 0.6968 -0.3878 -0.6034
vn 0.7193 0.4204 0.5531
vn 0.6968 -0.4434 -0.5638
vn 0.7193 0.4778 0.5044
vn 0.6968 -0.4950 -0.5191
vn 0.6968 -0.5421 -0.4697
vn 0.7193 0.5295 0.4498
vn 0.6968 -0.5843 -0.4161
vn 0.7193 0.5750 0.3899
vn 0.6968 -0.6212 -0.3586
vn 0.7193 0.6138 0.3254
vn 0.6968 -0.6525 -0.2980
vn 0.7193 0.6454 0.2571
vn 0.6968 -0.6778 -0.2346
vn 0.7193 0.6694 0.1859
vn 0.6968 -0.6971 -0.1691
vn 0.7193 0.6856 0.1124
vn 0.6968 -0.7100 -0.1021
vn 0.7193 0.6937 0.0376
vn 0.6968 -0.7165 -0.0341
vn 0.7193 0.6937 -0.0376
vn 0.6968 -0.7165 0.0341
vn 0.6968 -0.7100 0.1021
vn 0.7193 0.6856 -0.1124
vn 0.6968 -0.6971 0.1691
vn 0.7193 0.6694 -0.1859
vn 0.6968 -0.6778 0.2346
vn 0.7193 0.6454 -0.2571
vn 0.6968 -0.6525 0.2980
vn 0.7193 0.6138 -0.3254
vn 0.6968 -0.6212 0.3586
vn 0.7193 0.5750 -0.3899
vn 0.6968 -0.5843 0.4161
vn 0.7193 0.5295 -0.4498
vn 0.6968 -0.5421 0.4697
vn 0.7193 0.4778 -0.5044
vn 0.6968 -0.4950 0.5191
vn 0.6968 -0.4434 0.5638
vn 0.7193 0.4204 -0.5531
vn 0.6968 -0.3878 0.6034
vn 0.7193 0.3582 -0.5953
vn 0.6968 -0.3287 0.6376
vn 0.7193 0.2917 -0.6305
vn 0.6968 -0.2666 0.6659
vn 0.7193 0.2218 -0.6584
vn 0.6968 -0.2021 0.6882
vn 0.7193 0.1494 -0.6785
vn 0.6968 -0.1357 0.7043
vn 0.7191 0.0753 -0.6908
vn -0.6968 -0.0682 0.7140
vn -0.6968 -0.0000 0.7173
vn -0.7193 -0.0000 -0.6947
vn -0.6968 0.0682 0.7140
vn -0.7193 -0.0751 -0.6907
vn -0.6968 0.1357 0.7043
vn -0.7193 -0.1493 -0.6785
vn -0.6968 0.2021 0.6882
vn -0.7193 -0.2218 -0.6584
vn -0.6968 0.2666 0.6659
vn -0.7193 -0.2917 -0.6305
vn -0.6968 0.3287 0.6376
vn -0.7193 -0.3582 -0.5953
vn -0.6968 0.3878 0.6034
vn -0.7193 -0.4204 -0.5531
vn -0.6968 0.4434 0.5638
vn -0.7193 -0.4778 -0.5044
vn -0.6968 0.4950 0.5191
vn -0.6968 0.5421 0.4697
vn -0.7193 -0.5295 -0.4498
vn -0.6968 0.5843 0.4161
vn -0.7193 -0.5750 -0.3899
vn -0.6968 0.6212 0.3586
vn -0.7193 -0.6138 -0.3254
vn -0.6968 0.6525 0.2980
vn -0.7193 -0.6454 -0.2571
vn -0.6968 0.6778 0.2346
vn -0.7193 -0.6694 -0.1859
vn -0.6968 0.6971 0.1691
vn -0.7193 -0.6856 -0.1124
vn -0.6968 0.7100 0.1021
vn -0.7193 -0.6937 -0.0376
vn -0.6968 0.7165 0.0341
vn -0.6968 0.7165 -0.0341
vn -0.7193 -0.6937 0.0376
vn -0.6968 0.7100 -0.1021
vn -0.7193 -0.6856 0.1124
vn -0.6968 0.6971 -0.1691
vn -0.7193 -0.6694 0.1859
vn -0.6968 0.6778 -0.2346
vn -0.7193 -0.6454 0.2571
vn -0.6968 0.6525 -0.2980
vn -0.7193 -0.6138 0.3254
vn -0.6968 0.6212 -0.3586
vn -0.7193 -0.5750 0.3899
vn -0.6968 0.5843 -0.4161
vn -0.7193 -0.5295 0.4498
vn -0.6968 0.5421 -0.4697
vn -0.7193 -0.4778 0.5044
vn -0.6968 0.4950 -0.5191
vn -0.6968 0.4434 -0.5638
vn -0.7193 -0.4204 0.5531
vn -0.6968 0.3878 -0.6034
vn -0.7193 -0.3582 0.5953
vn -0.6968 0.3287 -0.6376
vn -0.7193 -0.2917 0.6305
vn -0.6968 0.2666 -0.6659
vn -0.7193 -0.2218 0.6584
vn -0.6968 0.2021 -0.6882
vn -0.7193 -0.1493 0.6785
vn -0.6968 0.1357 -0.7043
vn -0.7193 -0.0751 0.6907
vn -0.6968 0.0682 -0.7140
vn -0.7193 -0.0000 0.6947
vn -0.6968 -0.0000 -0.7173
vn -0.6968 -0.0682 -0.7140
vn -0.7193 0.0751 0.6907
vn -0.6968 -0.1357 -0.7043
vn -0.7193 0.1493 0.6785
vn -0.6968 -0.2021 -0.6882
vn -0.7193 0.2218 0.6584
vn -0.6968 -0.2666 -0.6659
vn -0.7193 0.2917 0.6305
vn -0.6968 -0.3287 -0.6376
vn -0.7193 0.3582 0.5953
vn -0.6968 -0.3878 -0.6034
vn -0.7193 0.4204 0.5531
vn -0.6968 -0.4434 -0.5638
vn -0.7193 0.4778 0.5044
vn -0.6968 -0.4950 -0.5191
vn -0.6968 -0.5421 -0.4697
vn -0.7193 0.5295 0.4498
vn -0.6968 -0.5843 -0.4161
vn -0.7193 0.5750 0.3899
vn -0.6968 -0.6212 -0.3586
vn -0.7193 0.6138 0.3254
vn -0.6968 -0.6525 -0.2980
vn -0.7193 0.6454 0.2571
vn -0.6968 -0.6778 -0.2346
vn -0.7193 0.6694 0.1859
vn -0.6968 -0.6971 -0.1691
vn -0.7193 0.6856 0.1124
vn -0.6968 -0.7100 -0.1021
vn -0.7193 0.6937 0.0376
vn -0.6968 -0.7165 -0.0341
vn -0.7193 0.6937 -0.0376
vn -0.6968 -0.7165 0.0341
vn -0.6968 -0.7100 0.1021
vn -0.7193 0.6856 -0.1124
vn -0.6968 -0.6971 0.1691
vn -0.7193 0.6694 -0.1859
vn -0.6968 -0.6778 0.2346
vn -0.7193 0.6454 -0.2571
vn -0.6968 -0.6525 0.2980
vn -0.7193 0.6138 -0.3254
vn -0.6968 -0.6212 0.3586
vn -0.7193 0.5750 -0.3899
vn -0.6968 -0.5843 0.4161
vn -0.7193 0.5295 -0.4498
vn -0.6968 -0.5421 0.4697
vn -0.7193 0.4778 -0.5044
vn -0.6968 -0.4950 0.5191
vn -0.6968 -0.4434 0.5638
vn -0.7193 0.4204 -0.5531
vn -0.6968 -0.3878 0.6034
vn -0.7193 0.3582 -0.5953
vn -0.6968 -0.3287 0.6376
vn -0.7193 0.2917 -0.6305
vn -0.6968 -0.2666 0.6659
vn -0.7193 0.2218 -0.6584
vn -0.6968 -0.2021 0.6882
vn -0.7193 0.1493 -0.6785
vn -0.6968 -0.1357 0.7043
vn -0.7193 0.0751 -0.6907
vn -0.0003 -0.0541 -0.9985
vn -0.0003 0.0541 -0.9985
vn -0.0003 0.1618 -0.9868
vn -0.0003 0.2675 -0.9636
vn -0.0003 0.3701 -0.9290
vn -0.0003 0.4684 -0.8835
vn -0.0003 0.5612 -0.8277
vn -0.0003 0.6474 -0.7622
vn -0.0003 0.7260 -0.6877
vn -0.0003 0.7961 -0.6052
vn -0.0003 0.8569 -0.5156
vn -0.0003 0.9076 -0.4199
vn -0.0003 0.9477 -0.3193
vn -0.0003 0.9766 -0.2150
vn -0.0003 0.9941 -0.1081
vn -0.0003 0.9941 0.1081
vn -0.0003 0.9766 0.2150
vn -0.0003 0.9477 0.3193
vn -0.0003 0.9076 0.4199
vn -0.0003 0.8569 0.5156
vn -0.0003 0.7961 0.6052
vn -0.0003 0.7260 0.6877
vn -0.0003 0.6474 0.7622
vn -0.0003 0.5612 0.8277
vn -0.0003 0.4684 0.8835
vn -0.0003 0.3701 0.9290
vn -0.0003 0.2675 0.9635
vn -0.0003 0.1618 0.9868
vn -0.0003 0.0541 0.9985
vn -0.0003 -0.0541 0.9985
vn -0.0003 -0.1618 0.9868
vn -0.0003 -0.2675 0.9635
vn -0.0003 -0.3701 0.9290
vn -0.0003 -0.4684 0.8835
vn -0.0003 -0.5612 0.8277
vn -0.0003 -0.6474 0.7622
vn -0.0003 -0.7260 0.6877
vn -0.0003 -0.7961 0.6052
vn -0.0003 -0.8569 0.5156
vn -0.0003 -0.9076 0.4199
vn -0.0003 -0.9477 0.3193
vn -0.0003 -0.9766 0.2150
vn -0.0003 -0.9941 0.1081
vn -0.0003 -0.9941 -0.1081
vn -0.0003 -0.9766 -0.2150
vn -0.0003 -0.9477 -0.3193
vn -0.0003 -0.9076 -0.4199
vn -0.0003 -0.8569 -0.5156
vn -0.0003 -0.7961 -0.6052
vn -0.0003 -0.7260 -0.6877
vn -0.0003 -0.6474 -0.7622
vn -0.0003 -0.5612 -0.8277
vn -0.0003 -0.4684 -0.8835
vn -0.0003 -0.3701 -0.9290
vn -0.0003 -0.2675 -0.9635
vn -0.0003 -0.1618 -0.9868
vn 0.6717 -0.1366 0.7281
vn 0.0004 -0.0542 0.9985
vn 0.6846 0.0001 0.7289
vn 0.0004 0.0542 0.9985
vn 0.6717 0.1366 0.7281
vn 0.6303 0.2699 0.7279
vn 0.5655 0.3923 0.7255
vn 0.4795 0.4957 0.7241
vn 0.3768 0.5804 0.7219
vn 0.2577 0.6430 0.7212
vn 0.1302 0.6827 0.7190
vn -0.0003 0.7070 0.7072
vn 0.6303 -0.2699 0.7279
vn 0.5655 -0.3923 0.7255
vn 0.4795 -0.4957 0.7241
vn 0.3768 -0.5804 0.7219
vn 0.2577 -0.6430 0.7212
vn 0.1302 -0.6827 0.7190
vn -0.0003 -0.7070 0.7072
vn 0.0003 -0.1618 0.9868
vn 0.0003 -0.2675 0.9635
vn 0.0003 -0.3701 0.9290
vn 0.0003 -0.4684 0.8835
vn 0.0003 -0.5612 0.8277
vn 0.0003 -0.6474 0.7622
vn 0.0003 -0.7260 0.6877
vn 0.0003 -0.7961 0.6052
vn 0.0003 -0.8569 0.5156
vn 0.0003 -0.9076 0.4199
vn 0.0003 -0.9477 0.3193
vn 0.0003 -0.9766 0.2150
vn 0.0003 -0.9941 0.1081
vn 0.0003 -0.9941 -0.1081
vn 0.0003 -0.9766 -0.2150
vn 0.0003 -0.9477 -0.3193
vn 0.0003 -0.9076 -0.4199
vn 0.0003 -0.8569 -0.5156
vn 0.0003 -0.7961 -0.6052
vn 0.0003 -0.7260 -0.6877
vn 0.0003 -0.6474 -0.7622
vn 0.0003 -0.5612 -0.8277
vn 0.0003 -0.4684 -0.8835
vn 0.0003 -0.3701 -0.9290
vn 0.0003 -0.2675 -0.9636
vn 0.0003 -0.1618 -0.9868
vn 0.0004 -0.0542 -0.9985
vn -0.0003 -0.7070 -0.7072
vn 0.1302 -0.6827 -0.7190
vn -0.1303 -0.6856 0.7162
vn -0.2579 -0.6434 0.7208
vn -0.3768 -0.5806 0.7218
vn -0.4796 -0.4956 0.7242
vn -0.5656 -0.3920 0.7256
vn -0.6302 -0.2698 0.7281
vn -0.6714 -0.1367 0.7284
vn -0.6842 -0.0000 0.7292
vn -0.6714 0.1367 0.7284
vn -0.6302 0.2698 0.7281
vn -0.5656 0.3920 0.7256
vn -0.4796 0.4956 0.7242
vn -0.3768 0.5806 0.7218
vn -0.2579 0.6434 0.7208
vn -0.1303 0.6856 0.7162
vn 0.6717 0.1366 -0.7281
vn 0.0004 0.0542 -0.9985
vn 0.6846 -0.0001 -0.7289
vn 0.6717 -0.1366 -0.7281
vn 0.6303 -0.2699 -0.7279
vn 0.5655 -0.3923 -0.7255
vn 0.4795 -0.4957 -0.7241
vn 0.3768 -0.5804 -0.7219
vn 0.2577 -0.6430 -0.7212
vn 0.6303 0.2699 -0.7279
vn 0.5655 0.3923 -0.7255
vn 0.4795 0.4957 -0.7241
vn 0.3768 0.5804 -0.7219
vn 0.2577 0.6430 -0.7212
vn 0.1302 0.6827 -0.7190
vn -0.0003 0.7070 -0.7072
vn 0.0003 0.1618 -0.9868
vn 0.0003 0.2675 -0.9635
vn 0.0003 0.3701 -0.9290
vn 0.0003 0.4684 -0.8835
vn 0.0003 0.5612 -0.8277
vn 0.0003 0.6474 -0.7622
vn 0.0003 0.7260 -0.6877
vn 0.0003 0.7961 -0.6052
vn 0.0003 0.8569 -0.5156
vn 0.0003 0.9076 -0.4199
vn 0.0003 0.9477 -0.3193
vn 0.0003 0.9766 -0.2150
vn 0.0003 0.9941 -0.1081
vn 0.0003 0.9941 0.1081
vn 0.0003 0.9766 0.2150
vn 0.0003 0.9477 0.3193
vn 0.0003 0.9076 0.4199
vn 0.0003 0.8569 0.5156
vn 0.0003 0.7961 0.6052
vn 0.0003 0.7260 0.6877
vn 0.0003 0.6474 0.7622
vn 0.0003 0.5612 0.8277
vn 0.0003 0.4684 0.8835
vn 0.0003 0.3701 0.9290
vn 0.0003 0.2675 0.9635
vn 0.0003 0.1618 0.9868
vn -0.1303 0.6856 -0.7162
vn -0.2579 0.6434 -0.7208
vn -0.3768 0.5806 -0.7218
vn -0.4796 0.4956 -0.7242
vn -0.5656 0.3920 -0.7256
vn -0.6302 0.2698 -0.7281
vn -0.6714 0.1367 -0.7284
vn -0.6842 -0.0000 -0.7292
vn -0.6714 -0.1367 -0.7284
vn -0.6302 -0.2698 -0.7281
vn -0.5656 -0.3920 -0.7256
vn -0.4796 -0.4956 -0.7242
vn -0.3768 -0.5806 -0.7218
vn -0.2579 -0.6434 -0.7208
vn -0.1303 -0.6856 -0.7162
vn -0.0000 0.9941 0.1081
vn -0.0000 0.9766 0.2150
vn -0.0000 0.9477 0.3193
vn -0.0000 0.9076 0.4199
vn -0.0000 0.8569 0.5156
vn -0.0000 0.7961 0.6052
vn -0.0000 0.7260 0.6877
vn -0.0000 0.6474 0.7622
vn -0.0000 0.5612 0.8277
vn -0.0000 0.4684 0.8835
vn -0.0000 0.3701 0.9290
vn -0.0000 0.2675 0.9635
vn -0.0000 0.1618 0.9868
vn -0.0000 0.0541 0.9985
vn -0.0000 -0.0541 0.9985
vn -0.0000 -0.1618 0.9868
vn -0.0000 -0.2675 0.9635
vn -0.0000 -0.3701 0.9290
vn -0.0000 -0.4684 0.8835
vn -0.0000 -0.5612 0.8277
vn -0.0000 -0.6474 0.7622
vn -0.0000 -0.7260 0.6877
vn -0.0000 -0.7961 0.6052
vn -0.0000 -0.8569 0.5156
vn -0.0000 -0.9076 0.4199
vn -0.0000 -0.9477 0.3193
vn -0.0000 -0.9766 0.2150
vn -0.0000 -0.9941 0.1081
vn -0.0000 -0.9941 -0.1081
vn -0.0000 -0.9766 -0.2150
vn -0.0000 -0.9477 -0.3193
vn -0.0000 -0.9076 -0.4199
vn -0.0000 -0.8569 -0.5156
vn -0.0000 -0.7961 -0.6052
vn -0.0000 -0.7260 -0.6877
vn -0.0000 -0.6474 -0.7622
vn -0.0000 -0.5612 -0.8277
vn -0.0000 -0.4684 -0.8835
vn -0.0000 -0.3701 -0.9290
vn -0.0000 -0.2675 -0.9636
vn -0.0000 -0.1618 -0.9868
vn -0.0000 -0.0541 -0.9985
vn -0.0000 0.0541 -0.9985
vn -0.0000 0.1618 -0.9868
vn -0.0000 0.2675 -0.9636
vn -0.0000 0.3701 -0.9290
vn -0.0000 0.4684 -0.8835
vn -0.0000 0.5612 -0.8277
vn -0.0000 0.6474 -0.7622
vn -0.0000 0.7260 -0.6877
vn -0.0000 0.7961 -0.6052
vn -0.0000 0.8569 -0.5156
vn -0.0000 0.9076 -0.4199
vn -0.0000 0.9477 -0.3193
vn -0.0000 0.9766 -0.2150
vn -0.0000 0.9941 -0.1081
vn 1.0000 -0.0000 -0.0000
vn 0.9659 -0.2588 -0.0000
vn 0.8660 -0.5000 -0.0000
vn 0.7073 -0.7069 -0.0000
vn 0.5002 -0.8659 -0.0000
vn 0.2587 -0.9660 -0.0000
vn -0.2588 -0.9659 -0.0000
vn -0.5001 -0.8659 -0.0000
vn -0.7071 -0.7071 -0.0000
vn -0.8660 -0.5000 -0.0000
vn -0.9659 -0.2588 -0.0000
vn -1.0000 -0.0000 -0.0000
vn -0.9659 0.2588 -0.0000
vn -0.8660 0.5000 -0.0000
vn -0.7071 0.7071 -0.0000
vn -0.5001 0.8659 -0.0000
vn -0.2588 0.9659 -0.0000
vn 0.2587 0.9660 -0.0000
vn 0.5002 0.8659 -0.0000
vn 0.7073 0.7069 -0.0000
vn 0.8660 0.5000 -0.0000
vn 0.9659 0.2588 -0.0000
vn 0.6708 -0.1286 0.7304
vn 0.6828 -0.0000 0.7306
vn 0.6708 0.1286 0.7304
vn 0.6318 0.2548 0.7320
vn 0.5700 0.3726 0.7323
vn 0.4863 0.4738 0.7342
vn 0.3844 0.5585 0.7351
vn 0.2643 0.6219 0.7372
vn 0.1340 0.6619 0.7376
vn 0.0004 0.6631 0.7485
vn -0.1340 0.6599 0.7393
vn -0.2643 0.6217 0.7374
vn -0.3844 0.5584 0.7351
vn -0.4864 0.4738 0.7341
vn -0.5702 0.3725 0.7322
vn -0.6321 0.2549 0.7318
vn -0.6711 0.1287 0.7301
vn -0.6831 -0.0000 0.7303
vn -0.6711 -0.1287 0.7301
vn -0.6321 -0.2549 0.7318
vn -0.5702 -0.3725 0.7322
vn -0.4864 -0.4738 0.7341
vn -0.3844 -0.5584 0.7351
vn -0.2643 -0.6217 0.7374
vn -0.1340 -0.6599 0.7393
vn 0.0004 -0.6631 0.7485
vn 0.1340 -0.6619 0.7376
vn 0.2643 -0.6219 0.7372
vn 0.3844 -0.5585 0.7351
vn 0.4863 -0.4738 0.7342
vn 0.5700 -0.3726 0.7323
vn 0.6318 -0.2548 0.7320
vn 0.6708 0.1286 -0.7304
vn 0.6828 -0.0000 -0.7306
vn 0.6708 -0.1286 -0.7304
vn 0.6318 -0.2548 -0.7320
vn 0.5700 -0.3726 -0.7323
vn 0.4863 -0.4738 -0.7342
vn 0.3844 -0.5585 -0.7351
vn 0.2643 -0.6219 -0.7372
vn 0.1340 -0.6619 -0.7376
vn 0.0004 -0.6631 -0.7485
vn -0.1340 -0.6599 -0.7393
vn -0.2643 -0.6217 -0.7374
vn -0.3844 -0.5584 -0.7351
vn -0.4864 -0.4738 -0.7341
vn -0.5702 -0.3725 -0.7322
vn -0.6321 -0.2549 -0.7318
vn -0.6711 -0.1287 -0.7301
vn -0.6831 -0.0000 -0.7303
vn -0.6711 0.1287 -0.7301
vn -0.6321 0.2549 -0.7318
vn -0.5702 0.3725 -0.7322
vn -0.4864 0.4738 -0.7341
vn -0.3844 0.5584 -0.7351
vn -0.2643 0.6217 -0.7374
vn -0.1340 0.6599 -0.7393
vn 0.0004 0.6631 -0.7485
vn 0.1340 0.6619 -0.7376
vn 0.2643 0.6219 -0.7372
vn 0.3844 0.5585 -0.7351
vn 0.4863 0.4738 -0.7342
vn 0.5700 0.3726 -0.7323
vn 0.6318 0.2548 -0.7320
vn -0.0004 0.0476 0.9989
vn -0.0004 -0.0476 0.9989
vn -0.0003 0.1423 0.9898
vn -0.0003 0.2358 0.9718
vn -0.0003 0.3271 0.9450
vn -0.0003 0.4154 0.9096
vn -0.0003 0.5000 0.8660
vn -0.0003 0.5801 0.8146
vn -0.0003 0.6549 0.7557
vn -0.0003 0.7237 0.6901
vn -0.0003 0.7861 0.6182
vn -0.0003 0.8413 0.5406
vn -0.0003 0.8888 0.4582
vn -0.0003 0.9284 0.3717
vn -0.0003 0.9595 0.2817
vn -0.0003 0.9819 0.1893
vn -0.0003 0.9955 0.0951
vn -0.0003 0.9955 -0.0951
vn -0.0003 0.9819 -0.1893
vn -0.0003 0.9595 -0.2817
vn -0.0003 0.9284 -0.3717
vn -0.0003 0.8888 -0.4582
vn -0.0003 0.8413 -0.5406
vn -0.0003 0.7861 -0.6182
vn -0.0003 0.7237 -0.6901
vn -0.0003 0.6549 -0.7557
vn -0.0003 0.5801 -0.8146
vn -0.0003 0.5000 -0.8660
vn -0.0003 0.4154 -0.9096
vn -0.0003 0.3271 -0.9450
vn -0.0003 0.2358 -0.9718
vn -0.0003 0.1423 -0.9898
vn -0.0004 0.0476 -0.9989
vn 0.0003 -0.0476 0.9989
vn 0.0003 0.0476 0.9989
vn 0.0003 0.1423 0.9898
vn 0.0003 0.2358 0.9718
vn 0.0003 0.3271 0.9450
vn 0.0003 0.4154 0.9096
vn 0.0003 0.5000 0.8660
vn 0.0003 0.5801 0.8146
vn 0.0003 0.6549 0.7557
vn 0.0003 0.7237 0.6901
vn 0.0003 0.7861 0.6182
vn 0.0003 0.8413 0.5406
vn 0.0003 0.8888 0.4582
vn 0.0003 0.9284 0.3717
vn 0.0003 0.9595 0.2817
vn 0.0003 0.9819 0.1893
vn 0.0003 0.9955 0.0951
vn 0.0003 0.9955 -0.0951
vn 0.0003 0.9819 -0.1893
vn 0.0003 0.9595 -0.2817
vn 0.0003 0.9284 -0.3717
vn 0.0003 0.8888 -0.4582
vn 0.0003 0.8413 -0.5406
vn 0.0003 0.7861 -0.6182
vn 0.0003 0.7237 -0.6901
vn 0.0003 0.6549 -0.7557
vn 0.0003 0.5801 -0.8146
vn 0.0003 0.5000 -0.8660
vn 0.0003 0.4154 -0.9096
vn 0.0003 0.3271 -0.9450
vn 0.0003 0.2358 -0.9718
vn 0.0003 0.1423 -0.9898
vn 0.0003 0.0476 -0.9989
vn 0.0003 -0.0476 -0.9989
vn 0.0003 -0.1423 -0.9898
vn 0.0003 -0.2358 -0.9718
vn 0.0003 -0.3271 -0.9450
vn 0.0003 -0.4154 -0.9096
vn 0.0003 -0.5000 -0.8660
vn 0.0003 -0.5801 -0.8146
vn 0.0003 -0.6549 -0.7557
vn 0.0003 -0.7237 -0.6901
vn 0.0003 -0.7861 -0.6182
vn 0.0003 -0.8413 -0.5406
vn 0.0003 -0.8888 -0.4582
vn 0.0003 -0.9284 -0.3717
vn 0.0003 -0.9595 -0.2817
vn 0.0003 -0.9819 -0.1893
vn 0.0003 -0.9955 -0.0951
vn 0.0003 -0.9955 0.0951
vn 0.0003 -0.9819 0.1893
vn 0.0003 -0.9595 0.2817
vn 0.0003 -0.9284 0.3717
vn 0.0003 -0.8888 0.4582
vn 0.0003 -0.8413 0.5406
vn 0.0003 -0.7861 0.6182
vn 0.0003 -0.7237 0.6901
vn 0.0003 -0.6549 0.7557
vn 0.0003 -0.5801 0.8146
vn 0.0003 -0.5000 0.8660
vn 0.0003 -0.4154 0.9096
vn 0.0003 -0.3271 0.9450
vn 0.0003 -0.2358 0.9718
vn 0.0003 -0.1423 0.9898
vn -0.0004 -0.0476 -0.9989
vn -0.0003 -0.1423 -0.9898
vn -0.0000 -0.1423 -0.9898
vn -0.0000 -0.2358 -0.9718
vn -0.0000 -0.3271 -0.9450
vn -0.0003 -0.2358 -0.9718
vn -0.0000 -0.4154 -0.9096
vn -0.0003 -0.3271 -0.9450
vn -0.0000 -0.5000 -0.8660
vn -0.0003 -0.4154 -0.9096
vn -0.0000 -0.5801 -0.8146
vn -0.0003 -0.5000 -0.8660
vn -0.0000 -0.6549 -0.7557
vn -0.0003 -0.5801 -0.8146
vn -0.0000 -0.7237 -0.6901
vn -0.0003 -0.6549 -0.7557
vn -0.0000 -0.7861 -0.6182
vn -0.0003 -0.7237 -0.6901
vn -0.0000 -0.8413 -0.5406
vn -0.0003 -0.7861 -0.6182
vn -0.0000 -0.8888 -0.4582
vn -0.0003 -0.8413 -0.5406
vn -0.0000 -0.9284 -0.3717
vn -0.0003 -0.8888 -0.4582
vn -0.0000 -0.9595 -0.2817
vn -0.0003 -0.9284 -0.3717
vn -0.0000 -0.9819 -0.1893
vn -0.0003 -0.9595 -0.2817
vn -0.0000 -0.9955 -0.0951
vn -0.0003 -0.9819 -0.1893
vn -0.0003 -0.9955 -0.0951
vn -0.0000 -0.9955 0.0951
vn -0.0000 -0.9819 0.1893
vn -0.0003 -0.9955 0.0951
vn -0.0000 -0.9595 0.2817
vn -0.0003 -0.9819 0.1893
vn -0.0000 -0.9284 0.3717
vn -0.0003 -0.9595 0.2817
vn -0.0000 -0.8888 0.4582
vn -0.0003 -0.9284 0.3717
vn -0.0000 -0.8413 0.5406
vn -0.0003 -0.8888 0.4582
vn -0.0000 -0.7861 0.6182
vn -0.0003 -0.8413 0.5406
vn -0.0000 -0.7237 0.6901
vn -0.0003 -0.7861 0.6182
vn -0.0000 -0.6549 0.7557
vn -0.0003 -0.7237 0.6901
vn -0.0000 -0.5801 0.8146
vn -0.0003 -0.6549 0.7557
vn -0.0000 -0.5000 0.8660
vn -0.0003 -0.5801 0.8146
vn -0.0000 -0.4154 0.9096
vn -0.0003 -0.5000 0.8660
vn -0.0000 -0.3271 0.9450
vn -0.0003 -0.4154 0.9096
vn -0.0000 -0.2358 0.9718
vn -0.0003 -0.3271 0.9450
vn -0.0000 -0.1423 0.9898
vn -0.0003 -0.2358 0.9718
vn -0.0000 -0.0476 0.9989
vn -0.0003 -0.1423 0.9898
vn -0.0000 0.0476 0.9989
vn -0.0000 0.1423 0.9898
vn -0.0000 0.2358 0.9718
vn -0.0000 -0.0476 -0.9989
vn -0.0000 0.0476 -0.9989
vn -0.0000 0.1423 -0.9898
vn -0.0000 0.2358 -0.9718
vn -0.0000 0.3271 -0.9450
vn -0.0000 0.4154 -0.9096
vn -0.0000 0.5000 -0.8660
vn -0.0000 0.5801 -0.8146
vn -0.0000 0.6549 -0.7557
vn -0.0000 0.7237 -0.6901
vn -0.0000 0.7861 -0.6182
vn -0.0000 0.8413 -0.5406
vn -0.0000 0.8888 -0.4582
vn -0.0000 0.9284 -0.3717
vn -0.0000 0.9595 -0.2817
vn -0.0000 0.9819 -0.1893
vn -0.0000 0.9955 -0.0951
vn -0.0000 0.9955 0.0951
vn -0.0000 0.9819 0.1893
vn -0.0000 0.9595 0.2817
vn -0.0000 0.9284 0.3717
vn -0.0000 0.8888 0.4582
vn -0.0000 0.8413 0.5406
vn -0.0000 0.7861 0.6182
vn -0.0000 0.7237 0.6901
vn -0.0000 0.6549 0.7557
vn -0.0000 0.5801 0.8146
vn -0.0000 0.5000 0.8660
vn -0.0000 0.4154 0.9096
vn -0.0000 0.3271 0.9450
vn 0.6990 -0.0000 -0.7151
vn 0.6990 0.0522 -0.7132
vn 0.6990 -0.0522 -0.7132
vn 0.6990 -0.1041 -0.7075
vn 0.6990 0.1041 -0.7075
vn 0.6990 -0.1555 -0.6980
vn 0.6990 0.1555 -0.6980
vn 0.6990 -0.2060 -0.6848
vn 0.6990 0.2060 -0.6848
vn 0.6990 -0.2555 -0.6679
vn 0.6990 0.2555 -0.6680
vn 0.6990 -0.3035 -0.6475
vn 0.6990 0.3035 -0.6475
vn 0.6990 -0.3500 -0.6236
vn 0.6990 0.3500 -0.6236
vn 0.6990 -0.3946 -0.5964
vn 0.6990 0.3946 -0.5964
vn 0.6990 -0.4371 -0.5660
vn 0.6990 0.4371 -0.5660
vn 0.6990 -0.4772 -0.5326
vn 0.6990 0.4772 -0.5326
vn 0.6990 -0.5148 -0.4964
vn 0.6990 0.5148 -0.4964
vn 0.6990 -0.5497 -0.4575
vn 0.6990 0.5497 -0.4575
vn 0.6990 -0.5816 -0.4161
vn 0.6990 0.5816 -0.4161
vn 0.7228 -0.0000 0.6911
vn 0.6990 0.6104 -0.3725
vn 0.6990 0.6360 -0.3270
vn 0.6990 0.6582 -0.2797
vn 0.6990 0.6768 -0.2309
vn 0.7228 -0.0941 0.6846
vn 0.7228 -0.1864 0.6654
vn 0.7228 -0.2753 0.6338
vn 0.7228 -0.3591 0.5905
vn 0.7228 -0.4361 0.5361
vn 0.7228 -0.5051 0.4717
vn 0.7228 -0.5646 0.3985
vn 0.7228 -0.6136 0.3179
vn 0.7228 -0.6512 0.2314
vn 0.6990 0.6919 -0.1809
vn 0.7228 -0.6766 0.1406
vn 0.6990 0.7032 -0.1299
vn 0.6990 0.7108 -0.0782
vn 0.7228 -0.6895 0.0472
vn 0.6990 0.7147 -0.0261
vn 0.7228 -0.6895 -0.0472
vn 0.6990 0.7147 0.0261
vn 0.6990 0.7108 0.0782
vn 0.7228 -0.6766 -0.1406
vn 0.6990 0.7032 0.1299
vn 0.6990 0.6919 0.1809
vn 0.7228 -0.6512 -0.2314
vn 0.6990 0.6768 0.2309
vn 0.6990 0.6582 0.2797
vn 0.7228 -0.6136 -0.3179
vn 0.6990 0.6360 0.3270
vn 0.6990 0.6104 0.3725
vn 0.7228 -0.5646 -0.3985
vn 0.6990 0.5816 0.4161
vn 0.6990 0.5497 0.4574
vn 0.7228 -0.5051 -0.4717
vn 0.6990 0.5148 0.4964
vn 0.6990 0.4772 0.5326
vn 0.7228 -0.4361 -0.5361
vn 0.6990 0.4371 0.5660
vn 0.6990 0.3946 0.5964
vn 0.7228 -0.3591 -0.5905
vn 0.6990 0.3500 0.6236
vn 0.7228 -0.2753 -0.6338
vn 0.6990 0.3035 0.6475
vn 0.6990 0.2555 0.6679
vn 0.7228 -0.1865 -0.6654
vn 0.6990 0.2060 0.6848
vn 0.6990 0.1555 0.6980
vn 0.7228 -0.0941 -0.6846
vn 0.6990 0.1041 0.7075
vn 0.6990 0.0522 0.7132
vn 0.7228 -0.0000 -0.6911
vn 0.6990 -0.0000 0.7151
vn 0.6990 -0.0522 0.7132
vn 0.6990 -0.1041 0.7075
vn 0.6990 -0.1555 0.6980
vn 0.6990 -0.2060 0.6848
vn 0.6990 -0.2555 0.6679
vn 0.6990 -0.3035 0.6475
vn 0.6990 -0.3500 0.6236
vn 0.6990 -0.3946 0.5964
vn 0.6990 -0.4371 0.5660
vn 0.6990 -0.4772 0.5326
vn 0.6990 -0.5148 0.4964
vn 0.6990 -0.5497 0.4575
vn 0.6990 -0.5816 0.4161
vn 0.6990 -0.6104 0.3725
vn 0.6990 -0.6360 0.3270
vn 0.6990 -0.6582 0.2797
vn 0.6990 -0.6768 0.2309
vn 0.7228 0.0941 -0.6846
vn 0.7228 0.1864 -0.6654
vn 0.7228 0.2753 -0.6338
vn 0.7228 0.3591 -0.5905
vn 0.7228 0.4361 -0.5361
vn 0.7228 0.5051 -0.4717
vn 0.7228 0.5646 -0.3985
vn 0.7228 0.6136 -0.3179
vn 0.7228 0.6512 -0.2314
vn 0.6990 -0.6919 0.1809
vn 0.7228 0.6766 -0.1406
vn 0.6990 -0.7032 0.1299
vn 0.6990 -0.7108 0.0782
vn 0.7228 0.6895 -0.0472
vn 0.6990 -0.7147 0.0261
vn 0.6990 -0.7147 -0.0261
vn 0.7228 0.6895 0.0472
vn 0.6990 -0.7108 -0.0782
vn 0.7228 0.6766 0.1406
vn 0.6990 -0.7032 -0.1299
vn 0.6990 -0.6919 -0.1809
vn 0.7228 0.6512 0.2314
vn 0.6990 -0.6768 -0.2309
vn 0.6990 -0.6582 -0.2797
vn 0.7228 0.6136 0.3179
vn 0.6990 -0.6360 -0.3270
vn 0.6990 -0.6104 -0.3725
vn 0.7228 0.5646 0.3985
vn 0.7228 0.5050 0.4717
vn 0.7228 0.4361 0.5361
vn 0.7228 0.3591 0.5905
vn 0.7228 0.2753 0.6339
vn 0.7228 0.1864 0.6654
vn 0.7228 0.0941 0.6846
vn -0.7228 -0.0000 0.6911
vn -0.7228 0.0941 0.6846
vn -0.7228 0.1864 0.6654
vn -0.7228 0.2753 0.6338
vn -0.7228 0.3591 0.5905
vn -0.7228 0.4361 0.5361
vn -0.7228 0.5051 0.4717
vn -0.7228 0.5646 0.3985
vn -0.7228 0.6136 0.3179
vn -0.7228 0.6512 0.2314
vn -0.7228 0.6766 0.1406
vn -0.7228 0.6895 0.0472
vn -0.7228 0.6895 -0.0472
vn -0.7228 0.6766 -0.1406
vn -0.7228 0.6512 -0.2314
vn -0.7228 0.6136 -0.3179
vn -0.7228 0.5646 -0.3985
vn -0.7228 0.5051 -0.4717
vn -0.7228 0.4361 -0.5361
vn -0.7228 0.3591 -0.5905
vn -0.7228 0.2753 -0.6339
vn -0.7228 0.1864 -0.6654
vn -0.7228 0.0941 -0.6846
vn -0.7228 -0.0000 -0.6911
vn -0.7228 -0.0941 -0.6846
vn -0.7228 -0.1864 -0.6654
vn -0.7228 -0.2753 -0.6338
vn -0.7228 -0.3591 -0.5905
vn -0.7228 -0.4361 -0.5361
vn -0.7228 -0.5051 -0.4717
vn -0.7228 -0.5646 -0.3985
vn -0.7228 -0.6136 -0.3179
vn -0.7228 -0.6512 -0.2314
vn -0.7228 -0.6766 -0.1406
vn -0.7228 -0.6895 -0.0472
vn -0.7228 -0.6895 0.0472
vn -0.7228 -0.6766 0.1406
vn -0.7228 -0.6512 0.2314
vn -0.7228 -0.6136 0.3179
vn -0.7228 -0.5646 0.3985
vn -0.7228 -0.5050 0.4717
vn -0.7228 -0.4361 0.5361
vn -0.7228 -0.3591 0.5905
vn -0.7228 -0.2753 0.6339
vn -0.7228 -0.1864 0.6654
vn -0.7228 -0.0941 0.6846
vn -0.6990 0.0522 -0.7132
vn -0.6990 -0.0000 -0.7151
vn -0.6990 -0.0522 -0.7132
vn -0.6990 -0.1041 -0.7075
vn -0.6990 -0.1555 -0.6980
vn -0.6990 -0.2060 -0.6848
vn -0.6990 -0.2555 -0.6680
vn -0.6990 -0.3035 -0.6475
vn -0.6990 -0.3500 -0.6236
vn -0.6990 -0.3946 -0.5964
vn -0.6990 -0.4371 -0.5660
vn -0.6990 -0.4772 -0.5326
vn -0.6990 -0.5148 -0.4964
vn -0.6990 -0.5497 -0.4575
vn -0.6990 -0.5816 -0.4161
vn -0.6990 -0.6104 -0.3725
vn -0.6990 -0.6360 -0.3270
vn -0.6990 -0.6582 -0.2797
vn -0.6990 -0.6768 -0.2309
vn -0.6990 -0.6919 -0.1809
vn -0.6990 -0.7032 -0.1299
vn -0.6990 -0.7108 -0.0782
vn -0.6990 -0.7146 -0.0261
vn -0.6990 -0.7147 0.0261
vn -0.6990 -0.7108 0.0782
vn -0.6990 -0.7032 0.1299
vn -0.6990 -0.6919 0.1809
vn -0.6990 -0.6768 0.2309
vn -0.6990 -0.6582 0.2797
vn -0.6990 -0.6360 0.3270
vn -0.6990 -0.6104 0.3725
vn -0.6990 -0.5816 0.4161
vn -0.6990 -0.5497 0.4574
vn -0.6990 -0.5148 0.4964
vn -0.6990 -0.4772 0.5326
vn -0.6990 -0.4371 0.5660
vn -0.6990 -0.3946 0.5964
vn -0.6990 -0.3500 0.6236
vn -0.6990 -0.3035 0.6475
vn -0.6990 -0.2555 0.6679
vn -0.6990 -0.2060 0.6848
vn -0.6990 -0.1555 0.6980
vn -0.6990 -0.1041 0.7075
vn -0.6990 -0.0522 0.7132
vn -0.6990 -0.0000 0.7151
vn -0.6990 0.0522 0.7132
vn -0.6990 0.1041 0.7075
vn -0.6990 0.1555 0.6980
vn -0.6990 0.2060 0.6848
vn -0.6990 0.2555 0.6680
vn -0.6990 0.3036 0.6475
vn -0.6990 0.3500 0.6236
vn -0.6990 0.3946 0.5964
vn -0.6990 0.4371 0.5660
vn -0.6990 0.4772 0.5326
vn -0.6990 0.5148 0.4964
vn -0.6990 0.5497 0.4575
vn -0.6990 0.5816 0.4161
vn -0.6990 0.6104 0.3725
vn -0.6990 0.6360 0.3270
vn -0.6990 0.6582 0.2797
vn -0.6990 0.6768 0.2309
vn -0.6990 0.6919 0.1809
vn -0.6990 0.7032 0.1299
vn -0.6990 0.7108 0.0782
vn -0.6990 0.7147 0.0261
vn -0.6990 0.7146 -0.0261
vn -0.6990 0.7108 -0.0782
vn -0.6990 0.7032 -0.1299
vn -0.6990 0.6919 -0.1809
vn -0.6990 0.6768 -0.2309
vn -0.6990 0.6582 -0.2797
vn -0.6990 0.6360 -0.3270
vn -0.6990 0.6104 -0.3725
vn -0.6990 0.5816 -0.4161
vn -0.6990 0.5497 -0.4575
vn -0.6990 0.5148 -0.4964
vn -0.6990 0.4772 -0.5326
vn -0.6990 0.4371 -0.5660
vn -0.6990 0.3946 -0.5964
vn -0.6990 0.3500 -0.6236
vn -0.6990 0.3035 -0.6475
vn -0.6990 0.2555 -0.6679
vn -0.6990 0.2060 -0.6848
vn -0.6990 0.1555 -0.6980
vn -0.6990 0.1041 -0.7075
vn -0.6920 -0.1005 0.7149
vn -0.6920 -0.0000 0.7219
vn -0.7253 -0.0000 -0.6884
vn -0.6920 0.1005 0.7149
vn -0.7253 -0.1104 -0.6795
vn -0.6920 0.1990 0.6940
vn -0.7253 -0.2180 -0.6530
vn -0.6920 0.2936 0.6595
vn -0.7253 -0.3199 -0.6095
vn -0.6920 0.3826 0.6122
vn -0.7253 -0.4135 -0.5503
vn -0.6920 0.4641 0.5530
vn -0.7253 -0.4965 -0.4769
vn -0.6920 0.5365 0.4831
vn -0.7253 -0.5665 -0.3911
vn -0.6920 0.5985 0.4037
vn -0.6920 0.6489 0.3165
vn -0.7253 -0.6219 -0.2951
vn -0.6920 0.6866 0.2231
vn -0.7253 -0.6612 -0.1915
vn -0.6920 0.7110 0.1254
vn -0.7253 -0.6834 -0.0830
vn -0.6919 0.7215 0.0252
vn -0.7253 -0.6878 0.0277
vn -0.6920 0.7180 -0.0755
vn -0.7253 -0.6745 0.1377
vn -0.6920 0.7005 -0.1747
vn -0.7253 -0.6437 0.2441
vn -0.6920 0.6694 -0.2704
vn -0.7253 -0.5962 0.3442
vn -0.6920 0.6252 -0.3610
vn -0.6920 0.5689 -0.4445
vn -0.7253 -0.5332 0.4354
vn -0.6920 0.5015 -0.5193
vn -0.7253 -0.4565 0.5153
vn -0.6920 0.4243 -0.5841
vn -0.7253 -0.3679 0.5818
vn -0.6920 0.3389 -0.6374
vn -0.7253 -0.2698 0.6333
vn -0.6920 0.2469 -0.6784
vn -0.7253 -0.1647 0.6684
vn -0.6920 0.1501 -0.7062
vn -0.7253 -0.0554 0.6862
vn -0.6920 0.0504 -0.7202
vn -0.6920 -0.0504 -0.7202
vn -0.7253 0.0554 0.6862
vn -0.6920 -0.1501 -0.7062
vn -0.7253 0.1647 0.6684
vn -0.6920 -0.2469 -0.6784
vn -0.7253 0.2698 0.6333
vn -0.6920 -0.3389 -0.6374
vn -0.7253 0.3679 0.5818
vn -0.6920 -0.4243 -0.5841
vn -0.7253 0.4565 0.5153
vn -0.6920 -0.5015 -0.5193
vn -0.7253 0.5332 0.4354
vn -0.6920 -0.5689 -0.4445
vn -0.7253 0.5962 0.3442
vn -0.6920 -0.6252 -0.3610
vn -0.6920 -0.6694 -0.2704
vn -0.7253 0.6437 0.2441
vn -0.6920 -0.7005 -0.1747
vn -0.7253 0.6745 0.1377
vn -0.6920 -0.7180 -0.0755
vn -0.7253 0.6878 0.0277
vn -0.6919 -0.7215 0.0252
vn -0.7253 0.6834 -0.0830
vn -0.6920 -0.7110 0.1254
vn -0.7253 0.6612 -0.1915
vn -0.6920 -0.6866 0.2231
vn -0.7253 0.6219 -0.2951
vn -0.6920 -0.6489 0.3165
vn -0.7253 0.5665 -0.3911
vn -0.6920 -0.5985 0.4037
vn -0.6920 -0.5365 0.4831
vn -0.7253 0.4965 -0.4769
vn -0.6920 -0.4641 0.5530
vn -0.7253 0.4135 -0.5503
vn -0.6920 -0.3826 0.6122
vn -0.7253 0.3199 -0.6095
vn -0.6920 -0.2936 0.6595
vn -0.7253 0.2180 -0.6530
vn -0.6920 -0.1990 0.6940
vn -0.7253 0.1104 -0.6795
vn -0.0005 -0.0403 -0.9992
vn -0.0005 0.1205 -0.9927
vn -0.0005 0.2782 -0.9605
vn -0.0005 0.4287 -0.9035
vn -0.0005 0.5681 -0.8230
vn -0.0005 0.6927 -0.7212
vn -0.0005 0.7994 -0.6007
vn -0.0005 0.8855 -0.4647
vn -0.0005 0.9485 -0.3167
vn -0.0005 0.9871 -0.1604
vn -0.0005 1.0000 -0.0000
vn -0.0005 0.9871 0.1604
vn -0.0005 0.9485 0.3167
vn -0.0005 0.8855 0.4647
vn -0.0005 0.7994 0.6007
vn -0.0005 0.6927 0.7212
vn -0.0005 0.5681 0.8230
vn -0.0005 0.4287 0.9034
vn -0.0005 0.2782 0.9605
vn -0.0005 0.1205 0.9927
vn -0.0005 -0.0403 0.9992
vn -0.0005 -0.2000 0.9798
vn -0.0005 -0.3546 0.9350
vn -0.0005 -0.5000 0.8660
vn -0.0005 -0.6324 0.7746
vn -0.0005 -0.7485 0.6631
vn -0.0005 -0.8452 0.5345
vn -0.0005 -0.9200 0.3920
vn -0.0005 -0.9709 0.2393
vn -0.0005 -0.9968 0.0805
vn -0.0005 -0.9968 -0.0805
vn -0.0005 -0.9709 -0.2393
vn -0.0005 -0.9200 -0.3920
vn -0.0005 -0.8452 -0.5345
vn -0.0005 -0.7485 -0.6631
vn -0.0005 -0.6324 -0.7746
vn -0.0005 -0.5000 -0.8660
vn -0.0005 -0.3546 -0.9350
vn -0.0005 -0.2000 -0.9798
vn 0.7253 0.1104 -0.6795
vn 0.0005 0.1205 -0.9927
vn 0.7253 -0.0000 -0.6884
vn 0.0005 -0.0403 -0.9992
vn 0.7253 -0.1104 -0.6795
vn 0.0005 -0.2000 -0.9798
vn 0.7253 -0.2180 -0.6530
vn 0.0005 -0.3546 -0.9350
vn 0.7253 -0.3199 -0.6095
vn 0.0005 -0.5000 -0.8660
vn 0.7253 -0.4135 -0.5503
vn 0.0005 -0.6324 -0.7746
vn 0.7253 -0.4965 -0.4769
vn 0.0005 -0.7485 -0.6631
vn 0.7253 -0.5665 -0.3911
vn 0.0005 -0.8452 -0.5345
vn 0.7253 -0.6219 -0.2951
vn 0.0005 -0.9200 -0.3920
vn 0.7253 -0.6612 -0.1915
vn 0.0005 -0.9709 -0.2393
vn 0.7253 -0.6834 -0.0830
vn 0.0005 -0.9968 -0.0805
vn 0.7253 -0.6878 0.0277
vn 0.0005 -0.9968 0.0805
vn 0.7253 -0.6745 0.1377
vn 0.0005 -0.9709 0.2393
vn 0.7253 -0.6437 0.2441
vn 0.0005 -0.9200 0.3920
vn 0.7253 -0.5962 0.3442
vn 0.0005 -0.8452 0.5345
vn 0.7253 -0.5332 0.4354
vn 0.0005 -0.7485 0.6631
vn 0.7253 -0.4565 0.5153
vn 0.0005 -0.6324 0.7746
vn 0.7253 -0.3679 0.5818
vn 0.0005 -0.5000 0.8660
vn 0.7253 -0.2698 0.6333
vn 0.0005 -0.3546 0.9350
vn 0.7253 -0.1647 0.6684
vn 0.0005 -0.2000 0.9798
vn 0.7253 -0.0554 0.6862
vn 0.0005 -0.0403 0.9992
vn 0.7253 0.0554 0.6862
vn 0.0005 0.1205 0.9927
vn 0.7253 0.1647 0.6684
vn 0.0005 0.2782 0.9605
vn 0.7253 0.2698 0.6333
vn 0.0005 0.4287 0.9035
vn 0.7253 0.3679 0.5818
vn 0.0005 0.5681 0.8230
vn 0.7253 0.4565 0.5153
vn 0.0005 0.6927 0.7212
vn 0.7253 0.5332 0.4354
vn 0.0005 0.7994 0.6007
vn 0.7253 0.5962 0.3442
vn 0.0005 0.8855 0.4647
vn 0.7253 0.6437 0.2441
vn 0.0005 0.9485 0.3167
vn 0.7253 0.6745 0.1377
vn 0.0005 0.9871 0.1604
vn 0.7253 0.6878 0.0277
vn 0.0005 1.0000 -0.0000
vn 0.7253 0.6834 -0.0830
vn 0.0005 0.9871 -0.1604
vn 0.7253 0.6612 -0.1915
vn 0.0005 0.9485 -0.3167
vn 0.7253 0.6219 -0.2951
vn 0.0005 0.8855 -0.4647
vn 0.7253 0.5665 -0.3911
vn 0.0005 0.7994 -0.6007
vn 0.7253 0.4965 -0.4769
vn 0.0005 0.6927 -0.7212
vn 0.7253 0.4135 -0.5503
vn 0.0005 0.5681 -0.8230
vn 0.7253 0.3199 -0.6095
vn 0.0005 0.4287 -0.9035
vn 0.7253 0.2180 -0.6530
vn 0.0005 0.2782 -0.9605
vn 0.6920 0.1005 0.7149
vn -0.0000 0.1045 0.9945
vn 0.6920 -0.0000 0.7219
vn -0.0000 -0.0349 0.9994
vn 0.6920 -0.1005 0.7149
vn -0.0000 -0.1736 0.9848
vn 0.6920 -0.1990 0.6940
vn -0.0000 -0.3090 0.9511
vn 0.6920 -0.2936 0.6595
vn -0.0000 -0.4384 0.8988
vn 0.6920 -0.3826 0.6122
vn -0.0000 -0.5592 0.8290
vn 0.6920 -0.4641 0.5530
vn -0.0000 -0.6691 0.7431
vn 0.6920 -0.5365 0.4831
vn -0.0000 -0.7660 0.6428
vn 0.6920 -0.5985 0.4037
vn -0.0000 -0.8480 0.5299
vn 0.6920 -0.6489 0.3165
vn -0.0000 -0.9135 0.4067
vn 0.6920 -0.6866 0.2231
vn -0.0000 -0.9613 0.2756
vn 0.6920 -0.7110 0.1254
vn -0.0000 -0.9903 0.1392
vn 0.6920 -0.7215 0.0252
vn 0.6920 -0.7180 -0.0755
vn -0.0000 -0.9903 -0.1392
vn 0.6920 -0.7005 -0.1747
vn -0.0000 -0.9613 -0.2756
vn 0.6920 -0.6694 -0.2704
vn -0.0000 -0.9135 -0.4067
vn 0.6920 -0.6252 -0.3610
vn -0.0000 -0.8480 -0.5299
vn 0.6920 -0.5689 -0.4445
vn -0.0000 -0.7660 -0.6428
vn 0.6920 -0.5015 -0.5193
vn -0.0000 -0.6691 -0.7431
vn 0.6920 -0.4244 -0.5841
vn -0.0000 -0.5592 -0.8290
vn 0.6920 -0.3389 -0.6374
vn -0.0000 -0.4384 -0.8988
vn 0.6920 -0.2469 -0.6784
vn -0.0000 -0.3090 -0.9511
vn 0.6920 -0.1501 -0.7062
vn -0.0000 -0.1736 -0.9848
vn 0.6920 -0.0504 -0.7202
vn -0.0000 -0.0349 -0.9994
vn 0.6920 0.0504 -0.7202
vn -0.0000 0.1045 -0.9945
vn 0.6920 0.1501 -0.7062
vn -0.0000 0.2419 -0.9703
vn 0.6920 0.2469 -0.6784
vn -0.0000 0.3746 -0.9272
vn 0.6920 0.3389 -0.6374
vn 0.6920 0.4244 -0.5841
vn -0.0000 0.6157 -0.7880
vn 0.6920 0.5015 -0.5193
vn -0.0000 0.7193 -0.6947
vn 0.6920 0.5689 -0.4445
vn -0.0000 0.8090 -0.5878
vn 0.6920 0.6252 -0.3610
vn -0.0000 0.8829 -0.4695
vn 0.6920 0.6694 -0.2704
vn -0.0000 0.9397 -0.3420
vn 0.6920 0.7005 -0.1747
vn -0.0000 0.9781 -0.2079
vn 0.6920 0.7180 -0.0755
vn -0.0000 0.9976 -0.0698
vn 0.6920 0.7215 0.0252
vn -0.0000 0.9976 0.0698
vn 0.6920 0.7110 0.1254
vn -0.0000 0.9781 0.2079
vn 0.6920 0.6866 0.2231
vn -0.0000 0.9397 0.3420
vn 0.6920 0.6489 0.3165
vn -0.0000 0.8829 0.4695
vn 0.6920 0.5985 0.4037
vn -0.0000 0.8090 0.5878
vn 0.6920 0.5365 0.4831
vn -0.0000 0.7193 0.6947
vn 0.6920 0.4641 0.5530
vn -0.0000 0.6157 0.7880
vn 0.6920 0.3826 0.6122
vn 0.6920 0.2936 0.6595
vn -0.0000 0.3746 0.9272
vn 0.6920 0.1990 0.6940
vn -0.0000 0.2419 0.9703
vn 0.6995 -0.0000 -0.7146
vn 0.6292 -0.0000 0.7773
vn 0.6290 -0.1277 0.7669
vn 0.6286 -0.2524 0.7356
vn 0.6286 -0.3702 0.6840
vn 0.6286 -0.4778 0.6137
vn 0.6288 -0.5722 0.5264
vn 0.6292 -0.6508 0.4249
vn 0.6291 -0.7117 0.3125
vn 0.6287 -0.7538 0.1911
vn 0.6286 -0.7751 0.0643
vn 0.6995 0.7146 -0.0000
vn 0.6286 -0.7751 -0.0643
vn 0.6288 -0.7538 -0.1911
vn 0.6291 -0.7117 -0.3125
vn 0.6292 -0.6508 -0.4249
vn 0.6288 -0.5722 -0.5264
vn 0.6286 -0.4778 -0.6137
vn 0.6286 -0.3702 -0.6840
vn 0.6287 -0.2524 -0.7356
vn 0.6290 -0.1277 -0.7669
vn 0.6292 -0.0000 -0.7773
vn 0.6995 -0.0000 0.7146
vn 0.6290 0.1277 -0.7669
vn 0.6287 0.2524 -0.7356
vn 0.6286 0.3702 -0.6840
vn 0.6286 0.4778 -0.6137
vn 0.6288 0.5722 -0.5264
vn 0.6292 0.6508 -0.4249
vn 0.6291 0.7117 -0.3125
vn 0.6288 0.7538 -0.1911
vn 0.6286 0.7751 -0.0643
vn 0.6286 0.7751 0.0643
vn 0.6288 0.7538 0.1911
vn 0.6291 0.7117 0.3125
vn 0.6292 0.6508 0.4249
vn 0.6288 0.5722 0.5264
vn 0.6286 0.4778 0.6137
vn 0.6286 0.3702 0.6840
vn 0.6287 0.2524 0.7356
vn 0.6290 0.1277 0.7669
vn -0.8067 -0.0839 0.5849
vn -0.8068 -0.0000 0.5908
vn -0.8067 0.0839 0.5849
vn -0.8065 -0.1665 0.5673
vn -0.8064 -0.2456 0.5379
vn -0.8064 -0.3197 0.4975
vn -0.8065 -0.3873 0.4468
vn -0.8066 -0.4468 0.3869
vn -0.8068 -0.4971 0.3193
vn -0.8068 -0.5373 0.2456
vn -0.8066 -0.5672 0.1667
vn -0.8064 -0.5853 0.0842
vn -0.8064 -0.5914 -0.0000
vn -0.8064 -0.5853 -0.0842
vn -0.8066 -0.5672 -0.1667
vn -0.8068 -0.5373 -0.2456
vn -0.8068 -0.4971 -0.3193
vn -0.8066 -0.4468 -0.3869
vn -0.8065 -0.3873 -0.4468
vn -0.8064 -0.3197 -0.4975
vn -0.8064 -0.2456 -0.5379
vn -0.8065 -0.1665 -0.5673
vn -0.8067 -0.0839 -0.5849
vn -0.8068 -0.0000 -0.5908
vn -0.8067 0.0839 -0.5849
vn -0.8065 0.1665 -0.5673
vn -0.8064 0.2456 -0.5379
vn -0.8064 0.3197 -0.4975
vn -0.8065 0.3873 -0.4468
vn -0.8066 0.4468 -0.3869
vn -0.8068 0.4971 -0.3193
vn -0.8068 0.5373 -0.2456
vn -0.8066 0.5672 -0.1667
vn -0.8064 0.5853 -0.0842
vn -0.8064 0.5914 -0.0000
vn -0.8064 0.5853 0.0842
vn -0.8066 0.5672 0.1667
vn -0.8068 0.5373 0.2456
vn -0.8069 0.4971 0.3193
vn -0.8066 0.4468 0.3869
vn -0.8065 0.3873 0.4468
vn -0.8064 0.3197 0.4975
vn -0.8064 0.2456 0.5379
vn -0.8065 0.1665 0.5673
vn -0.6995 0.0488 -0.7129
vn -0.6995 -0.0000 -0.7146
vn -0.6995 -0.0488 -0.7129
vn -0.6995 -0.0973 -0.7080
vn -0.6995 -0.1454 -0.6997
vn -0.6995 -0.1928 -0.6881
vn -0.6995 -0.2393 -0.6734
vn -0.6995 -0.2847 -0.6555
vn -0.6995 -0.3288 -0.6345
vn -0.6995 -0.3713 -0.6106
vn -0.6995 -0.4121 -0.5838
vn -0.6995 -0.4510 -0.5543
vn -0.6995 -0.4878 -0.5223
vn -0.6995 -0.5223 -0.4878
vn -0.6995 -0.5543 -0.4510
vn -0.6995 -0.5838 -0.4121
vn -0.6995 -0.6106 -0.3713
vn -0.6995 -0.6345 -0.3288
vn -0.6995 -0.6555 -0.2847
vn -0.6995 -0.6734 -0.2393
vn -0.6995 -0.6881 -0.1928
vn -0.6995 -0.6997 -0.1454
vn -0.6995 -0.7080 -0.0973
vn -0.6995 -0.7130 -0.0488
vn -0.6995 -0.7146 -0.0000
vn -0.6995 -0.7129 0.0488
vn -0.6995 0.0973 -0.7080
vn -0.6995 0.1454 -0.6997
vn -0.6995 0.1928 -0.6881
vn -0.6995 0.2393 -0.6734
vn -0.6995 0.2847 -0.6555
vn -0.6995 0.3288 -0.6345
vn -0.6995 0.3713 -0.6106
vn -0.6995 0.4121 -0.5838
vn -0.6995 0.4510 -0.5543
vn -0.6995 0.4878 -0.5223
vn -0.6995 0.5223 -0.4878
vn -0.6995 0.5543 -0.4510
vn -0.6995 0.5838 -0.4121
vn -0.6995 0.6106 -0.3713
vn -0.6995 0.6345 -0.3288
vn -0.6995 0.6555 -0.2847
vn -0.6995 0.6734 -0.2393
vn -0.6995 0.6881 -0.1928
vn -0.6995 0.6997 -0.1454
vn -0.6995 0.7080 -0.0973
vn -0.6995 0.7129 -0.0488
vn -0.6995 0.7146 -0.0000
vn -0.6995 0.7129 0.0488
vn -0.6995 0.7080 0.0973
vn -0.6995 0.6997 0.1454
vn -0.6995 0.6881 0.1928
vn -0.6995 0.6734 0.2393
vn -0.6995 0.6555 0.2847
vn -0.6995 0.6345 0.3288
vn -0.6995 0.6106 0.3713
vn -0.6995 0.5838 0.4121
vn -0.6995 0.5543 0.4510
vn -0.6995 0.5223 0.4878
vn -0.6995 0.4878 0.5223
vn -0.6995 0.4510 0.5543
vn -0.6995 0.4121 0.5838
vn -0.6995 0.3713 0.6106
vn -0.6995 0.3288 0.6345
vn -0.6995 0.2847 0.6555
vn -0.6995 0.2393 0.6734
vn -0.6995 0.1928 0.6881
vn -0.6995 0.1454 0.6997
vn -0.6995 0.0973 0.7080
vn -0.6995 0.0488 0.7129
vn -0.6995 -0.0000 0.7146
vn -0.6995 -0.0488 0.7129
vn -0.6995 -0.0973 0.7080
vn -0.6995 -0.1454 0.6997
vn -0.6995 -0.1928 0.6881
vn -0.6995 -0.2393 0.6734
vn -0.6995 -0.2847 0.6555
vn -0.6995 -0.3288 0.6345
vn -0.6995 -0.3713 0.6106
vn -0.6995 -0.4121 0.5838
vn -0.6995 -0.4510 0.5543
vn -0.6995 -0.4878 0.5223
vn -0.6995 -0.5223 0.4878
vn -0.6995 -0.5543 0.4510
vn -0.6995 -0.5838 0.4121
vn -0.6995 -0.6106 0.3713
vn -0.6995 -0.6345 0.3288
vn -0.6995 -0.6555 0.2847
vn -0.6995 -0.6734 0.2393
vn -0.6995 -0.6881 0.1928
vn -0.6995 -0.6997 0.1454
vn -0.6995 -0.7080 0.0973
vn -0.7149 -0.1005 -0.6920
vn -0.7219 -0.0000 -0.6920
vn 0.6884 -0.0000 -0.7253
vn -0.7149 0.1005 -0.6920
vn 0.6795 -0.1104 -0.7253
vn -0.6940 0.1990 -0.6920
vn 0.6530 -0.2180 -0.7253
vn -0.6595 0.2936 -0.6920
vn 0.6095 -0.3199 -0.7253
vn -0.6122 0.3826 -0.6920
vn 0.5503 -0.4135 -0.7253
vn -0.5530 0.4641 -0.6920
vn 0.4769 -0.4965 -0.7253
vn -0.4831 0.5365 -0.6920
vn 0.3911 -0.5665 -0.7253
vn -0.4037 0.5985 -0.6920
vn -0.3165 0.6489 -0.6920
vn 0.2951 -0.6219 -0.7253
vn -0.2231 0.6866 -0.6920
vn 0.1915 -0.6612 -0.7253
vn -0.1254 0.7110 -0.6920
vn 0.0830 -0.6834 -0.7253
vn -0.0252 0.7215 -0.6920
vn -0.0277 -0.6878 -0.7253
vn 0.0755 0.7180 -0.6920
vn -0.1377 -0.6745 -0.7253
vn 0.1747 0.7005 -0.6920
vn -0.2441 -0.6437 -0.7253
vn 0.2704 0.6694 -0.6920
vn -0.3442 -0.5962 -0.7253
vn 0.3610 0.6252 -0.6920
vn 0.4445 0.5689 -0.6920
vn -0.4354 -0.5332 -0.7253
vn 0.5193 0.5015 -0.6920
vn -0.5153 -0.4565 -0.7253
vn 0.5841 0.4243 -0.6920
vn -0.5818 -0.3679 -0.7253
vn 0.6374 0.3389 -0.6920
vn -0.6333 -0.2698 -0.7253
vn 0.6784 0.2469 -0.6920
vn -0.6684 -0.1647 -0.7253
vn 0.7062 0.1501 -0.6920
vn -0.6862 -0.0554 -0.7253
vn 0.7202 0.0504 -0.6920
vn 0.7202 -0.0504 -0.6920
vn -0.6862 0.0554 -0.7253
vn 0.7062 -0.1501 -0.6920
vn -0.6684 0.1647 -0.7253
vn 0.6784 -0.2469 -0.6920
vn -0.6333 0.2698 -0.7253
vn 0.6374 -0.3389 -0.6920
vn -0.5818 0.3679 -0.7253
vn 0.5841 -0.4243 -0.6920
vn -0.5153 0.4565 -0.7253
vn 0.5193 -0.5015 -0.6920
vn -0.4354 0.5332 -0.7253
vn 0.4445 -0.5689 -0.6920
vn -0.3442 0.5962 -0.7253
vn 0.3610 -0.6252 -0.6920
vn 0.2704 -0.6694 -0.6920
vn -0.2441 0.6437 -0.7253
vn 0.1747 -0.7005 -0.6920
vn -0.1377 0.6745 -0.7253
vn 0.0755 -0.7180 -0.6920
vn -0.0277 0.6878 -0.7253
vn -0.0252 -0.7215 -0.6920
vn 0.0830 0.6834 -0.7253
vn -0.1254 -0.7110 -0.6920
vn 0.1915 0.6612 -0.7253
vn -0.2231 -0.6866 -0.6920
vn 0.2951 0.6219 -0.7253
vn -0.3165 -0.6489 -0.6920
vn 0.3911 0.5665 -0.7253
vn -0.4037 -0.5985 -0.6920
vn -0.4831 -0.5365 -0.6920
vn 0.4769 0.4965 -0.7253
vn -0.5530 -0.4641 -0.6920
vn 0.5503 0.4135 -0.7253
vn -0.6122 -0.3826 -0.6920
vn 0.6095 0.3199 -0.7253
vn -0.6595 -0.2936 -0.6920
vn 0.6530 0.2180 -0.7253
vn -0.6940 -0.1990 -0.6920
vn 0.6795 0.1104 -0.7253
vn 0.9992 -0.0403 -0.0005
vn 0.9927 0.1205 -0.0005
vn 0.9605 0.2782 -0.0005
vn 0.9035 0.4287 -0.0005
vn 0.8230 0.5681 -0.0005
vn 0.7212 0.6927 -0.0005
vn 0.6007 0.7994 -0.0005
vn 0.4647 0.8855 -0.0005
vn 0.3167 0.9485 -0.0005
vn 0.1604 0.9870 -0.0005
vn -0.0000 1.0000 -0.0005
vn -0.1604 0.9871 -0.0005
vn -0.3167 0.9485 -0.0005
vn -0.4647 0.8855 -0.0005
vn -0.6007 0.7994 -0.0005
vn -0.7212 0.6927 -0.0005
vn -0.8230 0.5681 -0.0005
vn -0.9035 0.4287 -0.0005
vn -0.9605 0.2782 -0.0005
vn -0.9927 0.1205 -0.0005
vn -0.9992 -0.0403 -0.0005
vn -0.9798 -0.2000 -0.0005
vn -0.9350 -0.3546 -0.0005
vn -0.8660 -0.5000 -0.0005
vn -0.7746 -0.6324 -0.0005
vn -0.6631 -0.7485 -0.0005
vn -0.5345 -0.8452 -0.0005
vn -0.3920 -0.9200 -0.0005
vn -0.2393 -0.9709 -0.0005
vn -0.0805 -0.9968 -0.0005
vn 0.0805 -0.9968 -0.0005
vn 0.2393 -0.9709 -0.0005
vn 0.3920 -0.9200 -0.0005
vn 0.5345 -0.8452 -0.0005
vn 0.6631 -0.7485 -0.0005
vn 0.7746 -0.6324 -0.0005
vn 0.8660 -0.5000 -0.0005
vn 0.9350 -0.3546 -0.0005
vn 0.9798 -0.2000 -0.0005
vn 0.6795 0.1104 0.7253
vn 0.9927 0.1205 0.0005
vn 0.6884 -0.0000 0.7253
vn 0.9992 -0.0403 0.0005
vn 0.6795 -0.1104 0.7253
vn 0.9798 -0.2000 0.0005
vn 0.6530 -0.2180 0.7253
vn 0.9350 -0.3546 0.0005
vn 0.6095 -0.3199 0.7253
vn 0.8660 -0.5000 0.0005
vn 0.5503 -0.4135 0.7253
vn 0.7746 -0.6324 0.0005
vn 0.4769 -0.4965 0.7253
vn 0.6631 -0.7485 0.0005
vn 0.3911 -0.5665 0.7253
vn 0.5345 -0.8452 0.0005
vn 0.2951 -0.6219 0.7253
vn 0.3920 -0.9200 0.0005
vn 0.1915 -0.6612 0.7253
vn 0.2393 -0.9709 0.0005
vn 0.0830 -0.6834 0.7253
vn 0.0805 -0.9968 0.0005
vn -0.0277 -0.6878 0.7253
vn -0.0805 -0.9968 0.0005
vn -0.1377 -0.6745 0.7253
vn -0.2393 -0.9709 0.0005
vn -0.2441 -0.6437 0.7253
vn -0.3920 -0.9200 0.0005
vn -0.3442 -0.5962 0.7253
vn -0.5345 -0.8452 0.0005
vn -0.4354 -0.5332 0.7253
vn -0.6631 -0.7485 0.0005
vn -0.5153 -0.4565 0.7253
vn -0.7746 -0.6324 0.0005
vn -0.5818 -0.3679 0.7253
vn -0.8660 -0.5000 0.0005
vn -0.6333 -0.2698 0.7253
vn -0.9350 -0.3546 0.0005
vn -0.6684 -0.1647 0.7253
vn -0.9798 -0.2000 0.0005
vn -0.6862 -0.0554 0.7253
vn -0.9992 -0.0403 0.0005
vn -0.6862 0.0554 0.7253
vn -0.9927 0.1205 0.0005
vn -0.6684 0.1647 0.7253
vn -0.9605 0.2782 0.0005
vn -0.6333 0.2698 0.7253
vn -0.9035 0.4287 0.0005
vn -0.5818 0.3679 0.7253
vn -0.8230 0.5681 0.0005
vn -0.5153 0.4565 0.7253
vn -0.7212 0.6927 0.0005
vn -0.4354 0.5332 0.7253
vn -0.6007 0.7994 0.0005
vn -0.3442 0.5962 0.7253
vn -0.4647 0.8855 0.0005
vn -0.2441 0.6437 0.7253
vn -0.3167 0.9485 0.0005
vn -0.1377 0.6745 0.7253
vn -0.1604 0.9871 0.0005
vn -0.0277 0.6878 0.7253
vn -0.0000 1.0000 0.0005
vn 0.0830 0.6834 0.7253
vn 0.1604 0.9871 0.0005
vn 0.1915 0.6612 0.7253
vn 0.3167 0.9485 0.0005
vn 0.2951 0.6219 0.7253
vn 0.4647 0.8855 0.0005
vn 0.3911 0.5665 0.7253
vn 0.6007 0.7994 0.0005
vn 0.4769 0.4965 0.7253
vn 0.7212 0.6927 0.0005
vn 0.5503 0.4135 0.7253
vn 0.8230 0.5681 0.0005
vn 0.6095 0.3199 0.7253
vn 0.9035 0.4287 0.0005
vn 0.6530 0.2180 0.7253
vn 0.9605 0.2782 0.0005
vn -0.7149 0.1005 0.6920
vn -0.9945 0.1045 -0.0000
vn -0.7219 -0.0000 0.6920
vn -0.9994 -0.0349 -0.0000
vn -0.7149 -0.1005 0.6920
vn -0.9848 -0.1736 -0.0000
vn -0.6940 -0.1990 0.6920
vn -0.9511 -0.3090 -0.0000
vn -0.6595 -0.2936 0.6920
vn -0.8988 -0.4384 -0.0000
vn -0.6122 -0.3826 0.6920
vn -0.8290 -0.5592 -0.0000
vn -0.5530 -0.4641 0.6920
vn -0.7431 -0.6691 -0.0000
vn -0.4831 -0.5365 0.6920
vn -0.6428 -0.7660 -0.0000
vn -0.4037 -0.5985 0.6920
vn -0.5299 -0.8480 -0.0000
vn -0.3165 -0.6489 0.6920
vn -0.4067 -0.9135 -0.0000
vn -0.2231 -0.6866 0.6920
vn -0.2756 -0.9613 -0.0000
vn -0.1254 -0.7110 0.6920
vn -0.1392 -0.9903 -0.0000
vn -0.0252 -0.7215 0.6920
vn 0.0755 -0.7180 0.6920
vn 0.1392 -0.9903 -0.0000
vn 0.1746 -0.7005 0.6920
vn 0.2756 -0.9613 -0.0000
vn 0.2704 -0.6694 0.6920
vn 0.4067 -0.9135 -0.0000
vn 0.3610 -0.6252 0.6920
vn 0.5299 -0.8480 -0.0000
vn 0.4445 -0.5689 0.6920
vn 0.6428 -0.7660 -0.0000
vn 0.5193 -0.5015 0.6920
vn 0.7431 -0.6691 -0.0000
vn 0.5841 -0.4243 0.6920
vn 0.8290 -0.5592 -0.0000
vn 0.6374 -0.3389 0.6920
vn 0.8988 -0.4384 -0.0000
vn 0.6784 -0.2469 0.6920
vn 0.9511 -0.3090 -0.0000
vn 0.7062 -0.1501 0.6920
vn 0.9848 -0.1736 -0.0000
vn 0.7202 -0.0504 0.6920
vn 0.9994 -0.0349 -0.0000
vn 0.7202 0.0504 0.6920
vn 0.9945 0.1045 -0.0000
vn 0.7062 0.1501 0.6920
vn 0.9703 0.2419 -0.0000
vn 0.6784 0.2469 0.6920
vn 0.9272 0.3746 -0.0000
vn 0.6374 0.3389 0.6920
vn 0.5841 0.4243 0.6920
vn 0.7880 0.6157 -0.0000
vn 0.5193 0.5015 0.6920
vn 0.6947 0.7193 -0.0000
vn 0.4445 0.5689 0.6920
vn 0.5878 0.8090 -0.0000
vn 0.3610 0.6252 0.6920
vn 0.4695 0.8829 -0.0000
vn 0.2704 0.6694 0.6920
vn 0.3420 0.9397 -0.0000
vn 0.1747 0.7005 0.6920
vn 0.2079 0.9781 -0.0000
vn 0.0755 0.7180 0.6920
vn 0.0698 0.9976 -0.0000
vn -0.0252 0.7215 0.6920
vn -0.0698 0.9976 -0.0000
vn -0.1254 0.7110 0.6920
vn -0.2079 0.9781 -0.0000
vn -0.2231 0.6866 0.6920
vn -0.3420 0.9397 -0.0000
vn -0.3165 0.6489 0.6920
vn -0.4695 0.8829 -0.0000
vn -0.4037 0.5985 0.6920
vn -0.5878 0.8090 -0.0000
vn -0.4831 0.5365 0.6920
vn -0.6947 0.7193 -0.0000
vn -0.5530 0.4641 0.6920
vn -0.7880 0.6157 -0.0000
vn -0.6122 0.3826 0.6920
vn -0.6595 0.2936 0.6920
vn -0.9272 0.3746 -0.0000
vn -0.6940 0.1990 0.6920
vn -0.9703 0.2419 -0.0000
s 1
f 1//1 2//2 3//3
f 3//3 2//2 4//4
f 3//3 4//4 5//5
f 5//5 4//4 6//6
f 5//5 6//6 7//7
f 7//7 6//6 8//8
f 7//7 8//8 9//9
f 9//9 8//8 10//10
f 9//9 10//10 11//11
f 11//11 10//10 12//12
f 11//11 12//12 13//13
f 13//13 12//12 14//14
f 13//13 14//14 15//15
f 15//15 14//14 16//16
f 15//15 16//16 17//17
f 17//17 16//16 18//18
f 17//17 18//18 19//19
f 19//19 18//18 20//20
f 19//19 20//20 21//21
f 21//21 20//20 22//22
f 21//21 22//22 23//23
f 23//23 22//22 24//24
f 23//23 24//24 25//25
f 25//25 24//24 26//26
f 25//25 26//26 27//27
f 27//27 26//26 28//28
f 27//27 28//28 29//29
f 29//29 28//28 30//30
f 29//29 30//30 31//31
f 31//31 30//30 32//32
f 31//31 32//32 33//33
f 31//31 33//33 34//34
f 34//34 33//33 35//35
f 34//34 35//35 36//36
f 36//36 35//35 37//37
f 36//36 37//37 38//38
f 38//38 37//37 39//39
f 38//38 39//39 40//40
f 40//40 39//39 41//41
f 40//40 41//41 42//42
f 42//42 41//41 43//43
f 42//42 43//43 44//44
f 44//44 43//43 45//45
f 44//44 45//45 46//46
f 46//46 45//45 47//47
f 46//46 47//47 48//48
f 48//48 47//47 49//49
f 48//48 49//49 50//50
f 50//50 49//49 51//51
f 50//50 51//51 52//52
f 52//52 51//51 53//53
f 52//52 53//53 54//54
f 54//54 53//53 55//55
f 54//54 55//55 56//56
f 56//56 55//55 57//57
f 56//56 57//57 58//58
f 58//58 57//57 59//59
f 58//58 59//59 60//60
f 60//60 59//59 61//61
f 60//60 61//61 62//62
f 62//62 61//61 63//63
f 62//62 63//63 64//64
f 62//62 64//64 65//65
f 65//65 64//64 66//66
f 65//65 66//66 67//67
f 67//67 66//66 68//68
f 67//67 68//68 69//69
f 69//69 68//68 70//70
f 69//69 70//70 71//71
f 71//71 70//70 72//72
f 71//71 72//72 73//73
f 73//73 72//72 74//74
f 73//73 74//74 75//75
f 75//75 74//74 76//76
f 75//75 76//76 77//77
f 77//77 76//76 78//78
f 77//77 78//78 79//79
f 79//79 78//78 80//80
f 79//79 80//80 81//81
f 81//81 80//80 82//82
f 81//81 82//82 83//83
f 83//83 82//82 84//84
f 83//83 84//84 85//85
f 85//85 84//84 86//86
f 85//85 86//86 87//87
f 87//87 86//86 88//88
f 87//87 88//88 89//89
f 89//89 88//88 90//90
f 89//89 90//90 91//91
f 91//91 90//90 92//92
f 91//91 92//92 93//93
f 91//91 93//93 94//94
f 94//94 93//93 95//95
f 94//94 95//95 96//96
f 96//96 95//95 97//97
f 96//96 97//97 98//98
f 98//98 97//97 99//99
f 98//98 99//99 100//100
f 100//100 99//99 101//101
f 100//100 101//101 102//102
f 102//102 101//101 103//103
f 102//102 103//103 104//104
f 104//104 103//103 105//105
f 104//104 105//105 106//106
f 106//106 105//105 107//107
f 106//106 107//107 108//108
f 108//108 107//107 109//109
f 108//108 109//109 110//110
f 110//110 109//109 111//111
f 110//110 111//111 112//112
f 112//112 111//111 113//113
f 112//112 113//113 114//114
f 114//114 113//113 115//115
f 114//114 115//115 116//116
f 116//116 115//115 117//117
f 116//116 117//117 118//118
f 118//118 117//117 119//119
f 118//118 119//119 120//120
f 120//120 119//119 121//121
f 120//120 121//121 122//122
f 120//120 122//122 123//123
f 123//123 122//122 124//124
f 123//123 124//124 125//125
f 125//125 124//124 126//126
f 125//125 126//126 127//127
f 127//127 126//126 128//128
f 127//127 128//128 129//129
f 129//129 128//128 130//130
f 129//129 130//130 131//131
f 131//131 130//130 132//132
f 131//131 132//132 133//133
f 133//133 132//132 134//134
f 133//133 134//134 135//135
f 135//135 134//134 136//136
f 135//135 136//136 137//137
f 137//137 136//136 138//138
f 137//137 138//138 139//139
f 139//139 138//138 140//140
f 139//139 140//140 141//141
f 141//141 140//140 142//142
f 141//141 142//142 143//143
f 143//143 142//142 144//144
f 143//143 144//144 145//145
f 145//145 144//144 146//146
f 145//145 146//146 147//147
f 147//147 146//146 148//148
f 147//147 148//148 149//149
f 149//149 148//148 150//150
f 149//149 150//150 151//151
f 151//151 150//150 152//152
f 151//151 152//152 153//153
f 151//151 153//153 154//154
f 154//154 153//153 155//155
f 154//154 155//155 156//156
f 156//156 155//155 157//157
f 156//156 157//157 158//158
f 158//158 157//157 159//159
f 158//158 159//159 160//160
f 160//160 159//159 161//161
f 160//160 161//161 162//162
f 162//162 161//161 163//163
f 162//162 163//163 164//164
f 164//164 163//163 165//165
f 164//164 165//165 166//166
f 166//166 165//165 167//167
f 166//166 167//167 168//168
f 168//168 167//167 169//169
f 168//168 169//169 170//170
f 170//170 169//169 171//171
f 170//170 171//171 172//172
f 172//172 171//171 173//173
f 172//172 173//173 174//174
f 174//174 173//173 175//175
f 174//174 175//175 176//176
f 176//176 175//175 177//177
f 176//176 177//177 178//178
f 178//178 177//177 1//1
f 178//178 1//1 3//3
f 5//5 179//179 3//3
f 3//3 179//179 180//180
f 3//3 180//180 181//181
f 7//7 182//182 5//5
f 5//5 182//182 183//183
f 5//5 183//183 184//184
f 9//9 185//185 7//7
f 7//7 185//185 186//186
f 7//7 186//186 187//187
f 11//11 188//188 9//9
f 9//9 188//188 189//189
f 9//9 189//189 190//190
f 13//13 191//191 11//11
f 11//11 191//191 192//192
f 11//11 192//192 193//193
f 191//191 13//13 194//194
f 194//194 13//13 15//15
f 194//194 15//15 195//195
f 195//195 15//15 17//17
f 195//195 17//17 196//196
f 196//196 17//17 19//19
f 196//196 19//19 197//197
f 197//197 19//19 21//21
f 197//197 21//21 198//198
f 198//198 21//21 23//23
f 198//198 23//23 199//199
f 199//199 23//23 25//25
f 199//199 25//25 200//200
f 200//200 25//25 27//27
f 200//200 27//27 201//201
f 201//201 27//27 29//29
f 201//201 29//29 202//202
f 202//202 29//29 31//31
f 202//202 31//31 203//203
f 203//203 31//31 34//34
f 203//203 34//34 204//204
f 204//204 34//34 36//36
f 204//204 36//36 205//205
f 205//205 36//36 38//38
f 205//205 38//38 206//206
f 206//206 38//38 40//40
f 206//206 40//40 207//207
f 207//207 40//40 42//42
f 207//207 42//42 208//208
f 208//208 42//42 44//44
f 208//208 44//44 209//209
f 209//209 44//44 46//46
f 209//209 46//46 210//210
f 210//210 46//46 48//48
f 210//210 48//48 211//211
f 211//211 48//48 50//50
f 211//211 50//50 212//212
f 212//212 50//50 52//52
f 212//212 52//52 213//213
f 213//213 52//52 54//54
f 213//213 54//54 214//214
f 214//214 54//54 56//56
f 214//214 56//56 215//215
f 215//215 56//56 58//58
f 215//215 58//58 216//216
f 216//216 58//58 60//60
f 216//216 60//60 217//217
f 217//217 60//60 62//62
f 217//217 62//62 218//218
f 218//218 62//62 65//65
f 218//218 65//65 219//219
f 219//219 65//65 67//67
f 219//219 67//67 220//220
f 220//220 67//67 69//69
f 220//220 69//69 221//221
f 221//221 69//69 71//71
f 221//221 71//71 222//222
f 222//222 71//71 73//73
f 222//222 73//73 223//223
f 223//223 73//73 75//75
f 223//223 75//75 224//224
f 224//224 75//75 77//77
f 224//224 77//77 225//225
f 225//225 77//77 79//79
f 225//225 79//79 226//226
f 226//226 79//79 81//81
f 226//226 81//81 227//227
f 227//227 81//81 83//83
f 227//227 83//83 228//228
f 228//228 83//83 85//85
f 228//228 85//85 229//229
f 229//229 85//85 87//87
f 229//229 87//87 230//230
f 230//230 87//87 89//89
f 230//230 89//89 231//231
f 231//231 89//89 91//91
f 231//231 91//91 232//232
f 232//232 91//91 94//94
f 232//232 94//94 233//233
f 233//233 94//94 96//96
f 233//233 96//96 234//234
f 234//234 96//96 98//98
f 234//234 98//98 235//235
f 235//235 98//98 100//100
f 235//235 100//100 236//236
f 236//236 100//100 102//102
f 236//236 102//102 237//237
f 237//237 102//102 104//104
f 237//237 104//104 238//238
f 238//238 104//104 106//106
f 238//238 106//106 239//239
f 239//239 106//106 108//108
f 239//239 108//108 240//240
f 240//240 108//108 110//110
f 240//240 110//110 241//241
f 241//241 110//110 112//112
f 241//241 112//112 242//242
f 242//242 112//112 114//114
f 242//242 114//114 243//243
f 243//243 114//114 116//116
f 243//243 116//116 244//244
f 244//244 116//116 118//118
f 244//244 118//118 245//245
f 245//245 118//118 120//120
f 245//245 120//120 246//246
f 246//246 120//120 123//123
f 246//246 123//123 247//247
f 247//247 123//123 125//125
f 247//247 125//125 248//248
f 248//248 125//125 127//127
f 248//248 127//127 249//249
f 249//249 127//127 129//129
f 249//249 129//129 250//250
f 250//250 129//129 131//131
f 250//250 131//131 251//251
f 251//251 131//131 133//133
f 251//251 133//133 252//252
f 252//252 133//133 135//135
f 252//252 135//135 253//253
f 253//253 135//135 137//137
f 253//253 137//137 254//254
f 254//254 137//137 139//139
f 254//254 139//139 255//255
f 255//255 139//139 141//141
f 255//255 141//141 256//256
f 256//256 141//141 143//143
f 256//256 143//143 257//257
f 257//257 143//143 145//145
f 257//257 145//145 258//258
f 258//258 145//145 147//147
f 258//258 147//147 259//259
f 259//259 147//147 149//149
f 259//259 149//149 260//260
f 260//260 149//149 151//151
f 260//260 151//151 261//261
f 261//261 151//151 154//154
f 261//261 154//154 262//262
f 262//262 154//154 156//156
f 262//262 156//156 263//263
f 263//263 156//156 158//158
f 263//263 158//158 264//264
f 264//264 158//158 160//160
f 264//264 160//160 265//265
f 265//265 160//160 162//162
f 265//265 162//162 266//266
f 266//266 162//162 164//164
f 266//266 164//164 267//267
f 267//267 164//164 166//166
f 267//267 166//166 268//268
f 268//268 166//166 168//168
f 268//268 168//168 269//269
f 269//269 168//168 170//170
f 269//269 170//170 270//270
f 270//270 170//170 172//172
f 270//270 172//172 271//271
f 271//271 172//172 272//272
f 272//272 172//172 273//273
f 273//273 172//172 274//274
f 274//274 172//172 275//275
f 275//275 172//172 276//276
f 276//276 172//172 174//174
f 276//276 174//174 277//277
f 277//277 174//174 278//278
f 278//278 174//174 279//279
f 279//279 174//174 280//280
f 280//280 174//174 176//176
f 280//280 176//176 281//281
f 281//281 176//176 282//282
f 282//282 176//176 283//283
f 283//283 176//176 178//178
f 283//283 178//178 284//284
f 284//284 178//178 285//285
f 285//285 178//178 181//181
f 181//181 178//178 3//3
f 271//271 286//286 270//270
f 270//270 286//286 287//287
f 270//270 287//287 288//288
f 288//288 287//287 289//289
f 288//288 289//289 290//290
f 290//290 289//289 291//291
f 290//290 291//291 292//292
f 286//286 293//293 287//287
f 287//287 293//293 294//294
f 287//287 294//294 295//295
f 295//295 294//294 296//296
f 295//295 296//296 297//297
f 297//297 298//298 295//295
f 295//295 298//298 287//287
f 298//298 299//299 287//287
f 287//287 299//299 300//300
f 287//287 300//300 301//301
f 301//301 300//300 302//302
f 301//301 302//302 303//303
f 303//303 302//302 304//304
f 304//304 302//302 305//305
f 304//304 305//305 306//306
f 306//306 305//305 307//307
f 306//306 307//307 308//308
f 308//308 307//307 309//309
f 308//308 309//309 310//310
f 310//310 309//309 311//311
f 310//310 311//311 312//312
f 312//312 311//311 313//313
f 312//312 313//313 314//314
f 314//314 313//313 315//315
f 314//314 315//315 316//316
f 316//316 315//315 317//317
f 316//316 317//317 318//318
f 318//318 317//317 319//319
f 318//318 319//319 320//320
f 320//320 319//319 321//321
f 320//320 321//321 322//322
f 322//322 321//321 323//323
f 322//322 323//323 324//324
f 324//324 323//323 325//325
f 324//324 325//325 326//326
f 326//326 325//325 327//327
f 326//326 327//327 328//328
f 328//328 327//327 329//329
f 328//328 329//329 330//330
f 330//330 329//329 331//331
f 330//330 331//331 332//332
f 332//332 331//331 333//333
f 332//332 333//333 334//334
f 334//334 333//333 335//335
f 334//334 335//335 336//336
f 336//336 335//335 337//337
f 336//336 337//337 338//338
f 338//338 337//337 339//339
f 338//338 339//339 340//340
f 340//340 339//339 341//341
f 340//340 341//341 342//342
f 342//342 341//341 343//343
f 342//342 343//343 344//344
f 344//344 343//343 345//345
f 344//344 345//345 346//346
f 346//346 345//345 347//347
f 346//346 347//347 348//348
f 348//348 347//347 349//349
f 348//348 349//349 350//350
f 350//350 349//349 351//351
f 350//350 351//351 352//352
f 352//352 351//351 353//353
f 352//352 353//353 354//354
f 354//354 353//353 355//355
f 354//354 355//355 356//356
f 356//356 355//355 357//357
f 356//356 357//357 358//358
f 358//358 357//357 359//359
f 358//358 359//359 360//360
f 360//360 359//359 361//361
f 360//360 361//361 362//362
f 362//362 361//361 363//363
f 362//362 363//363 364//364
f 364//364 363//363 365//365
f 364//364 365//365 366//366
f 366//366 365//365 367//367
f 366//366 367//367 368//368
f 368//368 367//367 369//369
f 368//368 369//369 370//370
f 370//370 369//369 371//371
f 370//370 371//371 372//372
f 372//372 371//371 373//373
f 372//372 373//373 374//374
f 374//374 373//373 375//375
f 374//374 375//375 376//376
f 376//376 375//375 377//377
f 376//376 377//377 378//378
f 378//378 377//377 379//379
f 378//378 379//379 380//380
f 380//380 379//379 381//381
f 380//380 381//381 382//382
f 382//382 381//381 383//383
f 382//382 383//383 384//384
f 384//384 383//383 385//385
f 384//384 385//385 386//386
f 386//386 385//385 387//387
f 386//386 387//387 388//388
f 388//388 387//387 389//389
f 388//388 389//389 390//390
f 390//390 389//389 391//391
f 390//390 391//391 392//392
f 392//392 391//391 393//393
f 392//392 393//393 394//394
f 394//394 393//393 395//395
f 394//394 395//395 396//396
f 396//396 395//395 397//397
f 396//396 397//397 398//398
f 398//398 397//397 399//399
f 398//398 399//399 400//400
f 400//400 399//399 401//401
f 400//400 401//401 402//402
f 402//402 401//401 403//403
f 402//402 403//403 404//404
f 404//404 403//403 405//405
f 404//404 405//405 406//406
f 406//406 405//405 407//407
f 406//406 407//407 408//408
f 408//408 407//407 409//409
f 408//408 409//409 410//410
f 410//410 409//409 411//411
f 410//410 411//411 412//412
f 412//412 411//411 413//413
f 412//412 413//413 414//414
f 414//414 413//413 415//415
f 414//414 415//415 416//416
f 416//416 415//415 417//417
f 416//416 417//417 418//418
f 418//418 417//417 419//419
f 418//418 419//419 420//420
f 420//420 419//419 421//421
f 420//420 421//421 422//422
f 422//422 421//421 423//423
f 422//422 423//423 424//424
f 424//424 423//423 425//425
f 424//424 425//425 426//426
f 426//426 425//425 427//427
f 426//426 427//427 428//428
f 428//428 427//427 429//429
f 428//428 429//429 430//430
f 430//430 429//429 431//431
f 430//430 431//431 432//432
f 432//432 431//431 433//433
f 432//432 433//433 434//434
f 434//434 433//433 435//435
f 434//434 435//435 436//436
f 436//436 435//435 437//437
f 436//436 437//437 438//438
f 438//438 437//437 439//439
f 438//438 439//439 440//440
f 440//440 439//439 441//441
f 440//440 441//441 442//442
f 442//442 441//441 443//443
f 442//442 443//443 444//444
f 444//444 443//443 445//445
f 444//444 445//445 446//446
f 446//446 445//445 447//447
f 446//446 447//447 448//448
f 448//448 447//447 449//449
f 448//448 449//449 450//450
f 450//450 449//449 451//451
f 450//450 451//451 452//452
f 452//452 451//451 453//453
f 452//452 453//453 454//454
f 454//454 453//453 455//455
f 454//454 455//455 456//456
f 456//456 455//455 457//457
f 456//456 457//457 458//458
f 458//458 457//457 459//459
f 458//458 459//459 460//460
f 460//460 459//459 461//461
f 460//460 461//461 462//462
f 462//462 461//461 463//463
f 462//462 463//463 464//464
f 464//464 463//463 465//465
f 464//464 465//465 466//466
f 466//466 465//465 467//467
f 466//466 467//467 292//292
f 292//292 467//467 290//290
f 299//299 468//468 300//300
f 300//300 468//468 469//469
f 300//300 469//469 470//470
f 470//470 469//469 471//471
f 470//470 471//471 472//472
f 468//468 473//473 469//469
f 469//469 473//473 474//474
f 469//469 474//474 475//475
f 475//475 471//471 469//469
f 470//470 472//472 476//476
f 476//476 472//472 477//477
f 476//476 477//477 478//478
f 478//478 479//479 476//476
f 476//476 479//479 480//480
f 476//476 480//480 307//307
f 307//307 480//480 481//481
f 307//307 481//481 309//309
f 309//309 481//481 482//482
f 309//309 482//482 311//311
f 311//311 482//482 313//313
f 479//479 483//483 480//480
f 480//480 483//483 484//484
f 480//480 484//484 485//485
f 480//480 485//485 481//481
f 481//481 485//485 486//486
f 481//481 486//486 487//487
f 487//487 486//486 488//488
f 487//487 488//488 489//489
f 489//489 490//490 487//487
f 487//487 490//490 491//491
f 487//487 491//491 482//482
f 482//482 491//491 492//492
f 482//482 492//492 493//493
f 493//493 492//492 494//494
f 493//493 494//494 495//495
f 495//495 494//494 496//496
f 495//495 496//496 497//497
f 497//497 498//498 495//495
f 495//495 498//498 493//493
f 498//498 499//499 493//493
f 493//493 499//499 500//500
f 493//493 500//500 315//315
f 315//315 500//500 317//317
f 500//500 499//499 191//191
f 191//191 499//499 501//501
f 191//191 501//501 192//192
f 193//193 502//502 11//11
f 11//11 502//502 503//503
f 11//11 503//503 504//504
f 504//504 188//188 11//11
f 190//190 505//505 9//9
f 9//9 505//505 185//185
f 187//187 182//182 7//7
f 184//184 179//179 5//5
f 303//303 506//506 301//301
f 301//301 506//506 289//289
f 301//301 289//289 287//287
f 506//506 291//291 289//289
f 253//253 507//507 252//252
f 252//252 507//507 508//508
f 252//252 508//508 251//251
f 251//251 508//508 509//509
f 251//251 509//509 250//250
f 250//250 509//509 510//510
f 250//250 510//510 249//249
f 249//249 510//510 511//511
f 249//249 511//511 248//248
f 248//248 511//511 512//512
f 248//248 512//512 247//247
f 247//247 512//512 513//513
f 247//247 513//513 246//246
f 246//246 513//513 514//514
f 246//246 514//514 245//245
f 245//245 514//514 515//515
f 245//245 515//515 244//244
f 244//244 515//515 516//516
f 244//244 516//516 243//243
f 243//243 516//516 517//517
f 243//243 517//517 242//242
f 242//242 517//517 518//518
f 242//242 518//518 241//241
f 241//241 518//518 519//519
f 241//241 519//519 240//240
f 240//240 519//519 520//520
f 240//240 520//520 239//239
f 239//239 520//520 521//521
f 239//239 521//521 238//238
f 238//238 521//521 522//522
f 238//238 522//522 237//237
f 237//237 522//522 523//523
f 237//237 523//523 236//236
f 236//236 523//523 524//524
f 236//236 524//524 235//235
f 235//235 524//524 525//525
f 235//235 525//525 234//234
f 234//234 525//525 526//526
f 234//234 526//526 233//233
f 233//233 526//526 527//527
f 233//233 527//527 232//232
f 232//232 527//527 528//528
f 232//232 528//528 231//231
f 231//231 528//528 529//529
f 231//231 529//529 230//230
f 230//230 529//529 530//530
f 230//230 530//530 229//229
f 229//229 530//530 531//531
f 229//229 531//531 228//228
f 228//228 531//531 532//532
f 228//228 532//532 227//227
f 227//227 532//532 533//533
f 227//227 533//533 226//226
f 226//226 533//533 534//534
f 226//226 534//534 225//225
f 225//225 534//534 535//535
f 225//225 535//535 224//224
f 224//224 535//535 536//536
f 224//224 536//536 223//223
f 223//223 536//536 537//537
f 223//223 537//537 222//222
f 222//222 537//537 538//538
f 222//222 538//538 221//221
f 221//221 538//538 539//539
f 221//221 539//539 220//220
f 220//220 539//539 540//540
f 220//220 540//540 219//219
f 219//219 540//540 541//541
f 219//219 541//541 218//218
f 218//218 541//541 542//542
f 218//218 542//542 217//217
f 217//217 542//542 543//543
f 217//217 543//543 216//216
f 216//216 543//543 544//544
f 216//216 544//544 215//215
f 215//215 544//544 545//545
f 215//215 545//545 214//214
f 214//214 545//545 546//546
f 214//214 546//546 213//213
f 213//213 546//546 547//547
f 213//213 547//547 212//212
f 212//212 547//547 548//548
f 212//212 548//548 211//211
f 211//211 548//548 549//549
f 211//211 549//549 210//210
f 210//210 549//549 550//136
f 210//210 550//136 209//209
f 209//209 550//136 551//550
f 209//209 551//550 208//208
f 208//208 551//550 552//551
f 208//208 552//551 207//207
f 207//207 552//551 553//552
f 207//207 553//552 206//206
f 206//206 553//552 554//553
f 206//206 554//553 205//205
f 205//205 554//553 555//554
f 205//205 555//554 204//204
f 204//204 555//554 556//555
f 204//204 556//555 203//203
f 203//203 556//555 557//556
f 203//203 557//556 202//202
f 202//202 557//556 558//557
f 202//202 558//557 201//201
f 201//201 558//557 559//558
f 201//201 559//558 200//200
f 200//200 559//558 560//559
f 200//200 560//559 199//199
f 199//199 560//559 561//560
f 199//199 561//560 198//198
f 198//198 561//560 562//561
f 198//198 562//561 197//197
f 197//197 562//561 563//562
f 197//197 563//562 196//196
f 196//196 563//562 564//563
f 196//196 564//563 195//195
f 195//195 564//563 565//564
f 195//195 565//564 194//194
f 194//194 565//564 566//565
f 194//194 566//565 191//191
f 191//191 566//565 500//500
f 507//507 435//435 508//508
f 508//508 435//435 433//433
f 508//508 433//433 509//509
f 509//509 433//433 431//431
f 509//509 431//431 510//510
f 510//510 431//431 429//429
f 510//510 429//429 511//511
f 511//511 429//429 427//427
f 511//511 427//427 512//512
f 512//512 427//427 425//425
f 512//512 425//425 513//513
f 513//513 425//425 423//423
f 513//513 423//423 514//514
f 514//514 423//423 421//421
f 514//514 421//421 515//515
f 515//515 421//421 419//419
f 515//515 419//419 516//516
f 516//516 419//419 417//417
f 516//516 417//417 517//517
f 517//517 417//417 415//415
f 517//517 415//415 518//518
f 518//518 415//415 413//413
f 518//518 413//413 519//519
f 519//519 413//413 411//411
f 519//519 411//411 520//520
f 520//520 411//411 409//409
f 520//520 409//409 521//521
f 521//521 409//409 407//407
f 521//521 407//407 522//522
f 522//522 407//407 405//405
f 522//522 405//405 523//523
f 523//523 405//405 403//403
f 523//523 403//403 524//524
f 524//524 403//403 401//401
f 524//524 401//401 525//525
f 525//525 401//401 399//399
f 525//525 399//399 526//526
f 526//526 399//399 397//397
f 526//526 397//397 527//527
f 527//527 397//397 395//395
f 527//527 395//395 528//528
f 528//528 395//395 393//393
f 528//528 393//393 529//529
f 529//529 393//393 391//391
f 529//529 391//391 530//530
f 530//530 391//391 389//389
f 530//530 389//389 531//531
f 531//531 389//389 387//387
f 531//531 387//387 532//532
f 532//532 387//387 385//385
f 532//532 385//385 533//533
f 533//533 385//385 383//383
f 533//533 383//383 534//534
f 534//534 383//383 381//381
f 534//534 381//381 535//535
f 535//535 381//381 379//379
f 535//535 379//379 536//536
f 536//536 379//379 377//377
f 536//536 377//377 537//537
f 537//537 377//377 375//375
f 537//537 375//375 538//538
f 538//538 375//375 373//373
f 538//538 373//373 539//539
f 539//539 373//373 371//371
f 539//539 371//371 540//540
f 540//540 371//371 369//369
f 540//540 369//369 541//541
f 541//541 369//369 367//367
f 541//541 367//367 542//542
f 542//542 367//367 365//365
f 542//542 365//365 543//543
f 543//543 365//365 363//363
f 543//543 363//363 544//544
f 544//544 363//363 361//361
f 544//544 361//361 545//545
f 545//545 361//361 359//359
f 545//545 359//359 546//546
f 546//546 359//359 357//357
f 546//546 357//357 547//547
f 547//547 357//357 355//355
f 547//547 355//355 548//548
f 548//548 355//355 353//353
f 548//548 353//353 549//549
f 549//549 353//353 351//351
f 549//549 351//351 550//136
f 550//136 351//351 349//349
f 550//136 349//349 551//550
f 551//550 349//349 347//347
f 551//550 347//347 552//551
f 552//551 347//347 345//345
f 552//551 345//345 553//552
f 553//552 345//345 343//343
f 553//552 343//343 554//553
f 554//553 343//343 341//341
f 554//553 341//341 555//554
f 555//554 341//341 339//339
f 555//554 339//339 556//555
f 556//555 339//339 337//337
f 556//555 337//337 557//556
f 557//556 337//337 335//335
f 557//556 335//335 558//557
f 558//557 335//335 333//333
f 558//557 333//333 559//558
f 559//558 333//333 331//331
f 559//558 331//331 560//559
f 560//559 331//331 329//329
f 560//559 329//329 561//560
f 561//560 329//329 327//327
f 561//560 327//327 562//561
f 562//561 327//327 325//325
f 562//561 325//325 563//562
f 563//562 325//325 323//323
f 563//562 323//323 564//563
f 564//563 323//323 321//321
f 564//563 321//321 565//564
f 565//564 321//321 319//319
f 565//564 319//319 566//565
f 566//565 319//319 317//317
f 566//565 317//317 500//500
f 507//507 253//253 567//566
f 567//566 253//253 254//254
f 567//566 254//254 568//567
f 568//567 254//254 255//255
f 568//567 255//255 569//568
f 569//568 255//255 256//256
f 569//568 256//256 570//569
f 570//569 256//256 257//257
f 570//569 257//257 571//570
f 571//570 257//257 258//258
f 571//570 258//258 572//571
f 572//571 258//258 259//259
f 572//571 259//259 573//572
f 573//572 259//259 260//260
f 573//572 260//260 574//573
f 574//573 260//260 261//261
f 574//573 261//261 575//574
f 575//574 261//261 262//262
f 575//574 262//262 576//575
f 576//575 262//262 263//263
f 576//575 263//263 577//576
f 577//576 263//263 264//264
f 577//576 264//264 578//577
f 578//577 264//264 265//265
f 578//577 265//265 579//578
f 579//578 265//265 266//266
f 579//578 266//266 580//579
f 580//579 266//266 267//267
f 580//579 267//267 581//580
f 581//580 267//267 268//268
f 581//580 268//268 582//581
f 582//581 268//268 269//269
f 582//581 269//269 288//288
f 288//288 269//269 270//270
f 435//435 507//507 437//437
f 437//437 507//507 567//566
f 437//437 567//566 439//439
f 439//439 567//566 568//567
f 439//439 568//567 441//441
f 441//441 568//567 569//568
f 441//441 569//568 443//443
f 443//443 569//568 570//569
f 443//443 570//569 445//445
f 445//445 570//569 571//570
f 445//445 571//570 447//447
f 447//447 571//570 572//571
f 447//447 572//571 449//449
f 449//449 572//571 573//572
f 449//449 573//572 451//451
f 451//451 573//572 574//573
f 451//451 574//573 453//453
f 453//453 574//573 575//574
f 453//453 575//574 455//455
f 455//455 575//574 576//575
f 455//455 576//575 457//457
f 457//457 576//575 577//576
f 457//457 577//576 459//459
f 459//459 577//576 578//577
f 459//459 578//577 461//461
f 461//461 578//577 579//578
f 461//461 579//578 463//463
f 463//463 579//578 580//579
f 463//463 580//579 465//465
f 465//465 580//579 581//580
f 465//465 581//580 467//467
f 467//467 581//580 582//581
f 467//467 582//581 290//290
f 290//290 582//581 288//288
f 482//482 493//493 313//313
f 313//313 493//493 315//315
f 302//302 300//300 470//470
f 305//305 302//302 470//470
f 307//307 305//305 476//476
f 476//476 305//305 470//470
f 482//482 481//481 487//487
f 308//308 583//582 306//306
f 306//306 583//582 584//583
f 306//306 584//583 585//584
f 583//582 308//308 586//585
f 586//585 308//308 310//310
f 586//585 310//310 587//586
f 587//586 310//310 312//312
f 587//586 312//312 588//587
f 588//587 312//312 314//314
f 588//587 314//314 589//588
f 589//588 314//314 316//316
f 589//588 316//316 590//589
f 590//589 316//316 318//318
f 590//589 318//318 591//590
f 591//590 318//318 320//320
f 591//590 320//320 592//591
f 592//591 320//320 322//322
f 592//591 322//322 593//592
f 593//592 322//322 324//324
f 593//592 324//324 594//593
f 594//593 324//324 326//326
f 594//593 326//326 595//594
f 595//594 326//326 328//328
f 595//594 328//328 596//595
f 596//595 328//328 330//330
f 596//595 330//330 597//596
f 597//596 330//330 332//332
f 597//596 332//332 598//597
f 598//597 332//332 334//334
f 598//597 334//334 599//598
f 599//598 334//334 600//599
f 600//599 334//334 336//336
f 600//599 336//336 601//600
f 601//600 336//336 338//338
f 601//600 338//338 602//601
f 602//601 338//338 340//340
f 602//601 340//340 603//602
f 603//602 340//340 342//342
f 603//602 342//342 604//603
f 604//603 342//342 344//344
f 604//603 344//344 605//604
f 605//604 344//344 346//346
f 605//604 346//346 606//605
f 606//605 346//346 348//348
f 606//605 348//348 607//606
f 607//606 348//348 350//350
f 607//606 350//350 608//607
f 608//607 350//350 352//352
f 608//607 352//352 609//608
f 609//608 352//352 354//354
f 609//608 354//354 610//609
f 610//609 354//354 356//356
f 610//609 356//356 611//610
f 611//610 356//356 358//358
f 611//610 358//358 612//611
f 612//611 358//358 360//360
f 612//611 360//360 613//612
f 613//612 360//360 362//362
f 613//612 362//362 614//613
f 614//613 362//362 364//364
f 614//613 364//364 615//614
f 615//614 364//364 616//615
f 616//615 364//364 366//366
f 616//615 366//366 617//616
f 617//616 366//366 368//368
f 617//616 368//368 618//617
f 618//617 368//368 370//370
f 618//617 370//370 619//618
f 619//618 370//370 372//372
f 619//618 372//372 620//619
f 620//619 372//372 374//374
f 620//619 374//374 621//620
f 621//620 374//374 376//376
f 621//620 376//376 622//621
f 622//621 376//376 378//378
f 622//621 378//378 623//622
f 623//622 378//378 380//380
f 623//622 380//380 624//623
f 624//623 380//380 382//382
f 624//623 382//382 625//624
f 625//624 382//382 384//384
f 625//624 384//384 626//625
f 626//625 384//384 386//386
f 626//625 386//386 627//626
f 627//626 386//386 388//388
f 627//626 388//388 628//627
f 628//627 388//388 390//390
f 628//627 390//390 629//628
f 629//628 390//390 392//392
f 629//628 392//392 630//629
f 630//629 392//392 631//630
f 631//630 392//392 394//394
f 631//630 394//394 632//631
f 632//631 394//394 396//396
f 632//631 396//396 633//632
f 633//632 396//396 398//398
f 633//632 398//398 634//633
f 634//633 398//398 400//400
f 634//633 400//400 635//634
f 635//634 400//400 402//402
f 635//634 402//402 636//635
f 636//635 402//402 404//404
f 636//635 404//404 637//636
f 637//636 404//404 406//406
f 637//636 406//406 638//637
f 638//637 406//406 408//408
f 638//637 408//408 639//638
f 639//638 408//408 410//410
f 639//638 410//410 640//639
f 640//639 410//410 412//412
f 640//639 412//412 641//640
f 641//640 412//412 414//414
f 641//640 414//414 642//641
f 642//641 414//414 416//416
f 642//641 416//416 643//642
f 643//642 416//416 418//418
f 643//642 418//418 644//643
f 644//643 418//418 420//420
f 644//643 420//420 645//644
f 645//644 420//420 646//645
f 646//645 420//420 422//422
f 646//645 422//422 647//646
f 647//646 422//422 424//424
f 647//646 424//424 648//647
f 648//647 424//424 426//426
f 648//647 426//426 649//648
f 649//648 426//426 428//428
f 649//648 428//428 650//649
f 650//649 428//428 430//430
f 650//649 430//430 651//650
f 651//650 430//430 432//432
f 651//650 432//432 652//651
f 652//651 432//432 434//434
f 652//651 434//434 653//652
f 653//652 434//434 436//436
f 653//652 436//436 654//653
f 654//653 436//436 438//438
f 654//653 438//438 655//654
f 655//654 438//438 440//440
f 655//654 440//440 656//655
f 656//655 440//440 442//442
f 656//655 442//442 657//656
f 657//656 442//442 444//444
f 657//656 444//444 658//657
f 658//657 444//444 446//446
f 658//657 446//446 659//658
f 659//658 446//446 448//448
f 659//658 448//448 660//659
f 660//659 448//448 450//450
f 660//659 450//450 661//660
f 661//660 450//450 662//661
f 662//661 450//450 452//452
f 662//661 452//452 663//662
f 663//662 452//452 454//454
f 663//662 454//454 664//663
f 664//663 454//454 456//456
f 664//663 456//456 665//664
f 665//664 456//456 458//458
f 665//664 458//458 666//665
f 666//665 458//458 460//460
f 666//665 460//460 667//666
f 667//666 460//460 462//462
f 667//666 462//462 668//667
f 668//667 462//462 464//464
f 668//667 464//464 669//668
f 669//668 464//464 466//466
f 669//668 466//466 670//669
f 670//669 466//466 292//292
f 670//669 292//292 671//670
f 671//670 292//292 291//291
f 671//670 291//291 672//671
f 672//671 291//291 506//506
f 672//671 506//506 673//672
f 673//672 506//506 303//303
f 673//672 303//303 674//673
f 674//673 303//303 304//304
f 674//673 304//304 585//584
f 585//584 304//304 306//306
f 179//179 675//674 180//180
f 180//180 675//674 676//675
f 180//180 676//675 677//676
f 675//674 179//179 678//677
f 678//677 179//179 184//184
f 678//677 184//184 679//678
f 679//678 184//184 183//183
f 679//678 183//183 680//679
f 680//679 183//183 182//182
f 680//679 182//182 681//680
f 681//680 182//182 187//187
f 681//680 187//187 682//681
f 682//681 187//187 186//186
f 682//681 186//186 683//682
f 683//682 186//186 185//185
f 683//682 185//185 684//683
f 684//683 185//185 505//505
f 684//683 505//505 190//190
f 684//683 190//190 685//684
f 685//684 190//190 189//189
f 685//684 189//189 686//685
f 686//685 189//189 188//188
f 686//685 188//188 687//686
f 687//686 188//188 504//504
f 687//686 504//504 688//687
f 688//687 504//504 503//503
f 688//687 503//503 689//688
f 689//688 503//503 502//502
f 689//688 502//502 690//689
f 690//689 502//502 193//193
f 690//689 193//193 691//690
f 691//690 193//193 192//192
f 691//690 192//192 692//691
f 692//691 192//192 501//501
f 692//691 501//501 693//692
f 693//692 501//501 694//693
f 694//693 501//501 499//499
f 694//693 499//499 498//498
f 694//693 498//498 695//694
f 695//694 498//498 497//497
f 695//694 497//497 696//695
f 696//695 497//497 496//496
f 696//695 496//496 697//696
f 697//696 496//496 698//697
f 698//697 496//496 494//494
f 698//697 494//494 492//492
f 698//697 492//492 699//698
f 699//698 492//492 491//491
f 699//698 491//491 700//699
f 700//699 491//491 490//490
f 700//699 490//490 701//700
f 701//700 490//490 489//489
f 701//700 489//489 702//701
f 702//701 489//489 488//488
f 702//701 488//488 703//702
f 703//702 488//488 486//486
f 703//702 486//486 704//703
f 704//703 486//486 485//485
f 704//703 485//485 705//704
f 705//704 485//485 484//484
f 705//704 484//484 706//705
f 706//705 484//484 483//483
f 706//705 483//483 707//706
f 707//706 483//483 479//479
f 707//706 479//479 708//707
f 708//707 479//479 709//708
f 709//708 479//479 478//478
f 709//708 478//478 710//709
f 710//709 478//478 477//477
f 710//709 477//477 711//710
f 711//710 477//477 472//472
f 711//710 472//472 712//711
f 712//711 472//472 471//471
f 712//711 471//471 713//712
f 713//712 471//471 475//475
f 713//712 475//475 714//713
f 714//713 475//475 474//474
f 714//713 474//474 715//714
f 715//714 474//474 473//473
f 715//714 473//473 716//715
f 716//715 473//473 468//468
f 716//715 468//468 299//299
f 716//715 299//299 717//716
f 717//716 299//299 298//298
f 717//716 298//298 718//717
f 718//717 298//298 297//297
f 718//717 297//297 719//718
f 719//718 297//297 296//296
f 719//718 296//296 720//719
f 720//719 296//296 294//294
f 720//719 294//294 721//720
f 721//720 294//294 293//293
f 721//720 293//293 722//721
f 722//721 293//293 286//286
f 722//721 286//286 723//722
f 723//722 286//286 271//271
f 723//722 271//271 724//723
f 724//723 271//271 272//272
f 724//723 272//272 725//724
f 725//724 272//272 726//725
f 726//725 272//272 273//273
f 726//725 273//273 274//274
f 726//725 274//274 727//726
f 727//726 274//274 275//275
f 727//726 275//275 728//727
f 728//727 275//275 276//276
f 728//727 276//276 729//728
f 729//728 276//276 730//729
f 730//729 276//276 277//277
f 730//729 277//277 278//278
f 730//729 278//278 731//730
f 731//730 278//278 279//279
f 731//730 279//279 732//731
f 732//731 279//279 280//280
f 732//731 280//280 733//732
f 733//732 280//280 281//281
f 733//732 281//281 734//733
f 734//733 281//281 282//282
f 734//733 282//282 735//734
f 735//734 282//282 283//283
f 735//734 283//283 736//735
f 736//735 283//283 284//284
f 736//735 284//284 737//736
f 737//736 284//284 285//285
f 737//736 285//285 738//737
f 738//737 285//285 181//181
f 738//737 181//181 677//676
f 677//676 181//181 180//180
f 677//676 676//675 2//2
f 2//2 676//675 675//674
f 2//2 675//674 4//4
f 4//4 675//674 678//677
f 4//4 678//677 679//678
f 679//678 680//679 4//4
f 4//4 680//679 6//6
f 6//6 680//679 681//680
f 6//6 681//680 682//681
f 682//681 683//682 6//6
f 6//6 683//682 8//8
f 8//8 683//682 684//683
f 8//8 684//683 685//684
f 685//684 686//685 8//8
f 8//8 686//685 687//686
f 8//8 687//686 688//687
f 8//8 688//687 10//10
f 10//10 688//687 689//688
f 10//10 689//688 690//689
f 690//689 691//690 10//10
f 10//10 691//690 692//691
f 10//10 692//691 739//738
f 739//738 692//691 693//692
f 739//738 693//692 694//693
f 739//738 694//693 740//739
f 740//739 694//693 695//694
f 740//739 695//694 696//695
f 696//695 697//696 740//739
f 740//739 697//696 698//697
f 740//739 698//697 699//698
f 740//739 699//698 741//740
f 741//740 699//698 700//699
f 741//740 700//699 701//700
f 701//700 702//701 741//740
f 741//740 702//701 703//702
f 741//740 703//702 742//741
f 742//741 703//702 704//703
f 742//741 704//703 705//704
f 705//704 706//705 742//741
f 742//741 706//705 743//742
f 742//741 743//742 744//743
f 744//743 743//742 745//744
f 744//743 745//744 584//583
f 584//583 745//744 585//584
f 585//584 745//744 746//745
f 585//584 746//745 674//673
f 674//673 746//745 747//746
f 674//673 747//746 673//672
f 673//672 747//746 748//747
f 673//672 748//747 672//671
f 672//671 748//747 749//748
f 672//671 749//748 671//670
f 671//670 749//748 750//749
f 671//670 750//749 670//669
f 670//669 750//749 751//750
f 670//669 751//750 669//668
f 669//668 751//750 752//751
f 669//668 752//751 668//667
f 668//667 752//751 753//752
f 668//667 753//752 667//666
f 667//666 753//752 754//753
f 667//666 754//753 666//665
f 666//665 754//753 755//754
f 666//665 755//754 665//664
f 665//664 755//754 756//755
f 665//664 756//755 664//663
f 664//663 756//755 757//756
f 664//663 757//756 663//662
f 663//662 757//756 758//757
f 663//662 758//757 662//661
f 662//661 758//757 759//758
f 662//661 759//758 661//660
f 661//660 759//758 760//759
f 661//660 760//759 660//659
f 660//659 760//759 761//760
f 660//659 761//760 659//658
f 659//658 761//760 762//761
f 659//658 762//761 658//657
f 658//657 762//761 763//762
f 658//657 763//762 657//656
f 657//656 763//762 764//763
f 657//656 764//763 656//655
f 656//655 764//763 765//764
f 656//655 765//764 655//654
f 655//654 765//764 766//765
f 655//654 766//765 654//653
f 654//653 766//765 767//136
f 654//653 767//136 653//652
f 653//652 767//136 652//651
f 652//651 767//136 768//766
f 652//651 768//766 651//650
f 651//650 768//766 769//767
f 651//650 769//767 650//649
f 650//649 769//767 770//768
f 650//649 770//768 649//648
f 649//648 770//768 771//769
f 649//648 771//769 648//647
f 648//647 771//769 772//770
f 648//647 772//770 647//646
f 647//646 772//770 773//771
f 647//646 773//771 646//645
f 646//645 773//771 774//772
f 646//645 774//772 645//644
f 645//644 774//772 775//773
f 645//644 775//773 644//643
f 644//643 775//773 776//774
f 644//643 776//774 643//642
f 643//642 776//774 777//775
f 643//642 777//775 642//641
f 642//641 777//775 778//776
f 642//641 778//776 641//640
f 641//640 778//776 779//777
f 641//640 779//777 640//639
f 640//639 779//777 780//778
f 640//639 780//778 639//638
f 639//638 780//778 781//779
f 639//638 781//779 638//637
f 638//637 781//779 782//780
f 638//637 782//780 637//636
f 637//636 782//780 783//781
f 637//636 783//781 636//635
f 636//635 783//781 784//782
f 636//635 784//782 635//634
f 635//634 784//782 785//783
f 635//634 785//783 634//633
f 634//633 785//783 786//784
f 634//633 786//784 633//632
f 633//632 786//784 787//785
f 633//632 787//785 632//631
f 632//631 787//785 788//786
f 632//631 788//786 631//630
f 631//630 788//786 789//787
f 631//630 789//787 630//629
f 630//629 789//787 790//788
f 630//629 790//788 629//628
f 629//628 790//788 791//789
f 629//628 791//789 628//627
f 628//627 791//789 792//790
f 628//627 792//790 627//626
f 627//626 792//790 793//791
f 627//626 793//791 626//625
f 626//625 793//791 794//792
f 626//625 794//792 625//624
f 625//624 794//792 795//793
f 625//624 795//793 624//623
f 624//623 795//793 796//794
f 624//623 796//794 623//622
f 623//622 796//794 797//795
f 623//622 797//795 622//621
f 622//621 797//795 798//796
f 622//621 798//796 621//620
f 621//620 798//796 799//797
f 621//620 799//797 620//619
f 620//619 799//797 800//798
f 620//619 800//798 619//618
f 619//618 800//798 801//799
f 619//618 801//799 618//617
f 618//617 801//799 802//800
f 618//617 802//800 617//616
f 617//616 802//800 803//801
f 617//616 803//801 616//615
f 616//615 803//801 804//802
f 616//615 804//802 615//614
f 615//614 804//802 805//803
f 615//614 805//803 614//613
f 614//613 805//803 806//804
f 614//613 806//804 613//612
f 613//612 806//804 807//805
f 613//612 807//805 612//611
f 612//611 807//805 808//806
f 612//611 808//806 611//610
f 611//610 808//806 809//807
f 611//610 809//807 610//609
f 610//609 809//807 810//808
f 610//609 810//808 609//608
f 609//608 810//808 811//809
f 609//608 811//809 608//607
f 608//607 811//809 812//810
f 608//607 812//810 607//606
f 607//606 812//810 813//811
f 607//606 813//811 606//605
f 606//605 813//811 814//812
f 606//605 814//812 605//604
f 605//604 814//812 815//813
f 605//604 815//813 604//603
f 604//603 815//813 816//814
f 604//603 816//814 603//602
f 603//602 816//814 817//815
f 603//602 817//815 602//601
f 602//601 817//815 818//816
f 602//601 818//816 601//600
f 601//600 818//816 819//817
f 601//600 819//817 600//599
f 600//599 819//817 820//818
f 600//599 820//818 599//598
f 599//598 820//818 821//819
f 599//598 821//819 598//597
f 598//597 821//819 822//820
f 598//597 822//820 597//596
f 597//596 822//820 823//821
f 597//596 823//821 596//595
f 596//595 823//821 824//822
f 596//595 824//822 595//594
f 595//594 824//822 825//823
f 595//594 825//823 594//593
f 594//593 825//823 826//824
f 594//593 826//824 593//592
f 593//592 826//824 827//825
f 593//592 827//825 592//591
f 592//591 827//825 828//826
f 592//591 828//826 591//590
f 591//590 828//826 829//827
f 591//590 829//827 590//589
f 590//589 829//827 830//828
f 590//589 830//828 589//588
f 589//588 830//828 831//829
f 589//588 831//829 588//587
f 588//587 831//829 832//830
f 588//587 832//830 587//586
f 587//586 832//830 833//831
f 587//586 833//831 586//585
f 586//585 833//831 834//832
f 586//585 834//832 583//582
f 583//582 834//832 744//743
f 583//582 744//743 584//583
f 706//705 707//706 743//742
f 743//742 707//706 708//707
f 743//742 708//707 709//708
f 743//742 709//708 835//833
f 835//833 709//708 710//709
f 835//833 710//709 711//710
f 711//710 712//711 835//833
f 835//833 712//711 836//834
f 835//833 836//834 746//745
f 746//745 836//834 747//746
f 712//711 713//712 836//834
f 836//834 713//712 714//713
f 836//834 714//713 715//714
f 836//834 715//714 837//835
f 837//835 715//714 716//715
f 837//835 716//715 717//716
f 717//716 718//717 837//835
f 837//835 718//717 719//718
f 837//835 719//718 838//836
f 838//836 719//718 720//719
f 838//836 720//719 721//720
f 721//720 722//721 838//836
f 838//836 722//721 723//722
f 838//836 723//722 724//723
f 838//836 724//723 173//173
f 173//173 724//723 725//724
f 173//173 725//724 726//725
f 726//725 727//726 173//173
f 173//173 727//726 175//175
f 175//175 727//726 728//727
f 175//175 728//727 729//728
f 729//728 730//729 175//175
f 175//175 730//729 731//730
f 175//175 731//730 732//731
f 175//175 732//731 177//177
f 177//177 732//731 733//732
f 177//177 733//732 734//733
f 734//733 735//734 177//177
f 177//177 735//734 736//735
f 177//177 736//735 1//1
f 1//1 736//735 737//736
f 1//1 737//736 738//737
f 738//737 677//676 1//1
f 1//1 677//676 2//2
f 838//836 173//173 839//837
f 839//837 173//173 171//171
f 839//837 171//171 840//838
f 840//838 171//171 169//169
f 840//838 169//169 841//839
f 841//839 169//169 167//167
f 841//839 167//167 842//840
f 842//840 167//167 165//165
f 842//840 165//165 843//841
f 843//841 165//165 163//163
f 843//841 163//163 844//842
f 844//842 163//163 161//161
f 844//842 161//161 845//843
f 845//843 161//161 159//159
f 845//843 159//159 846//844
f 846//844 159//159 157//157
f 846//844 157//157 847//845
f 847//845 157//157 155//155
f 847//845 155//155 848//846
f 848//846 155//155 153//153
f 848//846 153//153 849//847
f 849//847 153//153 152//152
f 849//847 152//152 850//848
f 850//848 152//152 150//150
f 850//848 150//150 851//849
f 851//849 150//150 148//148
f 851//849 148//148 852//761
f 852//761 148//148 146//146
f 852//761 146//146 853//762
f 853//762 146//146 144//144
f 853//762 144//144 854//763
f 854//763 144//144 142//142
f 854//763 142//142 855//764
f 855//764 142//142 140//140
f 855//764 140//140 856//765
f 856//765 140//140 138//138
f 856//765 138//138 857//136
f 857//136 138//138 136//136
f 857//136 136//136 134//134
f 857//136 134//134 858//766
f 858//766 134//134 132//132
f 858//766 132//132 859//767
f 859//767 132//132 130//130
f 859//767 130//130 860//768
f 860//768 130//130 128//128
f 860//768 128//128 861//769
f 861//769 128//128 126//126
f 861//769 126//126 862//770
f 862//770 126//126 124//124
f 862//770 124//124 863//850
f 863//850 124//124 122//122
f 863//850 122//122 864//851
f 864//851 122//122 121//121
f 864//851 121//121 865//852
f 865//852 121//121 119//119
f 865//852 119//119 866//853
f 866//853 119//119 117//117
f 866//853 117//117 867//854
f 867//854 117//117 115//115
f 867//854 115//115 868//855
f 868//855 115//115 113//113
f 868//855 113//113 869//856
f 869//856 113//113 111//111
f 869//856 111//111 870//857
f 870//857 111//111 109//109
f 870//857 109//109 871//858
f 871//858 109//109 107//107
f 871//858 107//107 872//859
f 872//859 107//107 105//105
f 872//859 105//105 873//860
f 873//860 105//105 103//103
f 873//860 103//103 874//861
f 874//861 103//103 101//101
f 874//861 101//101 875//862
f 875//862 101//101 99//99
f 875//862 99//99 876//863
f 876//863 99//99 97//97
f 876//863 97//97 877//864
f 877//864 97//97 95//95
f 877//864 95//95 878//865
f 878//865 95//95 93//93
f 878//865 93//93 879//866
f 879//866 93//93 92//92
f 879//866 92//92 880//867
f 880//867 92//92 90//90
f 880//867 90//90 881//868
f 881//868 90//90 88//88
f 881//868 88//88 882//869
f 882//869 88//88 86//86
f 882//869 86//86 883//870
f 883//870 86//86 84//84
f 883//870 84//84 884//871
f 884//871 84//84 82//82
f 884//871 82//82 885//872
f 885//872 82//82 80//80
f 885//872 80//80 886//873
f 886//873 80//80 78//78
f 886//873 78//78 887//874
f 887//874 78//78 76//76
f 887//874 76//76 888//875
f 888//875 76//76 74//74
f 888//875 74//74 889//876
f 889//876 74//74 72//72
f 889//876 72//72 890//877
f 890//877 72//72 70//70
f 890//877 70//70 891//878
f 891//878 70//70 68//68
f 891//878 68//68 892//879
f 892//879 68//68 66//66
f 892//879 66//66 893//880
f 893//880 66//66 64//64
f 893//880 64//64 894//881
f 894//881 64//64 63//63
f 894//881 63//63 895//882
f 895//882 63//63 61//61
f 895//882 61//61 896//883
f 896//883 61//61 59//59
f 896//883 59//59 897//884
f 897//884 59//59 57//57
f 897//884 57//57 898//885
f 898//885 57//57 55//55
f 898//885 55//55 899//886
f 899//886 55//55 53//53
f 899//886 53//53 900//887
f 900//887 53//53 51//51
f 900//887 51//51 901//888
f 901//888 51//51 49//49
f 901//888 49//49 902//889
f 902//889 49//49 47//47
f 902//889 47//47 903//890
f 903//890 47//47 45//45
f 903//890 45//45 904//891
f 904//891 45//45 43//43
f 904//891 43//43 905//892
f 905//892 43//43 41//41
f 905//892 41//41 906//893
f 906//893 41//41 39//39
f 906//893 39//39 907//894
f 907//894 39//39 37//37
f 907//894 37//37 908//895
f 908//895 37//37 35//35
f 908//895 35//35 909//896
f 909//896 35//35 33//33
f 909//896 33//33 910//897
f 910//897 33//33 32//32
f 910//897 32//32 911//898
f 911//898 32//32 30//30
f 911//898 30//30 912//899
f 912//899 30//30 28//28
f 912//899 28//28 913//900
f 913//900 28//28 26//26
f 913//900 26//26 914//901
f 914//901 26//26 24//24
f 914//901 24//24 915//902
f 915//902 24//24 22//22
f 915//902 22//22 916//903
f 916//903 22//22 20//20
f 916//903 20//20 917//904
f 917//904 20//20 18//18
f 917//904 18//18 918//905
f 918//905 18//18 16//16
f 918//905 16//16 919//906
f 919//906 16//16 14//14
f 919//906 14//14 920//907
f 920//907 14//14 12//12
f 920//907 12//12 739//738
f 739//738 12//12 10//10
f 767//136 857//136 768//766
f 768//766 857//136 858//766
f 768//766 858//766 769//767
f 769//767 858//766 859//767
f 769//767 859//767 770//768
f 770//768 859//767 860//768
f 770//768 860//768 771//769
f 771//769 860//768 861//769
f 771//769 861//769 772//770
f 772//770 861//769 862//770
f 772//770 862//770 773//771
f 773//771 862//770 863//850
f 773//771 863//850 774//772
f 774//772 863//850 864//851
f 774//772 864//851 775//773
f 775//773 864//851 865//852
f 775//773 865//852 776//774
f 776//774 865//852 866//853
f 776//774 866//853 777//775
f 777//775 866//853 867//854
f 777//775 867//854 778//776
f 778//776 867//854 868//855
f 778//776 868//855 779//777
f 779//777 868//855 869//856
f 779//777 869//856 780//778
f 780//778 869//856 870//857
f 780//778 870//857 781//779
f 781//779 870//857 871//858
f 781//779 871//858 782//780
f 782//780 871//858 872//859
f 782//780 872//859 783//781
f 783//781 872//859 873//860
f 783//781 873//860 784//782
f 784//782 873//860 874//861
f 784//782 874//861 785//783
f 785//783 874//861 875//862
f 785//783 875//862 786//784
f 786//784 875//862 876//863
f 786//784 876//863 787//785
f 787//785 876//863 877//864
f 787//785 877//864 788//786
f 788//786 877//864 878//865
f 788//786 878//865 789//787
f 789//787 878//865 879//866
f 789//787 879//866 790//788
f 790//788 879//866 880//867
f 790//788 880//867 791//789
f 791//789 880//867 881//868
f 791//789 881//868 792//790
f 792//790 881//868 882//869
f 792//790 882//869 793//791
f 793//791 882//869 883//870
f 793//791 883//870 794//792
f 794//792 883//870 884//871
f 794//792 884//871 795//793
f 795//793 884//871 885//872
f 795//793 885//872 796//794
f 796//794 885//872 886//873
f 796//794 886//873 797//795
f 797//795 886//873 887//874
f 797//795 887//874 798//796
f 798//796 887//874 888//875
f 798//796 888//875 799//797
f 799//797 888//875 889//876
f 799//797 889//876 800//798
f 800//798 889//876 890//877
f 800//798 890//877 801//799
f 801//799 890//877 891//878
f 801//799 891//878 802//800
f 802//800 891//878 892//879
f 802//800 892//879 803//801
f 803//801 892//879 893//880
f 803//801 893//880 804//802
f 804//802 893//880 894//881
f 804//802 894//881 805//803
f 805//803 894//881 895//882
f 805//803 895//882 806//804
f 806//804 895//882 896//883
f 806//804 896//883 807//805
f 807//805 896//883 897//884
f 807//805 897//884 808//806
f 808//806 897//884 898//885
f 808//806 898//885 809//807
f 809//807 898//885 899//886
f 809//807 899//886 810//808
f 810//808 899//886 900//887
f 810//808 900//887 811//809
f 811//809 900//887 901//888
f 811//809 901//888 812//810
f 812//810 901//888 902//889
f 812//810 902//889 813//811
f 813//811 902//889 903//890
f 813//811 903//890 814//812
f 814//812 903//890 904//891
f 814//812 904//891 815//813
f 815//813 904//891 905//892
f 815//813 905//892 816//814
f 816//814 905//892 906//893
f 816//814 906//893 817//815
f 817//815 906//893 907//894
f 817//815 907//894 818//816
f 818//816 907//894 908//895
f 818//816 908//895 819//817
f 819//817 908//895 909//896
f 819//817 909//896 820//818
f 820//818 909//896 910//897
f 820//818 910//897 821//819
f 821//819 910//897 911//898
f 821//819 911//898 822//820
f 822//820 911//898 912//899
f 822//820 912//899 823//821
f 823//821 912//899 913//900
f 823//821 913//900 824//822
f 824//822 913//900 914//901
f 824//822 914//901 825//823
f 825//823 914//901 915//902
f 825//823 915//902 826//824
f 826//824 915//902 916//903
f 826//824 916//903 827//825
f 827//825 916//903 917//904
f 827//825 917//904 828//826
f 828//826 917//904 918//905
f 828//826 918//905 829//827
f 829//827 918//905 919//906
f 829//827 919//906 830//828
f 830//828 919//906 920//907
f 830//828 920//907 831//829
f 831//829 920//907 739//738
f 831//829 739//738 832//830
f 832//830 739//738 740//739
f 832//830 740//739 833//831
f 833//831 740//739 741//740
f 833//831 741//740 834//832
f 834//832 741//740 742//741
f 834//832 742//741 744//743
f 857//136 767//136 856//765
f 856//765 767//136 766//765
f 856//765 766//765 855//764
f 855//764 766//765 765//764
f 855//764 765//764 854//763
f 854//763 765//764 764//763
f 854//763 764//763 853//762
f 853//762 764//763 763//762
f 853//762 763//762 852//761
f 852//761 763//762 762//761
f 852//761 762//761 851//849
f 851//849 762//761 761//760
f 851//849 761//760 850//848
f 850//848 761//760 760//759
f 850//848 760//759 849//847
f 849//847 760//759 759//758
f 849//847 759//758 848//846
f 848//846 759//758 758//757
f 848//846 758//757 847//845
f 847//845 758//757 757//756
f 847//845 757//756 846//844
f 846//844 757//756 756//755
f 846//844 756//755 845//843
f 845//843 756//755 755//754
f 845//843 755//754 844//842
f 844//842 755//754 754//753
f 844//842 754//753 843//841
f 843//841 754//753 753//752
f 843//841 753//752 842//840
f 842//840 753//752 752//751
f 842//840 752//751 841//839
f 841//839 752//751 751//750
f 841//839 751//750 840//838
f 840//838 751//750 750//749
f 840//838 750//749 839//837
f 839//837 750//749 749//748
f 839//837 749//748 838//836
f 838//836 749//748 748//747
f 838//836 748//747 837//835
f 837//835 748//747 747//746
f 837//835 747//746 836//834
f 746//745 745//744 835//833
f 835//833 745//744 743//742
f 921//908 922//909 923//910
f 923//910 922//909 924//911
f 923//910 924//911 925//912
f 922//909 921//908 926//913
f 926//913 921//908 927//914
f 926//913 927//914 928//915
f 928//915 927//914 929//916
f 928//915 929//916 930//917
f 930//917 929//916 931//918
f 930//917 931//918 932//919
f 932//919 931//918 933//920
f 932//919 933//920 934//921
f 934//921 933//920 935//922
f 934//921 935//922 936//923
f 936//923 935//922 937//924
f 936//923 937//924 938//925
f 938//925 937//924 939//926
f 939//926 937//924 940//927
f 939//926 940//927 941//928
f 941//928 940//927 942//929
f 941//928 942//929 943//930
f 943//930 942//929 944//931
f 943//930 944//931 945//932
f 945//932 944//931 946//933
f 945//932 946//933 947//934
f 947//934 946//933 948//935
f 947//934 948//935 949//936
f 949//936 948//935 950//937
f 949//936 950//937 951//938
f 951//938 950//937 952//939
f 951//938 952//939 953//940
f 953//940 952//939 954//941
f 954//941 952//939 955//942
f 954//941 955//942 956//943
f 956//943 955//942 957//944
f 956//943 957//944 958//945
f 958//945 957//944 959//946
f 958//945 959//946 960//947
f 960//947 959//946 961//948
f 960//947 961//948 962//949
f 962//949 961//948 963//950
f 962//949 963//950 964//951
f 964//951 963//950 965//952
f 964//951 965//952 966//953
f 966//953 965//952 967//954
f 966//953 967//954 968//955
f 968//955 967//954 969//956
f 968//955 969//956 970//957
f 970//957 969//956 971//958
f 971//958 969//956 972//959
f 971//958 972//959 973//960
f 973//960 972//959 974//961
f 973//960 974//961 975//962
f 975//962 974//961 976//963
f 975//962 976//963 977//964
f 977//964 976//963 978//965
f 977//964 978//965 979//966
f 979//966 978//965 980//967
f 979//966 980//967 981//968
f 981//968 980//967 982//969
f 981//968 982//969 983//970
f 983//970 982//969 984//971
f 983//970 984//971 985//972
f 985//972 984//971 986//973
f 986//973 984//971 987//974
f 986//973 987//974 988//975
f 988//975 987//974 989//976
f 988//975 989//976 990//977
f 990//977 989//976 991//978
f 990//977 991//978 992//979
f 992//979 991//978 993//980
f 992//979 993//980 994//981
f 994//981 993//980 995//982
f 994//981 995//982 996//983
f 996//983 995//982 997//984
f 996//983 997//984 998//985
f 998//985 997//984 999//986
f 998//985 999//986 1000//987
f 1000//987 999//986 1001//988
f 1001//988 999//986 1002//989
f 1001//988 1002//989 1003//990
f 1003//990 1002//989 1004//991
f 1003//990 1004//991 1005//992
f 1005//992 1004//991 1006//993
f 1005//992 1006//993 1007//994
f 1007//994 1006//993 1008//995
f 1007//994 1008//995 1009//996
f 1009//996 1008//995 1010//997
f 1009//996 1010//997 1011//998
f 1011//998 1010//997 1012//999
f 1011//998 1012//999 1013//1000
f 1013//1000 1012//999 1014//1001
f 1013//1000 1014//1001 1015//1002
f 1015//1002 1014//1001 1016//1003
f 1015//1002 1016//1003 1017//1004
f 1017//1004 1016//1003 1018//1005
f 1018//1005 1016//1003 1019//1006
f 1018//1005 1019//1006 1020//1007
f 1020//1007 1019//1006 1021//1008
f 1020//1007 1021//1008 1022//1009
f 1022//1009 1021//1008 1023//1010
f 1022//1009 1023//1010 1024//1011
f 1024//1011 1023//1010 1025//1012
f 1024//1011 1025//1012 1026//1013
f 1026//1013 1025//1012 1027//1014
f 1026//1013 1027//1014 1028//1015
f 1028//1015 1027//1014 1029//1016
f 1028//1015 1029//1016 1030//1017
f 1030//1017 1029//1016 1031//1018
f 1030//1017 1031//1018 1032//1019
f 1032//1019 1031//1018 1033//1020
f 1033//1020 1031//1018 1034//1021
f 1033//1020 1034//1021 1035//1022
f 1035//1022 1034//1021 1036//1023
f 1035//1022 1036//1023 1037//1024
f 1037//1024 1036//1023 1038//1025
f 1037//1024 1038//1025 1039//1026
f 1039//1026 1038//1025 1040//1027
f 1039//1026 1040//1027 1041//1028
f 1041//1028 1040//1027 1042//1029
f 1041//1028 1042//1029 1043//1030
f 1043//1030 1042//1029 1044//1031
f 1043//1030 1044//1031 925//912
f 925//912 1044//1031 923//910
f 1045//1032 1046//1033 1047//1034
f 1047//1034 1046//1033 1048//1035
f 1047//1034 1048//1035 1049//1036
f 1049//1036 1048//1035 1050//1037
f 1049//1036 1050//1037 1051//1038
f 1051//1038 1050//1037 1052//1039
f 1051//1038 1052//1039 1053//1040
f 1053//1040 1052//1039 1054//1041
f 1053//1040 1054//1041 1055//1042
f 1055//1042 1054//1041 1056//1043
f 1055//1042 1056//1043 1057//1044
f 1057//1044 1056//1043 1058//1045
f 1057//1044 1058//1045 1059//1046
f 1059//1046 1058//1045 1060//1047
f 1059//1046 1060//1047 1061//1048
f 1061//1048 1060//1047 1062//1049
f 1061//1048 1062//1049 1063//1050
f 1061//1048 1063//1050 1064//1051
f 1064//1051 1063//1050 1065//1052
f 1064//1051 1065//1052 1066//1053
f 1066//1053 1065//1052 1067//1054
f 1066//1053 1067//1054 1068//1055
f 1068//1055 1067//1054 1069//1056
f 1068//1055 1069//1056 1070//1057
f 1070//1057 1069//1056 1071//1058
f 1070//1057 1071//1058 1072//1059
f 1072//1059 1071//1058 1073//1060
f 1072//1059 1073//1060 1074//1061
f 1074//1061 1073//1060 1075//1062
f 1074//1061 1075//1062 1076//1063
f 1076//1063 1075//1062 1077//1064
f 1076//1063 1077//1064 1078//1065
f 1076//1063 1078//1065 1079//1066
f 1079//1066 1078//1065 1080//1067
f 1079//1066 1080//1067 1081//1068
f 1081//1068 1080//1067 1082//1069
f 1081//1068 1082//1069 1083//1070
f 1083//1070 1082//1069 1084//1071
f 1083//1070 1084//1071 1085//1072
f 1085//1072 1084//1071 1086//1073
f 1085//1072 1086//1073 1087//1074
f 1087//1074 1086//1073 1088//1075
f 1087//1074 1088//1075 1089//1076
f 1089//1076 1088//1075 1090//1077
f 1089//1076 1090//1077 1091//1078
f 1091//1078 1090//1077 1092//1079
f 1091//1078 1092//1079 1093//1080
f 1093//1080 1092//1079 1094//1081
f 1093//1080 1094//1081 1095//1082
f 1093//1080 1095//1082 1096//1083
f 1096//1083 1095//1082 1097//1084
f 1096//1083 1097//1084 1098//1085
f 1098//1085 1097//1084 1099//1086
f 1098//1085 1099//1086 1100//1087
f 1100//1087 1099//1086 1101//1088
f 1100//1087 1101//1088 1102//1089
f 1102//1089 1101//1088 1103//1090
f 1102//1089 1103//1090 1104//1091
f 1104//1091 1103//1090 1105//1092
f 1104//1091 1105//1092 1106//1093
f 1106//1093 1105//1092 1107//1094
f 1106//1093 1107//1094 1108//1095
f 1108//1095 1107//1094 1109//1096
f 1108//1095 1109//1096 1110//1097
f 1108//1095 1110//1097 1111//1098
f 1111//1098 1110//1097 1112//1099
f 1111//1098 1112//1099 1113//1100
f 1113//1100 1112//1099 1114//1101
f 1113//1100 1114//1101 1115//1102
f 1115//1102 1114//1101 1116//1103
f 1115//1102 1116//1103 1117//1104
f 1117//1104 1116//1103 1118//1105
f 1117//1104 1118//1105 1119//1106
f 1119//1106 1118//1105 1120//1107
f 1119//1106 1120//1107 1121//1108
f 1121//1108 1120//1107 1122//1109
f 1121//1108 1122//1109 1123//1110
f 1123//1110 1122//1109 1124//1111
f 1123//1110 1124//1111 1125//1112
f 1123//1110 1125//1112 1126//1113
f 1126//1113 1125//1112 1127//1114
f 1126//1113 1127//1114 1128//1115
f 1128//1115 1127//1114 1129//1116
f 1128//1115 1129//1116 1130//1117
f 1130//1117 1129//1116 1131//1118
f 1130//1117 1131//1118 1132//1119
f 1132//1119 1131//1118 1133//1120
f 1132//1119 1133//1120 1134//1121
f 1134//1121 1133//1120 1135//1122
f 1134//1121 1135//1122 1136//1123
f 1136//1123 1135//1122 1137//1124
f 1136//1123 1137//1124 1138//1125
f 1138//1125 1137//1124 1139//1126
f 1138//1125 1139//1126 1140//1127
f 1140//1127 1139//1126 1141//1128
f 1140//1127 1141//1128 1142//1129
f 1140//1127 1142//1129 1143//1130
f 1143//1130 1142//1129 1144//1131
f 1143//1130 1144//1131 1145//1132
f 1145//1132 1144//1131 1146//1133
f 1145//1132 1146//1133 1147//1134
f 1147//1134 1146//1133 1148//1135
f 1147//1134 1148//1135 1149//1136
f 1149//1136 1148//1135 1150//1137
f 1149//1136 1150//1137 1151//1138
f 1151//1138 1150//1137 1152//1139
f 1151//1138 1152//1139 1153//1140
f 1153//1140 1152//1139 1154//1141
f 1153//1140 1154//1141 1155//1142
f 1155//1142 1154//1141 1156//1143
f 1155//1142 1156//1143 1157//1144
f 1155//1142 1157//1144 1158//1145
f 1158//1145 1157//1144 1159//1146
f 1158//1145 1159//1146 1160//1147
f 1160//1147 1159//1146 1161//1148
f 1160//1147 1161//1148 1162//1149
f 1162//1149 1161//1148 1163//1150
f 1162//1149 1163//1150 1164//1151
f 1164//1151 1163//1150 1165//1152
f 1164//1151 1165//1152 1166//1153
f 1166//1153 1165//1152 1167//1154
f 1166//1153 1167//1154 1168//1155
f 1168//1155 1167//1154 1045//1032
f 1168//1155 1045//1032 1047//1034
f 1049//1036 1169//1156 1047//1034
f 1047//1034 1169//1156 1170//1157
f 1047//1034 1170//1157 1168//1155
f 1168//1155 1170//1157 1171//1158
f 1168//1155 1171//1158 1166//1153
f 1166//1153 1171//1158 1172//1159
f 1166//1153 1172//1159 1164//1151
f 1164//1151 1172//1159 1173//1160
f 1164//1151 1173//1160 1162//1149
f 1162//1149 1173//1160 1174//1161
f 1162//1149 1174//1161 1160//1147
f 1160//1147 1174//1161 1175//1162
f 1160//1147 1175//1162 1158//1145
f 1158//1145 1175//1162 1176//1163
f 1158//1145 1176//1163 1155//1142
f 1155//1142 1176//1163 1177//1164
f 1155//1142 1177//1164 1153//1140
f 1153//1140 1177//1164 1178//1165
f 1153//1140 1178//1165 1151//1138
f 1151//1138 1178//1165 1179//1166
f 1151//1138 1179//1166 1149//1136
f 1149//1136 1179//1166 1180//1167
f 1149//1136 1180//1167 1147//1134
f 1147//1134 1180//1167 1181//1168
f 1147//1134 1181//1168 1145//1132
f 1145//1132 1181//1168 1182//1169
f 1145//1132 1182//1169 1143//1130
f 1143//1130 1182//1169 1183//1170
f 1143//1130 1183//1170 1140//1127
f 1140//1127 1183//1170 1184//253
f 1140//1127 1184//253 1138//1125
f 1138//1125 1184//253 1185//1171
f 1138//1125 1185//1171 1136//1123
f 1136//1123 1185//1171 1186//1172
f 1136//1123 1186//1172 1134//1121
f 1134//1121 1186//1172 1187//1173
f 1134//1121 1187//1173 1132//1119
f 1132//1119 1187//1173 1188//1174
f 1132//1119 1188//1174 1130//1117
f 1130//1117 1188//1174 1189//1175
f 1130//1117 1189//1175 1128//1115
f 1128//1115 1189//1175 1190//1176
f 1128//1115 1190//1176 1126//1113
f 1126//1113 1190//1176 1191//1177
f 1126//1113 1191//1177 1123//1110
f 1123//1110 1191//1177 1192//1178
f 1123//1110 1192//1178 1121//1108
f 1121//1108 1192//1178 1193//1179
f 1121//1108 1193//1179 1119//1106
f 1119//1106 1193//1179 1194//1180
f 1119//1106 1194//1180 1117//1104
f 1117//1104 1194//1180 1195//1181
f 1117//1104 1195//1181 1115//1102
f 1115//1102 1195//1181 1196//1182
f 1115//1102 1196//1182 1113//1100
f 1113//1100 1196//1182 1197//1183
f 1113//1100 1197//1183 1111//1098
f 1111//1098 1197//1183 1198//1184
f 1111//1098 1198//1184 1108//1095
f 1108//1095 1198//1184 1199//1185
f 1108//1095 1199//1185 1106//1093
f 1106//1093 1199//1185 1200//1186
f 1106//1093 1200//1186 1104//1091
f 1104//1091 1200//1186 1201//1187
f 1104//1091 1201//1187 1102//1089
f 1102//1089 1201//1187 1202//1188
f 1102//1089 1202//1188 1100//1087
f 1100//1087 1202//1188 1203//1189
f 1100//1087 1203//1189 1098//1085
f 1098//1085 1203//1189 1204//1190
f 1098//1085 1204//1190 1096//1083
f 1096//1083 1204//1190 1205//1191
f 1096//1083 1205//1191 1093//1080
f 1093//1080 1205//1191 1206//1192
f 1093//1080 1206//1192 1091//1078
f 1091//1078 1206//1192 1207//1193
f 1091//1078 1207//1193 1089//1076
f 1089//1076 1207//1193 1208//1194
f 1089//1076 1208//1194 1087//1074
f 1087//1074 1208//1194 1209//1195
f 1087//1074 1209//1195 1085//1072
f 1085//1072 1209//1195 1210//1196
f 1085//1072 1210//1196 1083//1070
f 1083//1070 1210//1196 1211//1197
f 1083//1070 1211//1197 1081//1068
f 1081//1068 1211//1197 1212//1198
f 1081//1068 1212//1198 1079//1066
f 1079//1066 1212//1198 1213//210
f 1079//1066 1213//210 1076//1063
f 1076//1063 1213//210 1214//1199
f 1076//1063 1214//1199 1074//1061
f 1074//1061 1214//1199 1215//1200
f 1074//1061 1215//1200 1072//1059
f 1072//1059 1215//1200 1216//1201
f 1072//1059 1216//1201 1070//1057
f 1070//1057 1216//1201 1217//1202
f 1070//1057 1217//1202 1068//1055
f 1068//1055 1217//1202 1218//1203
f 1068//1055 1218//1203 1066//1053
f 1066//1053 1218//1203 1219//1204
f 1066//1053 1219//1204 1064//1051
f 1064//1051 1219//1204 1220//1205
f 1064//1051 1220//1205 1061//1048
f 1061//1048 1220//1205 1221//1206
f 1061//1048 1221//1206 1059//1046
f 1059//1046 1221//1206 1222//1207
f 1059//1046 1222//1207 1057//1044
f 1057//1044 1222//1207 1223//1208
f 1057//1044 1223//1208 1055//1042
f 1055//1042 1223//1208 1224//1209
f 1055//1042 1224//1209 1053//1040
f 1053//1040 1224//1209 1225//1210
f 1053//1040 1225//1210 1051//1038
f 1051//1038 1225//1210 1226//1211
f 1051//1038 1226//1211 1049//1036
f 1049//1036 1226//1211 1169//1156
f 1227//1212 1228//1213 1229//1214
f 1229//1214 1228//1213 1230//1215
f 1229//1214 1230//1215 1231//1216
f 1231//1216 1230//1215 1232//1217
f 1232//1217 1230//1215 1233//1218
f 1233//1218 1230//1215 1234//1219
f 1234//1219 1230//1215 1235//1220
f 1235//1220 1230//1215 1236//1221
f 1236//1221 1230//1215 1237//1222
f 1237//1222 1230//1215 1238//1223
f 1238//1223 1230//1215 987//974
f 1238//1223 987//974 984//971
f 1227//1212 1239//1224 1228//1213
f 1228//1213 1239//1224 1240//1225
f 1228//1213 1240//1225 1241//1226
f 1241//1226 1242//1227 1228//1213
f 1228//1213 1242//1227 1243//1228
f 1228//1213 1243//1228 1244//1229
f 1244//1229 1245//1230 1228//1213
f 1228//1213 1245//1230 982//969
f 1228//1213 982//969 1246//1231
f 1246//1231 982//969 980//967
f 1246//1231 980//967 1247//1232
f 1247//1232 980//967 978//965
f 1247//1232 978//965 1248//1233
f 1248//1233 978//965 976//963
f 1248//1233 976//963 1249//1234
f 1249//1234 976//963 974//961
f 1249//1234 974//961 1250//1235
f 1250//1235 974//961 972//959
f 1250//1235 972//959 1251//1236
f 1251//1236 972//959 969//956
f 1251//1236 969//956 1252//1237
f 1252//1237 969//956 967//954
f 1252//1237 967//954 1253//1238
f 1253//1238 967//954 965//952
f 1253//1238 965//952 1254//1239
f 1254//1239 965//952 963//950
f 1254//1239 963//950 1255//1240
f 1255//1240 963//950 961//948
f 1255//1240 961//948 1256//1241
f 1256//1241 961//948 959//946
f 1256//1241 959//946 1257//1242
f 1257//1242 959//946 957//944
f 1257//1242 957//944 1258//1243
f 1258//1243 957//944 955//942
f 1258//1243 955//942 1259//349
f 1259//349 955//942 952//939
f 1259//349 952//939 1260//1244
f 1260//1244 952//939 950//937
f 1260//1244 950//937 1261//1245
f 1261//1245 950//937 948//935
f 1261//1245 948//935 1262//1246
f 1262//1246 948//935 946//933
f 1262//1246 946//933 1263//1247
f 1263//1247 946//933 944//931
f 1263//1247 944//931 1264//1248
f 1264//1248 944//931 942//929
f 1264//1248 942//929 1265//1249
f 1265//1249 942//929 940//927
f 1265//1249 940//927 1266//1250
f 1266//1250 940//927 937//924
f 1266//1250 937//924 1267//1251
f 1267//1251 937//924 935//922
f 1267//1251 935//922 1268//1252
f 1268//1252 935//922 933//920
f 1268//1252 933//920 1269//1253
f 1269//1253 933//920 931//918
f 1269//1253 931//918 1270//1254
f 1270//1254 931//918 929//916
f 1270//1254 929//916 1271//1255
f 1271//1255 929//916 927//914
f 1271//1255 927//914 1272//1256
f 1272//1256 927//914 921//908
f 1272//1256 921//908 1273//1257
f 1273//1257 921//908 1274//1258
f 1273//1257 1274//1258 1275//1259
f 982//969 1245//1230 984//971
f 984//971 1245//1230 1276//1260
f 984//971 1276//1260 1277//1261
f 1277//1261 1278//1262 984//971
f 984//971 1278//1262 1279//1263
f 984//971 1279//1263 1280//1264
f 1280//1264 1281//1265 984//971
f 984//971 1281//1265 1282//1266
f 984//971 1282//1266 1283//1267
f 1283//1267 1284//1268 984//971
f 984//971 1284//1268 1285//1269
f 984//971 1285//1269 1286//1270
f 1286//1270 1287//1271 984//971
f 984//971 1287//1271 1288//1272
f 984//971 1288//1272 1289//1273
f 1289//1273 1290//1274 984//971
f 984//971 1290//1274 1238//1223
f 1291//1275 1292//1276 1293//1277
f 1293//1277 1292//1276 1273//1257
f 1293//1277 1273//1257 1294//1278
f 1294//1278 1273//1257 1295//1279
f 1295//1279 1273//1257 1296//1280
f 1296//1280 1273//1257 1297//1281
f 1297//1281 1273//1257 1298//1282
f 1298//1282 1273//1257 1299//1283
f 1299//1283 1273//1257 1275//1259
f 1291//1275 1300//1284 1292//1276
f 1292//1276 1300//1284 1301//1285
f 1292//1276 1301//1285 1302//1286
f 1302//1286 1303//1287 1292//1276
f 1292//1276 1303//1287 1304//1288
f 1292//1276 1304//1288 1305//1289
f 1305//1289 1306//1290 1292//1276
f 1292//1276 1306//1290 1044//1031
f 1292//1276 1044//1031 1307//1291
f 1307//1291 1044//1031 1042//1029
f 1307//1291 1042//1029 1308//1292
f 1308//1292 1042//1029 1040//1027
f 1308//1292 1040//1027 1309//1293
f 1309//1293 1040//1027 1038//1025
f 1309//1293 1038//1025 1310//1294
f 1310//1294 1038//1025 1036//1023
f 1310//1294 1036//1023 1311//1295
f 1311//1295 1036//1023 1034//1021
f 1311//1295 1034//1021 1312//1296
f 1312//1296 1034//1021 1031//1018
f 1312//1296 1031//1018 1313//1297
f 1313//1297 1031//1018 1029//1016
f 1313//1297 1029//1016 1314//1298
f 1314//1298 1029//1016 1027//1014
f 1314//1298 1027//1014 1315//1299
f 1315//1299 1027//1014 1025//1012
f 1315//1299 1025//1012 1316//1300
f 1316//1300 1025//1012 1023//1010
f 1316//1300 1023//1010 1317//1301
f 1317//1301 1023//1010 1021//1008
f 1317//1301 1021//1008 1318//1302
f 1318//1302 1021//1008 1019//1006
f 1318//1302 1019//1006 1319//1303
f 1319//1303 1019//1006 1016//1003
f 1319//1303 1016//1003 1320//435
f 1320//435 1016//1003 1014//1001
f 1320//435 1014//1001 1321//1304
f 1321//1304 1014//1001 1012//999
f 1321//1304 1012//999 1322//1305
f 1322//1305 1012//999 1010//997
f 1322//1305 1010//997 1323//1306
f 1323//1306 1010//997 1008//995
f 1323//1306 1008//995 1324//1307
f 1324//1307 1008//995 1006//993
f 1324//1307 1006//993 1325//1308
f 1325//1308 1006//993 1004//991
f 1325//1308 1004//991 1326//1309
f 1326//1309 1004//991 1002//989
f 1326//1309 1002//989 1327//1310
f 1327//1310 1002//989 999//986
f 1327//1310 999//986 1328//1311
f 1328//1311 999//986 997//984
f 1328//1311 997//984 1329//1312
f 1329//1312 997//984 995//982
f 1329//1312 995//982 1330//1313
f 1330//1313 995//982 993//980
f 1330//1313 993//980 1331//1314
f 1331//1314 993//980 991//978
f 1331//1314 991//978 1332//1315
f 1332//1315 991//978 989//976
f 1332//1315 989//976 1333//1316
f 1333//1316 989//976 987//974
f 1333//1316 987//974 1230//1215
f 1044//1031 1306//1290 923//910
f 923//910 1306//1290 1334//1317
f 923//910 1334//1317 1335//1318
f 1335//1318 1336//1319 923//910
f 923//910 1336//1319 1337//1320
f 923//910 1337//1320 1338//1321
f 1338//1321 1339//1322 923//910
f 923//910 1339//1322 1340//1323
f 923//910 1340//1323 1341//1324
f 1341//1324 1342//1325 923//910
f 923//910 1342//1325 1343//1326
f 923//910 1343//1326 1344//1327
f 1344//1327 1345//1328 923//910
f 923//910 1345//1328 1346//1329
f 923//910 1346//1329 1347//1330
f 1347//1330 1348//1331 923//910
f 923//910 1348//1331 1274//1258
f 923//910 1274//1258 921//908
f 1184//253 1349//507 1185//1171
f 1185//1171 1349//507 1350//1332
f 1185//1171 1350//1332 1186//1172
f 1186//1172 1350//1332 1351//1333
f 1186//1172 1351//1333 1187//1173
f 1187//1173 1351//1333 1352//1334
f 1187//1173 1352//1334 1188//1174
f 1188//1174 1352//1334 1353//1335
f 1188//1174 1353//1335 1189//1175
f 1189//1175 1353//1335 1354//1336
f 1189//1175 1354//1336 1190//1176
f 1190//1176 1354//1336 1355//1337
f 1190//1176 1355//1337 1191//1177
f 1191//1177 1355//1337 1356//1338
f 1191//1177 1356//1338 1192//1178
f 1192//1178 1356//1338 1357//1339
f 1192//1178 1357//1339 1193//1179
f 1193//1179 1357//1339 1358//1340
f 1193//1179 1358//1340 1194//1180
f 1194//1180 1358//1340 1359//1341
f 1194//1180 1359//1341 1195//1181
f 1195//1181 1359//1341 1360//1342
f 1195//1181 1360//1342 1196//1182
f 1196//1182 1360//1342 1361//1343
f 1196//1182 1361//1343 1197//1183
f 1197//1183 1361//1343 1362//1344
f 1197//1183 1362//1344 1198//1184
f 1198//1184 1362//1344 1363//1345
f 1198//1184 1363//1345 1199//1185
f 1199//1185 1363//1345 1364//1346
f 1199//1185 1364//1346 1200//1186
f 1200//1186 1364//1346 1365//1347
f 1200//1186 1365//1347 1201//1187
f 1201//1187 1365//1347 1366//1348
f 1201//1187 1366//1348 1202//1188
f 1202//1188 1366//1348 1367//1349
f 1202//1188 1367//1349 1203//1189
f 1203//1189 1367//1349 1368//1350
f 1203//1189 1368//1350 1204//1190
f 1204//1190 1368//1350 1369//1351
f 1204//1190 1369//1351 1205//1191
f 1205//1191 1369//1351 1370//1352
f 1205//1191 1370//1352 1206//1192
f 1206//1192 1370//1352 1371//1353
f 1206//1192 1371//1353 1207//1193
f 1207//1193 1371//1353 1372//1354
f 1207//1193 1372//1354 1208//1194
f 1208//1194 1372//1354 1373//1355
f 1208//1194 1373//1355 1209//1195
f 1209//1195 1373//1355 1374//1356
f 1209//1195 1374//1356 1210//1196
f 1210//1196 1374//1356 1375//1357
f 1210//1196 1375//1357 1211//1197
f 1211//1197 1375//1357 1376//1358
f 1211//1197 1376//1358 1212//1198
f 1212//1198 1376//1358 1377//1359
f 1212//1198 1377//1359 1213//210
f 1213//210 1377//1359 1378//136
f 1213//210 1378//136 1214//1199
f 1214//1199 1378//136 1379//1360
f 1214//1199 1379//1360 1215//1200
f 1215//1200 1379//1360 1380//1361
f 1215//1200 1380//1361 1216//1201
f 1216//1201 1380//1361 1381//1362
f 1216//1201 1381//1362 1217//1202
f 1217//1202 1381//1362 1382//1363
f 1217//1202 1382//1363 1218//1203
f 1218//1203 1382//1363 1383//1364
f 1218//1203 1383//1364 1219//1204
f 1219//1204 1383//1364 1384//1365
f 1219//1204 1384//1365 1220//1205
f 1220//1205 1384//1365 1385//1366
f 1220//1205 1385//1366 1221//1206
f 1221//1206 1385//1366 1386//1367
f 1221//1206 1386//1367 1222//1207
f 1222//1207 1386//1367 1387//1368
f 1222//1207 1387//1368 1223//1208
f 1223//1208 1387//1368 1388//1369
f 1223//1208 1388//1369 1224//1209
f 1224//1209 1388//1369 1389//1370
f 1224//1209 1389//1370 1225//1210
f 1225//1210 1389//1370 1390//1371
f 1225//1210 1390//1371 1226//1211
f 1226//1211 1390//1371 1391//1372
f 1226//1211 1391//1372 1169//1156
f 1169//1156 1391//1372 1392//1373
f 1169//1156 1392//1373 1170//1157
f 1170//1157 1392//1373 1393//1374
f 1170//1157 1393//1374 1171//1158
f 1171//1158 1393//1374 1394//1375
f 1171//1158 1394//1375 1172//1159
f 1172//1159 1394//1375 1395//1376
f 1172//1159 1395//1376 1173//1160
f 1173//1160 1395//1376 1396//1377
f 1173//1160 1396//1377 1174//1161
f 1174//1161 1396//1377 1397//1378
f 1174//1161 1397//1378 1175//1162
f 1175//1162 1397//1378 1398//1379
f 1175//1162 1398//1379 1176//1163
f 1176//1163 1398//1379 1399//1380
f 1176//1163 1399//1380 1177//1164
f 1177//1164 1399//1380 1400//1381
f 1177//1164 1400//1381 1178//1165
f 1178//1165 1400//1381 1401//1382
f 1178//1165 1401//1382 1179//1166
f 1179//1166 1401//1382 1402//1383
f 1179//1166 1402//1383 1180//1167
f 1180//1167 1402//1383 1403//1384
f 1180//1167 1403//1384 1181//1168
f 1181//1168 1403//1384 1404//1385
f 1181//1168 1404//1385 1182//1169
f 1182//1169 1404//1385 1405//1386
f 1182//1169 1405//1386 1183//1170
f 1183//1170 1405//1386 1406//1387
f 1183//1170 1406//1387 1184//253
f 1184//253 1406//1387 1349//507
f 1349//507 1407//507 1350//1332
f 1350//1332 1407//507 1408//1332
f 1350//1332 1408//1332 1351//1333
f 1351//1333 1408//1332 1409//1333
f 1351//1333 1409//1333 1352//1334
f 1352//1334 1409//1333 1410//1334
f 1352//1334 1410//1334 1353//1335
f 1353//1335 1410//1334 1411//1335
f 1353//1335 1411//1335 1354//1336
f 1354//1336 1411//1335 1412//1336
f 1354//1336 1412//1336 1355//1337
f 1355//1337 1412//1336 1413//1337
f 1355//1337 1413//1337 1356//1338
f 1356//1338 1413//1337 1414//1338
f 1356//1338 1414//1338 1357//1339
f 1357//1339 1414//1338 1415//1339
f 1357//1339 1415//1339 1358//1340
f 1358//1340 1415//1339 1416//1340
f 1358//1340 1416//1340 1359//1341
f 1359//1341 1416//1340 1417//1341
f 1359//1341 1417//1341 1360//1342
f 1360//1342 1417//1341 1418//1342
f 1360//1342 1418//1342 1361//1343
f 1361//1343 1418//1342 1419//1343
f 1361//1343 1419//1343 1362//1344
f 1362//1344 1419//1343 1420//1344
f 1362//1344 1420//1344 1363//1345
f 1363//1345 1420//1344 1421//1345
f 1363//1345 1421//1345 1364//1346
f 1364//1346 1421//1345 1422//1346
f 1364//1346 1422//1346 1365//1347
f 1365//1347 1422//1346 1423//1347
f 1365//1347 1423//1347 1366//1348
f 1366//1348 1423//1347 1424//1348
f 1366//1348 1424//1348 1367//1349
f 1367//1349 1424//1348 1425//1349
f 1367//1349 1425//1349 1368//1350
f 1368//1350 1425//1349 1426//1350
f 1368//1350 1426//1350 1369//1351
f 1369//1351 1426//1350 1427//1351
f 1369//1351 1427//1351 1370//1352
f 1370//1352 1427//1351 1428//1352
f 1370//1352 1428//1352 1371//1353
f 1371//1353 1428//1352 1429//1353
f 1371//1353 1429//1353 1372//1354
f 1372//1354 1429//1353 1430//1354
f 1372//1354 1430//1354 1373//1355
f 1373//1355 1430//1354 1431//1355
f 1373//1355 1431//1355 1374//1356
f 1374//1356 1431//1355 1432//1356
f 1374//1356 1432//1356 1375//1357
f 1375//1357 1432//1356 1433//1357
f 1375//1357 1433//1357 1376//1358
f 1376//1358 1433//1357 1434//1358
f 1376//1358 1434//1358 1377//1359
f 1377//1359 1434//1358 1435//1359
f 1377//1359 1435//1359 1378//136
f 1378//136 1435//1359 1436//136
f 1378//136 1436//136 1379//1360
f 1379//1360 1436//136 1437//1360
f 1379//1360 1437//1360 1380//1361
f 1380//1361 1437//1360 1438//1361
f 1380//1361 1438//1361 1381//1362
f 1381//1362 1438//1361 1439//1362
f 1381//1362 1439//1362 1382//1363
f 1382//1363 1439//1362 1440//1363
f 1382//1363 1440//1363 1383//1364
f 1383//1364 1440//1363 1441//1364
f 1383//1364 1441//1364 1384//1365
f 1384//1365 1441//1364 1442//1365
f 1384//1365 1442//1365 1385//1366
f 1385//1366 1442//1365 1443//1366
f 1385//1366 1443//1366 1386//1367
f 1386//1367 1443//1366 1444//1367
f 1386//1367 1444//1367 1387//1368
f 1387//1368 1444//1367 1445//1368
f 1387//1368 1445//1368 1388//1369
f 1388//1369 1445//1368 1446//1369
f 1388//1369 1446//1369 1389//1370
f 1389//1370 1446//1369 1447//1370
f 1389//1370 1447//1370 1390//1371
f 1390//1371 1447//1370 1448//1371
f 1390//1371 1448//1371 1391//1372
f 1391//1372 1448//1371 1449//1372
f 1391//1372 1449//1372 1392//1373
f 1392//1373 1449//1372 1450//1373
f 1392//1373 1450//1373 1393//1374
f 1393//1374 1450//1373 1451//1374
f 1393//1374 1451//1374 1394//1375
f 1394//1375 1451//1374 1452//1375
f 1394//1375 1452//1375 1395//1376
f 1395//1376 1452//1375 1453//1376
f 1395//1376 1453//1376 1396//1377
f 1396//1377 1453//1376 1454//1377
f 1396//1377 1454//1377 1397//1378
f 1397//1378 1454//1377 1455//1378
f 1397//1378 1455//1378 1398//1379
f 1398//1379 1455//1378 1456//1379
f 1398//1379 1456//1379 1399//1380
f 1399//1380 1456//1379 1457//1380
f 1399//1380 1457//1380 1400//1381
f 1400//1381 1457//1380 1458//1381
f 1400//1381 1458//1381 1401//1382
f 1401//1382 1458//1381 1459//1382
f 1401//1382 1459//1382 1402//1383
f 1402//1383 1459//1382 1460//1383
f 1402//1383 1460//1383 1403//1384
f 1403//1384 1460//1383 1461//1384
f 1403//1384 1461//1384 1404//1385
f 1404//1385 1461//1384 1462//1385
f 1404//1385 1462//1385 1405//1386
f 1405//1386 1462//1385 1463//1386
f 1405//1386 1463//1386 1406//1387
f 1406//1387 1463//1386 1464//1387
f 1406//1387 1464//1387 1349//507
f 1349//507 1464//1387 1407//507
f 1407//507 1320//435 1408//1332
f 1408//1332 1320//435 1321//1304
f 1408//1332 1321//1304 1409//1333
f 1409//1333 1321//1304 1322//1305
f 1409//1333 1322//1305 1410//1334
f 1410//1334 1322//1305 1323//1306
f 1410//1334 1323//1306 1411//1335
f 1411//1335 1323//1306 1324//1307
f 1411//1335 1324//1307 1412//1336
f 1412//1336 1324//1307 1325//1308
f 1412//1336 1325//1308 1413//1337
f 1413//1337 1325//1308 1326//1309
f 1413//1337 1326//1309 1414//1338
f 1414//1338 1326//1309 1327//1310
f 1414//1338 1327//1310 1415//1339
f 1415//1339 1327//1310 1328//1311
f 1415//1339 1328//1311 1416//1340
f 1416//1340 1328//1311 1329//1312
f 1416//1340 1329//1312 1417//1341
f 1417//1341 1329//1312 1330//1313
f 1417//1341 1330//1313 1418//1342
f 1418//1342 1330//1313 1331//1314
f 1418//1342 1331//1314 1419//1343
f 1419//1343 1331//1314 1332//1315
f 1419//1343 1332//1315 1420//1344
f 1420//1344 1332//1315 1333//1316
f 1420//1344 1333//1316 1421//1345
f 1421//1345 1333//1316 1230//1215
f 1421//1345 1230//1215 1422//1346
f 1422//1346 1230//1215 1228//1213
f 1422//1346 1228//1213 1423//1347
f 1423//1347 1228//1213 1246//1231
f 1423//1347 1246//1231 1424//1348
f 1424//1348 1246//1231 1247//1232
f 1424//1348 1247//1232 1425//1349
f 1425//1349 1247//1232 1248//1233
f 1425//1349 1248//1233 1426//1350
f 1426//1350 1248//1233 1249//1234
f 1426//1350 1249//1234 1427//1351
f 1427//1351 1249//1234 1250//1235
f 1427//1351 1250//1235 1428//1352
f 1428//1352 1250//1235 1251//1236
f 1428//1352 1251//1236 1429//1353
f 1429//1353 1251//1236 1252//1237
f 1429//1353 1252//1237 1430//1354
f 1430//1354 1252//1237 1253//1238
f 1430//1354 1253//1238 1431//1355
f 1431//1355 1253//1238 1254//1239
f 1431//1355 1254//1239 1432//1356
f 1432//1356 1254//1239 1255//1240
f 1432//1356 1255//1240 1433//1357
f 1433//1357 1255//1240 1256//1241
f 1433//1357 1256//1241 1434//1358
f 1434//1358 1256//1241 1257//1242
f 1434//1358 1257//1242 1435//1359
f 1435//1359 1257//1242 1258//1243
f 1435//1359 1258//1243 1436//136
f 1436//136 1258//1243 1259//349
f 1436//136 1259//349 1437//1360
f 1437//1360 1259//349 1260//1244
f 1437//1360 1260//1244 1438//1361
f 1438//1361 1260//1244 1261//1245
f 1438//1361 1261//1245 1439//1362
f 1439//1362 1261//1245 1262//1246
f 1439//1362 1262//1246 1440//1363
f 1440//1363 1262//1246 1263//1247
f 1440//1363 1263//1247 1441//1364
f 1441//1364 1263//1247 1264//1248
f 1441//1364 1264//1248 1442//1365
f 1442//1365 1264//1248 1265//1249
f 1442//1365 1265//1249 1443//1366
f 1443//1366 1265//1249 1266//1250
f 1443//1366 1266//1250 1444//1367
f 1444//1367 1266//1250 1267//1251
f 1444//1367 1267//1251 1445//1368
f 1445//1368 1267//1251 1268//1252
f 1445//1368 1268//1252 1446//1369
f 1446//1369 1268//1252 1269//1253
f 1446//1369 1269//1253 1447//1370
f 1447//1370 1269//1253 1270//1254
f 1447//1370 1270//1254 1448//1371
f 1448//1371 1270//1254 1271//1255
f 1448//1371 1271//1255 1449//1372
f 1449//1372 1271//1255 1272//1256
f 1449//1372 1272//1256 1450//1373
f 1450//1373 1272//1256 1273//1257
f 1450//1373 1273//1257 1451//1374
f 1451//1374 1273//1257 1292//1276
f 1451//1374 1292//1276 1452//1375
f 1452//1375 1292//1276 1307//1291
f 1452//1375 1307//1291 1453//1376
f 1453//1376 1307//1291 1308//1292
f 1453//1376 1308//1292 1454//1377
f 1454//1377 1308//1292 1309//1293
f 1454//1377 1309//1293 1455//1378
f 1455//1378 1309//1293 1310//1294
f 1455//1378 1310//1294 1456//1379
f 1456//1379 1310//1294 1311//1295
f 1456//1379 1311//1295 1457//1380
f 1457//1380 1311//1295 1312//1296
f 1457//1380 1312//1296 1458//1381
f 1458//1381 1312//1296 1313//1297
f 1458//1381 1313//1297 1459//1382
f 1459//1382 1313//1297 1314//1298
f 1459//1382 1314//1298 1460//1383
f 1460//1383 1314//1298 1315//1299
f 1460//1383 1315//1299 1461//1384
f 1461//1384 1315//1299 1316//1300
f 1461//1384 1316//1300 1462//1385
f 1462//1385 1316//1300 1317//1301
f 1462//1385 1317//1301 1463//1386
f 1463//1386 1317//1301 1318//1302
f 1463//1386 1318//1302 1464//1387
f 1464//1387 1318//1302 1319//1303
f 1464//1387 1319//1303 1407//507
f 1407//507 1319//1303 1320//435
f 1291//1275 1293//1277 1465//1388
f 1465//1388 1293//1277 1294//1278
f 1465//1388 1294//1278 1466//1389
f 1466//1389 1294//1278 1295//1279
f 1466//1389 1295//1279 1467//1390
f 1467//1390 1295//1279 1296//1280
f 1467//1390 1296//1280 1468//1391
f 1468//1391 1296//1280 1297//1281
f 1468//1391 1297//1281 1298//1282
f 1468//1391 1298//1282 1469//1392
f 1469//1392 1298//1282 1299//1283
f 1469//1392 1299//1283 1470//1393
f 1470//1393 1299//1283 1275//1259
f 1470//1393 1275//1259 1471//136
f 1471//136 1275//1259 1274//1258
f 1471//136 1274//1258 1348//1331
f 1471//136 1348//1331 1472//1394
f 1472//1394 1348//1331 1347//1330
f 1472//1394 1347//1330 1473//1395
f 1473//1395 1347//1330 1346//1329
f 1473//1395 1346//1329 1474//1396
f 1474//1396 1346//1329 1345//1328
f 1474//1396 1345//1328 1344//1327
f 1474//1396 1344//1327 1475//1397
f 1475//1397 1344//1327 1343//1326
f 1475//1397 1343//1326 1476//1398
f 1476//1398 1343//1326 1342//1325
f 1476//1398 1342//1325 1477//1399
f 1477//1399 1342//1325 1341//1324
f 1477//1399 1341//1324 1340//1323
f 1477//1399 1340//1323 1478//1400
f 1478//1400 1340//1323 1339//1322
f 1478//1400 1339//1322 1479//1401
f 1479//1401 1339//1322 1338//1321
f 1479//1401 1338//1321 1480//1402
f 1480//1402 1338//1321 1337//1320
f 1480//1402 1337//1320 1336//1319
f 1480//1402 1336//1319 1481//1403
f 1481//1403 1336//1319 1335//1318
f 1481//1403 1335//1318 1482//1404
f 1482//1404 1335//1318 1334//1317
f 1482//1404 1334//1317 1483//507
f 1483//507 1334//1317 1306//1290
f 1483//507 1306//1290 1305//1289
f 1483//507 1305//1289 1484//1405
f 1484//1405 1305//1289 1304//1288
f 1484//1405 1304//1288 1485//1406
f 1485//1406 1304//1288 1303//1287
f 1485//1406 1303//1287 1486//1407
f 1486//1407 1303//1287 1302//1286
f 1486//1407 1302//1286 1301//1285
f 1486//1407 1301//1285 1487//1408
f 1487//1408 1301//1285 1300//1284
f 1487//1408 1300//1284 1488//1409
f 1488//1409 1300//1284 1291//1275
f 1488//1409 1291//1275 1465//1388
f 1489//1410 1490//1411 1465//1388
f 1465//1388 1490//1411 1491//1412
f 1465//1388 1491//1412 1488//1409
f 1488//1409 1491//1412 1492//1413
f 1488//1409 1492//1413 1487//1408
f 1487//1408 1492//1413 1493//1414
f 1487//1408 1493//1414 1486//1407
f 1486//1407 1493//1414 1494//1415
f 1486//1407 1494//1415 1495//1416
f 1486//1407 1495//1416 1485//1406
f 1485//1406 1495//1416 1496//1417
f 1485//1406 1496//1417 1484//1405
f 1484//1405 1496//1417 1497//1418
f 1484//1405 1497//1418 1483//507
f 1483//507 1497//1418 1498//1419
f 1483//507 1498//1419 1499//1420
f 1483//507 1499//1420 1482//1404
f 1482//1404 1499//1420 1500//1421
f 1482//1404 1500//1421 1481//1403
f 1481//1403 1500//1421 1501//1422
f 1481//1403 1501//1422 1480//1402
f 1480//1402 1501//1422 1502//1423
f 1480//1402 1502//1423 1503//1424
f 1480//1402 1503//1424 1479//1401
f 1479//1401 1503//1424 1504//1425
f 1479//1401 1504//1425 1478//1400
f 1478//1400 1504//1425 1505//1426
f 1478//1400 1505//1426 1477//1399
f 1477//1399 1505//1426 1506//1427
f 1477//1399 1506//1427 1507//1428
f 1477//1399 1507//1428 1476//1398
f 1476//1398 1507//1428 1508//1429
f 1476//1398 1508//1429 1475//1397
f 1475//1397 1508//1429 1509//1430
f 1475//1397 1509//1430 1474//1396
f 1474//1396 1509//1430 1510//1431
f 1474//1396 1510//1431 1511//1432
f 1474//1396 1511//1432 1473//1395
f 1473//1395 1511//1432 1512//1433
f 1473//1395 1512//1433 1472//1394
f 1472//1394 1512//1433 1513//1434
f 1472//1394 1513//1434 1471//136
f 1471//136 1513//1434 1514//1435
f 1471//136 1514//1435 1515//1436
f 1471//136 1515//1436 1470//1393
f 1470//1393 1515//1436 1516//1437
f 1470//1393 1516//1437 1469//1392
f 1469//1392 1516//1437 1517//1438
f 1469//1392 1517//1438 1468//1391
f 1468//1391 1517//1438 1518//1439
f 1468//1391 1518//1439 1519//1440
f 1468//1391 1519//1440 1467//1390
f 1467//1390 1519//1440 1520//1441
f 1467//1390 1520//1441 1466//1389
f 1466//1389 1520//1441 1489//1410
f 1466//1389 1489//1410 1465//1388
f 1521//1442 1522//1443 1523//1388
f 1523//1388 1522//1443 1524//1444
f 1523//1388 1524//1444 1525//1389
f 1525//1389 1524//1444 1526//1445
f 1525//1389 1526//1445 1527//1390
f 1527//1390 1526//1445 1528//1446
f 1527//1390 1528//1446 1529//1391
f 1529//1391 1528//1446 1530//1447
f 1529//1391 1530//1447 1531//1448
f 1529//1391 1531//1448 1532//1392
f 1532//1392 1531//1448 1533//1449
f 1532//1392 1533//1449 1534//1393
f 1534//1393 1533//1449 1535//1450
f 1534//1393 1535//1450 1536//136
f 1536//136 1535//1450 1537//1451
f 1536//136 1537//1451 1538//1452
f 1536//136 1538//1452 1539//1394
f 1539//1394 1538//1452 1540//1453
f 1539//1394 1540//1453 1541//1395
f 1541//1395 1540//1453 1542//1454
f 1541//1395 1542//1454 1543//1396
f 1543//1396 1542//1454 1544//1455
f 1543//1396 1544//1455 1545//1456
f 1543//1396 1545//1456 1546//1397
f 1546//1397 1545//1456 1547//1457
f 1546//1397 1547//1457 1548//1398
f 1548//1398 1547//1457 1549//1458
f 1548//1398 1549//1458 1550//1399
f 1550//1399 1549//1458 1551//1459
f 1550//1399 1551//1459 1552//1460
f 1550//1399 1552//1460 1553//1400
f 1553//1400 1552//1460 1554//1461
f 1553//1400 1554//1461 1555//1401
f 1555//1401 1554//1461 1556//1462
f 1555//1401 1556//1462 1557//1402
f 1557//1402 1556//1462 1558//1463
f 1557//1402 1558//1463 1559//1464
f 1557//1402 1559//1464 1560//1403
f 1560//1403 1559//1464 1561//1465
f 1560//1403 1561//1465 1562//1404
f 1562//1404 1561//1465 1563//1466
f 1562//1404 1563//1466 1564//507
f 1564//507 1563//1466 1565//1467
f 1564//507 1565//1467 1566//1468
f 1564//507 1566//1468 1567//1405
f 1567//1405 1566//1468 1568//1469
f 1567//1405 1568//1469 1569//1406
f 1569//1406 1568//1469 1570//1470
f 1569//1406 1570//1470 1571//1407
f 1571//1407 1570//1470 1572//1471
f 1571//1407 1572//1471 1573//1472
f 1571//1407 1573//1472 1574//1408
f 1574//1408 1573//1472 1575//1473
f 1574//1408 1575//1473 1576//1409
f 1576//1409 1575//1473 1521//1442
f 1576//1409 1521//1442 1523//1388
f 1227//1212 1229//1214 1523//1388
f 1523//1388 1229//1214 1231//1216
f 1523//1388 1231//1216 1576//1409
f 1576//1409 1231//1216 1232//1217
f 1576//1409 1232//1217 1574//1408
f 1574//1408 1232//1217 1233//1218
f 1574//1408 1233//1218 1571//1407
f 1571//1407 1233//1218 1234//1219
f 1571//1407 1234//1219 1235//1220
f 1571//1407 1235//1220 1569//1406
f 1569//1406 1235//1220 1236//1221
f 1569//1406 1236//1221 1567//1405
f 1567//1405 1236//1221 1237//1222
f 1567//1405 1237//1222 1564//507
f 1564//507 1237//1222 1238//1223
f 1564//507 1238//1223 1290//1274
f 1564//507 1290//1274 1562//1404
f 1562//1404 1290//1274 1289//1273
f 1562//1404 1289//1273 1560//1403
f 1560//1403 1289//1273 1288//1272
f 1560//1403 1288//1272 1557//1402
f 1557//1402 1288//1272 1287//1271
f 1557//1402 1287//1271 1286//1270
f 1557//1402 1286//1270 1555//1401
f 1555//1401 1286//1270 1285//1269
f 1555//1401 1285//1269 1553//1400
f 1553//1400 1285//1269 1284//1268
f 1553//1400 1284//1268 1550//1399
f 1550//1399 1284//1268 1283//1267
f 1550//1399 1283//1267 1282//1266
f 1550//1399 1282//1266 1548//1398
f 1548//1398 1282//1266 1281//1265
f 1548//1398 1281//1265 1546//1397
f 1546//1397 1281//1265 1280//1264
f 1546//1397 1280//1264 1543//1396
f 1543//1396 1280//1264 1279//1263
f 1543//1396 1279//1263 1278//1262
f 1543//1396 1278//1262 1541//1395
f 1541//1395 1278//1262 1277//1261
f 1541//1395 1277//1261 1539//1394
f 1539//1394 1277//1261 1276//1260
f 1539//1394 1276//1260 1536//136
f 1536//136 1276//1260 1245//1230
f 1536//136 1245//1230 1244//1229
f 1536//136 1244//1229 1534//1393
f 1534//1393 1244//1229 1243//1228
f 1534//1393 1243//1228 1532//1392
f 1532//1392 1243//1228 1242//1227
f 1532//1392 1242//1227 1529//1391
f 1529//1391 1242//1227 1241//1226
f 1529//1391 1241//1226 1240//1225
f 1529//1391 1240//1225 1527//1390
f 1527//1390 1240//1225 1239//1224
f 1527//1390 1239//1224 1525//1389
f 1525//1389 1239//1224 1227//1212
f 1525//1389 1227//1212 1523//1388
f 1489//1410 1577//1474 1490//1411
f 1490//1411 1577//1474 1578//1475
f 1490//1411 1578//1475 1491//1412
f 1491//1412 1578//1475 1492//1413
f 1492//1413 1578//1475 1493//1414
f 1493//1414 1578//1475 1494//1415
f 1494//1415 1578//1475 1495//1416
f 1495//1416 1578//1475 1496//1417
f 1496//1417 1578//1475 1497//1418
f 1497//1418 1578//1475 1498//1419
f 1498//1419 1578//1475 925//912
f 1498//1419 925//912 924//911
f 1489//1410 1520//1441 1577//1474
f 1577//1474 1520//1441 1519//1440
f 1577//1474 1519//1440 1518//1439
f 1518//1439 1517//1438 1577//1474
f 1577//1474 1517//1438 1516//1437
f 1577//1474 1516//1437 1515//1436
f 1515//1436 1514//1435 1577//1474
f 1577//1474 1514//1435 922//909
f 1577//1474 922//909 1579//1476
f 1579//1476 922//909 926//913
f 1579//1476 926//913 1580//1477
f 1580//1477 926//913 928//915
f 1580//1477 928//915 1581//1478
f 1581//1478 928//915 930//917
f 1581//1478 930//917 1582//1479
f 1582//1479 930//917 932//919
f 1582//1479 932//919 1583//1480
f 1583//1480 932//919 934//921
f 1583//1480 934//921 1584//1481
f 1584//1481 934//921 936//923
f 1584//1481 936//923 1585//1482
f 1585//1482 936//923 938//925
f 1585//1482 938//925 1586//1483
f 1586//1483 938//925 939//926
f 1586//1483 939//926 1587//1484
f 1587//1484 939//926 941//928
f 1587//1484 941//928 1588//1485
f 1588//1485 941//928 943//930
f 1588//1485 943//930 1589//1486
f 1589//1486 943//930 945//932
f 1589//1486 945//932 1590//1487
f 1590//1487 945//932 947//934
f 1590//1487 947//934 1591//1488
f 1591//1488 947//934 949//936
f 1591//1488 949//936 1592//1489
f 1592//1489 949//936 951//938
f 1592//1489 951//938 1593//1490
f 1593//1490 951//938 953//940
f 1593//1490 953//940 1594//253
f 1594//253 953//940 954//941
f 1594//253 954//941 1595//1491
f 1595//1491 954//941 956//943
f 1595//1491 956//943 1596//1492
f 1596//1492 956//943 958//945
f 1596//1492 958//945 1597//1493
f 1597//1493 958//945 960//947
f 1597//1493 960//947 1598//1494
f 1598//1494 960//947 962//949
f 1598//1494 962//949 1599//1495
f 1599//1495 962//949 964//951
f 1599//1495 964//951 1600//1496
f 1600//1496 964//951 966//953
f 1600//1496 966//953 1601//1497
f 1601//1497 966//953 968//955
f 1601//1497 968//955 1602//1498
f 1602//1498 968//955 970//957
f 1602//1498 970//957 1603//1499
f 1603//1499 970//957 971//958
f 1603//1499 971//958 1604//1500
f 1604//1500 971//958 973//960
f 1604//1500 973//960 1605//1501
f 1605//1501 973//960 975//962
f 1605//1501 975//962 1606//1502
f 1606//1502 975//962 977//964
f 1606//1502 977//964 1607//1503
f 1607//1503 977//964 979//966
f 1607//1503 979//966 1608//1504
f 1608//1504 979//966 981//968
f 1608//1504 981//968 1609//1505
f 1609//1505 981//968 983//970
f 1609//1505 983//970 1610//1506
f 1610//1506 983//970 1537//1451
f 1610//1506 1537//1451 1535//1450
f 922//909 1514//1435 924//911
f 924//911 1514//1435 1513//1434
f 924//911 1513//1434 1512//1433
f 1512//1433 1511//1432 924//911
f 924//911 1511//1432 1510//1431
f 924//911 1510//1431 1509//1430
f 1509//1430 1508//1429 924//911
f 924//911 1508//1429 1507//1428
f 924//911 1507//1428 1506//1427
f 1506//1427 1505//1426 924//911
f 924//911 1505//1426 1504//1425
f 924//911 1504//1425 1503//1424
f 1503//1424 1502//1423 924//911
f 924//911 1502//1423 1501//1422
f 924//911 1501//1422 1500//1421
f 1500//1421 1499//1420 924//911
f 924//911 1499//1420 1498//1419
f 1045//1032 1611//1507 1046//1033
f 1046//1033 1611//1507 1612//1508
f 1046//1033 1612//1508 1048//1035
f 1048//1035 1612//1508 1613//1509
f 1048//1035 1613//1509 1050//1037
f 1050//1037 1613//1509 1614//1510
f 1050//1037 1614//1510 1052//1039
f 1052//1039 1614//1510 1615//1511
f 1052//1039 1615//1511 1054//1041
f 1054//1041 1615//1511 1616//1512
f 1054//1041 1616//1512 1056//1043
f 1056//1043 1616//1512 1617//1513
f 1056//1043 1617//1513 1058//1045
f 1058//1045 1617//1513 1618//1514
f 1058//1045 1618//1514 1060//1047
f 1060//1047 1618//1514 1619//1515
f 1060//1047 1619//1515 1062//1049
f 1062//1049 1619//1515 1620//1516
f 1062//1049 1620//1516 1063//1050
f 1063//1050 1620//1516 1621//1517
f 1063//1050 1621//1517 1065//1052
f 1065//1052 1621//1517 1622//1518
f 1065//1052 1622//1518 1067//1054
f 1067//1054 1622//1518 1623//1519
f 1067//1054 1623//1519 1069//1056
f 1069//1056 1623//1519 1624//1520
f 1069//1056 1624//1520 1071//1058
f 1071//1058 1624//1520 1625//1521
f 1071//1058 1625//1521 1073//1060
f 1073//1060 1625//1521 1626//1522
f 1073//1060 1626//1522 1075//1062
f 1075//1062 1626//1522 1627//1523
f 1075//1062 1627//1523 1077//1064
f 1077//1064 1627//1523 1628//435
f 1077//1064 1628//435 1078//1065
f 1078//1065 1628//435 1629//1524
f 1078//1065 1629//1524 1080//1067
f 1080//1067 1629//1524 1630//1525
f 1080//1067 1630//1525 1082//1069
f 1082//1069 1630//1525 1631//1526
f 1082//1069 1631//1526 1084//1071
f 1084//1071 1631//1526 1632//1527
f 1084//1071 1632//1527 1086//1073
f 1086//1073 1632//1527 1633//1528
f 1086//1073 1633//1528 1088//1075
f 1088//1075 1633//1528 1634//1529
f 1088//1075 1634//1529 1090//1077
f 1090//1077 1634//1529 1635//1530
f 1090//1077 1635//1530 1092//1079
f 1092//1079 1635//1530 1636//1531
f 1092//1079 1636//1531 1094//1081
f 1094//1081 1636//1531 1637//1532
f 1094//1081 1637//1532 1095//1082
f 1095//1082 1637//1532 1638//1533
f 1095//1082 1638//1533 1097//1084
f 1097//1084 1638//1533 1639//1534
f 1097//1084 1639//1534 1099//1086
f 1099//1086 1639//1534 1640//1535
f 1099//1086 1640//1535 1101//1088
f 1101//1088 1640//1535 1641//1536
f 1101//1088 1641//1536 1103//1090
f 1103//1090 1641//1536 1642//1537
f 1103//1090 1642//1537 1105//1092
f 1105//1092 1642//1537 1643//1538
f 1105//1092 1643//1538 1107//1094
f 1107//1094 1643//1538 1644//1539
f 1107//1094 1644//1539 1109//1096
f 1109//1096 1644//1539 1645//1540
f 1109//1096 1645//1540 1110//1097
f 1110//1097 1645//1540 1646//1541
f 1110//1097 1646//1541 1112//1099
f 1112//1099 1646//1541 1647//1542
f 1112//1099 1647//1542 1114//1101
f 1114//1101 1647//1542 1648//1543
f 1114//1101 1648//1543 1116//1103
f 1116//1103 1648//1543 1649//1544
f 1116//1103 1649//1544 1118//1105
f 1118//1105 1649//1544 1650//1545
f 1118//1105 1650//1545 1120//1107
f 1120//1107 1650//1545 1651//1546
f 1120//1107 1651//1546 1122//1109
f 1122//1109 1651//1546 1652//1547
f 1122//1109 1652//1547 1124//1111
f 1124//1111 1652//1547 1653//1548
f 1124//1111 1653//1548 1125//1112
f 1125//1112 1653//1548 1654//1549
f 1125//1112 1654//1549 1127//1114
f 1127//1114 1654//1549 1655//1550
f 1127//1114 1655//1550 1129//1116
f 1129//1116 1655//1550 1656//1551
f 1129//1116 1656//1551 1131//1118
f 1131//1118 1656//1551 1657//1552
f 1131//1118 1657//1552 1133//1120
f 1133//1120 1657//1552 1658//1553
f 1133//1120 1658//1553 1135//1122
f 1135//1122 1658//1553 1659//1554
f 1135//1122 1659//1554 1137//1124
f 1137//1124 1659//1554 1660//1555
f 1137//1124 1660//1555 1139//1126
f 1139//1126 1660//1555 1661//349
f 1139//1126 1661//349 1141//1128
f 1141//1128 1661//349 1662//1556
f 1141//1128 1662//1556 1142//1129
f 1142//1129 1662//1556 1663//1557
f 1142//1129 1663//1557 1144//1131
f 1144//1131 1663//1557 1664//1558
f 1144//1131 1664//1558 1146//1133
f 1146//1133 1664//1558 1665//1559
f 1146//1133 1665//1559 1148//1135
f 1148//1135 1665//1559 1666//1560
f 1148//1135 1666//1560 1150//1137
f 1150//1137 1666//1560 1667//1561
f 1150//1137 1667//1561 1152//1139
f 1152//1139 1667//1561 1668//1562
f 1152//1139 1668//1562 1154//1141
f 1154//1141 1668//1562 1669//1563
f 1154//1141 1669//1563 1156//1143
f 1156//1143 1669//1563 1670//1564
f 1156//1143 1670//1564 1157//1144
f 1157//1144 1670//1564 1671//1565
f 1157//1144 1671//1565 1159//1146
f 1159//1146 1671//1565 1672//1566
f 1159//1146 1672//1566 1161//1148
f 1161//1148 1672//1566 1673//1567
f 1161//1148 1673//1567 1163//1150
f 1163//1150 1673//1567 1674//1568
f 1163//1150 1674//1568 1165//1152
f 1165//1152 1674//1568 1675//1569
f 1165//1152 1675//1569 1167//1154
f 1167//1154 1675//1569 1676//1570
f 1167//1154 1676//1570 1045//1032
f 1045//1032 1676//1570 1611//1507
f 983//970 985//972 1537//1451
f 1537//1451 985//972 1538//1452
f 1538//1452 985//972 1540//1453
f 1540//1453 985//972 1542//1454
f 1542//1454 985//972 1544//1455
f 1544//1455 985//972 1545//1456
f 1545//1456 985//972 1547//1457
f 1547//1457 985//972 1549//1458
f 1549//1458 985//972 1551//1459
f 1551//1459 985//972 1552//1460
f 1552//1460 985//972 1554//1461
f 1554//1461 985//972 1556//1462
f 1556//1462 985//972 1558//1463
f 1558//1463 985//972 1559//1464
f 1559//1464 985//972 1561//1465
f 1561//1465 985//972 1563//1466
f 1563//1466 985//972 1565//1467
f 1565//1467 985//972 986//973
f 1565//1467 986//973 1677//1571
f 1677//1571 986//973 1678//1572
f 1677//1571 1678//1572 1679//1573
f 1679//1573 1678//1572 1680//1574
f 1679//1573 1680//1574 1681//1574
f 1681//1574 1680//1574 1682//1575
f 1681//1574 1682//1575 1648//1543
f 1648//1543 1682//1575 1649//1544
f 986//973 988//975 1678//1572
f 1678//1572 988//975 1683//1576
f 1678//1572 1683//1576 1680//1574
f 1680//1574 1683//1576 1684//1575
f 1680//1574 1684//1575 1682//1575
f 1682//1575 1684//1575 1685//1577
f 1682//1575 1685//1577 1649//1544
f 1649//1544 1685//1577 1650//1545
f 988//975 990//977 1683//1576
f 1683//1576 990//977 1686//1578
f 1683//1576 1686//1578 1684//1575
f 1684//1575 1686//1578 1687//1577
f 1684//1575 1687//1577 1685//1577
f 1685//1577 1687//1577 1688//1579
f 1685//1577 1688//1579 1650//1545
f 1650//1545 1688//1579 1651//1546
f 990//977 992//979 1686//1578
f 1686//1578 992//979 1689//1580
f 1686//1578 1689//1580 1687//1577
f 1687//1577 1689//1580 1690//1579
f 1687//1577 1690//1579 1688//1579
f 1688//1579 1690//1579 1691//1581
f 1688//1579 1691//1581 1651//1546
f 1651//1546 1691//1581 1652//1547
f 992//979 994//981 1689//1580
f 1689//1580 994//981 1692//1582
f 1689//1580 1692//1582 1690//1579
f 1690//1579 1692//1582 1693//1581
f 1690//1579 1693//1581 1691//1581
f 1691//1581 1693//1581 1694//1583
f 1691//1581 1694//1583 1652//1547
f 1652//1547 1694//1583 1653//1548
f 994//981 996//983 1692//1582
f 1692//1582 996//983 1695//1584
f 1692//1582 1695//1584 1693//1581
f 1693//1581 1695//1584 1696//1583
f 1693//1581 1696//1583 1694//1583
f 1694//1583 1696//1583 1697//1585
f 1694//1583 1697//1585 1653//1548
f 1653//1548 1697//1585 1654//1549
f 996//983 998//985 1695//1584
f 1695//1584 998//985 1698//1586
f 1695//1584 1698//1586 1696//1583
f 1696//1583 1698//1586 1699//1585
f 1696//1583 1699//1585 1697//1585
f 1697//1585 1699//1585 1700//1587
f 1697//1585 1700//1587 1654//1549
f 1654//1549 1700//1587 1655//1550
f 998//985 1000//987 1698//1586
f 1698//1586 1000//987 1701//1588
f 1698//1586 1701//1588 1699//1585
f 1699//1585 1701//1588 1702//1587
f 1699//1585 1702//1587 1700//1587
f 1700//1587 1702//1587 1703//1589
f 1700//1587 1703//1589 1655//1550
f 1655//1550 1703//1589 1656//1551
f 1000//987 1001//988 1701//1588
f 1701//1588 1001//988 1704//1590
f 1701//1588 1704//1590 1702//1587
f 1702//1587 1704//1590 1705//1589
f 1702//1587 1705//1589 1703//1589
f 1703//1589 1705//1589 1706//1591
f 1703//1589 1706//1591 1656//1551
f 1656//1551 1706//1591 1657//1552
f 1001//988 1003//990 1704//1590
f 1704//1590 1003//990 1707//1592
f 1704//1590 1707//1592 1705//1589
f 1705//1589 1707//1592 1708//1591
f 1705//1589 1708//1591 1706//1591
f 1706//1591 1708//1591 1709//1593
f 1706//1591 1709//1593 1657//1552
f 1657//1552 1709//1593 1658//1553
f 1003//990 1005//992 1707//1592
f 1707//1592 1005//992 1710//1594
f 1707//1592 1710//1594 1708//1591
f 1708//1591 1710//1594 1711//1593
f 1708//1591 1711//1593 1709//1593
f 1709//1593 1711//1593 1712//1595
f 1709//1593 1712//1595 1658//1553
f 1658//1553 1712//1595 1659//1554
f 1005//992 1007//994 1710//1594
f 1710//1594 1007//994 1713//1596
f 1710//1594 1713//1596 1711//1593
f 1711//1593 1713//1596 1714//1595
f 1711//1593 1714//1595 1712//1595
f 1712//1595 1714//1595 1715//1597
f 1712//1595 1715//1597 1659//1554
f 1659//1554 1715//1597 1660//1555
f 1007//994 1009//996 1713//1596
f 1713//1596 1009//996 1716//1598
f 1713//1596 1716//1598 1714//1595
f 1714//1595 1716//1598 1717//1597
f 1714//1595 1717//1597 1715//1597
f 1715//1597 1717//1597 1718//1599
f 1715//1597 1718//1599 1660//1555
f 1660//1555 1718//1599 1661//349
f 1009//996 1011//998 1716//1598
f 1716//1598 1011//998 1719//1600
f 1716//1598 1719//1600 1717//1597
f 1717//1597 1719//1600 1720//1599
f 1717//1597 1720//1599 1718//1599
f 1718//1599 1720//1599 1721//136
f 1718//1599 1721//136 1661//349
f 1661//349 1721//136 1662//1556
f 1011//998 1013//1000 1719//1600
f 1719//1600 1013//1000 1722//1601
f 1719//1600 1722//1601 1720//1599
f 1720//1599 1722//1601 1723//136
f 1720//1599 1723//136 1721//136
f 1721//136 1723//136 1724//1602
f 1721//136 1724//1602 1662//1556
f 1662//1556 1724//1602 1663//1557
f 1013//1000 1015//1002 1722//1601
f 1722//1601 1015//1002 1725//210
f 1722//1601 1725//210 1723//136
f 1723//136 1725//210 1726//1602
f 1723//136 1726//1602 1724//1602
f 1724//1602 1726//1602 1727//1603
f 1724//1602 1727//1603 1663//1557
f 1663//1557 1727//1603 1664//1558
f 1015//1002 1017//1004 1725//210
f 1725//210 1017//1004 1728//1604
f 1725//210 1728//1604 1726//1602
f 1726//1602 1728//1604 1729//1603
f 1726//1602 1729//1603 1727//1603
f 1727//1603 1729//1603 1730//1605
f 1727//1603 1730//1605 1664//1558
f 1664//1558 1730//1605 1665//1559
f 1017//1004 1018//1005 1728//1604
f 1728//1604 1018//1005 1731//1606
f 1728//1604 1731//1606 1729//1603
f 1729//1603 1731//1606 1732//1605
f 1729//1603 1732//1605 1730//1605
f 1730//1605 1732//1605 1733//1607
f 1730//1605 1733//1607 1665//1559
f 1665//1559 1733//1607 1666//1560
f 1018//1005 1020//1007 1731//1606
f 1731//1606 1020//1007 1734//1608
f 1731//1606 1734//1608 1732//1605
f 1732//1605 1734//1608 1735//1607
f 1732//1605 1735//1607 1733//1607
f 1733//1607 1735//1607 1736//1609
f 1733//1607 1736//1609 1666//1560
f 1666//1560 1736//1609 1667//1561
f 1020//1007 1022//1009 1734//1608
f 1734//1608 1022//1009 1737//1610
f 1734//1608 1737//1610 1735//1607
f 1735//1607 1737//1610 1738//1609
f 1735//1607 1738//1609 1736//1609
f 1736//1609 1738//1609 1739//1611
f 1736//1609 1739//1611 1667//1561
f 1667//1561 1739//1611 1668//1562
f 1022//1009 1024//1011 1737//1610
f 1737//1610 1024//1011 1740//1612
f 1737//1610 1740//1612 1738//1609
f 1738//1609 1740//1612 1741//1611
f 1738//1609 1741//1611 1739//1611
f 1739//1611 1741//1611 1742//1613
f 1739//1611 1742//1613 1668//1562
f 1668//1562 1742//1613 1669//1563
f 1024//1011 1026//1013 1740//1612
f 1740//1612 1026//1013 1743//1614
f 1740//1612 1743//1614 1741//1611
f 1741//1611 1743//1614 1744//1613
f 1741//1611 1744//1613 1742//1613
f 1742//1613 1744//1613 1745//1615
f 1742//1613 1745//1615 1669//1563
f 1669//1563 1745//1615 1670//1564
f 1026//1013 1028//1015 1743//1614
f 1743//1614 1028//1015 1746//1616
f 1743//1614 1746//1616 1744//1613
f 1744//1613 1746//1616 1747//1615
f 1744//1613 1747//1615 1745//1615
f 1745//1615 1747//1615 1748//1617
f 1745//1615 1748//1617 1670//1564
f 1670//1564 1748//1617 1671//1565
f 1028//1015 1030//1017 1746//1616
f 1746//1616 1030//1017 1749//1618
f 1746//1616 1749//1618 1747//1615
f 1747//1615 1749//1618 1750//1617
f 1747//1615 1750//1617 1748//1617
f 1748//1617 1750//1617 1751//1619
f 1748//1617 1751//1619 1671//1565
f 1671//1565 1751//1619 1672//1566
f 1030//1017 1032//1019 1749//1618
f 1749//1618 1032//1019 1752//1620
f 1749//1618 1752//1620 1750//1617
f 1750//1617 1752//1620 1753//1619
f 1750//1617 1753//1619 1751//1619
f 1751//1619 1753//1619 1754//1621
f 1751//1619 1754//1621 1672//1566
f 1672//1566 1754//1621 1673//1567
f 1032//1019 1033//1020 1752//1620
f 1752//1620 1033//1020 1755//1622
f 1752//1620 1755//1622 1753//1619
f 1753//1619 1755//1622 1756//1621
f 1753//1619 1756//1621 1754//1621
f 1754//1621 1756//1621 1757//1623
f 1754//1621 1757//1623 1673//1567
f 1673//1567 1757//1623 1674//1568
f 1033//1020 1035//1022 1755//1622
f 1755//1622 1035//1022 1758//1624
f 1755//1622 1758//1624 1756//1621
f 1756//1621 1758//1624 1759//1623
f 1756//1621 1759//1623 1757//1623
f 1757//1623 1759//1623 1760//1625
f 1757//1623 1760//1625 1674//1568
f 1674//1568 1760//1625 1675//1569
f 1035//1022 1037//1024 1758//1624
f 1758//1624 1037//1024 1761//1626
f 1758//1624 1761//1626 1759//1623
f 1759//1623 1761//1626 1762//1625
f 1759//1623 1762//1625 1760//1625
f 1760//1625 1762//1625 1763//1627
f 1760//1625 1763//1627 1675//1569
f 1675//1569 1763//1627 1676//1570
f 1037//1024 1039//1026 1761//1626
f 1761//1626 1039//1026 1764//1628
f 1761//1626 1764//1628 1762//1625
f 1762//1625 1764//1628 1765//1627
f 1762//1625 1765//1627 1763//1627
f 1763//1627 1765//1627 1766//1629
f 1763//1627 1766//1629 1676//1570
f 1676//1570 1766//1629 1611//1507
f 1039//1026 1041//1028 1764//1628
f 1764//1628 1041//1028 1767//1630
f 1764//1628 1767//1630 1765//1627
f 1765//1627 1767//1630 1768//1629
f 1765//1627 1768//1629 1766//1629
f 1766//1629 1768//1629 1769//1631
f 1766//1629 1769//1631 1611//1507
f 1611//1507 1769//1631 1612//1508
f 1041//1028 1043//1030 1767//1630
f 1767//1630 1043//1030 1770//1632
f 1767//1630 1770//1632 1768//1629
f 1768//1629 1770//1632 1771//1631
f 1768//1629 1771//1631 1769//1631
f 1769//1631 1771//1631 1772//1633
f 1769//1631 1772//1633 1612//1508
f 1612//1508 1772//1633 1613//1509
f 1043//1030 925//912 1770//1632
f 1770//1632 925//912 1578//1475
f 1770//1632 1578//1475 1771//1631
f 1771//1631 1578//1475 1773//1633
f 1771//1631 1773//1633 1772//1633
f 1772//1633 1773//1633 1774//1634
f 1772//1633 1774//1634 1613//1509
f 1613//1509 1774//1634 1614//1510
f 1521//1442 1677//1571 1522//1443
f 1522//1443 1677//1571 1610//1506
f 1522//1443 1610//1506 1524//1444
f 1524//1444 1610//1506 1526//1445
f 1526//1445 1610//1506 1528//1446
f 1528//1446 1610//1506 1530//1447
f 1530//1447 1610//1506 1531//1448
f 1531//1448 1610//1506 1533//1449
f 1533//1449 1610//1506 1535//1450
f 1521//1442 1575//1473 1677//1571
f 1677//1571 1575//1473 1573//1472
f 1677//1571 1573//1472 1572//1471
f 1572//1471 1570//1470 1677//1571
f 1677//1571 1570//1470 1568//1469
f 1677//1571 1568//1469 1566//1468
f 1566//1468 1565//1467 1677//1571
f 1578//1475 1577//1474 1773//1633
f 1773//1633 1577//1474 1775//1634
f 1773//1633 1775//1634 1774//1634
f 1774//1634 1775//1634 1776//1635
f 1774//1634 1776//1635 1614//1510
f 1614//1510 1776//1635 1615//1511
f 1648//1543 1647//1542 1681//1574
f 1681//1574 1647//1542 1777//1573
f 1681//1574 1777//1573 1679//1573
f 1679//1573 1777//1573 1778//1636
f 1679//1573 1778//1636 1677//1571
f 1677//1571 1778//1636 1610//1506
f 1647//1542 1646//1541 1777//1573
f 1777//1573 1646//1541 1779//1636
f 1777//1573 1779//1636 1778//1636
f 1778//1636 1779//1636 1780//1637
f 1778//1636 1780//1637 1610//1506
f 1610//1506 1780//1637 1609//1505
f 1646//1541 1645//1540 1779//1636
f 1779//1636 1645//1540 1781//1637
f 1779//1636 1781//1637 1780//1637
f 1780//1637 1781//1637 1782//1638
f 1780//1637 1782//1638 1609//1505
f 1609//1505 1782//1638 1608//1504
f 1645//1540 1644//1539 1781//1637
f 1781//1637 1644//1539 1783//1638
f 1781//1637 1783//1638 1782//1638
f 1782//1638 1783//1638 1784//1639
f 1782//1638 1784//1639 1608//1504
f 1608//1504 1784//1639 1607//1503
f 1644//1539 1643//1538 1783//1638
f 1783//1638 1643//1538 1785//1639
f 1783//1638 1785//1639 1784//1639
f 1784//1639 1785//1639 1786//1640
f 1784//1639 1786//1640 1607//1503
f 1607//1503 1786//1640 1606//1502
f 1643//1538 1642//1537 1785//1639
f 1785//1639 1642//1537 1787//1640
f 1785//1639 1787//1640 1786//1640
f 1786//1640 1787//1640 1788//1641
f 1786//1640 1788//1641 1606//1502
f 1606//1502 1788//1641 1605//1501
f 1642//1537 1641//1536 1787//1640
f 1787//1640 1641//1536 1789//1641
f 1787//1640 1789//1641 1788//1641
f 1788//1641 1789//1641 1790//1642
f 1788//1641 1790//1642 1605//1501
f 1605//1501 1790//1642 1604//1500
f 1641//1536 1640//1535 1789//1641
f 1789//1641 1640//1535 1791//1642
f 1789//1641 1791//1642 1790//1642
f 1790//1642 1791//1642 1792//1643
f 1790//1642 1792//1643 1604//1500
f 1604//1500 1792//1643 1603//1499
f 1640//1535 1639//1534 1791//1642
f 1791//1642 1639//1534 1793//1643
f 1791//1642 1793//1643 1792//1643
f 1792//1643 1793//1643 1794//1644
f 1792//1643 1794//1644 1603//1499
f 1603//1499 1794//1644 1602//1498
f 1639//1534 1638//1533 1793//1643
f 1793//1643 1638//1533 1795//1644
f 1793//1643 1795//1644 1794//1644
f 1794//1644 1795//1644 1796//1645
f 1794//1644 1796//1645 1602//1498
f 1602//1498 1796//1645 1601//1497
f 1638//1533 1637//1532 1795//1644
f 1795//1644 1637//1532 1797//1645
f 1795//1644 1797//1645 1796//1645
f 1796//1645 1797//1645 1798//1646
f 1796//1645 1798//1646 1601//1497
f 1601//1497 1798//1646 1600//1496
f 1637//1532 1636//1531 1797//1645
f 1797//1645 1636//1531 1799//1646
f 1797//1645 1799//1646 1798//1646
f 1798//1646 1799//1646 1800//1647
f 1798//1646 1800//1647 1600//1496
f 1600//1496 1800//1647 1599//1495
f 1636//1531 1635//1530 1799//1646
f 1799//1646 1635//1530 1801//1647
f 1799//1646 1801//1647 1800//1647
f 1800//1647 1801//1647 1802//1648
f 1800//1647 1802//1648 1599//1495
f 1599//1495 1802//1648 1598//1494
f 1635//1530 1634//1529 1801//1647
f 1801//1647 1634//1529 1803//1648
f 1801//1647 1803//1648 1802//1648
f 1802//1648 1803//1648 1804//1649
f 1802//1648 1804//1649 1598//1494
f 1598//1494 1804//1649 1597//1493
f 1634//1529 1633//1528 1803//1648
f 1803//1648 1633//1528 1805//1649
f 1803//1648 1805//1649 1804//1649
f 1804//1649 1805//1649 1806//1650
f 1804//1649 1806//1650 1597//1493
f 1597//1493 1806//1650 1596//1492
f 1633//1528 1632//1527 1805//1649
f 1805//1649 1632//1527 1807//1650
f 1805//1649 1807//1650 1806//1650
f 1806//1650 1807//1650 1808//1651
f 1806//1650 1808//1651 1596//1492
f 1596//1492 1808//1651 1595//1491
f 1632//1527 1631//1526 1807//1650
f 1807//1650 1631//1526 1809//1651
f 1807//1650 1809//1651 1808//1651
f 1808//1651 1809//1651 1810//1652
f 1808//1651 1810//1652 1595//1491
f 1595//1491 1810//1652 1594//253
f 1631//1526 1630//1525 1809//1651
f 1809//1651 1630//1525 1811//1652
f 1809//1651 1811//1652 1810//1652
f 1810//1652 1811//1652 1812//507
f 1810//1652 1812//507 1594//253
f 1594//253 1812//507 1593//1490
f 1630//1525 1629//1524 1811//1652
f 1811//1652 1629//1524 1813//507
f 1811//1652 1813//507 1812//507
f 1812//507 1813//507 1814//1653
f 1812//507 1814//1653 1593//1490
f 1593//1490 1814//1653 1592//1489
f 1629//1524 1628//435 1813//507
f 1813//507 1628//435 1815//1653
f 1813//507 1815//1653 1814//1653
f 1814//1653 1815//1653 1816//1654
f 1814//1653 1816//1654 1592//1489
f 1592//1489 1816//1654 1591//1488
f 1628//435 1627//1523 1815//1653
f 1815//1653 1627//1523 1817//1654
f 1815//1653 1817//1654 1816//1654
f 1816//1654 1817//1654 1818//1655
f 1816//1654 1818//1655 1591//1488
f 1591//1488 1818//1655 1590//1487
f 1627//1523 1626//1522 1817//1654
f 1817//1654 1626//1522 1819//1655
f 1817//1654 1819//1655 1818//1655
f 1818//1655 1819//1655 1820//1656
f 1818//1655 1820//1656 1590//1487
f 1590//1487 1820//1656 1589//1486
f 1626//1522 1625//1521 1819//1655
f 1819//1655 1625//1521 1821//1656
f 1819//1655 1821//1656 1820//1656
f 1820//1656 1821//1656 1822//1657
f 1820//1656 1822//1657 1589//1486
f 1589//1486 1822//1657 1588//1485
f 1625//1521 1624//1520 1821//1656
f 1821//1656 1624//1520 1823//1657
f 1821//1656 1823//1657 1822//1657
f 1822//1657 1823//1657 1824//1658
f 1822//1657 1824//1658 1588//1485
f 1588//1485 1824//1658 1587//1484
f 1624//1520 1623//1519 1823//1657
f 1823//1657 1623//1519 1825//1658
f 1823//1657 1825//1658 1824//1658
f 1824//1658 1825//1658 1826//1659
f 1824//1658 1826//1659 1587//1484
f 1587//1484 1826//1659 1586//1483
f 1623//1519 1622//1518 1825//1658
f 1825//1658 1622//1518 1827//1659
f 1825//1658 1827//1659 1826//1659
f 1826//1659 1827//1659 1828//1660
f 1826//1659 1828//1660 1586//1483
f 1586//1483 1828//1660 1585//1482
f 1622//1518 1621//1517 1827//1659
f 1827//1659 1621//1517 1829//1660
f 1827//1659 1829//1660 1828//1660
f 1828//1660 1829//1660 1830//1661
f 1828//1660 1830//1661 1585//1482
f 1585//1482 1830//1661 1584//1481
f 1621//1517 1620//1516 1829//1660
f 1829//1660 1620//1516 1831//1661
f 1829//1660 1831//1661 1830//1661
f 1830//1661 1831//1661 1832//1662
f 1830//1661 1832//1662 1584//1481
f 1584//1481 1832//1662 1583//1480
f 1620//1516 1619//1515 1831//1661
f 1831//1661 1619//1515 1833//1662
f 1831//1661 1833//1662 1832//1662
f 1832//1662 1833//1662 1834//1663
f 1832//1662 1834//1663 1583//1480
f 1583//1480 1834//1663 1582//1479
f 1619//1515 1618//1514 1833//1662
f 1833//1662 1618//1514 1835//1663
f 1833//1662 1835//1663 1834//1663
f 1834//1663 1835//1663 1836//1664
f 1834//1663 1836//1664 1582//1479
f 1582//1479 1836//1664 1581//1478
f 1618//1514 1617//1513 1835//1663
f 1835//1663 1617//1513 1837//1664
f 1835//1663 1837//1664 1836//1664
f 1836//1664 1837//1664 1838//1665
f 1836//1664 1838//1665 1581//1478
f 1581//1478 1838//1665 1580//1477
f 1617//1513 1616//1512 1837//1664
f 1837//1664 1616//1512 1839//1665
f 1837//1664 1839//1665 1838//1665
f 1838//1665 1839//1665 1840//1635
f 1838//1665 1840//1635 1580//1477
f 1580//1477 1840//1635 1579//1476
f 1616//1512 1615//1511 1839//1665
f 1839//1665 1615//1511 1776//1635
f 1839//1665 1776//1635 1840//1635
f 1840//1635 1776//1635 1775//1634
f 1840//1635 1775//1634 1579//1476
f 1579//1476 1775//1634 1577//1474
f 1841//1666 1842//1667 1843//1668
f 1843//1668 1842//1667 1844//1669
f 1844//1669 1842//1667 1845//1670
f 1844//1669 1845//1670 1846//1671
f 1846//1671 1845//1670 1847//1672
f 1846//1671 1847//1672 1848//1673
f 1848//1673 1847//1672 1849//1674
f 1848//1673 1849//1674 1850//1675
f 1850//1675 1849//1674 1851//1676
f 1850//1675 1851//1676 1852//1677
f 1852//1677 1851//1676 1853//1678
f 1852//1677 1853//1678 1854//1679
f 1854//1679 1853//1678 1855//1680
f 1854//1679 1855//1680 1856//1681
f 1856//1681 1855//1680 1857//1682
f 1856//1681 1857//1682 1858//1683
f 1858//1683 1857//1682 1859//1684
f 1858//1683 1859//1684 1860//1685
f 1860//1685 1859//1684 1861//1686
f 1860//1685 1861//1686 1862//1687
f 1862//1687 1861//1686 1863//1688
f 1862//1687 1863//1688 1864//1689
f 1864//1689 1863//1688 1865//1690
f 1864//1689 1865//1690 1866//1691
f 1866//1691 1865//1690 1867//1692
f 1866//1691 1867//1692 1868//1693
f 1868//1693 1867//1692 1869//1694
f 1868//1693 1869//1694 1870//1695
f 1870//1695 1871//1696 1868//1693
f 1868//1693 1871//1696 1872//1697
f 1868//1693 1872//1697 1873//1698
f 1873//1698 1872//1697 1874//1699
f 1874//1699 1872//1697 1875//1700
f 1875//1700 1872//1697 1876//1701
f 1876//1701 1872//1697 1877//1702
f 1877//1702 1872//1697 1878//1703
f 1878//1703 1872//1697 1879//1704
f 1879//1704 1872//1697 1880//1705
f 1880//1705 1872//1697 1881//1706
f 1881//1706 1872//1697 1882//1707
f 1881//1706 1882//1707 1883//1708
f 1883//1708 1882//1707 1884//1709
f 1883//1708 1884//1709 1885//1710
f 1883//1708 1885//1710 1886//1711
f 1886//1711 1885//1710 1887//1712
f 1886//1711 1887//1712 1888//1713
f 1888//1713 1887//1712 1889//1714
f 1888//1713 1889//1714 1890//1715
f 1888//1713 1890//1715 1891//1716
f 1891//1716 1890//1715 1892//1717
f 1891//1716 1892//1717 1893//1718
f 1891//1716 1893//1718 1894//1719
f 1894//1719 1893//1718 1895//1720
f 1894//1719 1895//1720 1896//1721
f 1894//1719 1896//1721 1897//1722
f 1897//1722 1896//1721 1898//1723
f 1897//1722 1898//1723 1899//1724
f 1897//1722 1899//1724 1900//1725
f 1900//1725 1899//1724 1901//1726
f 1900//1725 1901//1726 1902//1727
f 1900//1725 1902//1727 1903//1728
f 1903//1728 1902//1727 1904//1729
f 1903//1728 1904//1729 1905//1730
f 1903//1728 1905//1730 1906//1731
f 1906//1731 1905//1730 1907//1732
f 1906//1731 1907//1732 1908//1733
f 1906//1731 1908//1733 1909//1734
f 1909//1734 1908//1733 1910//1735
f 1909//1734 1910//1735 1911//1736
f 1911//1736 1910//1735 1912//1737
f 1911//1736 1912//1737 1913//1738
f 1911//1736 1913//1738 1914//1739
f 1914//1739 1913//1738 1915//1740
f 1914//1739 1915//1740 1916//1741
f 1914//1739 1916//1741 1917//1742
f 1917//1742 1916//1741 1918//1743
f 1917//1742 1918//1743 1919//1744
f 1917//1742 1919//1744 1920//1745
f 1920//1745 1919//1744 1921//1746
f 1920//1745 1921//1746 1922//1747
f 1922//1747 1923//1748 1920//1745
f 1920//1745 1923//1748 1924//1749
f 1920//1745 1924//1749 1925//1750
f 1925//1750 1926//1751 1920//1745
f 1920//1745 1926//1751 1927//1752
f 1920//1745 1927//1752 1928//1753
f 1928//1753 1929//1754 1920//1745
f 1920//1745 1929//1754 1930//1755
f 1920//1745 1930//1755 1931//1756
f 1931//1756 1932//1757 1920//1745
f 1920//1745 1932//1757 1933//1758
f 1920//1745 1933//1758 1934//1759
f 1934//1759 1935//1760 1920//1745
f 1920//1745 1935//1760 1936//1761
f 1920//1745 1936//1761 1937//1762
f 1937//1762 1938//1763 1920//1745
f 1920//1745 1938//1763 1939//1764
f 1939//1764 1938//1763 1940//1765
f 1940//1765 1938//1763 1941//1766
f 1941//1766 1938//1763 1942//1767
f 1942//1767 1938//1763 1943//1768
f 1943//1768 1938//1763 1944//1769
f 1944//1769 1938//1763 1945//1770
f 1945//1770 1938//1763 1946//1771
f 1946//1771 1938//1763 1947//1772
f 1947//1772 1938//1763 1948//1773
f 1947//1772 1948//1773 1949//1774
f 1949//1774 1948//1773 1950//1775
f 1949//1774 1950//1775 1951//1776
f 1949//1774 1951//1776 1952//1777
f 1952//1777 1951//1776 1953//1778
f 1952//1777 1953//1778 1954//1779
f 1952//1777 1954//1779 1955//1780
f 1955//1780 1954//1779 1956//1781
f 1955//1780 1956//1781 1957//1782
f 1957//1782 1956//1781 1958//1783
f 1957//1782 1958//1783 1959//1784
f 1957//1782 1959//1784 1960//1785
f 1960//1785 1959//1784 1961//1786
f 1960//1785 1961//1786 1962//1787
f 1960//1785 1962//1787 1963//1788
f 1963//1788 1962//1787 1964//1789
f 1963//1788 1964//1789 1965//1790
f 1963//1788 1965//1790 1966//1791
f 1966//1791 1965//1790 1866//1691
f 1966//1791 1866//1691 1967//1792
f 1967//1792 1866//1691 1968//1793
f 1968//1793 1866//1691 1969//1794
f 1969//1794 1866//1691 1970//1795
f 1970//1795 1866//1691 1971//1796
f 1971//1796 1866//1691 1972//1797
f 1972//1797 1866//1691 1868//1693
f 1873//1698 1973//1798 1868//1693
f 1868//1693 1973//1798 1974//1799
f 1868//1693 1974//1799 1972//1797
f 1972//1797 1974//1799 1975//1800
f 1972//1797 1975//1800 1971//1796
f 1971//1796 1975//1800 1976//1801
f 1971//1796 1976//1801 1970//1795
f 1970//1795 1976//1801 1977//1802
f 1970//1795 1977//1802 1969//1794
f 1969//1794 1977//1802 1978//1803
f 1969//1794 1978//1803 1968//1793
f 1968//1793 1978//1803 1979//1804
f 1968//1793 1979//1804 1967//1792
f 1967//1792 1979//1804 1980//1805
f 1967//1792 1980//1805 1966//1791
f 1966//1791 1980//1805 1981//1806
f 1966//1791 1981//1806 1963//1788
f 1963//1788 1981//1806 1982//1807
f 1963//1788 1982//1807 1960//1785
f 1960//1785 1982//1807 1983//1808
f 1960//1785 1983//1808 1957//1782
f 1957//1782 1983//1808 1984//1809
f 1957//1782 1984//1809 1955//1780
f 1955//1780 1984//1809 1985//1810
f 1955//1780 1985//1810 1952//1777
f 1952//1777 1985//1810 1986//1811
f 1952//1777 1986//1811 1949//1774
f 1949//1774 1986//1811 1987//1812
f 1949//1774 1987//1812 1947//1772
f 1947//1772 1987//1812 1988//1813
f 1947//1772 1988//1813 1946//1771
f 1946//1771 1988//1813 1989//1814
f 1946//1771 1989//1814 1945//1770
f 1945//1770 1989//1814 1990//1815
f 1945//1770 1990//1815 1944//1769
f 1944//1769 1990//1815 1991//1816
f 1944//1769 1991//1816 1943//1768
f 1943//1768 1991//1816 1992//1817
f 1943//1768 1992//1817 1942//1767
f 1942//1767 1992//1817 1993//1818
f 1942//1767 1993//1818 1941//1766
f 1941//1766 1993//1818 1994//1819
f 1941//1766 1994//1819 1940//1765
f 1940//1765 1994//1819 1995//1820
f 1940//1765 1995//1820 1939//1764
f 1939//1764 1995//1820 1996//1821
f 1939//1764 1996//1821 1920//1745
f 1920//1745 1996//1821 1997//1822
f 1920//1745 1997//1822 1917//1742
f 1917//1742 1997//1822 1998//1823
f 1917//1742 1998//1823 1914//1739
f 1914//1739 1998//1823 1999//1824
f 1914//1739 1999//1824 1911//1736
f 1911//1736 1999//1824 2000//1825
f 1911//1736 2000//1825 1909//1734
f 1909//1734 2000//1825 2001//1826
f 1909//1734 2001//1826 1906//1731
f 1906//1731 2001//1826 2002//1827
f 1906//1731 2002//1827 1903//1728
f 1903//1728 2002//1827 2003//1828
f 1903//1728 2003//1828 1900//1725
f 1900//1725 2003//1828 2004//1829
f 1900//1725 2004//1829 1897//1722
f 1897//1722 2004//1829 2005//1830
f 1897//1722 2005//1830 1894//1719
f 1894//1719 2005//1830 2006//1831
f 1894//1719 2006//1831 1891//1716
f 1891//1716 2006//1831 2007//1832
f 1891//1716 2007//1832 1888//1713
f 1888//1713 2007//1832 2008//1833
f 1888//1713 2008//1833 1886//1711
f 1886//1711 2008//1833 2009//1834
f 1886//1711 2009//1834 1883//1708
f 1883//1708 2009//1834 2010//1835
f 1883//1708 2010//1835 1881//1706
f 1881//1706 2010//1835 2011//1836
f 1881//1706 2011//1836 1880//1705
f 1880//1705 2011//1836 2012//1837
f 1880//1705 2012//1837 1879//1704
f 1879//1704 2012//1837 2013//1838
f 1879//1704 2013//1838 1878//1703
f 1878//1703 2013//1838 2014//1839
f 1878//1703 2014//1839 1877//1702
f 1877//1702 2014//1839 2015//1840
f 1877//1702 2015//1840 1876//1701
f 1876//1701 2015//1840 2016//1841
f 1876//1701 2016//1841 1875//1700
f 1875//1700 2016//1841 2017//1842
f 1875//1700 2017//1842 1874//1699
f 1874//1699 2017//1842 2018//1843
f 1874//1699 2018//1843 1873//1698
f 1873//1698 2018//1843 1973//1798
f 2019//1844 1841//1666 2020//1845
f 2020//1845 1841//1666 1843//1668
f 2020//1845 1843//1668 2021//1846
f 2021//1846 1843//1668 1844//1669
f 2021//1846 1844//1669 2022//1847
f 2022//1847 1844//1669 1846//1671
f 2022//1847 1846//1671 2023//1848
f 2023//1848 1846//1671 1848//1673
f 2023//1848 1848//1673 2024//1849
f 2024//1849 1848//1673 1850//1675
f 2024//1849 1850//1675 2025//1850
f 2025//1850 1850//1675 1852//1677
f 2025//1850 1852//1677 2026//1851
f 2026//1851 1852//1677 1854//1679
f 2026//1851 1854//1679 2027//1852
f 2027//1852 1854//1679 1856//1681
f 2027//1852 1856//1681 2028//1853
f 2028//1853 1856//1681 1858//1683
f 2028//1853 1858//1683 2029//1854
f 2029//1854 1858//1683 1860//1685
f 2029//1854 1860//1685 2030//1855
f 2030//1855 1860//1685 1862//1687
f 2030//1855 1862//1687 2031//1856
f 2031//1856 1862//1687 1864//1689
f 2031//1856 1864//1689 2032//1857
f 2032//1857 1864//1689 1866//1691
f 2032//1857 1866//1691 2033//1858
f 2033//1858 1866//1691 1965//1790
f 2033//1858 1965//1790 2034//1859
f 2034//1859 1965//1790 1964//1789
f 2034//1859 1964//1789 2035//1860
f 2035//1860 1964//1789 1962//1787
f 2035//1860 1962//1787 2036//1861
f 2036//1861 1962//1787 1961//1786
f 2036//1861 1961//1786 2037//1862
f 2037//1862 1961//1786 1959//1784
f 2037//1862 1959//1784 2038//1863
f 2038//1863 1959//1784 1958//1783
f 2038//1863 1958//1783 2039//1864
f 2039//1864 1958//1783 1956//1781
f 2039//1864 1956//1781 2040//1865
f 2040//1865 1956//1781 1954//1779
f 2040//1865 1954//1779 2041//1866
f 2041//1866 1954//1779 1953//1778
f 2041//1866 1953//1778 2042//1867
f 2042//1867 1953//1778 1951//1776
f 2042//1867 1951//1776 2043//1868
f 2043//1868 1951//1776 1950//1775
f 2043//1868 1950//1775 2044//1869
f 2044//1869 1950//1775 1948//1773
f 2044//1869 1948//1773 2045//1870
f 2045//1870 1948//1773 1938//1763
f 2045//1870 1938//1763 2046//1871
f 2046//1871 1938//1763 1937//1762
f 2046//1871 1937//1762 2047//1872
f 2047//1872 1937//1762 1936//1761
f 2047//1872 1936//1761 2048//1873
f 2048//1873 1936//1761 1935//1760
f 2048//1873 1935//1760 2049//1874
f 2049//1874 1935//1760 1934//1759
f 2049//1874 1934//1759 2050//1875
f 2050//1875 1934//1759 1933//1758
f 2050//1875 1933//1758 2051//1876
f 2051//1876 1933//1758 1932//1757
f 2051//1876 1932//1757 2052//1877
f 2052//1877 1932//1757 1931//1756
f 2052//1877 1931//1756 2053//1878
f 2053//1878 1931//1756 1930//1755
f 2053//1878 1930//1755 2054//1879
f 2054//1879 1930//1755 1929//1754
f 2054//1879 1929//1754 2055//1880
f 2055//1880 1929//1754 1928//1753
f 2055//1880 1928//1753 2056//1881
f 2056//1881 1928//1753 1927//1752
f 2056//1881 1927//1752 2057//1882
f 2057//1882 1927//1752 1926//1751
f 2057//1882 1926//1751 2058//1883
f 2058//1883 1926//1751 1925//1750
f 2058//1883 1925//1750 2059//1884
f 2059//1884 1925//1750 1924//1749
f 2059//1884 1924//1749 2060//1885
f 2060//1885 1924//1749 1923//1748
f 2060//1885 1923//1748 2061//1886
f 2061//1886 1923//1748 1922//1747
f 2061//1886 1922//1747 2062//1887
f 2062//1887 1922//1747 1921//1746
f 2062//1887 1921//1746 2063//1888
f 2063//1888 1921//1746 1919//1744
f 2063//1888 1919//1744 2064//1889
f 2064//1889 1919//1744 1918//1743
f 2064//1889 1918//1743 2065//1890
f 2065//1890 1918//1743 1916//1741
f 2065//1890 1916//1741 2066//1891
f 2066//1891 1916//1741 1915//1740
f 2066//1891 1915//1740 2067//1892
f 2067//1892 1915//1740 1913//1738
f 2067//1892 1913//1738 2068//1893
f 2068//1893 1913//1738 1912//1737
f 2068//1893 1912//1737 2069//1894
f 2069//1894 1912//1737 1910//1735
f 2069//1894 1910//1735 2070//1895
f 2070//1895 1910//1735 1908//1733
f 2070//1895 1908//1733 2071//1896
f 2071//1896 1908//1733 1907//1732
f 2071//1896 1907//1732 2072//1897
f 2072//1897 1907//1732 1905//1730
f 2072//1897 1905//1730 2073//1898
f 2073//1898 1905//1730 1904//1729
f 2073//1898 1904//1729 2074//1899
f 2074//1899 1904//1729 1902//1727
f 2074//1899 1902//1727 2075//1900
f 2075//1900 1902//1727 1901//1726
f 2075//1900 1901//1726 2076//1901
f 2076//1901 1901//1726 1899//1724
f 2076//1901 1899//1724 2077//1902
f 2077//1902 1899//1724 1898//1723
f 2077//1902 1898//1723 2078//1903
f 2078//1903 1898//1723 1896//1721
f 2078//1903 1896//1721 2079//1904
f 2079//1904 1896//1721 1895//1720
f 2079//1904 1895//1720 2080//1905
f 2080//1905 1895//1720 1893//1718
f 2080//1905 1893//1718 2081//1906
f 2081//1906 1893//1718 1892//1717
f 2081//1906 1892//1717 2082//1907
f 2082//1907 1892//1717 1890//1715
f 2082//1907 1890//1715 2083//1908
f 2083//1908 1890//1715 1889//1714
f 2083//1908 1889//1714 2084//1909
f 2084//1909 1889//1714 1887//1712
f 2084//1909 1887//1712 2085//1910
f 2085//1910 1887//1712 1885//1710
f 2085//1910 1885//1710 2086//1911
f 2086//1911 1885//1710 1884//1709
f 2086//1911 1884//1709 2087//1912
f 2087//1912 1884//1709 1882//1707
f 2087//1912 1882//1707 2088//1913
f 2088//1913 1882//1707 1872//1697
f 2088//1913 1872//1697 2089//1914
f 2089//1914 1872//1697 1871//1696
f 2089//1914 1871//1696 2090//1915
f 2090//1915 1871//1696 1870//1695
f 2090//1915 1870//1695 2091//1916
f 2091//1916 1870//1695 1869//1694
f 2091//1916 1869//1694 2092//1917
f 2092//1917 1869//1694 1867//1692
f 2092//1917 1867//1692 2093//1918
f 2093//1918 1867//1692 1865//1690
f 2093//1918 1865//1690 2094//1919
f 2094//1919 1865//1690 1863//1688
f 2094//1919 1863//1688 2095//1920
f 2095//1920 1863//1688 1861//1686
f 2095//1920 1861//1686 2096//1921
f 2096//1921 1861//1686 1859//1684
f 2096//1921 1859//1684 2097//1922
f 2097//1922 1859//1684 1857//1682
f 2097//1922 1857//1682 2098//1923
f 2098//1923 1857//1682 1855//1680
f 2098//1923 1855//1680 2099//1924
f 2099//1924 1855//1680 1853//1678
f 2099//1924 1853//1678 2100//1925
f 2100//1925 1853//1678 1851//1676
f 2100//1925 1851//1676 2101//1926
f 2101//1926 1851//1676 1849//1674
f 2101//1926 1849//1674 2102//1927
f 2102//1927 1849//1674 1847//1672
f 2102//1927 1847//1672 2103//1928
f 2103//1928 1847//1672 1845//1670
f 2103//1928 1845//1670 2104//1929
f 2104//1929 1845//1670 1842//1667
f 2104//1929 1842//1667 2019//1844
f 2019//1844 1842//1667 1841//1666
f 2018//1843 2093//1918 1973//1798
f 1973//1798 2093//1918 2033//1858
f 1973//1798 2033//1858 2034//1859
f 2018//1843 2017//1842 2093//1918
f 2093//1918 2017//1842 2016//1841
f 2093//1918 2016//1841 2015//1840
f 2015//1840 2014//1839 2093//1918
f 2093//1918 2014//1839 2013//1838
f 2093//1918 2013//1838 2012//1837
f 2093//1918 2012//1837 2092//1917
f 2092//1917 2012//1837 2011//1836
f 2092//1917 2011//1836 2091//1916
f 2091//1916 2011//1836 2090//1915
f 2090//1915 2011//1836 2010//1835
f 2090//1915 2010//1835 2089//1914
f 2089//1914 2010//1835 2088//1913
f 2088//1913 2010//1835 2009//1834
f 2088//1913 2009//1834 2087//1912
f 2087//1912 2009//1834 2086//1911
f 2086//1911 2009//1834 2008//1833
f 2086//1911 2008//1833 2085//1910
f 2085//1910 2008//1833 2007//1832
f 2085//1910 2007//1832 2084//1909
f 2084//1909 2007//1832 2083//1908
f 2083//1908 2007//1832 2006//1831
f 2083//1908 2006//1831 2082//1907
f 2082//1907 2006//1831 2081//1906
f 2081//1906 2006//1831 2005//1830
f 2081//1906 2005//1830 2080//1905
f 2080//1905 2005//1830 2004//1829
f 2080//1905 2004//1829 2003//1828
f 2003//1828 2002//1827 2080//1905
f 2080//1905 2002//1827 2001//1826
f 2080//1905 2001//1826 2000//1825
f 2000//1825 1999//1824 2080//1905
f 2080//1905 1999//1824 1998//1823
f 2080//1905 1998//1823 1997//1822
f 1997//1822 1996//1821 2080//1905
f 2080//1905 1996//1821 2079//1904
f 2079//1904 1996//1821 2078//1903
f 2078//1903 1996//1821 2077//1902
f 2077//1902 1996//1821 2076//1901
f 2076//1901 1996//1821 2075//1900
f 2075//1900 1996//1821 2074//1899
f 2074//1899 1996//1821 2073//1898
f 2073//1898 1996//1821 2072//1897
f 2072//1897 1996//1821 2071//1896
f 2071//1896 1996//1821 2070//1895
f 2070//1895 1996//1821 2069//1894
f 2069//1894 1996//1821 2068//1893
f 2068//1893 1996//1821 2067//1892
f 2067//1892 1996//1821 2066//1891
f 2066//1891 1996//1821 2065//1890
f 2065//1890 1996//1821 2064//1889
f 2064//1889 1996//1821 2063//1888
f 2063//1888 1996//1821 2062//1887
f 2062//1887 1996//1821 1995//1820
f 2062//1887 1995//1820 2061//1886
f 2061//1886 1995//1820 2060//1885
f 2060//1885 1995//1820 1994//1819
f 2060//1885 1994//1819 2059//1884
f 2059//1884 1994//1819 2058//1883
f 2058//1883 1994//1819 1993//1818
f 2058//1883 1993//1818 2057//1882
f 2057//1882 1993//1818 2056//1881
f 2056//1881 1993//1818 1992//1817
f 2056//1881 1992//1817 2055//1880
f 2055//1880 1992//1817 1991//1816
f 2055//1880 1991//1816 2054//1879
f 2054//1879 1991//1816 2053//1878
f 2053//1878 1991//1816 1990//1815
f 2053//1878 1990//1815 2052//1877
f 2052//1877 1990//1815 2051//1876
f 2051//1876 1990//1815 1989//1814
f 2051//1876 1989//1814 2050//1875
f 2050//1875 1989//1814 2049//1874
f 2049//1874 1989//1814 1988//1813
f 2049//1874 1988//1813 2048//1873
f 2048//1873 1988//1813 2047//1872
f 2047//1872 1988//1813 1987//1812
f 2047//1872 1987//1812 2046//1871
f 2046//1871 1987//1812 2045//1870
f 2045//1870 1987//1812 1986//1811
f 2045//1870 1986//1811 2044//1869
f 2044//1869 1986//1811 2043//1868
f 2043//1868 1986//1811 1985//1810
f 2043//1868 1985//1810 2042//1867
f 2042//1867 1985//1810 2041//1866
f 2041//1866 1985//1810 1984//1809
f 2041//1866 1984//1809 2040//1865
f 2040//1865 1984//1809 1983//1808
f 2040//1865 1983//1808 2039//1864
f 2039//1864 1983//1808 2038//1863
f 2038//1863 1983//1808 1982//1807
f 2038//1863 1982//1807 2037//1862
f 2037//1862 1982//1807 1981//1806
f 2037//1862 1981//1806 1980//1805
f 1980//1805 1979//1804 2037//1862
f 2037//1862 1979//1804 1978//1803
f 2037//1862 1978//1803 1977//1802
f 1977//1802 1976//1801 2037//1862
f 2037//1862 1976//1801 1975//1800
f 2037//1862 1975//1800 1974//1799
f 1974//1799 1973//1798 2037//1862
f 2037//1862 1973//1798 2036//1861
f 2036//1861 1973//1798 2035//1860
f 2035//1860 1973//1798 2034//1859
f 2020//1845 2021//1846 2019//1844
f 2019//1844 2021//1846 2104//1929
f 2104//1929 2021//1846 2022//1847
f 2104//1929 2022//1847 2103//1928
f 2103//1928 2022//1847 2023//1848
f 2103//1928 2023//1848 2102//1927
f 2102//1927 2023//1848 2024//1849
f 2102//1927 2024//1849 2101//1926
f 2101//1926 2024//1849 2025//1850
f 2101//1926 2025//1850 2100//1925
f 2100//1925 2025//1850 2026//1851
f 2100//1925 2026//1851 2099//1924
f 2099//1924 2026//1851 2027//1852
f 2099//1924 2027//1852 2098//1923
f 2098//1923 2027//1852 2028//1853
f 2098//1923 2028//1853 2097//1922
f 2097//1922 2028//1853 2029//1854
f 2097//1922 2029//1854 2096//1921
f 2096//1921 2029//1854 2030//1855
f 2096//1921 2030//1855 2095//1920
f 2095//1920 2030//1855 2031//1856
f 2095//1920 2031//1856 2094//1919
f 2094//1919 2031//1856 2032//1857
f 2094//1919 2032//1857 2093//1918
f 2093//1918 2032//1857 2033//1858
f 2105//1930 2106//1931 2107//1932
f 2107//1932 2106//1931 2108//1933
f 2107//1932 2108//1933 2109//1934
f 2109//1934 2108//1933 2110//1935
f 2109//1934 2110//1935 2111//1936
f 2111//1936 2110//1935 2112//1937
f 2111//1936 2112//1937 2113//1938
f 2113//1938 2112//1937 2114//1939
f 2113//1938 2114//1939 2115//1940
f 2115//1940 2114//1939 2116//1941
f 2115//1940 2116//1941 2117//1942
f 2117//1942 2116//1941 2118//1943
f 2117//1942 2118//1943 2119//1944
f 2119//1944 2118//1943 2120//1945
f 2119//1944 2120//1945 2121//1946
f 2119//1944 2121//1946 2122//1947
f 2122//1947 2121//1946 2123//1948
f 2122//1947 2123//1948 2124//1949
f 2124//1949 2123//1948 2125//1950
f 2124//1949 2125//1950 2126//1951
f 2126//1951 2125//1950 2127//1952
f 2126//1951 2127//1952 2128//1953
f 2128//1953 2127//1952 2129//1954
f 2128//1953 2129//1954 2130//1955
f 2130//1955 2129//1954 2131//1956
f 2130//1955 2131//1956 2132//1957
f 2132//1957 2131//1956 2133//1958
f 2132//1957 2133//1958 2134//1959
f 2134//1959 2133//1958 2135//1960
f 2134//1959 2135//1960 2136//1961
f 2134//1959 2136//1961 2137//1962
f 2137//1962 2136//1961 2138//1963
f 2137//1962 2138//1963 2139//1964
f 2139//1964 2138//1963 2140//1965
f 2139//1964 2140//1965 2141//1966
f 2141//1966 2140//1965 2142//1967
f 2141//1966 2142//1967 2143//1968
f 2143//1968 2142//1967 2144//1969
f 2143//1968 2144//1969 2145//1970
f 2145//1970 2144//1969 2146//1971
f 2145//1970 2146//1971 2147//1972
f 2147//1972 2146//1971 2148//1973
f 2147//1972 2148//1973 2149//1974
f 2147//1972 2149//1974 2150//1975
f 2150//1975 2149//1974 2151//1976
f 2150//1975 2151//1976 2152//1977
f 2152//1977 2151//1976 2153//1978
f 2152//1977 2153//1978 2154//1979
f 2154//1979 2153//1978 2155//1980
f 2154//1979 2155//1980 2156//1981
f 2156//1981 2155//1980 2157//1982
f 2156//1981 2157//1982 2158//1983
f 2158//1983 2157//1982 2159//1984
f 2158//1983 2159//1984 2160//1985
f 2160//1985 2159//1984 2161//1986
f 2160//1985 2161//1986 2162//1987
f 2162//1987 2161//1986 2163//1988
f 2162//1987 2163//1988 2164//1989
f 2162//1987 2164//1989 2165//1990
f 2165//1990 2164//1989 2166//1991
f 2165//1990 2166//1991 2167//1992
f 2167//1992 2166//1991 2168//1993
f 2167//1992 2168//1993 2169//1994
f 2169//1994 2168//1993 2170//1995
f 2169//1994 2170//1995 2171//1996
f 2171//1996 2170//1995 2172//1997
f 2171//1996 2172//1997 2173//1998
f 2173//1998 2172//1997 2174//1999
f 2173//1998 2174//1999 2175//2000
f 2175//2000 2174//1999 2176//2001
f 2175//2000 2176//2001 2177//2002
f 2177//2002 2176//2001 2178//2003
f 2177//2002 2178//2003 2179//2004
f 2177//2002 2179//2004 2180//2005
f 2180//2005 2179//2004 2181//2006
f 2180//2005 2181//2006 2182//2007
f 2182//2007 2181//2006 2183//2008
f 2182//2007 2183//2008 2184//2009
f 2184//2009 2183//2008 2185//2010
f 2184//2009 2185//2010 2186//2011
f 2186//2011 2185//2010 2187//2012
f 2186//2011 2187//2012 2188//2013
f 2188//2013 2187//2012 2105//1930
f 2188//2013 2105//1930 2107//1932
f 2109//1934 2189//2014 2107//1932
f 2107//1932 2189//2014 2190//2015
f 2107//1932 2190//2015 2188//2013
f 2188//2013 2190//2015 2191//2016
f 2188//2013 2191//2016 2186//2011
f 2186//2011 2191//2016 2192//2017
f 2186//2011 2192//2017 2184//2009
f 2184//2009 2192//2017 2193//2018
f 2184//2009 2193//2018 2182//2007
f 2182//2007 2193//2018 2194//2019
f 2182//2007 2194//2019 2180//2005
f 2180//2005 2194//2019 2195//2020
f 2180//2005 2195//2020 2177//2002
f 2177//2002 2195//2020 2196//2021
f 2177//2002 2196//2021 2175//2000
f 2175//2000 2196//2021 2197//2022
f 2175//2000 2197//2022 2173//1998
f 2173//1998 2197//2022 2198//2023
f 2173//1998 2198//2023 2171//1996
f 2171//1996 2198//2023 2199//2024
f 2171//1996 2199//2024 2169//1994
f 2169//1994 2199//2024 2200//2025
f 2169//1994 2200//2025 2167//1992
f 2167//1992 2200//2025 2201//2026
f 2167//1992 2201//2026 2165//1990
f 2165//1990 2201//2026 2202//2027
f 2165//1990 2202//2027 2162//1987
f 2162//1987 2202//2027 2203//2028
f 2162//1987 2203//2028 2160//1985
f 2160//1985 2203//2028 2204//2029
f 2160//1985 2204//2029 2158//1983
f 2158//1983 2204//2029 2205//2030
f 2158//1983 2205//2030 2156//1981
f 2156//1981 2205//2030 2206//2031
f 2156//1981 2206//2031 2154//1979
f 2154//1979 2206//2031 2207//2032
f 2154//1979 2207//2032 2152//1977
f 2152//1977 2207//2032 2208//2033
f 2152//1977 2208//2033 2150//1975
f 2150//1975 2208//2033 2209//2034
f 2150//1975 2209//2034 2147//1972
f 2147//1972 2209//2034 2210//2035
f 2147//1972 2210//2035 2145//1970
f 2145//1970 2210//2035 2211//2036
f 2145//1970 2211//2036 2143//1968
f 2143//1968 2211//2036 2212//2037
f 2143//1968 2212//2037 2141//1966
f 2141//1966 2212//2037 2213//2038
f 2141//1966 2213//2038 2139//1964
f 2139//1964 2213//2038 2214//2039
f 2139//1964 2214//2039 2137//1962
f 2137//1962 2214//2039 2215//2040
f 2137//1962 2215//2040 2134//1959
f 2134//1959 2215//2040 2216//2041
f 2134//1959 2216//2041 2132//1957
f 2132//1957 2216//2041 2217//2042
f 2132//1957 2217//2042 2130//1955
f 2130//1955 2217//2042 2218//2043
f 2130//1955 2218//2043 2128//1953
f 2128//1953 2218//2043 2219//2044
f 2128//1953 2219//2044 2126//1951
f 2126//1951 2219//2044 2220//2045
f 2126//1951 2220//2045 2124//1949
f 2124//1949 2220//2045 2221//2046
f 2124//1949 2221//2046 2122//1947
f 2122//1947 2221//2046 2222//2047
f 2122//1947 2222//2047 2119//1944
f 2119//1944 2222//2047 2223//2048
f 2119//1944 2223//2048 2117//1942
f 2117//1942 2223//2048 2224//2049
f 2117//1942 2224//2049 2115//1940
f 2115//1940 2224//2049 2225//2050
f 2115//1940 2225//2050 2113//1938
f 2113//1938 2225//2050 2226//2051
f 2113//1938 2226//2051 2111//1936
f 2111//1936 2226//2051 2227//2052
f 2111//1936 2227//2052 2109//1934
f 2109//1934 2227//2052 2189//2014
f 2228//2053 2229//2054 2230//2055
f 2230//2055 2229//2054 2231//2056
f 2230//2055 2231//2056 2232//2057
f 2232//2057 2231//2056 2233//2058
f 2232//2057 2233//2058 2234//2059
f 2234//2059 2233//2058 2235//2060
f 2234//2059 2235//2060 2236//2061
f 2236//2061 2235//2060 2237//2062
f 2236//2061 2237//2062 2238//2063
f 2238//2063 2237//2062 2239//2064
f 2238//2063 2239//2064 2240//2065
f 2240//2065 2239//2064 2241//2066
f 2240//2065 2241//2066 2242//2067
f 2242//2067 2241//2066 2243//2068
f 2242//2067 2243//2068 2244//2069
f 2244//2069 2243//2068 2245//2070
f 2244//2069 2245//2070 2246//2071
f 2246//2071 2245//2070 2247//2072
f 2246//2071 2247//2072 2248//2073
f 2248//2073 2247//2072 2249//2074
f 2248//2073 2249//2074 2250//2075
f 2250//2075 2249//2074 2251//2076
f 2250//2075 2251//2076 2252//2077
f 2252//2077 2251//2076 2253//2078
f 2252//2077 2253//2078 2254//2079
f 2254//2079 2253//2078 2255//2080
f 2254//2079 2255//2080 2256//2081
f 2256//2081 2255//2080 2257//2082
f 2256//2081 2257//2082 2258//2083
f 2258//2083 2257//2082 2259//2084
f 2258//2083 2259//2084 2260//2085
f 2260//2085 2259//2084 2261//2086
f 2260//2085 2261//2086 2262//2087
f 2262//2087 2261//2086 2263//2088
f 2262//2087 2263//2088 2264//2089
f 2264//2089 2263//2088 2265//2090
f 2264//2089 2265//2090 2266//2091
f 2266//2091 2265//2090 2267//2092
f 2266//2091 2267//2092 2268//2093
f 2268//2093 2267//2092 2269//2094
f 2268//2093 2269//2094 2270//2095
f 2270//2095 2269//2094 2271//2096
f 2270//2095 2271//2096 2272//2097
f 2272//2097 2271//2096 2273//2098
f 2272//2097 2273//2098 2274//2099
f 2274//2099 2273//2098 2275//2100
f 2274//2099 2275//2100 2276//2101
f 2276//2101 2275//2100 2277//2102
f 2276//2101 2277//2102 2278//2103
f 2278//2103 2277//2102 2279//2104
f 2278//2103 2279//2104 2280//2105
f 2280//2105 2279//2104 2281//2106
f 2280//2105 2281//2106 2282//2107
f 2282//2107 2281//2106 2283//2108
f 2282//2107 2283//2108 2284//2109
f 2284//2109 2283//2108 2285//2110
f 2284//2109 2285//2110 2286//2111
f 2286//2111 2285//2110 2287//2112
f 2286//2111 2287//2112 2288//2113
f 2288//2113 2287//2112 2289//2114
f 2288//2113 2289//2114 2290//2115
f 2290//2115 2289//2114 2291//2116
f 2290//2115 2291//2116 2292//2117
f 2292//2117 2291//2116 2293//2118
f 2292//2117 2293//2118 2294//2119
f 2294//2119 2293//2118 2295//2120
f 2294//2119 2295//2120 2296//2121
f 2296//2121 2295//2120 2297//2122
f 2296//2121 2297//2122 2298//2123
f 2298//2123 2297//2122 2299//2124
f 2298//2123 2299//2124 2300//2125
f 2300//2125 2299//2124 2301//2126
f 2300//2125 2301//2126 2302//2127
f 2302//2127 2301//2126 2303//2128
f 2302//2127 2303//2128 2304//2129
f 2304//2129 2303//2128 2305//2130
f 2304//2129 2305//2130 2228//2053
f 2228//2053 2305//2130 2229//2054
f 2199//2024 2289//2114 2200//2025
f 2200//2025 2289//2114 2287//2112
f 2200//2025 2287//2112 2201//2026
f 2201//2026 2287//2112 2285//2110
f 2201//2026 2285//2110 2202//2027
f 2202//2027 2285//2110 2283//2108
f 2202//2027 2283//2108 2203//2028
f 2203//2028 2283//2108 2281//2106
f 2203//2028 2281//2106 2204//2029
f 2204//2029 2281//2106 2279//2104
f 2204//2029 2279//2104 2205//2030
f 2205//2030 2279//2104 2277//2102
f 2205//2030 2277//2102 2206//2031
f 2206//2031 2277//2102 2275//2100
f 2206//2031 2275//2100 2207//2032
f 2207//2032 2275//2100 2273//2098
f 2207//2032 2273//2098 2208//2033
f 2208//2033 2273//2098 2271//2096
f 2208//2033 2271//2096 2209//2034
f 2209//2034 2271//2096 2269//2094
f 2209//2034 2269//2094 2210//2035
f 2210//2035 2269//2094 2267//2092
f 2210//2035 2267//2092 2211//2036
f 2211//2036 2267//2092 2265//2090
f 2211//2036 2265//2090 2212//2037
f 2212//2037 2265//2090 2263//2088
f 2212//2037 2263//2088 2213//2038
f 2213//2038 2263//2088 2261//2086
f 2213//2038 2261//2086 2214//2039
f 2214//2039 2261//2086 2259//2084
f 2214//2039 2259//2084 2215//2040
f 2215//2040 2259//2084 2257//2082
f 2215//2040 2257//2082 2216//2041
f 2216//2041 2257//2082 2255//2080
f 2216//2041 2255//2080 2217//2042
f 2217//2042 2255//2080 2253//2078
f 2217//2042 2253//2078 2218//2043
f 2218//2043 2253//2078 2251//2076
f 2218//2043 2251//2076 2219//2044
f 2219//2044 2251//2076 2249//2074
f 2219//2044 2249//2074 2220//2045
f 2220//2045 2249//2074 2247//2072
f 2220//2045 2247//2072 2221//2046
f 2221//2046 2247//2072 2245//2070
f 2221//2046 2245//2070 2222//2047
f 2222//2047 2245//2070 2243//2068
f 2222//2047 2243//2068 2223//2048
f 2223//2048 2243//2068 2241//2066
f 2223//2048 2241//2066 2224//2049
f 2224//2049 2241//2066 2239//2064
f 2224//2049 2239//2064 2225//2050
f 2225//2050 2239//2064 2237//2062
f 2225//2050 2237//2062 2226//2051
f 2226//2051 2237//2062 2235//2060
f 2226//2051 2235//2060 2227//2052
f 2227//2052 2235//2060 2233//2058
f 2227//2052 2233//2058 2189//2014
f 2189//2014 2233//2058 2231//2056
f 2189//2014 2231//2056 2190//2015
f 2190//2015 2231//2056 2229//2054
f 2190//2015 2229//2054 2191//2016
f 2191//2016 2229//2054 2305//2130
f 2191//2016 2305//2130 2192//2017
f 2192//2017 2305//2130 2303//2128
f 2192//2017 2303//2128 2193//2018
f 2193//2018 2303//2128 2301//2126
f 2193//2018 2301//2126 2194//2019
f 2194//2019 2301//2126 2299//2124
f 2194//2019 2299//2124 2195//2020
f 2195//2020 2299//2124 2297//2122
f 2195//2020 2297//2122 2196//2021
f 2196//2021 2297//2122 2295//2120
f 2196//2021 2295//2120 2197//2022
f 2197//2022 2295//2120 2293//2118
f 2197//2022 2293//2118 2198//2023
f 2198//2023 2293//2118 2291//2116
f 2198//2023 2291//2116 2199//2024
f 2199//2024 2291//2116 2289//2114
f 2306//2131 2307//2132 2308//2133
f 2308//2133 2307//2132 2309//2134
f 2308//2133 2309//2134 2310//2135
f 2310//2135 2309//2134 2311//2136
f 2310//2135 2311//2136 2312//2137
f 2312//2137 2311//2136 2313//2138
f 2312//2137 2313//2138 2314//2139
f 2314//2139 2313//2138 2315//2140
f 2314//2139 2315//2140 2316//2141
f 2316//2141 2315//2140 2317//2142
f 2316//2141 2317//2142 2318//2143
f 2318//2143 2317//2142 2319//2144
f 2318//2143 2319//2144 2320//2145
f 2320//2145 2319//2144 2321//2146
f 2320//2145 2321//2146 2322//2147
f 2322//2147 2321//2146 2323//2148
f 2322//2147 2323//2148 2324//2149
f 2324//2149 2323//2148 2325//2150
f 2324//2149 2325//2150 2326//2151
f 2326//2151 2325//2150 2327//2152
f 2326//2151 2327//2152 2328//2153
f 2328//2153 2327//2152 2329//2154
f 2328//2153 2329//2154 2330//2155
f 2330//2155 2329//2154 2331//136
f 2330//2155 2331//136 2332//2156
f 2332//2156 2331//136 2333//2157
f 2332//2156 2333//2157 2334//2158
f 2334//2158 2333//2157 2335//2159
f 2334//2158 2335//2159 2336//2160
f 2336//2160 2335//2159 2337//2161
f 2336//2160 2337//2161 2338//2162
f 2338//2162 2337//2161 2339//2163
f 2338//2162 2339//2163 2340//2164
f 2340//2164 2339//2163 2341//2165
f 2340//2164 2341//2165 2342//2166
f 2342//2166 2341//2165 2343//2167
f 2342//2166 2343//2167 2344//2168
f 2344//2168 2343//2167 2345//2169
f 2344//2168 2345//2169 2346//2170
f 2346//2170 2345//2169 2347//2171
f 2346//2170 2347//2171 2348//2172
f 2348//2172 2347//2171 2349//2173
f 2348//2172 2349//2173 2350//2174
f 2350//2174 2349//2173 2351//2175
f 2350//2174 2351//2175 2352//2176
f 2352//2176 2351//2175 2353//2177
f 2352//2176 2353//2177 2354//2178
f 2354//2178 2353//2177 2355//2179
f 2354//2178 2355//2179 2356//2180
f 2356//2180 2355//2179 2357//2181
f 2356//2180 2357//2181 2358//2182
f 2358//2182 2357//2181 2359//2183
f 2358//2182 2359//2183 2360//2184
f 2360//2184 2359//2183 2361//1642
f 2360//2184 2361//1642 2362//2185
f 2362//2185 2361//1642 2363//2186
f 2362//2185 2363//2186 2364//2187
f 2364//2187 2363//2186 2365//2188
f 2364//2187 2365//2188 2366//2189
f 2366//2189 2365//2188 2367//2190
f 2366//2189 2367//2190 2368//2191
f 2368//2191 2367//2190 2369//2192
f 2368//2191 2369//2192 2370//2193
f 2370//2193 2369//2192 2371//2194
f 2370//2193 2371//2194 2372//2195
f 2372//2195 2371//2194 2373//2196
f 2372//2195 2373//2196 2374//2197
f 2374//2197 2373//2196 2375//2198
f 2374//2197 2375//2198 2376//2199
f 2376//2199 2375//2198 2377//2200
f 2376//2199 2377//2200 2378//2201
f 2378//2201 2377//2200 2379//2202
f 2378//2201 2379//2202 2380//2203
f 2380//2203 2379//2202 2381//2204
f 2380//2203 2381//2204 2382//2205
f 2382//2205 2381//2204 2383//2206
f 2382//2205 2383//2206 2384//2207
f 2384//2207 2383//2206 2385//2208
f 2384//2207 2385//2208 2386//2209
f 2386//2209 2385//2208 2387//2210
f 2386//2209 2387//2210 2388//2211
f 2388//2211 2387//2210 2389//2212
f 2388//2211 2389//2212 2390//2213
f 2390//2213 2389//2212 2391//1663
f 2390//2213 2391//1663 2392//2214
f 2392//2214 2391//1663 2393//2215
f 2392//2214 2393//2215 2394//2216
f 2394//2216 2393//2215 2395//2217
f 2394//2216 2395//2217 2306//2131
f 2306//2131 2395//2217 2307//2132
f 2105//1930 2309//2134 2106//1931
f 2106//1931 2309//2134 2307//2132
f 2106//1931 2307//2132 2108//1933
f 2108//1933 2307//2132 2395//2217
f 2108//1933 2395//2217 2110//1935
f 2110//1935 2395//2217 2393//2215
f 2110//1935 2393//2215 2112//1937
f 2112//1937 2393//2215 2391//1663
f 2112//1937 2391//1663 2114//1939
f 2114//1939 2391//1663 2389//2212
f 2114//1939 2389//2212 2116//1941
f 2116//1941 2389//2212 2387//2210
f 2116//1941 2387//2210 2118//1943
f 2118//1943 2387//2210 2385//2208
f 2118//1943 2385//2208 2120//1945
f 2120//1945 2385//2208 2383//2206
f 2120//1945 2383//2206 2121//1946
f 2121//1946 2383//2206 2381//2204
f 2121//1946 2381//2204 2123//1948
f 2123//1948 2381//2204 2379//2202
f 2123//1948 2379//2202 2125//1950
f 2125//1950 2379//2202 2377//2200
f 2125//1950 2377//2200 2127//1952
f 2127//1952 2377//2200 2375//2198
f 2127//1952 2375//2198 2129//1954
f 2129//1954 2375//2198 2373//2196
f 2129//1954 2373//2196 2131//1956
f 2131//1956 2373//2196 2371//2194
f 2131//1956 2371//2194 2133//1958
f 2133//1958 2371//2194 2369//2192
f 2133//1958 2369//2192 2135//1960
f 2135//1960 2369//2192 2367//2190
f 2135//1960 2367//2190 2136//1961
f 2136//1961 2367//2190 2365//2188
f 2136//1961 2365//2188 2138//1963
f 2138//1963 2365//2188 2363//2186
f 2138//1963 2363//2186 2140//1965
f 2140//1965 2363//2186 2361//1642
f 2140//1965 2361//1642 2142//1967
f 2142//1967 2361//1642 2359//2183
f 2142//1967 2359//2183 2144//1969
f 2144//1969 2359//2183 2357//2181
f 2144//1969 2357//2181 2146//1971
f 2146//1971 2357//2181 2355//2179
f 2146//1971 2355//2179 2148//1973
f 2148//1973 2355//2179 2353//2177
f 2148//1973 2353//2177 2149//1974
f 2149//1974 2353//2177 2351//2175
f 2149//1974 2351//2175 2151//1976
f 2151//1976 2351//2175 2349//2173
f 2151//1976 2349//2173 2153//1978
f 2153//1978 2349//2173 2347//2171
f 2153//1978 2347//2171 2155//1980
f 2155//1980 2347//2171 2345//2169
f 2155//1980 2345//2169 2157//1982
f 2157//1982 2345//2169 2343//2167
f 2157//1982 2343//2167 2159//1984
f 2159//1984 2343//2167 2341//2165
f 2159//1984 2341//2165 2161//1986
f 2161//1986 2341//2165 2339//2163
f 2161//1986 2339//2163 2163//1988
f 2163//1988 2339//2163 2337//2161
f 2163//1988 2337//2161 2164//1989
f 2164//1989 2337//2161 2335//2159
f 2164//1989 2335//2159 2166//1991
f 2166//1991 2335//2159 2333//2157
f 2166//1991 2333//2157 2168//1993
f 2168//1993 2333//2157 2331//136
f 2168//1993 2331//136 2170//1995
f 2170//1995 2331//136 2329//2154
f 2170//1995 2329//2154 2172//1997
f 2172//1997 2329//2154 2327//2152
f 2172//1997 2327//2152 2174//1999
f 2174//1999 2327//2152 2325//2150
f 2174//1999 2325//2150 2176//2001
f 2176//2001 2325//2150 2323//2148
f 2176//2001 2323//2148 2178//2003
f 2178//2003 2323//2148 2321//2146
f 2178//2003 2321//2146 2179//2004
f 2179//2004 2321//2146 2319//2144
f 2179//2004 2319//2144 2181//2006
f 2181//2006 2319//2144 2317//2142
f 2181//2006 2317//2142 2183//2008
f 2183//2008 2317//2142 2315//2140
f 2183//2008 2315//2140 2185//2010
f 2185//2010 2315//2140 2313//2138
f 2185//2010 2313//2138 2187//2012
f 2187//2012 2313//2138 2311//2136
f 2187//2012 2311//2136 2105//1930
f 2105//1930 2311//2136 2309//2134
f 2232//2057 2306//2131 2230//2055
f 2230//2055 2306//2131 2308//2133
f 2230//2055 2308//2133 2310//2135
f 2306//2131 2232//2057 2394//2216
f 2394//2216 2232//2057 2234//2059
f 2394//2216 2234//2059 2392//2214
f 2392//2214 2234//2059 2236//2061
f 2392//2214 2236//2061 2390//2213
f 2390//2213 2236//2061 2238//2063
f 2390//2213 2238//2063 2388//2211
f 2388//2211 2238//2063 2240//2065
f 2388//2211 2240//2065 2386//2209
f 2386//2209 2240//2065 2242//2067
f 2386//2209 2242//2067 2384//2207
f 2384//2207 2242//2067 2382//2205
f 2382//2205 2242//2067 2244//2069
f 2382//2205 2244//2069 2380//2203
f 2380//2203 2244//2069 2246//2071
f 2380//2203 2246//2071 2378//2201
f 2378//2201 2246//2071 2248//2073
f 2378//2201 2248//2073 2376//2199
f 2376//2199 2248//2073 2250//2075
f 2376//2199 2250//2075 2374//2197
f 2374//2197 2250//2075 2252//2077
f 2374//2197 2252//2077 2372//2195
f 2372//2195 2252//2077 2254//2079
f 2372//2195 2254//2079 2370//2193
f 2370//2193 2254//2079 2256//2081
f 2370//2193 2256//2081 2368//2191
f 2368//2191 2256//2081 2366//2189
f 2366//2189 2256//2081 2258//2083
f 2366//2189 2258//2083 2364//2187
f 2364//2187 2258//2083 2260//2085
f 2364//2187 2260//2085 2362//2185
f 2362//2185 2260//2085 2262//2087
f 2362//2185 2262//2087 2360//2184
f 2360//2184 2262//2087 2264//2089
f 2360//2184 2264//2089 2358//2182
f 2358//2182 2264//2089 2266//2091
f 2358//2182 2266//2091 2356//2180
f 2356//2180 2266//2091 2268//2093
f 2356//2180 2268//2093 2354//2178
f 2354//2178 2268//2093 2270//2095
f 2354//2178 2270//2095 2352//2176
f 2352//2176 2270//2095 2350//2174
f 2350//2174 2270//2095 2272//2097
f 2350//2174 2272//2097 2348//2172
f 2348//2172 2272//2097 2274//2099
f 2348//2172 2274//2099 2346//2170
f 2346//2170 2274//2099 2276//2101
f 2346//2170 2276//2101 2344//2168
f 2344//2168 2276//2101 2278//2103
f 2344//2168 2278//2103 2342//2166
f 2342//2166 2278//2103 2280//2105
f 2342//2166 2280//2105 2340//2164
f 2340//2164 2280//2105 2282//2107
f 2340//2164 2282//2107 2338//2162
f 2338//2162 2282//2107 2336//2160
f 2336//2160 2282//2107 2284//2109
f 2336//2160 2284//2109 2334//2158
f 2334//2158 2284//2109 2286//2111
f 2334//2158 2286//2111 2332//2156
f 2332//2156 2286//2111 2288//2113
f 2332//2156 2288//2113 2330//2155
f 2330//2155 2288//2113 2290//2115
f 2330//2155 2290//2115 2328//2153
f 2328//2153 2290//2115 2292//2117
f 2328//2153 2292//2117 2326//2151
f 2326//2151 2292//2117 2294//2119
f 2326//2151 2294//2119 2324//2149
f 2324//2149 2294//2119 2296//2121
f 2324//2149 2296//2121 2322//2147
f 2322//2147 2296//2121 2320//2145
f 2320//2145 2296//2121 2298//2123
f 2320//2145 2298//2123 2318//2143
f 2318//2143 2298//2123 2300//2125
f 2318//2143 2300//2125 2316//2141
f 2316//2141 2300//2125 2302//2127
f 2316//2141 2302//2127 2314//2139
f 2314//2139 2302//2127 2304//2129
f 2314//2139 2304//2129 2312//2137
f 2312//2137 2304//2129 2228//2053
f 2312//2137 2228//2053 2310//2135
f 2310//2135 2228//2053 2230//2055
f 93//93 2396//2218 2397//2219
f 2397//2219 2396//2218 90//90
f 2397//2219 90//90 2398//2220
f 2398//2220 90//90 88//88
f 2398//2220 88//88 86//86
f 86//86 84//84 2398//2220
f 2398//2220 84//84 2399//2221
f 2399//2221 84//84 82//82
f 2399//2221 82//82 80//80
f 80//80 78//78 2399//2221
f 2399//2221 78//78 76//76
f 2399//2221 76//76 74//74
f 74//74 72//72 2399//2221
f 2399//2221 72//72 70//70
f 2399//2221 70//70 68//68
f 68//68 66//66 2399//2221
f 2399//2221 66//66 64//64
f 2399//2221 64//64 63//63
f 63//63 61//61 2399//2221
f 2399//2221 61//61 59//59
f 2399//2221 59//59 57//57
f 57//57 55//55 2399//2221
f 2399//2221 55//55 2400//2222
f 2400//2222 55//55 2401//2223
f 2401//2223 55//55 2402//2224
f 2402//2224 55//55 2403//2225
f 2403//2225 55//55 2404//2226
f 2404//2226 55//55 2405//2227
f 2405//2227 55//55 53//53
f 2405//2227 53//53 51//51
f 2405//2227 51//51 2406//2228
f 2406//2228 51//51 49//49
f 2406//2228 49//49 2407//2229
f 2406//2228 2407//2229 2408//2230
f 2408//2230 2407//2229 45//45
f 2408//2230 45//45 43//43
f 2408//2230 43//43 2409//2231
f 2409//2231 43//43 41//41
f 2409//2231 41//41 39//39
f 39//39 37//37 2409//2231
f 2409//2231 37//37 2410//2232
f 2410//2232 37//37 35//35
f 2410//2232 35//35 33//33
f 2410//2232 33//33 2411//2233
f 2411//2233 33//33 32//32
f 2411//2233 32//32 30//30
f 30//30 28//28 2411//2233
f 2411//2233 28//28 2412//2234
f 2412//2234 28//28 26//26
f 2412//2234 26//26 24//24
f 2412//2234 24//24 2413//2235
f 2413//2235 24//24 22//22
f 2413//2235 22//22 20//20
f 20//20 18//18 2413//2235
f 2413//2235 18//18 2414//2236
f 2414//2236 18//18 16//16
f 2414//2236 16//16 14//14
f 2414//2236 14//14 2415//2237
f 2415//2237 14//14 12//12
f 2415//2237 12//12 10//10
f 2415//2237 10//10 2416//2238
f 2416//2238 10//10 8//8
f 2416//2238 8//8 6//6
f 6//6 4//4 2416//2238
f 2416//2238 4//4 2417//2239
f 2417//2239 4//4 2418//2240
f 2417//2239 2418//2240 1//1
f 2417//2239 1//1 2419//2241
f 2419//2241 1//1 177//177
f 2419//2241 177//177 175//175
f 175//175 173//173 2419//2241
f 2419//2241 173//173 2420//2242
f 2420//2242 173//173 171//171
f 2420//2242 171//171 169//169
f 2420//2242 169//169 2421//2243
f 2421//2243 169//169 167//167
f 2421//2243 167//167 165//165
f 2421//2243 165//165 2422//2244
f 2422//2244 165//165 163//163
f 2422//2244 163//163 161//161
f 161//161 159//159 2422//2244
f 2422//2244 159//159 2423//2245
f 2423//2245 159//159 157//157
f 2423//2245 157//157 155//155
f 2423//2245 155//155 2424//2246
f 2424//2246 155//155 153//153
f 2424//2246 153//153 152//152
f 152//152 150//150 2424//2246
f 2424//2246 150//150 2425//2247
f 2425//2247 150//150 148//148
f 2425//2247 148//148 146//146
f 2425//2247 146//146 2426//2248
f 2426//2248 146//146 144//144
f 2426//2248 144//144 142//142
f 142//142 140//140 2426//2248
f 2426//2248 140//140 2427//2249
f 2427//2249 140//140 138//138
f 2427//2249 138//138 136//136
f 2427//2249 136//136 2428//2250
f 2428//2250 136//136 134//134
f 2428//2250 134//134 132//132
f 2428//2250 132//132 2429//2251
f 2429//2251 132//132 130//130
f 2429//2251 130//130 128//128
f 128//128 126//126 2429//2251
f 2429//2251 126//126 2430//2252
f 2430//2252 126//126 124//124
f 2430//2252 124//124 122//122
f 2430//2252 122//122 2431//2253
f 2431//2253 122//122 121//121
f 2431//2253 121//121 119//119
f 119//119 117//117 2431//2253
f 2431//2253 117//117 2432//2254
f 2432//2254 117//117 115//115
f 2432//2254 115//115 113//113
f 2432//2254 113//113 2433//2255
f 2433//2255 113//113 111//111
f 2433//2255 111//111 109//109
f 109//109 107//107 2433//2255
f 2433//2255 107//107 2434//2256
f 2434//2256 107//107 105//105
f 2434//2256 105//105 103//103
f 2434//2256 103//103 2435//2257
f 2435//2257 103//103 101//101
f 2435//2257 101//101 99//99
f 2435//2257 99//99 2436//2258
f 2436//2258 99//99 97//97
f 2436//2258 97//97 95//95
f 95//95 93//93 2436//2258
f 2436//2258 93//93 2397//2219
f 2398//2220 2437//2259 2397//2219
f 2397//2219 2437//2259 2438//2260
f 2397//2219 2438//2260 2439//2261
f 2437//2259 2398//2220 2440//2262
f 2440//2262 2398//2220 2399//2221
f 2440//2262 2399//2221 2441//2263
f 2441//2263 2399//2221 2400//2222
f 2441//2263 2400//2222 2442//2264
f 2442//2264 2400//2222 2401//2223
f 2442//2264 2401//2223 2443//2265
f 2443//2265 2401//2223 2402//2224
f 2443//2265 2402//2224 2444//2266
f 2444//2266 2402//2224 2403//2225
f 2444//2266 2403//2225 2445//2267
f 2445//2267 2403//2225 2446//2268
f 2446//2268 2403//2225 2404//2226
f 2446//2268 2404//2226 2447//2269
f 2447//2269 2404//2226 2405//2227
f 2447//2269 2405//2227 2448//2270
f 2448//2270 2405//2227 2406//2228
f 2448//2270 2406//2228 2449//2271
f 2449//2271 2406//2228 2408//2230
f 2449//2271 2408//2230 2450//2272
f 2450//2272 2408//2230 2409//2231
f 2450//2272 2409//2231 2451//2273
f 2451//2273 2409//2231 2410//2232
f 2451//2273 2410//2232 2452//2274
f 2452//2274 2410//2232 2411//2233
f 2452//2274 2411//2233 2453//2275
f 2453//2275 2411//2233 2454//2276
f 2454//2276 2411//2233 2412//2234
f 2454//2276 2412//2234 2455//2277
f 2455//2277 2412//2234 2413//2235
f 2455//2277 2413//2235 2456//2278
f 2456//2278 2413//2235 2414//2236
f 2456//2278 2414//2236 2457//2279
f 2457//2279 2414//2236 2415//2237
f 2457//2279 2415//2237 2458//2280
f 2458//2280 2415//2237 2416//2238
f 2458//2280 2416//2238 2459//2281
f 2459//2281 2416//2238 2417//2239
f 2459//2281 2417//2239 2460//2282
f 2460//2282 2417//2239 2461//2283
f 2461//2283 2417//2239 2419//2241
f 2461//2283 2419//2241 2462//2284
f 2462//2284 2419//2241 2420//2242
f 2462//2284 2420//2242 2463//2285
f 2463//2285 2420//2242 2421//2243
f 2463//2285 2421//2243 2464//2286
f 2464//2286 2421//2243 2422//2244
f 2464//2286 2422//2244 2465//2287
f 2465//2287 2422//2244 2423//2245
f 2465//2287 2423//2245 2466//2288
f 2466//2288 2423//2245 2424//2246
f 2466//2288 2424//2246 2467//2289
f 2467//2289 2424//2246 2468//2290
f 2468//2290 2424//2246 2425//2247
f 2468//2290 2425//2247 2469//2291
f 2469//2291 2425//2247 2426//2248
f 2469//2291 2426//2248 2470//2292
f 2470//2292 2426//2248 2427//2249
f 2470//2292 2427//2249 2471//2293
f 2471//2293 2427//2249 2428//2250
f 2471//2293 2428//2250 2472//2294
f 2472//2294 2428//2250 2429//2251
f 2472//2294 2429//2251 2473//2295
f 2473//2295 2429//2251 2430//2252
f 2473//2295 2430//2252 2474//2296
f 2474//2296 2430//2252 2431//2253
f 2474//2296 2431//2253 2475//2297
f 2475//2297 2431//2253 2476//2298
f 2476//2298 2431//2253 2432//2254
f 2476//2298 2432//2254 2477//2299
f 2477//2299 2432//2254 2433//2255
f 2477//2299 2433//2255 2478//2300
f 2478//2300 2433//2255 2434//2256
f 2478//2300 2434//2256 2479//2301
f 2479//2301 2434//2256 2435//2257
f 2479//2301 2435//2257 2480//2302
f 2480//2302 2435//2257 2436//2258
f 2480//2302 2436//2258 2439//2261
f 2439//2261 2436//2258 2397//2219
f 2481//2303 2396//2218 2482//2304
f 2482//2304 2396//2218 93//93
f 2482//2304 93//93 2483//2305
f 2483//2305 93//93 95//95
f 2483//2305 95//95 2484//2306
f 2484//2306 95//95 97//97
f 2484//2306 97//97 2485//2307
f 2485//2307 97//97 99//99
f 2485//2307 99//99 2486//2308
f 2486//2308 99//99 101//101
f 2486//2308 101//101 2487//2309
f 2487//2309 101//101 103//103
f 2487//2309 103//103 2488//2310
f 2488//2310 103//103 105//105
f 2488//2310 105//105 2489//2311
f 2489//2311 105//105 107//107
f 2489//2311 107//107 2490//2312
f 2490//2312 107//107 109//109
f 2490//2312 109//109 2491//2313
f 2491//2313 109//109 111//111
f 2491//2313 111//111 2492//2314
f 2492//2314 111//111 113//113
f 2492//2314 113//113 2493//2315
f 2493//2315 113//113 115//115
f 2493//2315 115//115 2494//2316
f 2494//2316 115//115 117//117
f 2494//2316 117//117 2495//2317
f 2495//2317 117//117 119//119
f 2495//2317 119//119 2496//2318
f 2496//2318 119//119 121//121
f 2496//2318 121//121 2497//2319
f 2497//2319 121//121 122//122
f 2497//2319 122//122 2498//2320
f 2498//2320 122//122 124//124
f 2498//2320 124//124 2499//2321
f 2499//2321 124//124 126//126
f 2499//2321 126//126 2500//2322
f 2500//2322 126//126 128//128
f 2500//2322 128//128 2501//2323
f 2501//2323 128//128 130//130
f 2501//2323 130//130 2502//2324
f 2502//2324 130//130 132//132
f 2502//2324 132//132 2503//2325
f 2503//2325 132//132 134//134
f 2503//2325 134//134 2504//2326
f 2504//2326 134//134 2505//2327
f 2505//2327 134//134 136//136
f 2505//2327 136//136 2506//2328
f 2506//2328 136//136 138//138
f 2506//2328 138//138 140//140
f 2396//2218 2481//2303 90//90
f 90//90 2481//2303 2507//2329
f 90//90 2507//2329 88//88
f 88//88 2507//2329 2508//2330
f 88//88 2508//2330 86//86
f 86//86 2508//2330 2509//2331
f 86//86 2509//2331 84//84
f 84//84 2509//2331 2510//2332
f 84//84 2510//2332 82//82
f 82//82 2510//2332 2511//2333
f 82//82 2511//2333 80//80
f 80//80 2511//2333 2512//2334
f 80//80 2512//2334 78//78
f 78//78 2512//2334 2513//2335
f 78//78 2513//2335 76//76
f 76//76 2513//2335 2514//2336
f 76//76 2514//2336 74//74
f 74//74 2514//2336 2515//2337
f 74//74 2515//2337 72//72
f 72//72 2515//2337 2516//2338
f 72//72 2516//2338 70//70
f 70//70 2516//2338 2517//2339
f 70//70 2517//2339 68//68
f 68//68 2517//2339 2518//2340
f 68//68 2518//2340 66//66
f 66//66 2518//2340 2519//2341
f 66//66 2519//2341 64//64
f 64//64 2519//2341 2520//2342
f 64//64 2520//2342 63//63
f 63//63 2520//2342 2521//2343
f 63//63 2521//2343 61//61
f 61//61 2521//2343 2522//2344
f 61//61 2522//2344 59//59
f 59//59 2522//2344 2523//2345
f 59//59 2523//2345 57//57
f 57//57 2523//2345 2524//2346
f 57//57 2524//2346 55//55
f 55//55 2524//2346 2525//2347
f 55//55 2525//2347 53//53
f 53//53 2525//2347 2526//2348
f 53//53 2526//2348 51//51
f 51//51 2526//2348 2527//2349
f 51//51 2527//2349 49//49
f 49//49 2527//2349 2528//2350
f 49//49 2528//2350 2407//2229
f 2407//2229 2528//2350 2529//2351
f 2407//2229 2529//2351 45//45
f 45//45 2529//2351 2530//2352
f 45//45 2530//2352 43//43
f 43//43 2530//2352 2531//2353
f 43//43 2531//2353 41//41
f 41//41 2531//2353 2532//2354
f 41//41 2532//2354 39//39
f 39//39 2532//2354 2533//2355
f 39//39 2533//2355 37//37
f 37//37 2533//2355 2534//2356
f 37//37 2534//2356 35//35
f 35//35 2534//2356 2535//2357
f 35//35 2535//2357 33//33
f 33//33 2535//2357 2536//2358
f 33//33 2536//2358 32//32
f 32//32 2536//2358 2537//2359
f 32//32 2537//2359 30//30
f 30//30 2537//2359 2538//2360
f 30//30 2538//2360 28//28
f 28//28 2538//2360 2539//2361
f 28//28 2539//2361 26//26
f 26//26 2539//2361 2540//2362
f 26//26 2540//2362 24//24
f 24//24 2540//2362 2541//2363
f 24//24 2541//2363 22//22
f 22//22 2541//2363 2542//2364
f 22//22 2542//2364 20//20
f 20//20 2542//2364 2543//2365
f 20//20 2543//2365 18//18
f 18//18 2543//2365 2544//2366
f 18//18 2544//2366 16//16
f 16//16 2544//2366 2545//2367
f 16//16 2545//2367 14//14
f 14//14 2545//2367 2546//2368
f 14//14 2546//2368 12//12
f 12//12 2546//2368 2547//2369
f 12//12 2547//2369 10//10
f 10//10 2547//2369 2548//2370
f 10//10 2548//2370 8//8
f 8//8 2548//2370 2549//2371
f 8//8 2549//2371 6//6
f 6//6 2549//2371 2550//2372
f 6//6 2550//2372 4//4
f 4//4 2550//2372 2551//2373
f 4//4 2551//2373 2418//2240
f 2418//2240 2551//2373 2552//2374
f 2418//2240 2552//2374 1//1
f 1//1 2552//2374 2553//2375
f 1//1 2553//2375 177//177
f 177//177 2553//2375 2554//2376
f 177//177 2554//2376 175//175
f 175//175 2554//2376 2555//2377
f 175//175 2555//2377 173//173
f 173//173 2555//2377 2556//2378
f 173//173 2556//2378 171//171
f 171//171 2556//2378 2557//2379
f 171//171 2557//2379 169//169
f 169//169 2557//2379 2558//2380
f 169//169 2558//2380 167//167
f 167//167 2558//2380 2559//2381
f 167//167 2559//2381 165//165
f 165//165 2559//2381 2560//2382
f 165//165 2560//2382 163//163
f 163//163 2560//2382 2561//2383
f 163//163 2561//2383 161//161
f 161//161 2561//2383 2562//2384
f 161//161 2562//2384 159//159
f 159//159 2562//2384 2563//2385
f 159//159 2563//2385 157//157
f 157//157 2563//2385 2564//2386
f 157//157 2564//2386 155//155
f 155//155 2564//2386 2565//2387
f 155//155 2565//2387 153//153
f 153//153 2565//2387 2566//2388
f 153//153 2566//2388 152//152
f 152//152 2566//2388 2567//2389
f 152//152 2567//2389 150//150
f 150//150 2567//2389 2568//2390
f 150//150 2568//2390 148//148
f 148//148 2568//2390 2569//2391
f 148//148 2569//2391 146//146
f 146//146 2569//2391 2570//2392
f 146//146 2570//2392 144//144
f 144//144 2570//2392 2571//2393
f 144//144 2571//2393 142//142
f 142//142 2571//2393 2572//2394
f 142//142 2572//2394 140//140
f 140//140 2572//2394 2506//2328
f 2437//2259 2481//2303 2438//2260
f 2438//2260 2481//2303 2482//2304
f 2438//2260 2482//2304 2483//2305
f 2440//2262 2508//2330 2437//2259
f 2437//2259 2508//2330 2507//2329
f 2437//2259 2507//2329 2481//2303
f 2441//2263 2510//2332 2440//2262
f 2440//2262 2510//2332 2509//2331
f 2440//2262 2509//2331 2508//2330
f 2442//2264 2512//2334 2441//2263
f 2441//2263 2512//2334 2511//2333
f 2441//2263 2511//2333 2510//2332
f 2443//2265 2514//2336 2442//2264
f 2442//2264 2514//2336 2513//2335
f 2442//2264 2513//2335 2512//2334
f 2444//2266 2517//2339 2443//2265
f 2443//2265 2517//2339 2516//2338
f 2443//2265 2516//2338 2515//2337
f 2445//2267 2519//2341 2444//2266
f 2444//2266 2519//2341 2518//2340
f 2444//2266 2518//2340 2517//2339
f 2446//2268 2521//2343 2445//2267
f 2445//2267 2521//2343 2520//2342
f 2445//2267 2520//2342 2519//2341
f 2447//2269 2523//2345 2446//2268
f 2446//2268 2523//2345 2522//2344
f 2446//2268 2522//2344 2521//2343
f 2448//2270 2525//2347 2447//2269
f 2447//2269 2525//2347 2524//2346
f 2447//2269 2524//2346 2523//2345
f 2449//2271 2527//2349 2448//2270
f 2448//2270 2527//2349 2526//2348
f 2448//2270 2526//2348 2525//2347
f 2450//2272 2529//2351 2449//2271
f 2449//2271 2529//2351 2528//2350
f 2449//2271 2528//2350 2527//2349
f 2451//2273 2531//2353 2450//2272
f 2450//2272 2531//2353 2530//2352
f 2450//2272 2530//2352 2529//2351
f 2452//2274 2533//2355 2451//2273
f 2451//2273 2533//2355 2532//2354
f 2451//2273 2532//2354 2531//2353
f 2453//2275 2535//2357 2452//2274
f 2452//2274 2535//2357 2534//2356
f 2452//2274 2534//2356 2533//2355
f 2454//2276 2537//2359 2453//2275
f 2453//2275 2537//2359 2536//2358
f 2453//2275 2536//2358 2535//2357
f 2455//2277 2539//2361 2454//2276
f 2454//2276 2539//2361 2538//2360
f 2454//2276 2538//2360 2537//2359
f 2456//2278 2542//2364 2455//2277
f 2455//2277 2542//2364 2541//2363
f 2455//2277 2541//2363 2540//2362
f 2457//2279 2544//2366 2456//2278
f 2456//2278 2544//2366 2543//2365
f 2456//2278 2543//2365 2542//2364
f 2458//2280 2546//2368 2457//2279
f 2457//2279 2546//2368 2545//2367
f 2457//2279 2545//2367 2544//2366
f 2459//2281 2548//2370 2458//2280
f 2458//2280 2548//2370 2547//2369
f 2458//2280 2547//2369 2546//2368
f 2460//2282 2550//2372 2459//2281
f 2459//2281 2550//2372 2549//2371
f 2459//2281 2549//2371 2548//2370
f 2461//2283 2552//2374 2460//2282
f 2460//2282 2552//2374 2551//2373
f 2460//2282 2551//2373 2550//2372
f 2462//2284 2554//2376 2461//2283
f 2461//2283 2554//2376 2553//2375
f 2461//2283 2553//2375 2552//2374
f 2463//2285 2556//2378 2462//2284
f 2462//2284 2556//2378 2555//2377
f 2462//2284 2555//2377 2554//2376
f 2464//2286 2558//2380 2463//2285
f 2463//2285 2558//2380 2557//2379
f 2463//2285 2557//2379 2556//2378
f 2465//2287 2560//2382 2464//2286
f 2464//2286 2560//2382 2559//2381
f 2464//2286 2559//2381 2558//2380
f 2466//2288 2563//2385 2465//2287
f 2465//2287 2563//2385 2562//2384
f 2465//2287 2562//2384 2561//2383
f 2467//2289 2565//2387 2466//2288
f 2466//2288 2565//2387 2564//2386
f 2466//2288 2564//2386 2563//2385
f 2468//2290 2567//2389 2467//2289
f 2467//2289 2567//2389 2566//2388
f 2467//2289 2566//2388 2565//2387
f 2469//2291 2569//2391 2468//2290
f 2468//2290 2569//2391 2568//2390
f 2468//2290 2568//2390 2567//2389
f 2470//2292 2571//2393 2469//2291
f 2469//2291 2571//2393 2570//2392
f 2469//2291 2570//2392 2569//2391
f 2471//2293 2506//2328 2470//2292
f 2470//2292 2506//2328 2572//2394
f 2470//2292 2572//2394 2571//2393
f 2472//2294 2504//2326 2471//2293
f 2471//2293 2504//2326 2505//2327
f 2471//2293 2505//2327 2506//2328
f 2473//2295 2502//2324 2472//2294
f 2472//2294 2502//2324 2503//2325
f 2472//2294 2503//2325 2504//2326
f 2474//2296 2500//2322 2473//2295
f 2473//2295 2500//2322 2501//2323
f 2473//2295 2501//2323 2502//2324
f 2474//2296 2475//2297 2500//2322
f 2500//2322 2475//2297 2476//2298
f 2500//2322 2476//2298 2477//2299
f 2477//2299 2478//2300 2500//2322
f 2500//2322 2478//2300 2479//2301
f 2500//2322 2479//2301 2480//2302
f 2439//2261 2485//2307 2480//2302
f 2480//2302 2485//2307 2486//2308
f 2480//2302 2486//2308 2487//2309
f 2438//2260 2483//2305 2439//2261
f 2439//2261 2483//2305 2484//2306
f 2439//2261 2484//2306 2485//2307
f 2487//2309 2488//2310 2480//2302
f 2480//2302 2488//2310 2489//2311
f 2480//2302 2489//2311 2490//2312
f 2490//2312 2491//2313 2480//2302
f 2480//2302 2491//2313 2492//2314
f 2480//2302 2492//2314 2493//2315
f 2493//2315 2494//2316 2480//2302
f 2480//2302 2494//2316 2495//2317
f 2480//2302 2495//2317 2496//2318
f 2496//2318 2497//2319 2480//2302
f 2480//2302 2497//2319 2498//2320
f 2480//2302 2498//2320 2499//2321
f 2499//2321 2500//2322 2480//2302
f 2561//2383 2560//2382 2465//2287
f 2540//2362 2539//2361 2455//2277
f 2515//2337 2514//2336 2443//2265
f 2573//2395 2574//2396 2575//2397
f 2575//2397 2574//2396 2576//2398
f 2575//2397 2576//2398 2577//2399
f 2577//2399 2576//2398 2578//2400
f 2577//2399 2578//2400 2579//2401
f 2579//2401 2578//2400 2580//2402
f 2579//2401 2580//2402 2581//2403
f 2581//2403 2580//2402 2582//2404
f 2581//2403 2582//2404 2583//2405
f 2583//2405 2582//2404 2584//2406
f 2583//2405 2584//2406 2585//2407
f 2585//2407 2584//2406 2586//2408
f 2585//2407 2586//2408 2587//2409
f 2587//2409 2586//2408 2588//2410
f 2587//2409 2588//2410 2589//2411
f 2587//2409 2589//2411 2590//2412
f 2590//2412 2589//2411 2591//2413
f 2590//2412 2591//2413 2592//2414
f 2592//2414 2591//2413 2593//2415
f 2592//2414 2593//2415 2594//2416
f 2594//2416 2593//2415 2595//2417
f 2594//2416 2595//2417 2596//2418
f 2596//2418 2595//2417 2597//2419
f 2596//2418 2597//2419 2598//2420
f 2598//2420 2597//2419 2599//2421
f 2598//2420 2599//2421 2600//2422
f 2600//2422 2599//2421 2601//2423
f 2600//2422 2601//2423 2602//2424
f 2602//2424 2601//2423 2603//2425
f 2602//2424 2603//2425 2604//2426
f 2602//2424 2604//2426 2605//2427
f 2605//2427 2604//2426 2606//2428
f 2605//2427 2606//2428 2607//2429
f 2607//2429 2606//2428 2608//2430
f 2607//2429 2608//2430 2609//2431
f 2609//2431 2608//2430 2610//2432
f 2609//2431 2610//2432 2611//2433
f 2611//2433 2610//2432 2612//2434
f 2611//2433 2612//2434 2613//2435
f 2613//2435 2612//2434 2614//2436
f 2613//2435 2614//2436 2615//2437
f 2615//2437 2614//2436 2616//2438
f 2615//2437 2616//2438 2617//2439
f 2615//2437 2617//2439 2618//2440
f 2618//2440 2617//2439 2619//2441
f 2618//2440 2619//2441 2620//2442
f 2620//2442 2619//2441 2621//2443
f 2620//2442 2621//2443 2622//2444
f 2622//2444 2621//2443 2623//2445
f 2622//2444 2623//2445 2624//2446
f 2624//2446 2623//2445 2625//2447
f 2624//2446 2625//2447 2626//2448
f 2626//2448 2625//2447 2627//2449
f 2626//2448 2627//2449 2628//2450
f 2628//2450 2627//2449 2629//2451
f 2628//2450 2629//2451 2630//2452
f 2630//2452 2629//2451 2631//2453
f 2630//2452 2631//2453 2632//2454
f 2630//2452 2632//2454 2633//2455
f 2633//2455 2632//2454 2634//2456
f 2633//2455 2634//2456 2635//2457
f 2635//2457 2634//2456 2636//2458
f 2635//2457 2636//2458 2637//2459
f 2637//2459 2636//2458 2638//2460
f 2637//2459 2638//2460 2639//2461
f 2639//2461 2638//2460 2640//2462
f 2639//2461 2640//2462 2641//2463
f 2641//2463 2640//2462 2642//2464
f 2641//2463 2642//2464 2643//2465
f 2643//2465 2642//2464 2644//2466
f 2643//2465 2644//2466 2645//2467
f 2645//2467 2644//2466 2646//2468
f 2645//2467 2646//2468 2647//2469
f 2645//2467 2647//2469 2648//2470
f 2648//2470 2647//2469 2649//2471
f 2648//2470 2649//2471 2650//2472
f 2650//2472 2649//2471 2651//2473
f 2650//2472 2651//2473 2652//2474
f 2652//2474 2651//2473 2653//2475
f 2652//2474 2653//2475 2654//2476
f 2654//2476 2653//2475 2655//2477
f 2654//2476 2655//2477 2656//2478
f 2656//2478 2655//2477 2573//2395
f 2656//2478 2573//2395 2575//2397
f 2577//2399 2657//2479 2575//2397
f 2575//2397 2657//2479 2658//2480
f 2575//2397 2658//2480 2656//2478
f 2656//2478 2658//2480 2659//2481
f 2656//2478 2659//2481 2654//2476
f 2654//2476 2659//2481 2660//2482
f 2654//2476 2660//2482 2652//2474
f 2652//2474 2660//2482 2661//2483
f 2652//2474 2661//2483 2650//2472
f 2650//2472 2661//2483 2662//2484
f 2650//2472 2662//2484 2648//2470
f 2648//2470 2662//2484 2663//2485
f 2648//2470 2663//2485 2645//2467
f 2645//2467 2663//2485 2664//2486
f 2645//2467 2664//2486 2643//2465
f 2643//2465 2664//2486 2665//2487
f 2643//2465 2665//2487 2641//2463
f 2641//2463 2665//2487 2666//2488
f 2641//2463 2666//2488 2639//2461
f 2639//2461 2666//2488 2667//2489
f 2639//2461 2667//2489 2637//2459
f 2637//2459 2667//2489 2668//2490
f 2637//2459 2668//2490 2635//2457
f 2635//2457 2668//2490 2669//2491
f 2635//2457 2669//2491 2633//2455
f 2633//2455 2669//2491 2670//2492
f 2633//2455 2670//2492 2630//2452
f 2630//2452 2670//2492 2671//2493
f 2630//2452 2671//2493 2628//2450
f 2628//2450 2671//2493 2672//2494
f 2628//2450 2672//2494 2626//2448
f 2626//2448 2672//2494 2673//2495
f 2626//2448 2673//2495 2624//2446
f 2624//2446 2673//2495 2674//2496
f 2624//2446 2674//2496 2622//2444
f 2622//2444 2674//2496 2675//2497
f 2622//2444 2675//2497 2620//2442
f 2620//2442 2675//2497 2676//2498
f 2620//2442 2676//2498 2618//2440
f 2618//2440 2676//2498 2677//2499
f 2618//2440 2677//2499 2615//2437
f 2615//2437 2677//2499 2678//2500
f 2615//2437 2678//2500 2613//2435
f 2613//2435 2678//2500 2679//2501
f 2613//2435 2679//2501 2611//2433
f 2611//2433 2679//2501 2680//2502
f 2611//2433 2680//2502 2609//2431
f 2609//2431 2680//2502 2681//2503
f 2609//2431 2681//2503 2607//2429
f 2607//2429 2681//2503 2682//2504
f 2607//2429 2682//2504 2605//2427
f 2605//2427 2682//2504 2683//2505
f 2605//2427 2683//2505 2602//2424
f 2602//2424 2683//2505 2684//2506
f 2602//2424 2684//2506 2600//2422
f 2600//2422 2684//2506 2685//2507
f 2600//2422 2685//2507 2598//2420
f 2598//2420 2685//2507 2686//2508
f 2598//2420 2686//2508 2596//2418
f 2596//2418 2686//2508 2687//2509
f 2596//2418 2687//2509 2594//2416
f 2594//2416 2687//2509 2688//2510
f 2594//2416 2688//2510 2592//2414
f 2592//2414 2688//2510 2689//2511
f 2592//2414 2689//2511 2590//2412
f 2590//2412 2689//2511 2690//2512
f 2590//2412 2690//2512 2587//2409
f 2587//2409 2690//2512 2691//2513
f 2587//2409 2691//2513 2585//2407
f 2585//2407 2691//2513 2692//2514
f 2585//2407 2692//2514 2583//2405
f 2583//2405 2692//2514 2693//2515
f 2583//2405 2693//2515 2581//2403
f 2581//2403 2693//2515 2694//2516
f 2581//2403 2694//2516 2579//2401
f 2579//2401 2694//2516 2695//2517
f 2579//2401 2695//2517 2577//2399
f 2577//2399 2695//2517 2657//2479
f 2696//2518 2697//2519 2698//2520
f 2698//2520 2697//2519 2699//2521
f 2698//2520 2699//2521 2700//2522
f 2700//2522 2699//2521 2701//2523
f 2700//2522 2701//2523 2702//2524
f 2702//2524 2701//2523 2703//2525
f 2702//2524 2703//2525 2704//2526
f 2704//2526 2703//2525 2705//2527
f 2704//2526 2705//2527 2706//2528
f 2706//2528 2705//2527 2707//2529
f 2706//2528 2707//2529 2708//2530
f 2708//2530 2707//2529 2709//2531
f 2708//2530 2709//2531 2710//2532
f 2710//2532 2709//2531 2711//2533
f 2710//2532 2711//2533 2712//2534
f 2712//2534 2711//2533 2713//2535
f 2712//2534 2713//2535 2714//2536
f 2714//2536 2713//2535 2715//2537
f 2714//2536 2715//2537 2716//2538
f 2716//2538 2715//2537 2717//2539
f 2716//2538 2717//2539 2718//2540
f 2718//2540 2717//2539 2719//2541
f 2718//2540 2719//2541 2720//2542
f 2720//2542 2719//2541 2721//2543
f 2720//2542 2721//2543 2722//2544
f 2722//2544 2721//2543 2723//2545
f 2722//2544 2723//2545 2724//2546
f 2724//2546 2723//2545 2725//2547
f 2724//2546 2725//2547 2726//2548
f 2726//2548 2725//2547 2727//2549
f 2726//2548 2727//2549 2728//2550
f 2728//2550 2727//2549 2729//2551
f 2728//2550 2729//2551 2730//2552
f 2730//2552 2729//2551 2731//2553
f 2730//2552 2731//2553 2732//2554
f 2732//2554 2731//2553 2733//2555
f 2732//2554 2733//2555 2734//2556
f 2734//2556 2733//2555 2735//2557
f 2734//2556 2735//2557 2736//2558
f 2736//2558 2735//2557 2737//2559
f 2736//2558 2737//2559 2738//2560
f 2738//2560 2737//2559 2739//2561
f 2738//2560 2739//2561 2740//2562
f 2740//2562 2739//2561 2741//2563
f 2740//2562 2741//2563 2742//2564
f 2742//2564 2741//2563 2743//2565
f 2742//2564 2743//2565 2744//2566
f 2744//2566 2743//2565 2745//2567
f 2744//2566 2745//2567 2746//2568
f 2746//2568 2745//2567 2747//2569
f 2746//2568 2747//2569 2748//2570
f 2748//2570 2747//2569 2749//2571
f 2748//2570 2749//2571 2750//2572
f 2750//2572 2749//2571 2751//2573
f 2750//2572 2751//2573 2752//2574
f 2752//2574 2751//2573 2753//2575
f 2752//2574 2753//2575 2754//2576
f 2754//2576 2753//2575 2755//2577
f 2754//2576 2755//2577 2756//2578
f 2756//2578 2755//2577 2757//2579
f 2756//2578 2757//2579 2758//2580
f 2758//2580 2757//2579 2759//2581
f 2758//2580 2759//2581 2760//2582
f 2760//2582 2759//2581 2761//2583
f 2760//2582 2761//2583 2762//2584
f 2762//2584 2761//2583 2763//2585
f 2762//2584 2763//2585 2764//2586
f 2764//2586 2763//2585 2765//2587
f 2764//2586 2765//2587 2766//2588
f 2766//2588 2765//2587 2767//2589
f 2766//2588 2767//2589 2768//2590
f 2768//2590 2767//2589 2769//2591
f 2768//2590 2769//2591 2770//2592
f 2770//2592 2769//2591 2771//2593
f 2770//2592 2771//2593 2772//2594
f 2772//2594 2771//2593 2773//2595
f 2772//2594 2773//2595 2696//2518
f 2696//2518 2773//2595 2697//2519
f 2667//2489 2757//2579 2668//2490
f 2668//2490 2757//2579 2755//2577
f 2668//2490 2755//2577 2669//2491
f 2669//2491 2755//2577 2753//2575
f 2669//2491 2753//2575 2670//2492
f 2670//2492 2753//2575 2751//2573
f 2670//2492 2751//2573 2671//2493
f 2671//2493 2751//2573 2749//2571
f 2671//2493 2749//2571 2672//2494
f 2672//2494 2749//2571 2747//2569
f 2672//2494 2747//2569 2673//2495
f 2673//2495 2747//2569 2745//2567
f 2673//2495 2745//2567 2674//2496
f 2674//2496 2745//2567 2743//2565
f 2674//2496 2743//2565 2675//2497
f 2675//2497 2743//2565 2741//2563
f 2675//2497 2741//2563 2676//2498
f 2676//2498 2741//2563 2739//2561
f 2676//2498 2739//2561 2677//2499
f 2677//2499 2739//2561 2737//2559
f 2677//2499 2737//2559 2678//2500
f 2678//2500 2737//2559 2735//2557
f 2678//2500 2735//2557 2679//2501
f 2679//2501 2735//2557 2733//2555
f 2679//2501 2733//2555 2680//2502
f 2680//2502 2733//2555 2731//2553
f 2680//2502 2731//2553 2681//2503
f 2681//2503 2731//2553 2729//2551
f 2681//2503 2729//2551 2682//2504
f 2682//2504 2729//2551 2727//2549
f 2682//2504 2727//2549 2683//2505
f 2683//2505 2727//2549 2725//2547
f 2683//2505 2725//2547 2684//2506
f 2684//2506 2725//2547 2723//2545
f 2684//2506 2723//2545 2685//2507
f 2685//2507 2723//2545 2721//2543
f 2685//2507 2721//2543 2686//2508
f 2686//2508 2721//2543 2719//2541
f 2686//2508 2719//2541 2687//2509
f 2687//2509 2719//2541 2717//2539
f 2687//2509 2717//2539 2688//2510
f 2688//2510 2717//2539 2715//2537
f 2688//2510 2715//2537 2689//2511
f 2689//2511 2715//2537 2713//2535
f 2689//2511 2713//2535 2690//2512
f 2690//2512 2713//2535 2711//2533
f 2690//2512 2711//2533 2691//2513
f 2691//2513 2711//2533 2709//2531
f 2691//2513 2709//2531 2692//2514
f 2692//2514 2709//2531 2707//2529
f 2692//2514 2707//2529 2693//2515
f 2693//2515 2707//2529 2705//2527
f 2693//2515 2705//2527 2694//2516
f 2694//2516 2705//2527 2703//2525
f 2694//2516 2703//2525 2695//2517
f 2695//2517 2703//2525 2701//2523
f 2695//2517 2701//2523 2657//2479
f 2657//2479 2701//2523 2699//2521
f 2657//2479 2699//2521 2658//2480
f 2658//2480 2699//2521 2697//2519
f 2658//2480 2697//2519 2659//2481
f 2659//2481 2697//2519 2773//2595
f 2659//2481 2773//2595 2660//2482
f 2660//2482 2773//2595 2771//2593
f 2660//2482 2771//2593 2661//2483
f 2661//2483 2771//2593 2769//2591
f 2661//2483 2769//2591 2662//2484
f 2662//2484 2769//2591 2767//2589
f 2662//2484 2767//2589 2663//2485
f 2663//2485 2767//2589 2765//2587
f 2663//2485 2765//2587 2664//2486
f 2664//2486 2765//2587 2763//2585
f 2664//2486 2763//2585 2665//2487
f 2665//2487 2763//2585 2761//2583
f 2665//2487 2761//2583 2666//2488
f 2666//2488 2761//2583 2759//2581
f 2666//2488 2759//2581 2667//2489
f 2667//2489 2759//2581 2757//2579
f 2774//2596 2775//2597 2776//2598
f 2776//2598 2775//2597 2777//2599
f 2776//2598 2777//2599 2778//2600
f 2778//2600 2777//2599 2779//2601
f 2778//2600 2779//2601 2780//2602
f 2780//2602 2779//2601 2781//2603
f 2780//2602 2781//2603 2782//2604
f 2782//2604 2781//2603 2783//2605
f 2782//2604 2783//2605 2784//2606
f 2784//2606 2783//2605 2785//2607
f 2784//2606 2785//2607 2786//2608
f 2786//2608 2785//2607 2787//2609
f 2786//2608 2787//2609 2788//2610
f 2788//2610 2787//2609 2789//2611
f 2788//2610 2789//2611 2790//2612
f 2790//2612 2789//2611 2791//2613
f 2790//2612 2791//2613 2792//2614
f 2792//2614 2791//2613 2793//2615
f 2792//2614 2793//2615 2794//2616
f 2794//2616 2793//2615 2795//2617
f 2794//2616 2795//2617 2796//2618
f 2796//2618 2795//2617 2797//2619
f 2796//2618 2797//2619 2798//2620
f 2798//2620 2797//2619 2799//136
f 2798//2620 2799//136 2800//2621
f 2800//2621 2799//136 2801//2622
f 2800//2621 2801//2622 2802//2623
f 2802//2623 2801//2622 2803//2624
f 2802//2623 2803//2624 2804//2625
f 2804//2625 2803//2624 2805//2626
f 2804//2625 2805//2626 2806//2627
f 2806//2627 2805//2626 2807//2628
f 2806//2627 2807//2628 2808//2629
f 2808//2629 2807//2628 2809//2630
f 2808//2629 2809//2630 2810//2631
f 2810//2631 2809//2630 2811//2632
f 2810//2631 2811//2632 2812//2633
f 2812//2633 2811//2632 2813//2634
f 2812//2633 2813//2634 2814//2635
f 2814//2635 2813//2634 2815//2636
f 2814//2635 2815//2636 2816//2637
f 2816//2637 2815//2636 2817//2638
f 2816//2637 2817//2638 2818//2639
f 2818//2639 2817//2638 2819//2640
f 2818//2639 2819//2640 2820//2641
f 2820//2641 2819//2640 2821//2642
f 2820//2641 2821//2642 2822//2643
f 2822//2643 2821//2642 2823//2644
f 2822//2643 2823//2644 2824//2645
f 2824//2645 2823//2644 2825//2646
f 2824//2645 2825//2646 2826//2647
f 2826//2647 2825//2646 2827//2648
f 2826//2647 2827//2648 2828//2649
f 2828//2649 2827//2648 2829//1408
f 2828//2649 2829//1408 2830//2650
f 2830//2650 2829//1408 2831//2651
f 2830//2650 2831//2651 2832//2652
f 2832//2652 2831//2651 2833//2653
f 2832//2652 2833//2653 2834//2654
f 2834//2654 2833//2653 2835//2655
f 2834//2654 2835//2655 2836//2656
f 2836//2656 2835//2655 2837//2657
f 2836//2656 2837//2657 2838//2658
f 2838//2658 2837//2657 2839//2659
f 2838//2658 2839//2659 2840//2660
f 2840//2660 2839//2659 2841//2661
f 2840//2660 2841//2661 2842//2662
f 2842//2662 2841//2661 2843//2663
f 2842//2662 2843//2663 2844//2664
f 2844//2664 2843//2663 2845//2665
f 2844//2664 2845//2665 2846//2666
f 2846//2666 2845//2665 2847//2667
f 2846//2666 2847//2667 2848//2668
f 2848//2668 2847//2667 2849//2669
f 2848//2668 2849//2669 2850//2670
f 2850//2670 2849//2669 2851//2671
f 2850//2670 2851//2671 2852//2672
f 2852//2672 2851//2671 2853//2673
f 2852//2672 2853//2673 2854//2674
f 2854//2674 2853//2673 2855//2675
f 2854//2674 2855//2675 2856//2676
f 2856//2676 2855//2675 2857//2677
f 2856//2676 2857//2677 2858//2678
f 2858//2678 2857//2677 2859//1401
f 2858//2678 2859//1401 2860//2679
f 2860//2679 2859//1401 2861//2680
f 2860//2679 2861//2680 2862//2681
f 2862//2681 2861//2680 2863//2682
f 2862//2681 2863//2682 2774//2596
f 2774//2596 2863//2682 2775//2597
f 2573//2395 2777//2599 2574//2396
f 2574//2396 2777//2599 2775//2597
f 2574//2396 2775//2597 2576//2398
f 2576//2398 2775//2597 2863//2682
f 2576//2398 2863//2682 2578//2400
f 2578//2400 2863//2682 2861//2680
f 2578//2400 2861//2680 2580//2402
f 2580//2402 2861//2680 2859//1401
f 2580//2402 2859//1401 2582//2404
f 2582//2404 2859//1401 2857//2677
f 2582//2404 2857//2677 2584//2406
f 2584//2406 2857//2677 2855//2675
f 2584//2406 2855//2675 2586//2408
f 2586//2408 2855//2675 2853//2673
f 2586//2408 2853//2673 2588//2410
f 2588//2410 2853//2673 2851//2671
f 2588//2410 2851//2671 2589//2411
f 2589//2411 2851//2671 2849//2669
f 2589//2411 2849//2669 2591//2413
f 2591//2413 2849//2669 2847//2667
f 2591//2413 2847//2667 2593//2415
f 2593//2415 2847//2667 2845//2665
f 2593//2415 2845//2665 2595//2417
f 2595//2417 2845//2665 2843//2663
f 2595//2417 2843//2663 2597//2419
f 2597//2419 2843//2663 2841//2661
f 2597//2419 2841//2661 2599//2421
f 2599//2421 2841//2661 2839//2659
f 2599//2421 2839//2659 2601//2423
f 2601//2423 2839//2659 2837//2657
f 2601//2423 2837//2657 2603//2425
f 2603//2425 2837//2657 2835//2655
f 2603//2425 2835//2655 2604//2426
f 2604//2426 2835//2655 2833//2653
f 2604//2426 2833//2653 2606//2428
f 2606//2428 2833//2653 2831//2651
f 2606//2428 2831//2651 2608//2430
f 2608//2430 2831//2651 2829//1408
f 2608//2430 2829//1408 2610//2432
f 2610//2432 2829//1408 2827//2648
f 2610//2432 2827//2648 2612//2434
f 2612//2434 2827//2648 2825//2646
f 2612//2434 2825//2646 2614//2436
f 2614//2436 2825//2646 2823//2644
f 2614//2436 2823//2644 2616//2438
f 2616//2438 2823//2644 2821//2642
f 2616//2438 2821//2642 2617//2439
f 2617//2439 2821//2642 2819//2640
f 2617//2439 2819//2640 2619//2441
f 2619//2441 2819//2640 2817//2638
f 2619//2441 2817//2638 2621//2443
f 2621//2443 2817//2638 2815//2636
f 2621//2443 2815//2636 2623//2445
f 2623//2445 2815//2636 2813//2634
f 2623//2445 2813//2634 2625//2447
f 2625//2447 2813//2634 2811//2632
f 2625//2447 2811//2632 2627//2449
f 2627//2449 2811//2632 2809//2630
f 2627//2449 2809//2630 2629//2451
f 2629//2451 2809//2630 2807//2628
f 2629//2451 2807//2628 2631//2453
f 2631//2453 2807//2628 2805//2626
f 2631//2453 2805//2626 2632//2454
f 2632//2454 2805//2626 2803//2624
f 2632//2454 2803//2624 2634//2456
f 2634//2456 2803//2624 2801//2622
f 2634//2456 2801//2622 2636//2458
f 2636//2458 2801//2622 2799//136
f 2636//2458 2799//136 2638//2460
f 2638//2460 2799//136 2797//2619
f 2638//2460 2797//2619 2640//2462
f 2640//2462 2797//2619 2795//2617
f 2640//2462 2795//2617 2642//2464
f 2642//2464 2795//2617 2793//2615
f 2642//2464 2793//2615 2644//2466
f 2644//2466 2793//2615 2791//2613
f 2644//2466 2791//2613 2646//2468
f 2646//2468 2791//2613 2789//2611
f 2646//2468 2789//2611 2647//2469
f 2647//2469 2789//2611 2787//2609
f 2647//2469 2787//2609 2649//2471
f 2649//2471 2787//2609 2785//2607
f 2649//2471 2785//2607 2651//2473
f 2651//2473 2785//2607 2783//2605
f 2651//2473 2783//2605 2653//2475
f 2653//2475 2783//2605 2781//2603
f 2653//2475 2781//2603 2655//2477
f 2655//2477 2781//2603 2779//2601
f 2655//2477 2779//2601 2573//2395
f 2573//2395 2779//2601 2777//2599
f 2700//2522 2774//2596 2698//2520
f 2698//2520 2774//2596 2776//2598
f 2698//2520 2776//2598 2778//2600
f 2774//2596 2700//2522 2862//2681
f 2862//2681 2700//2522 2702//2524
f 2862//2681 2702//2524 2860//2679
f 2860//2679 2702//2524 2704//2526
f 2860//2679 2704//2526 2858//2678
f 2858//2678 2704//2526 2706//2528
f 2858//2678 2706//2528 2856//2676
f 2856//2676 2706//2528 2708//2530
f 2856//2676 2708//2530 2854//2674
f 2854//2674 2708//2530 2710//2532
f 2854//2674 2710//2532 2852//2672
f 2852//2672 2710//2532 2850//2670
f 2850//2670 2710//2532 2712//2534
f 2850//2670 2712//2534 2848//2668
f 2848//2668 2712//2534 2714//2536
f 2848//2668 2714//2536 2846//2666
f 2846//2666 2714//2536 2716//2538
f 2846//2666 2716//2538 2844//2664
f 2844//2664 2716//2538 2718//2540
f 2844//2664 2718//2540 2842//2662
f 2842//2662 2718//2540 2720//2542
f 2842//2662 2720//2542 2840//2660
f 2840//2660 2720//2542 2722//2544
f 2840//2660 2722//2544 2838//2658
f 2838//2658 2722//2544 2724//2546
f 2838//2658 2724//2546 2836//2656
f 2836//2656 2724//2546 2834//2654
f 2834//2654 2724//2546 2726//2548
f 2834//2654 2726//2548 2832//2652
f 2832//2652 2726//2548 2728//2550
f 2832//2652 2728//2550 2830//2650
f 2830//2650 2728//2550 2730//2552
f 2830//2650 2730//2552 2828//2649
f 2828//2649 2730//2552 2732//2554
f 2828//2649 2732//2554 2826//2647
f 2826//2647 2732//2554 2734//2556
f 2826//2647 2734//2556 2824//2645
f 2824//2645 2734//2556 2736//2558
f 2824//2645 2736//2558 2822//2643
f 2822//2643 2736//2558 2738//2560
f 2822//2643 2738//2560 2820//2641
f 2820//2641 2738//2560 2818//2639
f 2818//2639 2738//2560 2740//2562
f 2818//2639 2740//2562 2816//2637
f 2816//2637 2740//2562 2742//2564
f 2816//2637 2742//2564 2814//2635
f 2814//2635 2742//2564 2744//2566
f 2814//2635 2744//2566 2812//2633
f 2812//2633 2744//2566 2746//2568
f 2812//2633 2746//2568 2810//2631
f 2810//2631 2746//2568 2748//2570
f 2810//2631 2748//2570 2808//2629
f 2808//2629 2748//2570 2750//2572
f 2808//2629 2750//2572 2806//2627
f 2806//2627 2750//2572 2804//2625
f 2804//2625 2750//2572 2752//2574
f 2804//2625 2752//2574 2802//2623
f 2802//2623 2752//2574 2754//2576
f 2802//2623 2754//2576 2800//2621
f 2800//2621 2754//2576 2756//2578
f 2800//2621 2756//2578 2798//2620
f 2798//2620 2756//2578 2758//2580
f 2798//2620 2758//2580 2796//2618
f 2796//2618 2758//2580 2760//2582
f 2796//2618 2760//2582 2794//2616
f 2794//2616 2760//2582 2762//2584
f 2794//2616 2762//2584 2792//2614
f 2792//2614 2762//2584 2764//2586
f 2792//2614 2764//2586 2790//2612
f 2790//2612 2764//2586 2788//2610
f 2788//2610 2764//2586 2766//2588
f 2788//2610 2766//2588 2786//2608
f 2786//2608 2766//2588 2768//2590
f 2786//2608 2768//2590 2784//2606
f 2784//2606 2768//2590 2770//2592
f 2784//2606 2770//2592 2782//2604
f 2782//2604 2770//2592 2772//2594
f 2782//2604 2772//2594 2780//2602
f 2780//2602 2772//2594 2696//2518
f 2780//2602 2696//2518 2778//2600
f 2778//2600 2696//2518 2698//2520
