solid RocketEngine_100N_Scale1to1
  facet normal -9.9966e-1 -2.6177e-2 0.0000e+0
    outer loop
      vertex 1.3950e+1 0.0000e+0 0.0000e+0
      vertex 1.3950e+1 0.0000e+0 1.6670e+2
      vertex 1.3931e+1 7.3009e-1 0.0000e+0
    endloop
  endfacet
  facet normal -9.9966e-1 -2.6177e-2 0.0000e+0
    outer loop
      vertex 1.3931e+1 7.3009e-1 0.0000e+0
      vertex 1.3950e+1 0.0000e+0 1.6670e+2
      vertex 1.3931e+1 7.3009e-1 1.6670e+2
    endloop
  endfacet
  facet normal 9.9966e-1 2.6177e-2 0.0000e+0
    outer loop
      vertex 1.6950e+1 0.0000e+0 0.0000e+0
      vertex 1.6927e+1 8.8709e-1 0.0000e+0
      vertex 1.6950e+1 0.0000e+0 1.6670e+2
    endloop
  endfacet
  facet normal 9.9966e-1 2.6177e-2 0.0000e+0
    outer loop
      vertex 1.6927e+1 8.8709e-1 0.0000e+0
      vertex 1.6927e+1 8.8709e-1 1.6670e+2
      vertex 1.6950e+1 0.0000e+0 1.6670e+2
    endloop
  endfacet
  facet normal -7.0699e-1 -1.8513e-2 -7.0699e-1
    outer loop
      vertex 1.3950e+1 0.0000e+0 1.6670e+2
      vertex 5.7000e+0 0.0000e+0 1.7495e+2
      vertex 1.3931e+1 7.3009e-1 1.6670e+2
    endloop
  endfacet
  facet normal -7.0699e-1 -1.8513e-2 -7.0699e-1
    outer loop
      vertex 1.3931e+1 7.3009e-1 1.6670e+2
      vertex 5.7000e+0 0.0000e+0 1.7495e+2
      vertex 5.6922e+0 2.9831e-1 1.7495e+2
    endloop
  endfacet
  facet normal 7.0699e-1 1.8513e-2 7.0699e-1
    outer loop
      vertex 1.6950e+1 0.0000e+0 1.6670e+2
      vertex 1.6927e+1 8.8709e-1 1.6670e+2
      vertex 8.7000e+0 0.0000e+0 1.7495e+2
    endloop
  endfacet
  facet normal 7.0699e-1 1.8513e-2 7.0699e-1
    outer loop
      vertex 1.6927e+1 8.8709e-1 1.6670e+2
      vertex 8.6881e+0 4.5532e-1 1.7495e+2
      vertex 8.7000e+0 0.0000e+0 1.7495e+2
    endloop
  endfacet
  facet normal -9.6562e-1 -2.5286e-2 2.5874e-1
    outer loop
      vertex 5.7000e+0 0.0000e+0 1.7495e+2
      vertex 8.0500e+0 0.0000e+0 1.8372e+2
      vertex 5.6922e+0 2.9831e-1 1.7495e+2
    endloop
  endfacet
  facet normal -9.6562e-1 -2.5286e-2 2.5874e-1
    outer loop
      vertex 5.6922e+0 2.9831e-1 1.7495e+2
      vertex 8.0500e+0 0.0000e+0 1.8372e+2
      vertex 8.0390e+0 4.2130e-1 1.8372e+2
    endloop
  endfacet
  facet normal 9.6562e-1 2.5286e-2 -2.5874e-1
    outer loop
      vertex 8.7000e+0 0.0000e+0 1.7495e+2
      vertex 8.6881e+0 4.5532e-1 1.7495e+2
      vertex 1.1050e+1 0.0000e+0 1.8372e+2
    endloop
  endfacet
  facet normal 9.6562e-1 2.5286e-2 -2.5874e-1
    outer loop
      vertex 8.6881e+0 4.5532e-1 1.7495e+2
      vertex 1.1035e+1 5.7831e-1 1.8372e+2
      vertex 1.1050e+1 0.0000e+0 1.8372e+2
    endloop
  endfacet
  facet normal 0.0000e+0 0.0000e+0 -1.0000e+0
    outer loop
      vertex 1.3950e+1 0.0000e+0 0.0000e+0
      vertex 1.3931e+1 7.3009e-1 0.0000e+0
      vertex 1.6950e+1 0.0000e+0 0.0000e+0
    endloop
  endfacet
  facet normal 0.0000e+0 0.0000e+0 -1.0000e+0
    outer loop
      vertex 1.3931e+1 7.3009e-1 0.0000e+0
      vertex 1.6927e+1 8.8709e-1 0.0000e+0
      vertex 1.6950e+1 0.0000e+0 0.0000e+0
    endloop
  endfacet
  facet normal 0.0000e+0 0.0000e+0 1.0000e+0
    outer loop
      vertex 8.0500e+0 0.0000e+0 1.8372e+2
      vertex 1.1050e+1 0.0000e+0 1.8372e+2
      vertex 8.0390e+0 4.2130e-1 1.8372e+2
    endloop
  endfacet
  facet normal 0.0000e+0 0.0000e+0 1.0000e+0
    outer loop
      vertex 8.0390e+0 4.2130e-1 1.8372e+2
      vertex 1.1050e+1 0.0000e+0 1.8372e+2
      vertex 1.1035e+1 5.7831e-1 1.8372e+2
    endloop
  endfacet
  facet normal -9.9692e-1 -7.8459e-2 0.0000e+0
    outer loop
      vertex 1.3931e+1 7.3009e-1 0.0000e+0
      vertex 1.3931e+1 7.3009e-1 1.6670e+2
      vertex 1.3874e+1 1.4582e+0 0.0000e+0
    endloop
  endfacet
  facet normal -9.9692e-1 -7.8459e-2 0.0000e+0
    outer loop
      vertex 1.3874e+1 1.4582e+0 0.0000e+0
      vertex 1.3931e+1 7.3009e-1 1.6670e+2
      vertex 1.3874e+1 1.4582e+0 1.6670e+2
    endloop
  endfacet
  facet normal 9.9692e-1 7.8459e-2 0.0000e+0
    outer loop
      vertex 1.6927e+1 8.8709e-1 0.0000e+0
      vertex 1.6857e+1 1.7718e+0 0.0000e+0
      vertex 1.6927e+1 8.8709e-1 1.6670e+2
    endloop
  endfacet
  facet normal 9.9692e-1 7.8459e-2 0.0000e+0
    outer loop
      vertex 1.6857e+1 1.7718e+0 0.0000e+0
      vertex 1.6857e+1 1.7718e+0 1.6670e+2
      vertex 1.6927e+1 8.8709e-1 1.6670e+2
    endloop
  endfacet
  facet normal -7.0505e-1 -5.5488e-2 -7.0699e-1
    outer loop
      vertex 1.3931e+1 7.3009e-1 1.6670e+2
      vertex 5.6922e+0 2.9831e-1 1.7495e+2
      vertex 1.3874e+1 1.4582e+0 1.6670e+2
    endloop
  endfacet
  facet normal -7.0505e-1 -5.5488e-2 -7.0699e-1
    outer loop
      vertex 1.3874e+1 1.4582e+0 1.6670e+2
      vertex 5.6922e+0 2.9831e-1 1.7495e+2
      vertex 5.6688e+0 5.9581e-1 1.7495e+2
    endloop
  endfacet
  facet normal 7.0505e-1 5.5488e-2 7.0699e-1
    outer loop
      vertex 1.6927e+1 8.8709e-1 1.6670e+2
      vertex 1.6857e+1 1.7718e+0 1.6670e+2
      vertex 8.6881e+0 4.5532e-1 1.7495e+2
    endloop
  endfacet
  facet normal 7.0505e-1 5.5488e-2 7.0699e-1
    outer loop
      vertex 1.6857e+1 1.7718e+0 1.6670e+2
      vertex 8.6523e+0 9.0940e-1 1.7495e+2
      vertex 8.6881e+0 4.5532e-1 1.7495e+2
    endloop
  endfacet
  facet normal -9.6297e-1 -7.5787e-2 2.5874e-1
    outer loop
      vertex 5.6922e+0 2.9831e-1 1.7495e+2
      vertex 8.0390e+0 4.2130e-1 1.8372e+2
      vertex 5.6688e+0 5.9581e-1 1.7495e+2
    endloop
  endfacet
  facet normal -9.6297e-1 -7.5787e-2 2.5874e-1
    outer loop
      vertex 5.6688e+0 5.9581e-1 1.7495e+2
      vertex 8.0390e+0 4.2130e-1 1.8372e+2
      vertex 8.0059e+0 8.4145e-1 1.8372e+2
    endloop
  endfacet
  facet normal 9.6297e-1 7.5787e-2 -2.5874e-1
    outer loop
      vertex 8.6881e+0 4.5532e-1 1.7495e+2
      vertex 8.6523e+0 9.0940e-1 1.7495e+2
      vertex 1.1035e+1 5.7831e-1 1.8372e+2
    endloop
  endfacet
  facet normal 9.6297e-1 7.5787e-2 -2.5874e-1
    outer loop
      vertex 8.6523e+0 9.0940e-1 1.7495e+2
      vertex 1.0989e+1 1.1550e+0 1.8372e+2
      vertex 1.1035e+1 5.7831e-1 1.8372e+2
    endloop
  endfacet
  facet normal 0.0000e+0 0.0000e+0 -1.0000e+0
    outer loop
      vertex 1.3931e+1 7.3009e-1 0.0000e+0
      vertex 1.3874e+1 1.4582e+0 0.0000e+0
      vertex 1.6927e+1 8.8709e-1 0.0000e+0
    endloop
  endfacet
  facet normal 0.0000e+0 0.0000e+0 -1.0000e+0
    outer loop
      vertex 1.3874e+1 1.4582e+0 0.0000e+0
      vertex 1.6857e+1 1.7718e+0 0.0000e+0
      vertex 1.6927e+1 8.8709e-1 0.0000e+0
    endloop
  endfacet
  facet normal 0.0000e+0 0.0000e+0 1.0000e+0
    outer loop
      vertex 8.0390e+0 4.2130e-1 1.8372e+2
      vertex 1.1035e+1 5.7831e-1 1.8372e+2
      vertex 8.0059e+0 8.4145e-1 1.8372e+2
    endloop
  endfacet
  facet normal 0.0000e+0 0.0000e+0 1.0000e+0
    outer loop
      vertex 8.0059e+0 8.4145e-1 1.8372e+2
      vertex 1.1035e+1 5.7831e-1 1.8372e+2
      vertex 1.0989e+1 1.1550e+0 1.8372e+2
    endloop
  endfacet
  facet normal -9.9144e-1 -1.3053e-1 0.0000e+0
    outer loop
      vertex 1.3874e+1 1.4582e+0 0.0000e+0
      vertex 1.3874e+1 1.4582e+0 1.6670e+2
      vertex 1.3778e+1 2.1823e+0 0.0000e+0
    endloop
  endfacet
  facet normal -9.9144e-1 -1.3053e-1 0.0000e+0
    outer loop
      vertex 1.3778e+1 2.1823e+0 0.0000e+0
      vertex 1.3874e+1 1.4582e+0 1.6670e+2
      vertex 1.3778e+1 2.1823e+0 1.6670e+2
    endloop
  endfacet
  facet normal 9.9144e-1 1.3053e-1 0.0000e+0
    outer loop
      vertex 1.6857e+1 1.7718e+0 0.0000e+0
      vertex 1.6741e+1 2.6516e+0 0.0000e+0
      vertex 1.6857e+1 1.7718e+0 1.6670e+2
    endloop
  endfacet
  facet normal 9.9144e-1 1.3053e-1 0.0000e+0
    outer loop
      vertex 1.6741e+1 2.6516e+0 0.0000e+0
      vertex 1.6741e+1 2.6516e+0 1.6670e+2
      vertex 1.6857e+1 1.7718e+0 1.6670e+2
    endloop
  endfacet
  facet normal -7.0118e-1 -9.2312e-2 -7.0699e-1
    outer loop
      vertex 1.3874e+1 1.4582e+0 1.6670e+2
      vertex 5.6688e+0 5.9581e-1 1.7495e+2
      vertex 1.3778e+1 2.1823e+0 1.6670e+2
    endloop
  endfacet
  facet normal -7.0118e-1 -9.2312e-2 -7.0699e-1
    outer loop
      vertex 1.3778e+1 2.1823e+0 1.6670e+2
      vertex 5.6688e+0 5.9581e-1 1.7495e+2
      vertex 5.6298e+0 8.9168e-1 1.7495e+2
    endloop
  endfacet
  facet normal 7.0118e-1 9.2312e-2 7.0699e-1
    outer loop
      vertex 1.6857e+1 1.7718e+0 1.6670e+2
      vertex 1.6741e+1 2.6516e+0 1.6670e+2
      vertex 8.6523e+0 9.0940e-1 1.7495e+2
    endloop
  endfacet
  facet normal 7.0118e-1 9.2312e-2 7.0699e-1
    outer loop
      vertex 1.6741e+1 2.6516e+0 1.6670e+2
      vertex 8.5929e+0 1.3610e+0 1.7495e+2
      vertex 8.6523e+0 9.0940e-1 1.7495e+2
    endloop
  endfacet
  facet normal -9.5768e-1 -1.2608e-1 2.5874e-1
    outer loop
      vertex 5.6688e+0 5.9581e-1 1.7495e+2
      vertex 8.0059e+0 8.4145e-1 1.8372e+2
      vertex 5.6298e+0 8.9168e-1 1.7495e+2
    endloop
  endfacet
  facet normal -9.5768e-1 -1.2608e-1 2.5874e-1
    outer loop
      vertex 5.6298e+0 8.9168e-1 1.7495e+2
      vertex 8.0059e+0 8.4145e-1 1.8372e+2
      vertex 7.9509e+0 1.2593e+0 1.8372e+2
    endloop
  endfacet
  facet normal 9.5768e-1 1.2608e-1 -2.5874e-1
    outer loop
      vertex 8.6523e+0 9.0940e-1 1.7495e+2
      vertex 8.5929e+0 1.3610e+0 1.7495e+2
      vertex 1.0989e+1 1.1550e+0 1.8372e+2
    endloop
  endfacet
  facet normal 9.5768e-1 1.2608e-1 -2.5874e-1
    outer loop
      vertex 8.5929e+0 1.3610e+0 1.7495e+2
      vertex 1.0914e+1 1.7286e+0 1.8372e+2
      vertex 1.0989e+1 1.1550e+0 1.8372e+2
    endloop
  endfacet
  facet normal 0.0000e+0 0.0000e+0 -1.0000e+0
    outer loop
      vertex 1.3874e+1 1.4582e+0 0.0000e+0
      vertex 1.3778e+1 2.1823e+0 0.0000e+0
      vertex 1.6857e+1 1.7718e+0 0.0000e+0
    endloop
  endfacet
  facet normal 0.0000e+0 0.0000e+0 -1.0000e+0
    outer loop
      vertex 1.3778e+1 2.1823e+0 0.0000e+0
      vertex 1.6741e+1 2.6516e+0 0.0000e+0
      vertex 1.6857e+1 1.7718e+0 0.0000e+0
    endloop
  endfacet
  facet normal 0.0000e+0 0.0000e+0 1.0000e+0
    outer loop
      vertex 8.0059e+0 8.4145e-1 1.8372e+2
      vertex 1.0989e+1 1.1550e+0 1.8372e+2
      vertex 7.9509e+0 1.2593e+0 1.8372e+2
    endloop
  endfacet
  facet normal 0.0000e+0 0.0000e+0 1.0000e+0
    outer loop
      vertex 7.9509e+0 1.2593e+0 1.8372e+2
      vertex 1.0989e+1 1.1550e+0 1.8372e+2
      vertex 1.0914e+1 1.7286e+0 1.8372e+2
    endloop
  endfacet
  facet normal -9.8325e-1 -1.8224e-1 0.0000e+0
    outer loop
      vertex 1.3778e+1 2.1823e+0 0.0000e+0
      vertex 1.3778e+1 2.1823e+0 1.6670e+2
      vertex 1.3645e+1 2.9004e+0 0.0000e+0
    endloop
  endfacet
  facet normal -9.8325e-1 -1.8224e-1 0.0000e+0
    outer loop
      vertex 1.3645e+1 2.9004e+0 0.0000e+0
      vertex 1.3778e+1 2.1823e+0 1.6670e+2
      vertex 1.3645e+1 2.9004e+0 1.6670e+2
    endloop
  endfacet
  facet normal 9.8325e-1 1.8224e-1 0.0000e+0
    outer loop
      vertex 1.6741e+1 2.6516e+0 0.0000e+0
      vertex 1.6580e+1 3.5241e+0 0.0000e+0
      vertex 1.6741e+1 2.6516e+0 1.6670e+2
    endloop
  endfacet
  facet normal 9.8325e-1 1.8224e-1 0.0000e+0
    outer loop
      vertex 1.6580e+1 3.5241e+0 0.0000e+0
      vertex 1.6580e+1 3.5241e+0 1.6670e+2
      vertex 1.6741e+1 2.6516e+0 1.6670e+2
    endloop
  endfacet
  facet normal -6.9539e-1 -1.2888e-1 -7.0699e-1
    outer loop
      vertex 1.3778e+1 2.1823e+0 1.6670e+2
      vertex 5.6298e+0 8.9168e-1 1.7495e+2
      vertex 1.3645e+1 2.9004e+0 1.6670e+2
    endloop
  endfacet
  facet normal -6.9539e-1 -1.2888e-1 -7.0699e-1
    outer loop
      vertex 1.3645e+1 2.9004e+0 1.6670e+2
      vertex 5.6298e+0 8.9168e-1 1.7495e+2
      vertex 5.5754e+0 1.1851e+0 1.7495e+2
    endloop
  endfacet
  facet normal 6.9539e-1 1.2888e-1 7.0699e-1
    outer loop
      vertex 1.6741e+1 2.6516e+0 1.6670e+2
      vertex 1.6580e+1 3.5241e+0 1.6670e+2
      vertex 8.5929e+0 1.3610e+0 1.7495e+2
    endloop
  endfacet
  facet normal 6.9539e-1 1.2888e-1 7.0699e-1
    outer loop
      vertex 1.6580e+1 3.5241e+0 1.6670e+2
      vertex 8.5099e+0 1.8088e+0 1.7495e+2
      vertex 8.5929e+0 1.3610e+0 1.7495e+2
    endloop
  endfacet
  facet normal -9.4977e-1 -1.7603e-1 2.5874e-1
    outer loop
      vertex 5.6298e+0 8.9168e-1 1.7495e+2
      vertex 7.9509e+0 1.2593e+0 1.8372e+2
      vertex 5.5754e+0 1.1851e+0 1.7495e+2
    endloop
  endfacet
  facet normal -9.4977e-1 -1.7603e-1 2.5874e-1
    outer loop
      vertex 5.5754e+0 1.1851e+0 1.7495e+2
      vertex 7.9509e+0 1.2593e+0 1.8372e+2
      vertex 7.8741e+0 1.6737e+0 1.8372e+2
    endloop
  endfacet
  facet normal 9.4977e-1 1.7603e-1 -2.5874e-1
    outer loop
      vertex 8.5929e+0 1.3610e+0 1.7495e+2
      vertex 8.5099e+0 1.8088e+0 1.7495e+2
      vertex 1.0914e+1 1.7286e+0 1.8372e+2
    endloop
  endfacet
  facet normal 9.4977e-1 1.7603e-1 -2.5874e-1
    outer loop
      vertex 8.5099e+0 1.8088e+0 1.7495e+2
      vertex 1.0809e+1 2.2974e+0 1.8372e+2
      vertex 1.0914e+1 1.7286e+0 1.8372e+2
    endloop
  endfacet
  facet normal 0.0000e+0 0.0000e+0 -1.0000e+0
    outer loop
      vertex 1.3778e+1 2.1823e+0 0.0000e+0
      vertex 1.3645e+1 2.9004e+0 0.0000e+0
      vertex 1.6741e+1 2.6516e+0 0.0000e+0
    endloop
  endfacet
  facet normal 0.0000e+0 0.0000e+0 -1.0000e+0
    outer loop
      vertex 1.3645e+1 2.9004e+0 0.0000e+0
      vertex 1.6580e+1 3.5241e+0 0.0000e+0
      vertex 1.6741e+1 2.6516e+0 0.0000e+0
    endloop
  endfacet
  facet normal 0.0000e+0 0.0000e+0 1.0000e+0
    outer loop
      vertex 7.9509e+0 1.2593e+0 1.8372e+2
      vertex 1.0914e+1 1.7286e+0 1.8372e+2
      vertex 7.8741e+0 1.6737e+0 1.8372e+2
    endloop
  endfacet
  facet normal 0.0000e+0 0.0000e+0 1.0000e+0
    outer loop
      vertex 7.8741e+0 1.6737e+0 1.8372e+2
      vertex 1.0914e+1 1.7286e+0 1.8372e+2
      vertex 1.0809e+1 2.2974e+0 1.8372e+2
    endloop
  endfacet
  facet normal -9.7237e-1 -2.3345e-1 0.0000e+0
    outer loop
      vertex 1.3645e+1 2.9004e+0 0.0000e+0
      vertex 1.3645e+1 2.9004e+0 1.6670e+2
      vertex 1.3475e+1 3.6105e+0 0.0000e+0
    endloop
  endfacet
  facet normal -9.7237e-1 -2.3345e-1 0.0000e+0
    outer loop
      vertex 1.3475e+1 3.6105e+0 0.0000e+0
      vertex 1.3645e+1 2.9004e+0 1.6670e+2
      vertex 1.3475e+1 3.6105e+0 1.6670e+2
    endloop
  endfacet
  facet normal 9.7237e-1 2.3345e-1 0.0000e+0
    outer loop
      vertex 1.6580e+1 3.5241e+0 0.0000e+0
      vertex 1.6372e+1 4.3870e+0 0.0000e+0
      vertex 1.6580e+1 3.5241e+0 1.6670e+2
    endloop
  endfacet
  facet normal 9.7237e-1 2.3345e-1 0.0000e+0
    outer loop
      vertex 1.6372e+1 4.3870e+0 0.0000e+0
      vertex 1.6372e+1 4.3870e+0 1.6670e+2
      vertex 1.6580e+1 3.5241e+0 1.6670e+2
    endloop
  endfacet
  facet normal -6.8769e-1 -1.6510e-1 -7.0699e-1
    outer loop
      vertex 1.3645e+1 2.9004e+0 1.6670e+2
      vertex 5.5754e+0 1.1851e+0 1.7495e+2
      vertex 1.3475e+1 3.6105e+0 1.6670e+2
    endloop
  endfacet
  facet normal -6.8769e-1 -1.6510e-1 -7.0699e-1
    outer loop
      vertex 1.3475e+1 3.6105e+0 1.6670e+2
      vertex 5.5754e+0 1.1851e+0 1.7495e+2
      vertex 5.5058e+0 1.4753e+0 1.7495e+2
    endloop
  endfacet
  facet normal 6.8769e-1 1.6510e-1 7.0699e-1
    outer loop
      vertex 1.6580e+1 3.5241e+0 1.6670e+2
      vertex 1.6372e+1 4.3870e+0 1.6670e+2
      vertex 8.5099e+0 1.8088e+0 1.7495e+2
    endloop
  endfacet
  facet normal 6.8769e-1 1.6510e-1 7.0699e-1
    outer loop
      vertex 1.6372e+1 4.3870e+0 1.6670e+2
      vertex 8.4036e+0 2.2517e+0 1.7495e+2
      vertex 8.5099e+0 1.8088e+0 1.7495e+2
    endloop
  endfacet
  facet normal -9.3926e-1 -2.2550e-1 2.5874e-1
    outer loop
      vertex 5.5754e+0 1.1851e+0 1.7495e+2
      vertex 7.8741e+0 1.6737e+0 1.8372e+2
      vertex 5.5058e+0 1.4753e+0 1.7495e+2
    endloop
  endfacet
  facet normal -9.3926e-1 -2.2550e-1 2.5874e-1
    outer loop
      vertex 5.5058e+0 1.4753e+0 1.7495e+2
      vertex 7.8741e+0 1.6737e+0 1.8372e+2
      vertex 7.7757e+0 2.0835e+0 1.8372e+2
    endloop
  endfacet
  facet normal 9.3926e-1 2.2550e-1 -2.5874e-1
    outer loop
      vertex 8.5099e+0 1.8088e+0 1.7495e+2
      vertex 8.4036e+0 2.2517e+0 1.7495e+2
      vertex 1.0809e+1 2.2974e+0 1.8372e+2
    endloop
  endfacet
  facet normal 9.3926e-1 2.2550e-1 -2.5874e-1
    outer loop
      vertex 8.4036e+0 2.2517e+0 1.7495e+2
      vertex 1.0673e+1 2.8600e+0 1.8372e+2
      vertex 1.0809e+1 2.2974e+0 1.8372e+2
    endloop
  endfacet
  facet normal 0.0000e+0 0.0000e+0 -1.0000e+0
    outer loop
      vertex 1.3645e+1 2.9004e+0 0.0000e+0
      vertex 1.3475e+1 3.6105e+0 0.0000e+0
      vertex 1.6580e+1 3.5241e+0 0.0000e+0
    endloop
  endfacet
  facet normal 0.0000e+0 0.0000e+0 -1.0000e+0
    outer loop
      vertex 1.3475e+1 3.6105e+0 0.0000e+0
      vertex 1.6372e+1 4.3870e+0 0.0000e+0
      vertex 1.6580e+1 3.5241e+0 0.0000e+0
    endloop
  endfacet
  facet normal 0.0000e+0 0.0000e+0 1.0000e+0
    outer loop
      vertex 7.8741e+0 1.6737e+0 1.8372e+2
      vertex 1.0809e+1 2.2974e+0 1.8372e+2
      vertex 7.7757e+0 2.0835e+0 1.8372e+2
    endloop
  endfacet
  facet normal 0.0000e+0 0.0000e+0 1.0000e+0
    outer loop
      vertex 7.7757e+0 2.0835e+0 1.8372e+2
      vertex 1.0809e+1 2.2974e+0 1.8372e+2
      vertex 1.0673e+1 2.8600e+0 1.8372e+2
    endloop
  endfacet
  facet normal -9.5882e-1 -2.8402e-1 0.0000e+0
    outer loop
      vertex 1.3475e+1 3.6105e+0 0.0000e+0
      vertex 1.3475e+1 3.6105e+0 1.6670e+2
      vertex 1.3267e+1 4.3108e+0 0.0000e+0
    endloop
  endfacet
  facet normal -9.5882e-1 -2.8402e-1 0.0000e+0
    outer loop
      vertex 1.3267e+1 4.3108e+0 0.0000e+0
      vertex 1.3475e+1 3.6105e+0 1.6670e+2
      vertex 1.3267e+1 4.3108e+0 1.6670e+2
    endloop
  endfacet
  facet normal 9.5882e-1 2.8402e-1 0.0000e+0
    outer loop
      vertex 1.6372e+1 4.3870e+0 0.0000e+0
      vertex 1.6120e+1 5.2378e+0 0.0000e+0
      vertex 1.6372e+1 4.3870e+0 1.6670e+2
    endloop
  endfacet
  facet normal 9.5882e-1 2.8402e-1 0.0000e+0
    outer loop
      vertex 1.6120e+1 5.2378e+0 0.0000e+0
      vertex 1.6120e+1 5.2378e+0 1.6670e+2
      vertex 1.6372e+1 4.3870e+0 1.6670e+2
    endloop
  endfacet
  facet normal -6.7810e-1 -2.0086e-1 -7.0699e-1
    outer loop
      vertex 1.3475e+1 3.6105e+0 1.6670e+2
      vertex 5.5058e+0 1.4753e+0 1.7495e+2
      vertex 1.3267e+1 4.3108e+0 1.6670e+2
    endloop
  endfacet
  facet normal -6.7810e-1 -2.0086e-1 -7.0699e-1
    outer loop
      vertex 1.3267e+1 4.3108e+0 1.6670e+2
      vertex 5.5058e+0 1.4753e+0 1.7495e+2
      vertex 5.4210e+0 1.7614e+0 1.7495e+2
    endloop
  endfacet
  facet normal 6.7810e-1 2.0086e-1 7.0699e-1
    outer loop
      vertex 1.6372e+1 4.3870e+0 1.6670e+2
      vertex 1.6120e+1 5.2378e+0 1.6670e+2
      vertex 8.4036e+0 2.2517e+0 1.7495e+2
    endloop
  endfacet
  facet normal 6.7810e-1 2.0086e-1 7.0699e-1
    outer loop
      vertex 1.6120e+1 5.2378e+0 1.6670e+2
      vertex 8.2742e+0 2.6884e+0 1.7495e+2
      vertex 8.4036e+0 2.2517e+0 1.7495e+2
    endloop
  endfacet
  facet normal -9.2617e-1 -2.7434e-1 2.5874e-1
    outer loop
      vertex 5.5058e+0 1.4753e+0 1.7495e+2
      vertex 7.7757e+0 2.0835e+0 1.8372e+2
      vertex 5.4210e+0 1.7614e+0 1.7495e+2
    endloop
  endfacet
  facet normal -9.2617e-1 -2.7434e-1 2.5874e-1
    outer loop
      vertex 5.4210e+0 1.7614e+0 1.7495e+2
      vertex 7.7757e+0 2.0835e+0 1.8372e+2
      vertex 7.6560e+0 2.4876e+0 1.8372e+2
    endloop
  endfacet
  facet normal 9.2617e-1 2.7434e-1 -2.5874e-1
    outer loop
      vertex 8.4036e+0 2.2517e+0 1.7495e+2
      vertex 8.2742e+0 2.6884e+0 1.7495e+2
      vertex 1.0673e+1 2.8600e+0 1.8372e+2
    endloop
  endfacet
  facet normal 9.2617e-1 2.7434e-1 -2.5874e-1
    outer loop
      vertex 8.2742e+0 2.6884e+0 1.7495e+2
      vertex 1.0509e+1 3.4146e+0 1.8372e+2
      vertex 1.0673e+1 2.8600e+0 1.8372e+2
    endloop
  endfacet
  facet normal 0.0000e+0 0.0000e+0 -1.0000e+0
    outer loop
      vertex 1.3475e+1 3.6105e+0 0.0000e+0
      vertex 1.3267e+1 4.3108e+0 0.0000e+0
      vertex 1.6372e+1 4.3870e+0 0.0000e+0
    endloop
  endfacet
  facet normal 0.0000e+0 0.0000e+0 -1.0000e+0
    outer loop
      vertex 1.3267e+1 4.3108e+0 0.0000e+0
      vertex 1.6120e+1 5.2378e+0 0.0000e+0
      vertex 1.6372e+1 4.3870e+0 0.0000e+0
    endloop
  endfacet
  facet normal 0.0000e+0 0.0000e+0 1.0000e+0
    outer loop
      vertex 7.7757e+0 2.0835e+0 1.8372e+2
      vertex 1.0673e+1 2.8600e+0 1.8372e+2
      vertex 7.6560e+0 2.4876e+0 1.8372e+2
    endloop
  endfacet
  facet normal 0.0000e+0 0.0000e+0 1.0000e+0
    outer loop
      vertex 7.6560e+0 2.4876e+0 1.8372e+2
      vertex 1.0673e+1 2.8600e+0 1.8372e+2
      vertex 1.0509e+1 3.4146e+0 1.8372e+2
    endloop
  endfacet
  facet normal -9.4264e-1 -3.3381e-1 0.0000e+0
    outer loop
      vertex 1.3267e+1 4.3108e+0 0.0000e+0
      vertex 1.3267e+1 4.3108e+0 1.6670e+2
      vertex 1.3023e+1 4.9992e+0 0.0000e+0
    endloop
  endfacet
  facet normal -9.4264e-1 -3.3381e-1 0.0000e+0
    outer loop
      vertex 1.3023e+1 4.9992e+0 0.0000e+0
      vertex 1.3267e+1 4.3108e+0 1.6670e+2
      vertex 1.3023e+1 4.9992e+0 1.6670e+2
    endloop
  endfacet
  facet normal 9.4264e-1 3.3381e-1 0.0000e+0
    outer loop
      vertex 1.6120e+1 5.2378e+0 0.0000e+0
      vertex 1.5824e+1 6.0743e+0 0.0000e+0
      vertex 1.6120e+1 5.2378e+0 1.6670e+2
    endloop
  endfacet
  facet normal 9.4264e-1 3.3381e-1 0.0000e+0
    outer loop
      vertex 1.5824e+1 6.0743e+0 0.0000e+0
      vertex 1.5824e+1 6.0743e+0 1.6670e+2
      vertex 1.6120e+1 5.2378e+0 1.6670e+2
    endloop
  endfacet
  facet normal -6.6666e-1 -2.3608e-1 -7.0699e-1
    outer loop
      vertex 1.3267e+1 4.3108e+0 1.6670e+2
      vertex 5.4210e+0 1.7614e+0 1.7495e+2
      vertex 1.3023e+1 4.9992e+0 1.6670e+2
    endloop
  endfacet
  facet normal -6.6666e-1 -2.3608e-1 -7.0699e-1
    outer loop
      vertex 1.3023e+1 4.9992e+0 1.6670e+2
      vertex 5.4210e+0 1.7614e+0 1.7495e+2
      vertex 5.3214e+0 2.0427e+0 1.7495e+2
    endloop
  endfacet
  facet normal 6.6666e-1 2.3608e-1 7.0699e-1
    outer loop
      vertex 1.6120e+1 5.2378e+0 1.6670e+2
      vertex 1.5824e+1 6.0743e+0 1.6670e+2
      vertex 8.2742e+0 2.6884e+0 1.7495e+2
    endloop
  endfacet
  facet normal 6.6666e-1 2.3608e-1 7.0699e-1
    outer loop
      vertex 1.5824e+1 6.0743e+0 1.6670e+2
      vertex 8.1221e+0 3.1178e+0 1.7495e+2
      vertex 8.2742e+0 2.6884e+0 1.7495e+2
    endloop
  endfacet
  facet normal -9.1054e-1 -3.2244e-1 2.5874e-1
    outer loop
      vertex 5.4210e+0 1.7614e+0 1.7495e+2
      vertex 7.6560e+0 2.4876e+0 1.8372e+2
      vertex 5.3214e+0 2.0427e+0 1.7495e+2
    endloop
  endfacet
  facet normal -9.1054e-1 -3.2244e-1 2.5874e-1
    outer loop
      vertex 5.3214e+0 2.0427e+0 1.7495e+2
      vertex 7.6560e+0 2.4876e+0 1.8372e+2
      vertex 7.5153e+0 2.8849e+0 1.8372e+2
    endloop
  endfacet
  facet normal 9.1054e-1 3.2244e-1 -2.5874e-1
    outer loop
      vertex 8.2742e+0 2.6884e+0 1.7495e+2
      vertex 8.1221e+0 3.1178e+0 1.7495e+2
      vertex 1.0509e+1 3.4146e+0 1.8372e+2
    endloop
  endfacet
  facet normal 9.1054e-1 3.2244e-1 -2.5874e-1
    outer loop
      vertex 8.1221e+0 3.1178e+0 1.7495e+2
      vertex 1.0316e+1 3.9600e+0 1.8372e+2
      vertex 1.0509e+1 3.4146e+0 1.8372e+2
    endloop
  endfacet
  facet normal 0.0000e+0 0.0000e+0 -1.0000e+0
    outer loop
      vertex 1.3267e+1 4.3108e+0 0.0000e+0
      vertex 1.3023e+1 4.9992e+0 0.0000e+0
      vertex 1.6120e+1 5.2378e+0 0.0000e+0
    endloop
  endfacet
  facet normal 0.0000e+0 0.0000e+0 -1.0000e+0
    outer loop
      vertex 1.3023e+1 4.9992e+0 0.0000e+0
      vertex 1.5824e+1 6.0743e+0 0.0000e+0
      vertex 1.6120e+1 5.2378e+0 0.0000e+0
    endloop
  endfacet
  facet normal 0.0000e+0 0.0000e+0 1.0000e+0
    outer loop
      vertex 7.6560e+0 2.4876e+0 1.8372e+2
      vertex 1.0509e+1 3.4146e+0 1.8372e+2
      vertex 7.5153e+0 2.8849e+0 1.8372e+2
    endloop
  endfacet
  facet normal 0.0000e+0 0.0000e+0 1.0000e+0
    outer loop
      vertex 7.5153e+0 2.8849e+0 1.8372e+2
      vertex 1.0509e+1 3.4146e+0 1.8372e+2
      vertex 1.0316e+1 3.9600e+0 1.8372e+2
    endloop
  endfacet
  facet normal -9.2388e-1 -3.8268e-1 0.0000e+0
    outer loop
      vertex 1.3023e+1 4.9992e+0 0.0000e+0
      vertex 1.3023e+1 4.9992e+0 1.6670e+2
      vertex 1.2744e+1 5.6740e+0 0.0000e+0
    endloop
  endfacet
  facet normal -9.2388e-1 -3.8268e-1 0.0000e+0
    outer loop
      vertex 1.2744e+1 5.6740e+0 0.0000e+0
      vertex 1.3023e+1 4.9992e+0 1.6670e+2
      vertex 1.2744e+1 5.6740e+0 1.6670e+2
    endloop
  endfacet
  facet normal 9.2388e-1 3.8268e-1 0.0000e+0
    outer loop
      vertex 1.5824e+1 6.0743e+0 0.0000e+0
      vertex 1.5485e+1 6.8942e+0 0.0000e+0
      vertex 1.5824e+1 6.0743e+0 1.6670e+2
    endloop
  endfacet
  facet normal 9.2388e-1 3.8268e-1 0.0000e+0
    outer loop
      vertex 1.5485e+1 6.8942e+0 0.0000e+0
      vertex 1.5485e+1 6.8942e+0 1.6670e+2
      vertex 1.5824e+1 6.0743e+0 1.6670e+2
    endloop
  endfacet
  facet normal -6.5339e-1 -2.7064e-1 -7.0699e-1
    outer loop
      vertex 1.3023e+1 4.9992e+0 1.6670e+2
      vertex 5.3214e+0 2.0427e+0 1.7495e+2
      vertex 1.2744e+1 5.6740e+0 1.6670e+2
    endloop
  endfacet
  facet normal -6.5339e-1 -2.7064e-1 -7.0699e-1
    outer loop
      vertex 1.2744e+1 5.6740e+0 1.6670e+2
      vertex 5.3214e+0 2.0427e+0 1.7495e+2
      vertex 5.2072e+0 2.3184e+0 1.7495e+2
    endloop
  endfacet
  facet normal 6.5339e-1 2.7064e-1 7.0699e-1
    outer loop
      vertex 1.5824e+1 6.0743e+0 1.6670e+2
      vertex 1.5485e+1 6.8942e+0 1.6670e+2
      vertex 8.1221e+0 3.1178e+0 1.7495e+2
    endloop
  endfacet
  facet normal 6.5339e-1 2.7064e-1 7.0699e-1
    outer loop
      vertex 1.5485e+1 6.8942e+0 1.6670e+2
      vertex 7.9478e+0 3.5386e+0 1.7495e+2
      vertex 8.1221e+0 3.1178e+0 1.7495e+2
    endloop
  endfacet
  facet normal -8.9242e-1 -3.6965e-1 2.5874e-1
    outer loop
      vertex 5.3214e+0 2.0427e+0 1.7495e+2
      vertex 7.5153e+0 2.8849e+0 1.8372e+2
      vertex 5.2072e+0 2.3184e+0 1.7495e+2
    endloop
  endfacet
  facet normal -8.9242e-1 -3.6965e-1 2.5874e-1
    outer loop
      vertex 5.2072e+0 2.3184e+0 1.7495e+2
      vertex 7.5153e+0 2.8849e+0 1.8372e+2
      vertex 7.3540e+0 3.2742e+0 1.8372e+2
    endloop
  endfacet
  facet normal 8.9242e-1 3.6965e-1 -2.5874e-1
    outer loop
      vertex 8.1221e+0 3.1178e+0 1.7495e+2
      vertex 7.9478e+0 3.5386e+0 1.7495e+2
      vertex 1.0316e+1 3.9600e+0 1.8372e+2
    endloop
  endfacet
  facet normal 8.9242e-1 3.6965e-1 -2.5874e-1
    outer loop
      vertex 7.9478e+0 3.5386e+0 1.7495e+2
      vertex 1.0095e+1 4.4944e+0 1.8372e+2
      vertex 1.0316e+1 3.9600e+0 1.8372e+2
    endloop
  endfacet
  facet normal 0.0000e+0 0.0000e+0 -1.0000e+0
    outer loop
      vertex 1.3023e+1 4.9992e+0 0.0000e+0
      vertex 1.2744e+1 5.6740e+0 0.0000e+0
      vertex 1.5824e+1 6.0743e+0 0.0000e+0
    endloop
  endfacet
  facet normal 0.0000e+0 0.0000e+0 -1.0000e+0
    outer loop
      vertex 1.2744e+1 5.6740e+0 0.0000e+0
      vertex 1.5485e+1 6.8942e+0 0.0000e+0
      vertex 1.5824e+1 6.0743e+0 0.0000e+0
    endloop
  endfacet
  facet normal 0.0000e+0 0.0000e+0 1.0000e+0
    outer loop
      vertex 7.5153e+0 2.8849e+0 1.8372e+2
      vertex 1.0316e+1 3.9600e+0 1.8372e+2
      vertex 7.3540e+0 3.2742e+0 1.8372e+2
    endloop
  endfacet
  facet normal 0.0000e+0 0.0000e+0 1.0000e+0
    outer loop
      vertex 7.3540e+0 3.2742e+0 1.8372e+2
      vertex 1.0316e+1 3.9600e+0 1.8372e+2
      vertex 1.0095e+1 4.4944e+0 1.8372e+2
    endloop
  endfacet
  facet normal -9.0259e-1 -4.3051e-1 0.0000e+0
    outer loop
      vertex 1.2744e+1 5.6740e+0 0.0000e+0
      vertex 1.2744e+1 5.6740e+0 1.6670e+2
      vertex 1.2430e+1 6.3332e+0 0.0000e+0
    endloop
  endfacet
  facet normal -9.0259e-1 -4.3051e-1 0.0000e+0
    outer loop
      vertex 1.2430e+1 6.3332e+0 0.0000e+0
      vertex 1.2744e+1 5.6740e+0 1.6670e+2
      vertex 1.2430e+1 6.3332e+0 1.6670e+2
    endloop
  endfacet
  facet normal 9.0259e-1 4.3051e-1 0.0000e+0
    outer loop
      vertex 1.5485e+1 6.8942e+0 0.0000e+0
      vertex 1.5103e+1 7.6951e+0 0.0000e+0
      vertex 1.5485e+1 6.8942e+0 1.6670e+2
    endloop
  endfacet
  facet normal 9.0259e-1 4.3051e-1 0.0000e+0
    outer loop
      vertex 1.5103e+1 7.6951e+0 0.0000e+0
      vertex 1.5103e+1 7.6951e+0 1.6670e+2
      vertex 1.5485e+1 6.8942e+0 1.6670e+2
    endloop
  endfacet
  facet normal -6.3833e-1 -3.0447e-1 -7.0699e-1
    outer loop
      vertex 1.2744e+1 5.6740e+0 1.6670e+2
      vertex 5.2072e+0 2.3184e+0 1.7495e+2
      vertex 1.2430e+1 6.3332e+0 1.6670e+2
    endloop
  endfacet
  facet normal -6.3833e-1 -3.0447e-1 -7.0699e-1
    outer loop
      vertex 1.2430e+1 6.3332e+0 1.6670e+2
      vertex 5.2072e+0 2.3184e+0 1.7495e+2
      vertex 5.0787e+0 2.5877e+0 1.7495e+2
    endloop
  endfacet
  facet normal 6.3833e-1 3.0447e-1 7.0699e-1
    outer loop
      vertex 1.5485e+1 6.8942e+0 1.6670e+2
      vertex 1.5103e+1 7.6951e+0 1.6670e+2
      vertex 7.9478e+0 3.5386e+0 1.7495e+2
    endloop
  endfacet
  facet normal 6.3833e-1 3.0447e-1 7.0699e-1
    outer loop
      vertex 1.5103e+1 7.6951e+0 1.6670e+2
      vertex 7.7518e+0 3.9497e+0 1.7495e+2
      vertex 7.9478e+0 3.5386e+0 1.7495e+2
    endloop
  endfacet
  facet normal -8.7185e-1 -4.1585e-1 2.5874e-1
    outer loop
      vertex 5.2072e+0 2.3184e+0 1.7495e+2
      vertex 7.3540e+0 3.2742e+0 1.8372e+2
      vertex 5.0787e+0 2.5877e+0 1.7495e+2
    endloop
  endfacet
  facet normal -8.7185e-1 -4.1585e-1 2.5874e-1
    outer loop
      vertex 5.0787e+0 2.5877e+0 1.7495e+2
      vertex 7.3540e+0 3.2742e+0 1.8372e+2
      vertex 7.1726e+0 3.6546e+0 1.8372e+2
    endloop
  endfacet
  facet normal 8.7185e-1 4.1585e-1 -2.5874e-1
    outer loop
      vertex 7.9478e+0 3.5386e+0 1.7495e+2
      vertex 7.7518e+0 3.9497e+0 1.7495e+2
      vertex 1.0095e+1 4.4944e+0 1.8372e+2
    endloop
  endfacet
  facet normal 8.7185e-1 4.1585e-1 -2.5874e-1
    outer loop
      vertex 7.7518e+0 3.9497e+0 1.7495e+2
      vertex 9.8456e+0 5.0166e+0 1.8372e+2
      vertex 1.0095e+1 4.4944e+0 1.8372e+2
    endloop
  endfacet
  facet normal 0.0000e+0 0.0000e+0 -1.0000e+0
    outer loop
      vertex 1.2744e+1 5.6740e+0 0.0000e+0
      vertex 1.2430e+1 6.3332e+0 0.0000e+0
      vertex 1.5485e+1 6.8942e+0 0.0000e+0
    endloop
  endfacet
  facet normal 0.0000e+0 0.0000e+0 -1.0000e+0
    outer loop
      vertex 1.2430e+1 6.3332e+0 0.0000e+0
      vertex 1.5103e+1 7.6951e+0 0.0000e+0
      vertex 1.5485e+1 6.8942e+0 0.0000e+0
    endloop
  endfacet
  facet normal 0.0000e+0 0.0000e+0 1.0000e+0
    outer loop
      vertex 7.3540e+0 3.2742e+0 1.8372e+2
      vertex 1.0095e+1 4.4944e+0 1.8372e+2
      vertex 7.1726e+0 3.6546e+0 1.8372e+2
    endloop
  endfacet
  facet normal 0.0000e+0 0.0000e+0 1.0000e+0
    outer loop
      vertex 7.1726e+0 3.6546e+0 1.8372e+2
      vertex 1.0095e+1 4.4944e+0 1.8372e+2
      vertex 9.8456e+0 5.0166e+0 1.8372e+2
    endloop
  endfacet
  facet normal -8.7882e-1 -4.7716e-1 0.0000e+0
    outer loop
      vertex 1.2430e+1 6.3332e+0 0.0000e+0
      vertex 1.2430e+1 6.3332e+0 1.6670e+2
      vertex 1.2081e+1 6.9750e+0 0.0000e+0
    endloop
  endfacet
  facet normal -8.7882e-1 -4.7716e-1 0.0000e+0
    outer loop
      vertex 1.2081e+1 6.9750e+0 0.0000e+0
      vertex 1.2430e+1 6.3332e+0 1.6670e+2
      vertex 1.2081e+1 6.9750e+0 1.6670e+2
    endloop
  endfacet
  facet normal 8.7882e-1 4.7716e-1 0.0000e+0
    outer loop
      vertex 1.5103e+1 7.6951e+0 0.0000e+0
      vertex 1.4679e+1 8.4750e+0 0.0000e+0
      vertex 1.5103e+1 7.6951e+0 1.6670e+2
    endloop
  endfacet
  facet normal 8.7882e-1 4.7716e-1 0.0000e+0
    outer loop
      vertex 1.4679e+1 8.4750e+0 0.0000e+0
      vertex 1.4679e+1 8.4750e+0 1.6670e+2
      vertex 1.5103e+1 7.6951e+0 1.6670e+2
    endloop
  endfacet
  facet normal -6.2152e-1 -3.3746e-1 -7.0699e-1
    outer loop
      vertex 1.2430e+1 6.3332e+0 1.6670e+2
      vertex 5.0787e+0 2.5877e+0 1.7495e+2
      vertex 1.2081e+1 6.9750e+0 1.6670e+2
    endloop
  endfacet
  facet normal -6.2152e-1 -3.3746e-1 -7.0699e-1
    outer loop
      vertex 1.2081e+1 6.9750e+0 1.6670e+2
      vertex 5.0787e+0 2.5877e+0 1.7495e+2
      vertex 4.9363e+0 2.8500e+0 1.7495e+2
    endloop
  endfacet
  facet normal 6.2152e-1 3.3746e-1 7.0699e-1
    outer loop
      vertex 1.5103e+1 7.6951e+0 1.6670e+2
      vertex 1.4679e+1 8.4750e+0 1.6670e+2
      vertex 7.7518e+0 3.9497e+0 1.7495e+2
    endloop
  endfacet
  facet normal 6.2152e-1 3.3746e-1 7.0699e-1
    outer loop
      vertex 1.4679e+1 8.4750e+0 1.6670e+2
      vertex 7.5344e+0 4.3500e+0 1.7495e+2
      vertex 7.7518e+0 3.9497e+0 1.7495e+2
    endloop
  endfacet
  facet normal -8.4889e-1 -4.6091e-1 2.5874e-1
    outer loop
      vertex 5.0787e+0 2.5877e+0 1.7495e+2
      vertex 7.1726e+0 3.6546e+0 1.8372e+2
      vertex 4.9363e+0 2.8500e+0 1.7495e+2
    endloop
  endfacet
  facet normal -8.4889e-1 -4.6091e-1 2.5874e-1
    outer loop
      vertex 4.9363e+0 2.8500e+0 1.7495e+2
      vertex 7.1726e+0 3.6546e+0 1.8372e+2
      vertex 6.9715e+0 4.0250e+0 1.8372e+2
    endloop
  endfacet
  facet normal 8.4889e-1 4.6091e-1 -2.5874e-1
    outer loop
      vertex 7.7518e+0 3.9497e+0 1.7495e+2
      vertex 7.5344e+0 4.3500e+0 1.7495e+2
      vertex 9.8456e+0 5.0166e+0 1.8372e+2
    endloop
  endfacet
  facet normal 8.4889e-1 4.6091e-1 -2.5874e-1
    outer loop
      vertex 7.5344e+0 4.3500e+0 1.7495e+2
      vertex 9.5696e+0 5.5250e+0 1.8372e+2
      vertex 9.8456e+0 5.0166e+0 1.8372e+2
    endloop
  endfacet
  facet normal 0.0000e+0 0.0000e+0 -1.0000e+0
    outer loop
      vertex 1.2430e+1 6.3332e+0 0.0000e+0
      vertex 1.2081e+1 6.9750e+0 0.0000e+0
      vertex 1.5103e+1 7.6951e+0 0.0000e+0
    endloop
  endfacet
  facet normal 0.0000e+0 0.0000e+0 -1.0000e+0
    outer loop
      vertex 1.2081e+1 6.9750e+0 0.0000e+0
      vertex 1.4679e+1 8.4750e+0 0.0000e+0
      vertex 1.5103e+1 7.6951e+0 0.0000e+0
    endloop
  endfacet
  facet normal 0.0000e+0 0.0000e+0 1.0000e+0
    outer loop
      vertex 7.1726e+0 3.6546e+0 1.8372e+2
      vertex 9.8456e+0 5.0166e+0 1.8372e+2
      vertex 6.9715e+0 4.0250e+0 1.8372e+2
    endloop
  endfacet
  facet normal 0.0000e+0 0.0000e+0 1.0000e+0
    outer loop
      vertex 6.9715e+0 4.0250e+0 1.8372e+2
      vertex 9.8456e+0 5.0166e+0 1.8372e+2
      vertex 9.5696e+0 5.5250e+0 1.8372e+2
    endloop
  endfacet
  facet normal -8.5264e-1 -5.2250e-1 0.0000e+0
    outer loop
      vertex 1.2081e+1 6.9750e+0 0.0000e+0
      vertex 1.2081e+1 6.9750e+0 1.6670e+2
      vertex 1.1699e+1 7.5977e+0 0.0000e+0
    endloop
  endfacet
  facet normal -8.5264e-1 -5.2250e-1 0.0000e+0
    outer loop
      vertex 1.1699e+1 7.5977e+0 0.0000e+0
      vertex 1.2081e+1 6.9750e+0 1.6670e+2
      vertex 1.1699e+1 7.5977e+0 1.6670e+2
    endloop
  endfacet
  facet normal 8.5264e-1 5.2250e-1 0.0000e+0
    outer loop
      vertex 1.4679e+1 8.4750e+0 0.0000e+0
      vertex 1.4215e+1 9.2316e+0 0.0000e+0
      vertex 1.4679e+1 8.4750e+0 1.6670e+2
    endloop
  endfacet
  facet normal 8.5264e-1 5.2250e-1 0.0000e+0
    outer loop
      vertex 1.4215e+1 9.2316e+0 0.0000e+0
      vertex 1.4215e+1 9.2316e+0 1.6670e+2
      vertex 1.4679e+1 8.4750e+0 1.6670e+2
    endloop
  endfacet
  facet normal -6.0301e-1 -3.6953e-1 -7.0699e-1
    outer loop
      vertex 1.2081e+1 6.9750e+0 1.6670e+2
      vertex 4.9363e+0 2.8500e+0 1.7495e+2
      vertex 1.1699e+1 7.5977e+0 1.6670e+2
    endloop
  endfacet
  facet normal -6.0301e-1 -3.6953e-1 -7.0699e-1
    outer loop
      vertex 1.1699e+1 7.5977e+0 1.6670e+2
      vertex 4.9363e+0 2.8500e+0 1.7495e+2
      vertex 4.7804e+0 3.1044e+0 1.7495e+2
    endloop
  endfacet
  facet normal 6.0301e-1 3.6953e-1 7.0699e-1
    outer loop
      vertex 1.4679e+1 8.4750e+0 1.6670e+2
      vertex 1.4215e+1 9.2316e+0 1.6670e+2
      vertex 7.5344e+0 4.3500e+0 1.7495e+2
    endloop
  endfacet
  facet normal 6.0301e-1 3.6953e-1 7.0699e-1
    outer loop
      vertex 1.4215e+1 9.2316e+0 1.6670e+2
      vertex 7.2964e+0 4.7384e+0 1.7495e+2
      vertex 7.5344e+0 4.3500e+0 1.7495e+2
    endloop
  endfacet
  facet normal -8.2361e-1 -5.0471e-1 2.5874e-1
    outer loop
      vertex 4.9363e+0 2.8500e+0 1.7495e+2
      vertex 6.9715e+0 4.0250e+0 1.8372e+2
      vertex 4.7804e+0 3.1044e+0 1.7495e+2
    endloop
  endfacet
  facet normal -8.2361e-1 -5.0471e-1 2.5874e-1
    outer loop
      vertex 4.7804e+0 3.1044e+0 1.7495e+2
      vertex 6.9715e+0 4.0250e+0 1.8372e+2
      vertex 6.7513e+0 4.3843e+0 1.8372e+2
    endloop
  endfacet
  facet normal 8.2361e-1 5.0471e-1 -2.5874e-1
    outer loop
      vertex 7.5344e+0 4.3500e+0 1.7495e+2
      vertex 7.2964e+0 4.7384e+0 1.7495e+2
      vertex 9.5696e+0 5.5250e+0 1.8372e+2
    endloop
  endfacet
  facet normal 8.2361e-1 5.0471e-1 -2.5874e-1
    outer loop
      vertex 7.2964e+0 4.7384e+0 1.7495e+2
      vertex 9.2673e+0 6.0183e+0 1.8372e+2
      vertex 9.5696e+0 5.5250e+0 1.8372e+2
    endloop
  endfacet
  facet normal 0.0000e+0 0.0000e+0 -1.0000e+0
    outer loop
      vertex 1.2081e+1 6.9750e+0 0.0000e+0
      vertex 1.1699e+1 7.5977e+0 0.0000e+0
      vertex 1.4679e+1 8.4750e+0 0.0000e+0
    endloop
  endfacet
  facet normal 0.0000e+0 0.0000e+0 -1.0000e+0
    outer loop
      vertex 1.1699e+1 7.5977e+0 0.0000e+0
      vertex 1.4215e+1 9.2316e+0 0.0000e+0
      vertex 1.4679e+1 8.4750e+0 0.0000e+0
    endloop
  endfacet
  facet normal 0.0000e+0 0.0000e+0 1.0000e+0
    outer loop
      vertex 6.9715e+0 4.0250e+0 1.8372e+2
      vertex 9.5696e+0 5.5250e+0 1.8372e+2
      vertex 6.7513e+0 4.3843e+0 1.8372e+2
    endloop
  endfacet
  facet normal 0.0000e+0 0.0000e+0 1.0000e+0
    outer loop
      vertex 6.7513e+0 4.3843e+0 1.8372e+2
      vertex 9.5696e+0 5.5250e+0 1.8372e+2
      vertex 9.2673e+0 6.0183e+0 1.8372e+2
    endloop
  endfacet
  facet normal -8.2413e-1 -5.6641e-1 0.0000e+0
    outer loop
      vertex 1.1699e+1 7.5977e+0 0.0000e+0
      vertex 1.1699e+1 7.5977e+0 1.6670e+2
      vertex 1.1286e+1 8.1996e+0 0.0000e+0
    endloop
  endfacet
  facet normal -8.2413e-1 -5.6641e-1 0.0000e+0
    outer loop
      vertex 1.1286e+1 8.1996e+0 0.0000e+0
      vertex 1.1699e+1 7.5977e+0 1.6670e+2
      vertex 1.1286e+1 8.1996e+0 1.6670e+2
    endloop
  endfacet
  facet normal 8.2413e-1 5.6641e-1 0.0000e+0
    outer loop
      vertex 1.4215e+1 9.2316e+0 0.0000e+0
      vertex 1.3713e+1 9.9630e+0 0.0000e+0
      vertex 1.4215e+1 9.2316e+0 1.6670e+2
    endloop
  endfacet
  facet normal 8.2413e-1 5.6641e-1 0.0000e+0
    outer loop
      vertex 1.3713e+1 9.9630e+0 0.0000e+0
      vertex 1.3713e+1 9.9630e+0 1.6670e+2
      vertex 1.4215e+1 9.2316e+0 1.6670e+2
    endloop
  endfacet
  facet normal -5.8285e-1 -4.0058e-1 -7.0699e-1
    outer loop
      vertex 1.1699e+1 7.5977e+0 1.6670e+2
      vertex 4.7804e+0 3.1044e+0 1.7495e+2
      vertex 1.1286e+1 8.1996e+0 1.6670e+2
    endloop
  endfacet
  facet normal -5.8285e-1 -4.0058e-1 -7.0699e-1
    outer loop
      vertex 1.1286e+1 8.1996e+0 1.6670e+2
      vertex 4.7804e+0 3.1044e+0 1.7495e+2
      vertex 4.6114e+0 3.3504e+0 1.7495e+2
    endloop
  endfacet
  facet normal 5.8285e-1 4.0058e-1 7.0699e-1
    outer loop
      vertex 1.4215e+1 9.2316e+0 1.6670e+2
      vertex 1.3713e+1 9.9630e+0 1.6670e+2
      vertex 7.2964e+0 4.7384e+0 1.7495e+2
    endloop
  endfacet
  facet normal 5.8285e-1 4.0058e-1 7.0699e-1
    outer loop
      vertex 1.3713e+1 9.9630e+0 1.6670e+2
      vertex 7.0384e+0 5.1137e+0 1.7495e+2
      vertex 7.2964e+0 4.7384e+0 1.7495e+2
    endloop
  endfacet
  facet normal -7.9606e-1 -5.4712e-1 2.5874e-1
    outer loop
      vertex 4.7804e+0 3.1044e+0 1.7495e+2
      vertex 6.7513e+0 4.3843e+0 1.8372e+2
      vertex 4.6114e+0 3.3504e+0 1.7495e+2
    endloop
  endfacet
  facet normal -7.9606e-1 -5.4712e-1 2.5874e-1
    outer loop
      vertex 4.6114e+0 3.3504e+0 1.7495e+2
      vertex 6.7513e+0 4.3843e+0 1.8372e+2
      vertex 6.5126e+0 4.7317e+0 1.8372e+2
    endloop
  endfacet
  facet normal 7.9606e-1 5.4712e-1 -2.5874e-1
    outer loop
      vertex 7.2964e+0 4.7384e+0 1.7495e+2
      vertex 7.0384e+0 5.1137e+0 1.7495e+2
      vertex 9.2673e+0 6.0183e+0 1.8372e+2
    endloop
  endfacet
  facet normal 7.9606e-1 5.4712e-1 -2.5874e-1
    outer loop
      vertex 7.0384e+0 5.1137e+0 1.7495e+2
      vertex 8.9396e+0 6.4950e+0 1.8372e+2
      vertex 9.2673e+0 6.0183e+0 1.8372e+2
    endloop
  endfacet
  facet normal 0.0000e+0 0.0000e+0 -1.0000e+0
    outer loop
      vertex 1.1699e+1 7.5977e+0 0.0000e+0
      vertex 1.1286e+1 8.1996e+0 0.0000e+0
      vertex 1.4215e+1 9.2316e+0 0.0000e+0
    endloop
  endfacet
  facet normal 0.0000e+0 0.0000e+0 -1.0000e+0
    outer loop
      vertex 1.1286e+1 8.1996e+0 0.0000e+0
      vertex 1.3713e+1 9.9630e+0 0.0000e+0
      vertex 1.4215e+1 9.2316e+0 0.0000e+0
    endloop
  endfacet
  facet normal 0.0000e+0 0.0000e+0 1.0000e+0
    outer loop
      vertex 6.7513e+0 4.3843e+0 1.8372e+2
      vertex 9.2673e+0 6.0183e+0 1.8372e+2
      vertex 6.5126e+0 4.7317e+0 1.8372e+2
    endloop
  endfacet
  facet normal 0.0000e+0 0.0000e+0 1.0000e+0
    outer loop
      vertex 6.5126e+0 4.7317e+0 1.8372e+2
      vertex 9.2673e+0 6.0183e+0 1.8372e+2
      vertex 8.9396e+0 6.4950e+0 1.8372e+2
    endloop
  endfacet
  facet normal -7.9335e-1 -6.0876e-1 0.0000e+0
    outer loop
      vertex 1.1286e+1 8.1996e+0 0.0000e+0
      vertex 1.1286e+1 8.1996e+0 1.6670e+2
      vertex 1.0841e+1 8.7790e+0 0.0000e+0
    endloop
  endfacet
  facet normal -7.9335e-1 -6.0876e-1 0.0000e+0
    outer loop
      vertex 1.0841e+1 8.7790e+0 0.0000e+0
      vertex 1.1286e+1 8.1996e+0 1.6670e+2
      vertex 1.0841e+1 8.7790e+0 1.6670e+2
    endloop
  endfacet
  facet normal 7.9335e-1 6.0876e-1 0.0000e+0
    outer loop
      vertex 1.3713e+1 9.9630e+0 0.0000e+0
      vertex 1.3173e+1 1.0667e+1 0.0000e+0
      vertex 1.3713e+1 9.9630e+0 1.6670e+2
    endloop
  endfacet
  facet normal 7.9335e-1 6.0876e-1 0.0000e+0
    outer loop
      vertex 1.3173e+1 1.0667e+1 0.0000e+0
      vertex 1.3173e+1 1.0667e+1 1.6670e+2
      vertex 1.3713e+1 9.9630e+0 1.6670e+2
    endloop
  endfacet
  facet normal -5.6108e-1 -4.3053e-1 -7.0699e-1
    outer loop
      vertex 1.1286e+1 8.1996e+0 1.6670e+2
      vertex 4.6114e+0 3.3504e+0 1.7495e+2
      vertex 1.0841e+1 8.7790e+0 1.6670e+2
    endloop
  endfacet
  facet normal -5.6108e-1 -4.3053e-1 -7.0699e-1
    outer loop
      vertex 1.0841e+1 8.7790e+0 1.6670e+2
      vertex 4.6114e+0 3.3504e+0 1.7495e+2
      vertex 4.4297e+0 3.5871e+0 1.7495e+2
    endloop
  endfacet
  facet normal 5.6108e-1 4.3053e-1 7.0699e-1
    outer loop
      vertex 1.3713e+1 9.9630e+0 1.6670e+2
      vertex 1.3173e+1 1.0667e+1 1.6670e+2
      vertex 7.0384e+0 5.1137e+0 1.7495e+2
    endloop
  endfacet
  facet normal 5.6108e-1 4.3053e-1 7.0699e-1
    outer loop
      vertex 1.3173e+1 1.0667e+1 1.6670e+2
      vertex 6.7612e+0 5.4751e+0 1.7495e+2
      vertex 7.0384e+0 5.1137e+0 1.7495e+2
    endloop
  endfacet
  facet normal -7.6634e-1 -5.8803e-1 2.5874e-1
    outer loop
      vertex 4.6114e+0 3.3504e+0 1.7495e+2
      vertex 6.5126e+0 4.7317e+0 1.8372e+2
      vertex 4.4297e+0 3.5871e+0 1.7495e+2
    endloop
  endfacet
  facet normal -7.6634e-1 -5.8803e-1 2.5874e-1
    outer loop
      vertex 4.4297e+0 3.5871e+0 1.7495e+2
      vertex 6.5126e+0 4.7317e+0 1.8372e+2
      vertex 6.2560e+0 5.0660e+0 1.8372e+2
    endloop
  endfacet
  facet normal 7.6634e-1 5.8803e-1 -2.5874e-1
    outer loop
      vertex 7.0384e+0 5.1137e+0 1.7495e+2
      vertex 6.7612e+0 5.4751e+0 1.7495e+2
      vertex 8.9396e+0 6.4950e+0 1.8372e+2
    endloop
  endfacet
  facet normal 7.6634e-1 5.8803e-1 -2.5874e-1
    outer loop
      vertex 6.7612e+0 5.4751e+0 1.7495e+2
      vertex 8.5875e+0 6.9540e+0 1.8372e+2
      vertex 8.9396e+0 6.4950e+0 1.8372e+2
    endloop
  endfacet
  facet normal 0.0000e+0 0.0000e+0 -1.0000e+0
    outer loop
      vertex 1.1286e+1 8.1996e+0 0.0000e+0
      vertex 1.0841e+1 8.7790e+0 0.0000e+0
      vertex 1.3713e+1 9.9630e+0 0.0000e+0
    endloop
  endfacet
  facet normal 0.0000e+0 0.0000e+0 -1.0000e+0
    outer loop
      vertex 1.0841e+1 8.7790e+0 0.0000e+0
      vertex 1.3173e+1 1.0667e+1 0.0000e+0
      vertex 1.3713e+1 9.9630e+0 0.0000e+0
    endloop
  endfacet
  facet normal 0.0000e+0 0.0000e+0 1.0000e+0
    outer loop
      vertex 6.5126e+0 4.7317e+0 1.8372e+2
      vertex 8.9396e+0 6.4950e+0 1.8372e+2
      vertex 6.2560e+0 5.0660e+0 1.8372e+2
    endloop
  endfacet
  facet normal 0.0000e+0 0.0000e+0 1.0000e+0
    outer loop
      vertex 6.2560e+0 5.0660e+0 1.8372e+2
      vertex 8.9396e+0 6.4950e+0 1.8372e+2
      vertex 8.5875e+0 6.9540e+0 1.8372e+2
    endloop
  endfacet
  facet normal -7.6041e-1 -6.4945e-1 0.0000e+0
    outer loop
      vertex 1.0841e+1 8.7790e+0 0.0000e+0
      vertex 1.0841e+1 8.7790e+0 1.6670e+2
      vertex 1.0367e+1 9.3344e+0 0.0000e+0
    endloop
  endfacet
  facet normal -7.6041e-1 -6.4945e-1 0.0000e+0
    outer loop
      vertex 1.0367e+1 9.3344e+0 0.0000e+0
      vertex 1.0841e+1 8.7790e+0 1.6670e+2
      vertex 1.0367e+1 9.3344e+0 1.6670e+2
    endloop
  endfacet
  facet normal 7.6041e-1 6.4945e-1 0.0000e+0
    outer loop
      vertex 1.3173e+1 1.0667e+1 0.0000e+0
      vertex 1.2596e+1 1.1342e+1 0.0000e+0
      vertex 1.3173e+1 1.0667e+1 1.6670e+2
    endloop
  endfacet
  facet normal 7.6041e-1 6.4945e-1 0.0000e+0
    outer loop
      vertex 1.2596e+1 1.1342e+1 0.0000e+0
      vertex 1.2596e+1 1.1342e+1 1.6670e+2
      vertex 1.3173e+1 1.0667e+1 1.6670e+2
    endloop
  endfacet
  facet normal -5.3778e-1 -4.5931e-1 -7.0699e-1
    outer loop
      vertex 1.0841e+1 8.7790e+0 1.6670e+2
      vertex 4.4297e+0 3.5871e+0 1.7495e+2
      vertex 1.0367e+1 9.3344e+0 1.6670e+2
    endloop
  endfacet
  facet normal -5.3778e-1 -4.5931e-1 -7.0699e-1
    outer loop
      vertex 1.0367e+1 9.3344e+0 1.6670e+2
      vertex 4.4297e+0 3.5871e+0 1.7495e+2
      vertex 4.2359e+0 3.8140e+0 1.7495e+2
    endloop
  endfacet
  facet normal 5.3778e-1 4.5931e-1 7.0699e-1
    outer loop
      vertex 1.3173e+1 1.0667e+1 1.6670e+2
      vertex 1.2596e+1 1.1342e+1 1.6670e+2
      vertex 6.7612e+0 5.4751e+0 1.7495e+2
    endloop
  endfacet
  facet normal 5.3778e-1 4.5931e-1 7.0699e-1
    outer loop
      vertex 1.2596e+1 1.1342e+1 1.6670e+2
      vertex 6.4654e+0 5.8214e+0 1.7495e+2
      vertex 6.7612e+0 5.4751e+0 1.7495e+2
    endloop
  endfacet
  facet normal -7.3451e-1 -6.2733e-1 2.5874e-1
    outer loop
      vertex 4.4297e+0 3.5871e+0 1.7495e+2
      vertex 6.2560e+0 5.0660e+0 1.8372e+2
      vertex 4.2359e+0 3.8140e+0 1.7495e+2
    endloop
  endfacet
  facet normal -7.3451e-1 -6.2733e-1 2.5874e-1
    outer loop
      vertex 4.2359e+0 3.8140e+0 1.7495e+2
      vertex 6.2560e+0 5.0660e+0 1.8372e+2
      vertex 5.9823e+0 5.3865e+0 1.8372e+2
    endloop
  endfacet
  facet normal 7.3451e-1 6.2733e-1 -2.5874e-1
    outer loop
      vertex 6.7612e+0 5.4751e+0 1.7495e+2
      vertex 6.4654e+0 5.8214e+0 1.7495e+2
      vertex 8.5875e+0 6.9540e+0 1.8372e+2
    endloop
  endfacet
  facet normal 7.3451e-1 6.2733e-1 -2.5874e-1
    outer loop
      vertex 6.4654e+0 5.8214e+0 1.7495e+2
      vertex 8.2118e+0 7.3939e+0 1.8372e+2
      vertex 8.5875e+0 6.9540e+0 1.8372e+2
    endloop
  endfacet
  facet normal 0.0000e+0 0.0000e+0 -1.0000e+0
    outer loop
      vertex 1.0841e+1 8.7790e+0 0.0000e+0
      vertex 1.0367e+1 9.3344e+0 0.0000e+0
      vertex 1.3173e+1 1.0667e+1 0.0000e+0
    endloop
  endfacet
  facet normal 0.0000e+0 0.0000e+0 -1.0000e+0
    outer loop
      vertex 1.0367e+1 9.3344e+0 0.0000e+0
      vertex 1.2596e+1 1.1342e+1 0.0000e+0
      vertex 1.3173e+1 1.0667e+1 0.0000e+0
    endloop
  endfacet
  facet normal 0.0000e+0 0.0000e+0 1.0000e+0
    outer loop
      vertex 6.2560e+0 5.0660e+0 1.8372e+2
      vertex 8.5875e+0 6.9540e+0 1.8372e+2
      vertex 5.9823e+0 5.3865e+0 1.8372e+2
    endloop
  endfacet
  facet normal 0.0000e+0 0.0000e+0 1.0000e+0
    outer loop
      vertex 5.9823e+0 5.3865e+0 1.8372e+2
      vertex 8.5875e+0 6.9540e+0 1.8372e+2
      vertex 8.2118e+0 7.3939e+0 1.8372e+2
    endloop
  endfacet
  facet normal -7.2537e-1 -6.8835e-1 0.0000e+0
    outer loop
      vertex 1.0367e+1 9.3344e+0 0.0000e+0
      vertex 1.0367e+1 9.3344e+0 1.6670e+2
      vertex 9.8641e+0 9.8641e+0 0.0000e+0
    endloop
  endfacet
  facet normal -7.2537e-1 -6.8835e-1 0.0000e+0
    outer loop
      vertex 9.8641e+0 9.8641e+0 0.0000e+0
      vertex 1.0367e+1 9.3344e+0 1.6670e+2
      vertex 9.8641e+0 9.8641e+0 1.6670e+2
    endloop
  endfacet
  facet normal 7.2537e-1 6.8835e-1 0.0000e+0
    outer loop
      vertex 1.2596e+1 1.1342e+1 0.0000e+0
      vertex 1.1985e+1 1.1985e+1 0.0000e+0
      vertex 1.2596e+1 1.1342e+1 1.6670e+2
    endloop
  endfacet
  facet normal 7.2537e-1 6.8835e-1 0.0000e+0
    outer loop
      vertex 1.1985e+1 1.1985e+1 0.0000e+0
      vertex 1.1985e+1 1.1985e+1 1.6670e+2
      vertex 1.2596e+1 1.1342e+1 1.6670e+2
    endloop
  endfacet
  facet normal -5.1301e-1 -4.8682e-1 -7.0699e-1
    outer loop
      vertex 1.0367e+1 9.3344e+0 1.6670e+2
      vertex 4.2359e+0 3.8140e+0 1.7495e+2
      vertex 9.8641e+0 9.8641e+0 1.6670e+2
    endloop
  endfacet
  facet normal -5.1301e-1 -4.8682e-1 -7.0699e-1
    outer loop
      vertex 9.8641e+0 9.8641e+0 1.6670e+2
      vertex 4.2359e+0 3.8140e+0 1.7495e+2
      vertex 4.0305e+0 4.0305e+0 1.7495e+2
    endloop
  endfacet
  facet normal 5.1301e-1 4.8682e-1 7.0699e-1
    outer loop
      vertex 1.2596e+1 1.1342e+1 1.6670e+2
      vertex 1.1985e+1 1.1985e+1 1.6670e+2
      vertex 6.4654e+0 5.8214e+0 1.7495e+2
    endloop
  endfacet
  facet normal 5.1301e-1 4.8682e-1 7.0699e-1
    outer loop
      vertex 1.1985e+1 1.1985e+1 1.6670e+2
      vertex 6.1518e+0 6.1518e+0 1.7495e+2
      vertex 6.4654e+0 5.8214e+0 1.7495e+2
    endloop
  endfacet
  facet normal -7.0067e-1 -6.6491e-1 2.5874e-1
    outer loop
      vertex 4.2359e+0 3.8140e+0 1.7495e+2
      vertex 5.9823e+0 5.3865e+0 1.8372e+2
      vertex 4.0305e+0 4.0305e+0 1.7495e+2
    endloop
  endfacet
  facet normal -7.0067e-1 -6.6491e-1 2.5874e-1
    outer loop
      vertex 4.0305e+0 4.0305e+0 1.7495e+2
      vertex 5.9823e+0 5.3865e+0 1.8372e+2
      vertex 5.6922e+0 5.6922e+0 1.8372e+2
    endloop
  endfacet
  facet normal 7.0067e-1 6.6491e-1 -2.5874e-1
    outer loop
      vertex 6.4654e+0 5.8214e+0 1.7495e+2
      vertex 6.1518e+0 6.1518e+0 1.7495e+2
      vertex 8.2118e+0 7.3939e+0 1.8372e+2
    endloop
  endfacet
  facet normal 7.0067e-1 6.6491e-1 -2.5874e-1
    outer loop
      vertex 6.1518e+0 6.1518e+0 1.7495e+2
      vertex 7.8135e+0 7.8135e+0 1.8372e+2
      vertex 8.2118e+0 7.3939e+0 1.8372e+2
    endloop
  endfacet
  facet normal 0.0000e+0 0.0000e+0 -1.0000e+0
    outer loop
      vertex 1.0367e+1 9.3344e+0 0.0000e+0
      vertex 9.8641e+0 9.8641e+0 0.0000e+0
      vertex 1.2596e+1 1.1342e+1 0.0000e+0
    endloop
  endfacet
  facet normal 0.0000e+0 0.0000e+0 -1.0000e+0
    outer loop
      vertex 9.8641e+0 9.8641e+0 0.0000e+0
      vertex 1.1985e+1 1.1985e+1 0.0000e+0
      vertex 1.2596e+1 1.1342e+1 0.0000e+0
    endloop
  endfacet
  facet normal 0.0000e+0 0.0000e+0 1.0000e+0
    outer loop
      vertex 5.9823e+0 5.3865e+0 1.8372e+2
      vertex 8.2118e+0 7.3939e+0 1.8372e+2
      vertex 5.6922e+0 5.6922e+0 1.8372e+2
    endloop
  endfacet
  facet normal 0.0000e+0 0.0000e+0 1.0000e+0
    outer loop
      vertex 5.6922e+0 5.6922e+0 1.8372e+2
      vertex 8.2118e+0 7.3939e+0 1.8372e+2
      vertex 7.8135e+0 7.8135e+0 1.8372e+2
    endloop
  endfacet
  facet normal -6.8835e-1 -7.2537e-1 0.0000e+0
    outer loop
      vertex 9.8641e+0 9.8641e+0 0.0000e+0
      vertex 9.8641e+0 9.8641e+0 1.6670e+2
      vertex 9.3344e+0 1.0367e+1 0.0000e+0
    endloop
  endfacet
  facet normal -6.8835e-1 -7.2537e-1 0.0000e+0
    outer loop
      vertex 9.3344e+0 1.0367e+1 0.0000e+0
      vertex 9.8641e+0 9.8641e+0 1.6670e+2
      vertex 9.3344e+0 1.0367e+1 1.6670e+2
    endloop
  endfacet
  facet normal 6.8835e-1 7.2537e-1 0.0000e+0
    outer loop
      vertex 1.1985e+1 1.1985e+1 0.0000e+0
      vertex 1.1342e+1 1.2596e+1 0.0000e+0
      vertex 1.1985e+1 1.1985e+1 1.6670e+2
    endloop
  endfacet
  facet normal 6.8835e-1 7.2537e-1 0.0000e+0
    outer loop
      vertex 1.1342e+1 1.2596e+1 0.0000e+0
      vertex 1.1342e+1 1.2596e+1 1.6670e+2
      vertex 1.1985e+1 1.1985e+1 1.6670e+2
    endloop
  endfacet
  facet normal -4.8682e-1 -5.1301e-1 -7.0699e-1
    outer loop
      vertex 9.8641e+0 9.8641e+0 1.6670e+2
      vertex 4.0305e+0 4.0305e+0 1.7495e+2
      vertex 9.3344e+0 1.0367e+1 1.6670e+2
    endloop
  endfacet
  facet normal -4.8682e-1 -5.1301e-1 -7.0699e-1
    outer loop
      vertex 9.3344e+0 1.0367e+1 1.6670e+2
      vertex 4.0305e+0 4.0305e+0 1.7495e+2
      vertex 3.8140e+0 4.2359e+0 1.7495e+2
    endloop
  endfacet
  facet normal 4.8682e-1 5.1301e-1 7.0699e-1
    outer loop
      vertex 1.1985e+1 1.1985e+1 1.6670e+2
      vertex 1.1342e+1 1.2596e+1 1.6670e+2
      vertex 6.1518e+0 6.1518e+0 1.7495e+2
    endloop
  endfacet
  facet normal 4.8682e-1 5.1301e-1 7.0699e-1
    outer loop
      vertex 1.1342e+1 1.2596e+1 1.6670e+2
      vertex 5.8214e+0 6.4654e+0 1.7495e+2
      vertex 6.1518e+0 6.1518e+0 1.7495e+2
    endloop
  endfacet
  facet normal -6.6491e-1 -7.0067e-1 2.5874e-1
    outer loop
      vertex 4.0305e+0 4.0305e+0 1.7495e+2
      vertex 5.6922e+0 5.6922e+0 1.8372e+2
      vertex 3.8140e+0 4.2359e+0 1.7495e+2
    endloop
  endfacet
  facet normal -6.6491e-1 -7.0067e-1 2.5874e-1
    outer loop
      vertex 3.8140e+0 4.2359e+0 1.7495e+2
      vertex 5.6922e+0 5.6922e+0 1.8372e+2
      vertex 5.3865e+0 5.9823e+0 1.8372e+2
    endloop
  endfacet
  facet normal 6.6491e-1 7.0067e-1 -2.5874e-1
    outer loop
      vertex 6.1518e+0 6.1518e+0 1.7495e+2
      vertex 5.8214e+0 6.4654e+0 1.7495e+2
      vertex 7.8135e+0 7.8135e+0 1.8372e+2
    endloop
  endfacet
  facet normal 6.6491e-1 7.0067e-1 -2.5874e-1
    outer loop
      vertex 5.8214e+0 6.4654e+0 1.7495e+2
      vertex 7.3939e+0 8.2118e+0 1.8372e+2
      vertex 7.8135e+0 7.8135e+0 1.8372e+2
    endloop
  endfacet
  facet normal 0.0000e+0 0.0000e+0 -1.0000e+0
    outer loop
      vertex 9.8641e+0 9.8641e+0 0.0000e+0
      vertex 9.3344e+0 1.0367e+1 0.0000e+0
      vertex 1.1985e+1 1.1985e+1 0.0000e+0
    endloop
  endfacet
  facet normal 0.0000e+0 0.0000e+0 -1.0000e+0
    outer loop
      vertex 9.3344e+0 1.0367e+1 0.0000e+0
      vertex 1.1342e+1 1.2596e+1 0.0000e+0
      vertex 1.1985e+1 1.1985e+1 0.0000e+0
    endloop
  endfacet
  facet normal 0.0000e+0 0.0000e+0 1.0000e+0
    outer loop
      vertex 5.6922e+0 5.6922e+0 1.8372e+2
      vertex 7.8135e+0 7.8135e+0 1.8372e+2
      vertex 5.3865e+0 5.9823e+0 1.8372e+2
    endloop
  endfacet
  facet normal 0.0000e+0 0.0000e+0 1.0000e+0
    outer loop
      vertex 5.3865e+0 5.9823e+0 1.8372e+2
      vertex 7.8135e+0 7.8135e+0 1.8372e+2
      vertex 7.3939e+0 8.2118e+0 1.8372e+2
    endloop
  endfacet
  facet normal -6.4945e-1 -7.6041e-1 0.0000e+0
    outer loop
      vertex 9.3344e+0 1.0367e+1 0.0000e+0
      vertex 9.3344e+0 1.0367e+1 1.6670e+2
      vertex 8.7790e+0 1.0841e+1 0.0000e+0
    endloop
  endfacet
  facet normal -6.4945e-1 -7.6041e-1 0.0000e+0
    outer loop
      vertex 8.7790e+0 1.0841e+1 0.0000e+0
      vertex 9.3344e+0 1.0367e+1 1.6670e+2
      vertex 8.7790e+0 1.0841e+1 1.6670e+2
    endloop
  endfacet
  facet normal 6.4945e-1 7.6041e-1 0.0000e+0
    outer loop
      vertex 1.1342e+1 1.2596e+1 0.0000e+0
      vertex 1.0667e+1 1.3173e+1 0.0000e+0
      vertex 1.1342e+1 1.2596e+1 1.6670e+2
    endloop
  endfacet
  facet normal 6.4945e-1 7.6041e-1 0.0000e+0
    outer loop
      vertex 1.0667e+1 1.3173e+1 0.0000e+0
      vertex 1.0667e+1 1.3173e+1 1.6670e+2
      vertex 1.1342e+1 1.2596e+1 1.6670e+2
    endloop
  endfacet
  facet normal -4.5931e-1 -5.3778e-1 -7.0699e-1
    outer loop
      vertex 9.3344e+0 1.0367e+1 1.6670e+2
      vertex 3.8140e+0 4.2359e+0 1.7495e+2
      vertex 8.7790e+0 1.0841e+1 1.6670e+2
    endloop
  endfacet
  facet normal -4.5931e-1 -5.3778e-1 -7.0699e-1
    outer loop
      vertex 8.7790e+0 1.0841e+1 1.6670e+2
      vertex 3.8140e+0 4.2359e+0 1.7495e+2
      vertex 3.5871e+0 4.4297e+0 1.7495e+2
    endloop
  endfacet
  facet normal 4.5931e-1 5.3778e-1 7.0699e-1
    outer loop
      vertex 1.1342e+1 1.2596e+1 1.6670e+2
      vertex 1.0667e+1 1.3173e+1 1.6670e+2
      vertex 5.8214e+0 6.4654e+0 1.7495e+2
    endloop
  endfacet
  facet normal 4.5931e-1 5.3778e-1 7.0699e-1
    outer loop
      vertex 1.0667e+1 1.3173e+1 1.6670e+2
      vertex 5.4751e+0 6.7612e+0 1.7495e+2
      vertex 5.8214e+0 6.4654e+0 1.7495e+2
    endloop
  endfacet
  facet normal -6.2733e-1 -7.3451e-1 2.5874e-1
    outer loop
      vertex 3.8140e+0 4.2359e+0 1.7495e+2
      vertex 5.3865e+0 5.9823e+0 1.8372e+2
      vertex 3.5871e+0 4.4297e+0 1.7495e+2
    endloop
  endfacet
  facet normal -6.2733e-1 -7.3451e-1 2.5874e-1
    outer loop
      vertex 3.5871e+0 4.4297e+0 1.7495e+2
      vertex 5.3865e+0 5.9823e+0 1.8372e+2
      vertex 5.0660e+0 6.2560e+0 1.8372e+2
    endloop
  endfacet
  facet normal 6.2733e-1 7.3451e-1 -2.5874e-1
    outer loop
      vertex 5.8214e+0 6.4654e+0 1.7495e+2
      vertex 5.4751e+0 6.7612e+0 1.7495e+2
      vertex 7.3939e+0 8.2118e+0 1.8372e+2
    endloop
  endfacet
  facet normal 6.2733e-1 7.3451e-1 -2.5874e-1
    outer loop
      vertex 5.4751e+0 6.7612e+0 1.7495e+2
      vertex 6.9540e+0 8.5875e+0 1.8372e+2
      vertex 7.3939e+0 8.2118e+0 1.8372e+2
    endloop
  endfacet
  facet normal 0.0000e+0 0.0000e+0 -1.0000e+0
    outer loop
      vertex 9.3344e+0 1.0367e+1 0.0000e+0
      vertex 8.7790e+0 1.0841e+1 0.0000e+0
      vertex 1.1342e+1 1.2596e+1 0.0000e+0
    endloop
  endfacet
  facet normal 0.0000e+0 0.0000e+0 -1.0000e+0
    outer loop
      vertex 8.7790e+0 1.0841e+1 0.0000e+0
      vertex 1.0667e+1 1.3173e+1 0.0000e+0
      vertex 1.1342e+1 1.2596e+1 0.0000e+0
    endloop
  endfacet
  facet normal 0.0000e+0 0.0000e+0 1.0000e+0
    outer loop
      vertex 5.3865e+0 5.9823e+0 1.8372e+2
      vertex 7.3939e+0 8.2118e+0 1.8372e+2
      vertex 5.0660e+0 6.2560e+0 1.8372e+2
    endloop
  endfacet
  facet normal 0.0000e+0 0.0000e+0 1.0000e+0
    outer loop
      vertex 5.0660e+0 6.2560e+0 1.8372e+2
      vertex 7.3939e+0 8.2118e+0 1.8372e+2
      vertex 6.9540e+0 8.5875e+0 1.8372e+2
    endloop
  endfacet
  facet normal -6.0876e-1 -7.9335e-1 0.0000e+0
    outer loop
      vertex 8.7790e+0 1.0841e+1 0.0000e+0
      vertex 8.7790e+0 1.0841e+1 1.6670e+2
      vertex 8.1996e+0 1.1286e+1 0.0000e+0
    endloop
  endfacet
  facet normal -6.0876e-1 -7.9335e-1 0.0000e+0
    outer loop
      vertex 8.1996e+0 1.1286e+1 0.0000e+0
      vertex 8.7790e+0 1.0841e+1 1.6670e+2
      vertex 8.1996e+0 1.1286e+1 1.6670e+2
    endloop
  endfacet
  facet normal 6.0876e-1 7.9335e-1 0.0000e+0
    outer loop
      vertex 1.0667e+1 1.3173e+1 0.0000e+0
      vertex 9.9630e+0 1.3713e+1 0.0000e+0
      vertex 1.0667e+1 1.3173e+1 1.6670e+2
    endloop
  endfacet
  facet normal 6.0876e-1 7.9335e-1 0.0000e+0
    outer loop
      vertex 9.9630e+0 1.3713e+1 0.0000e+0
      vertex 9.9630e+0 1.3713e+1 1.6670e+2
      vertex 1.0667e+1 1.3173e+1 1.6670e+2
    endloop
  endfacet
  facet normal -4.3053e-1 -5.6108e-1 -7.0699e-1
    outer loop
      vertex 8.7790e+0 1.0841e+1 1.6670e+2
      vertex 3.5871e+0 4.4297e+0 1.7495e+2
      vertex 8.1996e+0 1.1286e+1 1.6670e+2
    endloop
  endfacet
  facet normal -4.3053e-1 -5.6108e-1 -7.0699e-1
    outer loop
      vertex 8.1996e+0 1.1286e+1 1.6670e+2
      vertex 3.5871e+0 4.4297e+0 1.7495e+2
      vertex 3.3504e+0 4.6114e+0 1.7495e+2
    endloop
  endfacet
  facet normal 4.3053e-1 5.6108e-1 7.0699e-1
    outer loop
      vertex 1.0667e+1 1.3173e+1 1.6670e+2
      vertex 9.9630e+0 1.3713e+1 1.6670e+2
      vertex 5.4751e+0 6.7612e+0 1.7495e+2
    endloop
  endfacet
  facet normal 4.3053e-1 5.6108e-1 7.0699e-1
    outer loop
      vertex 9.9630e+0 1.3713e+1 1.6670e+2
      vertex 5.1137e+0 7.0384e+0 1.7495e+2
      vertex 5.4751e+0 6.7612e+0 1.7495e+2
    endloop
  endfacet
  facet normal -5.8803e-1 -7.6634e-1 2.5874e-1
    outer loop
      vertex 3.5871e+0 4.4297e+0 1.7495e+2
      vertex 5.0660e+0 6.2560e+0 1.8372e+2
      vertex 3.3504e+0 4.6114e+0 1.7495e+2
    endloop
  endfacet
  facet normal -5.8803e-1 -7.6634e-1 2.5874e-1
    outer loop
      vertex 3.3504e+0 4.6114e+0 1.7495e+2
      vertex 5.0660e+0 6.2560e+0 1.8372e+2
      vertex 4.7317e+0 6.5126e+0 1.8372e+2
    endloop
  endfacet
  facet normal 5.8803e-1 7.6634e-1 -2.5874e-1
    outer loop
      vertex 5.4751e+0 6.7612e+0 1.7495e+2
      vertex 5.1137e+0 7.0384e+0 1.7495e+2
      vertex 6.9540e+0 8.5875e+0 1.8372e+2
    endloop
  endfacet
  facet normal 5.8803e-1 7.6634e-1 -2.5874e-1
    outer loop
      vertex 5.1137e+0 7.0384e+0 1.7495e+2
      vertex 6.4950e+0 8.9396e+0 1.8372e+2
      vertex 6.9540e+0 8.5875e+0 1.8372e+2
    endloop
  endfacet
  facet normal 0.0000e+0 0.0000e+0 -1.0000e+0
    outer loop
      vertex 8.7790e+0 1.0841e+1 0.0000e+0
      vertex 8.1996e+0 1.1286e+1 0.0000e+0
      vertex 1.0667e+1 1.3173e+1 0.0000e+0
    endloop
  endfacet
  facet normal 0.0000e+0 0.0000e+0 -1.0000e+0
    outer loop
      vertex 8.1996e+0 1.1286e+1 0.0000e+0
      vertex 9.9630e+0 1.3713e+1 0.0000e+0
      vertex 1.0667e+1 1.3173e+1 0.0000e+0
    endloop
  endfacet
  facet normal 0.0000e+0 0.0000e+0 1.0000e+0
    outer loop
      vertex 5.0660e+0 6.2560e+0 1.8372e+2
      vertex 6.9540e+0 8.5875e+0 1.8372e+2
      vertex 4.7317e+0 6.5126e+0 1.8372e+2
    endloop
  endfacet
  facet normal 0.0000e+0 0.0000e+0 1.0000e+0
    outer loop
      vertex 4.7317e+0 6.5126e+0 1.8372e+2
      vertex 6.9540e+0 8.5875e+0 1.8372e+2
      vertex 6.4950e+0 8.9396e+0 1.8372e+2
    endloop
  endfacet
  facet normal -5.6641e-1 -8.2413e-1 0.0000e+0
    outer loop
      vertex 8.1996e+0 1.1286e+1 0.0000e+0
      vertex 8.1996e+0 1.1286e+1 1.6670e+2
      vertex 7.5977e+0 1.1699e+1 0.0000e+0
    endloop
  endfacet
  facet normal -5.6641e-1 -8.2413e-1 0.0000e+0
    outer loop
      vertex 7.5977e+0 1.1699e+1 0.0000e+0
      vertex 8.1996e+0 1.1286e+1 1.6670e+2
      vertex 7.5977e+0 1.1699e+1 1.6670e+2
    endloop
  endfacet
  facet normal 5.6641e-1 8.2413e-1 0.0000e+0
    outer loop
      vertex 9.9630e+0 1.3713e+1 0.0000e+0
      vertex 9.2316e+0 1.4215e+1 0.0000e+0
      vertex 9.9630e+0 1.3713e+1 1.6670e+2
    endloop
  endfacet
  facet normal 5.6641e-1 8.2413e-1 0.0000e+0
    outer loop
      vertex 9.2316e+0 1.4215e+1 0.0000e+0
      vertex 9.2316e+0 1.4215e+1 1.6670e+2
      vertex 9.9630e+0 1.3713e+1 1.6670e+2
    endloop
  endfacet
  facet normal -4.0058e-1 -5.8285e-1 -7.0699e-1
    outer loop
      vertex 8.1996e+0 1.1286e+1 1.6670e+2
      vertex 3.3504e+0 4.6114e+0 1.7495e+2
      vertex 7.5977e+0 1.1699e+1 1.6670e+2
    endloop
  endfacet
  facet normal -4.0058e-1 -5.8285e-1 -7.0699e-1
    outer loop
      vertex 7.5977e+0 1.1699e+1 1.6670e+2
      vertex 3.3504e+0 4.6114e+0 1.7495e+2
      vertex 3.1044e+0 4.7804e+0 1.7495e+2
    endloop
  endfacet
  facet normal 4.0058e-1 5.8285e-1 7.0699e-1
    outer loop
      vertex 9.9630e+0 1.3713e+1 1.6670e+2
      vertex 9.2316e+0 1.4215e+1 1.6670e+2
      vertex 5.1137e+0 7.0384e+0 1.7495e+2
    endloop
  endfacet
  facet normal 4.0058e-1 5.8285e-1 7.0699e-1
    outer loop
      vertex 9.2316e+0 1.4215e+1 1.6670e+2
      vertex 4.7384e+0 7.2964e+0 1.7495e+2
      vertex 5.1137e+0 7.0384e+0 1.7495e+2
    endloop
  endfacet
  facet normal -5.4712e-1 -7.9606e-1 2.5874e-1
    outer loop
      vertex 3.3504e+0 4.6114e+0 1.7495e+2
      vertex 4.7317e+0 6.5126e+0 1.8372e+2
      vertex 3.1044e+0 4.7804e+0 1.7495e+2
    endloop
  endfacet
  facet normal -5.4712e-1 -7.9606e-1 2.5874e-1
    outer loop
      vertex 3.1044e+0 4.7804e+0 1.7495e+2
      vertex 4.7317e+0 6.5126e+0 1.8372e+2
      vertex 4.3843e+0 6.7513e+0 1.8372e+2
    endloop
  endfacet
  facet normal 5.4712e-1 7.9606e-1 -2.5874e-1
    outer loop
      vertex 5.1137e+0 7.0384e+0 1.7495e+2
      vertex 4.7384e+0 7.2964e+0 1.7495e+2
      vertex 6.4950e+0 8.9396e+0 1.8372e+2
    endloop
  endfacet
  facet normal 5.4712e-1 7.9606e-1 -2.5874e-1
    outer loop
      vertex 4.7384e+0 7.2964e+0 1.7495e+2
      vertex 6.0183e+0 9.2673e+0 1.8372e+2
      vertex 6.4950e+0 8.9396e+0 1.8372e+2
    endloop
  endfacet
  facet normal 0.0000e+0 0.0000e+0 -1.0000e+0
    outer loop
      vertex 8.1996e+0 1.1286e+1 0.0000e+0
      vertex 7.5977e+0 1.1699e+1 0.0000e+0
      vertex 9.9630e+0 1.3713e+1 0.0000e+0
    endloop
  endfacet
  facet normal 0.0000e+0 0.0000e+0 -1.0000e+0
    outer loop
      vertex 7.5977e+0 1.1699e+1 0.0000e+0
      vertex 9.2316e+0 1.4215e+1 0.0000e+0
      vertex 9.9630e+0 1.3713e+1 0.0000e+0
    endloop
  endfacet
  facet normal 0.0000e+0 0.0000e+0 1.0000e+0
    outer loop
      vertex 4.7317e+0 6.5126e+0 1.8372e+2
      vertex 6.4950e+0 8.9396e+0 1.8372e+2
      vertex 4.3843e+0 6.7513e+0 1.8372e+2
    endloop
  endfacet
  facet normal 0.0000e+0 0.0000e+0 1.0000e+0
    outer loop
      vertex 4.3843e+0 6.7513e+0 1.8372e+2
      vertex 6.4950e+0 8.9396e+0 1.8372e+2
      vertex 6.0183e+0 9.2673e+0 1.8372e+2
    endloop
  endfacet
  facet normal -5.2250e-1 -8.5264e-1 0.0000e+0
    outer loop
      vertex 7.5977e+0 1.1699e+1 0.0000e+0
      vertex 7.5977e+0 1.1699e+1 1.6670e+2
      vertex 6.9750e+0 1.2081e+1 0.0000e+0
    endloop
  endfacet
  facet normal -5.2250e-1 -8.5264e-1 0.0000e+0
    outer loop
      vertex 6.9750e+0 1.2081e+1 0.0000e+0
      vertex 7.5977e+0 1.1699e+1 1.6670e+2
      vertex 6.9750e+0 1.2081e+1 1.6670e+2
    endloop
  endfacet
  facet normal 5.2250e-1 8.5264e-1 0.0000e+0
    outer loop
      vertex 9.2316e+0 1.4215e+1 0.0000e+0
      vertex 8.4750e+0 1.4679e+1 0.0000e+0
      vertex 9.2316e+0 1.4215e+1 1.6670e+2
    endloop
  endfacet
  facet normal 5.2250e-1 8.5264e-1 0.0000e+0
    outer loop
      vertex 8.4750e+0 1.4679e+1 0.0000e+0
      vertex 8.4750e+0 1.4679e+1 1.6670e+2
      vertex 9.2316e+0 1.4215e+1 1.6670e+2
    endloop
  endfacet
  facet normal -3.6953e-1 -6.0301e-1 -7.0699e-1
    outer loop
      vertex 7.5977e+0 1.1699e+1 1.6670e+2
      vertex 3.1044e+0 4.7804e+0 1.7495e+2
      vertex 6.9750e+0 1.2081e+1 1.6670e+2
    endloop
  endfacet
  facet normal -3.6953e-1 -6.0301e-1 -7.0699e-1
    outer loop
      vertex 6.9750e+0 1.2081e+1 1.6670e+2
      vertex 3.1044e+0 4.7804e+0 1.7495e+2
      vertex 2.8500e+0 4.9363e+0 1.7495e+2
    endloop
  endfacet
  facet normal 3.6953e-1 6.0301e-1 7.0699e-1
    outer loop
      vertex 9.2316e+0 1.4215e+1 1.6670e+2
      vertex 8.4750e+0 1.4679e+1 1.6670e+2
      vertex 4.7384e+0 7.2964e+0 1.7495e+2
    endloop
  endfacet
  facet normal 3.6953e-1 6.0301e-1 7.0699e-1
    outer loop
      vertex 8.4750e+0 1.4679e+1 1.6670e+2
      vertex 4.3500e+0 7.5344e+0 1.7495e+2
      vertex 4.7384e+0 7.2964e+0 1.7495e+2
    endloop
  endfacet
  facet normal -5.0471e-1 -8.2361e-1 2.5874e-1
    outer loop
      vertex 3.1044e+0 4.7804e+0 1.7495e+2
      vertex 4.3843e+0 6.7513e+0 1.8372e+2
      vertex 2.8500e+0 4.9363e+0 1.7495e+2
    endloop
  endfacet
  facet normal -5.0471e-1 -8.2361e-1 2.5874e-1
    outer loop
      vertex 2.8500e+0 4.9363e+0 1.7495e+2
      vertex 4.3843e+0 6.7513e+0 1.8372e+2
      vertex 4.0250e+0 6.9715e+0 1.8372e+2
    endloop
  endfacet
  facet normal 5.0471e-1 8.2361e-1 -2.5874e-1
    outer loop
      vertex 4.7384e+0 7.2964e+0 1.7495e+2
      vertex 4.3500e+0 7.5344e+0 1.7495e+2
      vertex 6.0183e+0 9.2673e+0 1.8372e+2
    endloop
  endfacet
  facet normal 5.0471e-1 8.2361e-1 -2.5874e-1
    outer loop
      vertex 4.3500e+0 7.5344e+0 1.7495e+2
      vertex 5.5250e+0 9.5696e+0 1.8372e+2
      vertex 6.0183e+0 9.2673e+0 1.8372e+2
    endloop
  endfacet
  facet normal 0.0000e+0 0.0000e+0 -1.0000e+0
    outer loop
      vertex 7.5977e+0 1.1699e+1 0.0000e+0
      vertex 6.9750e+0 1.2081e+1 0.0000e+0
      vertex 9.2316e+0 1.4215e+1 0.0000e+0
    endloop
  endfacet
  facet normal 0.0000e+0 0.0000e+0 -1.0000e+0
    outer loop
      vertex 6.9750e+0 1.2081e+1 0.0000e+0
      vertex 8.4750e+0 1.4679e+1 0.0000e+0
      vertex 9.2316e+0 1.4215e+1 0.0000e+0
    endloop
  endfacet
  facet normal 0.0000e+0 0.0000e+0 1.0000e+0
    outer loop
      vertex 4.3843e+0 6.7513e+0 1.8372e+2
      vertex 6.0183e+0 9.2673e+0 1.8372e+2
      vertex 4.0250e+0 6.9715e+0 1.8372e+2
    endloop
  endfacet
  facet normal 0.0000e+0 0.0000e+0 1.0000e+0
    outer loop
      vertex 4.0250e+0 6.9715e+0 1.8372e+2
      vertex 6.0183e+0 9.2673e+0 1.8372e+2
      vertex 5.5250e+0 9.5696e+0 1.8372e+2
    endloop
  endfacet
  facet normal -4.7716e-1 -8.7882e-1 0.0000e+0
    outer loop
      vertex 6.9750e+0 1.2081e+1 0.0000e+0
      vertex 6.9750e+0 1.2081e+1 1.6670e+2
      vertex 6.3332e+0 1.2430e+1 0.0000e+0
    endloop
  endfacet
  facet normal -4.7716e-1 -8.7882e-1 0.0000e+0
    outer loop
      vertex 6.3332e+0 1.2430e+1 0.0000e+0
      vertex 6.9750e+0 1.2081e+1 1.6670e+2
      vertex 6.3332e+0 1.2430e+1 1.6670e+2
    endloop
  endfacet
  facet normal 4.7716e-1 8.7882e-1 0.0000e+0
    outer loop
      vertex 8.4750e+0 1.4679e+1 0.0000e+0
      vertex 7.6951e+0 1.5103e+1 0.0000e+0
      vertex 8.4750e+0 1.4679e+1 1.6670e+2
    endloop
  endfacet
  facet normal 4.7716e-1 8.7882e-1 0.0000e+0
    outer loop
      vertex 7.6951e+0 1.5103e+1 0.0000e+0
      vertex 7.6951e+0 1.5103e+1 1.6670e+2
      vertex 8.4750e+0 1.4679e+1 1.6670e+2
    endloop
  endfacet
  facet normal -3.3746e-1 -6.2152e-1 -7.0699e-1
    outer loop
      vertex 6.9750e+0 1.2081e+1 1.6670e+2
      vertex 2.8500e+0 4.9363e+0 1.7495e+2
      vertex 6.3332e+0 1.2430e+1 1.6670e+2
    endloop
  endfacet
  facet normal -3.3746e-1 -6.2152e-1 -7.0699e-1
    outer loop
      vertex 6.3332e+0 1.2430e+1 1.6670e+2
      vertex 2.8500e+0 4.9363e+0 1.7495e+2
      vertex 2.5877e+0 5.0787e+0 1.7495e+2
    endloop
  endfacet
  facet normal 3.3746e-1 6.2152e-1 7.0699e-1
    outer loop
      vertex 8.4750e+0 1.4679e+1 1.6670e+2
      vertex 7.6951e+0 1.5103e+1 1.6670e+2
      vertex 4.3500e+0 7.5344e+0 1.7495e+2
    endloop
  endfacet
  facet normal 3.3746e-1 6.2152e-1 7.0699e-1
    outer loop
      vertex 7.6951e+0 1.5103e+1 1.6670e+2
      vertex 3.9497e+0 7.7518e+0 1.7495e+2
      vertex 4.3500e+0 7.5344e+0 1.7495e+2
    endloop
  endfacet
  facet normal -4.6091e-1 -8.4889e-1 2.5874e-1
    outer loop
      vertex 2.8500e+0 4.9363e+0 1.7495e+2
      vertex 4.0250e+0 6.9715e+0 1.8372e+2
      vertex 2.5877e+0 5.0787e+0 1.7495e+2
    endloop
  endfacet
  facet normal -4.6091e-1 -8.4889e-1 2.5874e-1
    outer loop
      vertex 2.5877e+0 5.0787e+0 1.7495e+2
      vertex 4.0250e+0 6.9715e+0 1.8372e+2
      vertex 3.6546e+0 7.1726e+0 1.8372e+2
    endloop
  endfacet
  facet normal 4.6091e-1 8.4889e-1 -2.5874e-1
    outer loop
      vertex 4.3500e+0 7.5344e+0 1.7495e+2
      vertex 3.9497e+0 7.7518e+0 1.7495e+2
      vertex 5.5250e+0 9.5696e+0 1.8372e+2
    endloop
  endfacet
  facet normal 4.6091e-1 8.4889e-1 -2.5874e-1
    outer loop
      vertex 3.9497e+0 7.7518e+0 1.7495e+2
      vertex 5.0166e+0 9.8456e+0 1.8372e+2
      vertex 5.5250e+0 9.5696e+0 1.8372e+2
    endloop
  endfacet
  facet normal 0.0000e+0 0.0000e+0 -1.0000e+0
    outer loop
      vertex 6.9750e+0 1.2081e+1 0.0000e+0
      vertex 6.3332e+0 1.2430e+1 0.0000e+0
      vertex 8.4750e+0 1.4679e+1 0.0000e+0
    endloop
  endfacet
  facet normal 0.0000e+0 0.0000e+0 -1.0000e+0
    outer loop
      vertex 6.3332e+0 1.2430e+1 0.0000e+0
      vertex 7.6951e+0 1.5103e+1 0.0000e+0
      vertex 8.4750e+0 1.4679e+1 0.0000e+0
    endloop
  endfacet
  facet normal 0.0000e+0 0.0000e+0 1.0000e+0
    outer loop
      vertex 4.0250e+0 6.9715e+0 1.8372e+2
      vertex 5.5250e+0 9.5696e+0 1.8372e+2
      vertex 3.6546e+0 7.1726e+0 1.8372e+2
    endloop
  endfacet
  facet normal 0.0000e+0 0.0000e+0 1.0000e+0
    outer loop
      vertex 3.6546e+0 7.1726e+0 1.8372e+2
      vertex 5.5250e+0 9.5696e+0 1.8372e+2
      vertex 5.0166e+0 9.8456e+0 1.8372e+2
    endloop
  endfacet
  facet normal -4.3051e-1 -9.0259e-1 0.0000e+0
    outer loop
      vertex 6.3332e+0 1.2430e+1 0.0000e+0
      vertex 6.3332e+0 1.2430e+1 1.6670e+2
      vertex 5.6740e+0 1.2744e+1 0.0000e+0
    endloop
  endfacet
  facet normal -4.3051e-1 -9.0259e-1 0.0000e+0
    outer loop
      vertex 5.6740e+0 1.2744e+1 0.0000e+0
      vertex 6.3332e+0 1.2430e+1 1.6670e+2
      vertex 5.6740e+0 1.2744e+1 1.6670e+2
    endloop
  endfacet
  facet normal 4.3051e-1 9.0259e-1 0.0000e+0
    outer loop
      vertex 7.6951e+0 1.5103e+1 0.0000e+0
      vertex 6.8942e+0 1.5485e+1 0.0000e+0
      vertex 7.6951e+0 1.5103e+1 1.6670e+2
    endloop
  endfacet
  facet normal 4.3051e-1 9.0259e-1 0.0000e+0
    outer loop
      vertex 6.8942e+0 1.5485e+1 0.0000e+0
      vertex 6.8942e+0 1.5485e+1 1.6670e+2
      vertex 7.6951e+0 1.5103e+1 1.6670e+2
    endloop
  endfacet
  facet normal -3.0447e-1 -6.3833e-1 -7.0699e-1
    outer loop
      vertex 6.3332e+0 1.2430e+1 1.6670e+2
      vertex 2.5877e+0 5.0787e+0 1.7495e+2
      vertex 5.6740e+0 1.2744e+1 1.6670e+2
    endloop
  endfacet
  facet normal -3.0447e-1 -6.3833e-1 -7.0699e-1
    outer loop
      vertex 5.6740e+0 1.2744e+1 1.6670e+2
      vertex 2.5877e+0 5.0787e+0 1.7495e+2
      vertex 2.3184e+0 5.2072e+0 1.7495e+2
    endloop
  endfacet
  facet normal 3.0447e-1 6.3833e-1 7.0699e-1
    outer loop
      vertex 7.6951e+0 1.5103e+1 1.6670e+2
      vertex 6.8942e+0 1.5485e+1 1.6670e+2
      vertex 3.9497e+0 7.7518e+0 1.7495e+2
    endloop
  endfacet
  facet normal 3.0447e-1 6.3833e-1 7.0699e-1
    outer loop
      vertex 6.8942e+0 1.5485e+1 1.6670e+2
      vertex 3.5386e+0 7.9478e+0 1.7495e+2
      vertex 3.9497e+0 7.7518e+0 1.7495e+2
    endloop
  endfacet
  facet normal -4.1585e-1 -8.7185e-1 2.5874e-1
    outer loop
      vertex 2.5877e+0 5.0787e+0 1.7495e+2
      vertex 3.6546e+0 7.1726e+0 1.8372e+2
      vertex 2.3184e+0 5.2072e+0 1.7495e+2
    endloop
  endfacet
  facet normal -4.1585e-1 -8.7185e-1 2.5874e-1
    outer loop
      vertex 2.3184e+0 5.2072e+0 1.7495e+2
      vertex 3.6546e+0 7.1726e+0 1.8372e+2
      vertex 3.2742e+0 7.3540e+0 1.8372e+2
    endloop
  endfacet
  facet normal 4.1585e-1 8.7185e-1 -2.5874e-1
    outer loop
      vertex 3.9497e+0 7.7518e+0 1.7495e+2
      vertex 3.5386e+0 7.9478e+0 1.7495e+2
      vertex 5.0166e+0 9.8456e+0 1.8372e+2
    endloop
  endfacet
  facet normal 4.1585e-1 8.7185e-1 -2.5874e-1
    outer loop
      vertex 3.5386e+0 7.9478e+0 1.7495e+2
      vertex 4.4944e+0 1.0095e+1 1.8372e+2
      vertex 5.0166e+0 9.8456e+0 1.8372e+2
    endloop
  endfacet
  facet normal 0.0000e+0 0.0000e+0 -1.0000e+0
    outer loop
      vertex 6.3332e+0 1.2430e+1 0.0000e+0
      vertex 5.6740e+0 1.2744e+1 0.0000e+0
      vertex 7.6951e+0 1.5103e+1 0.0000e+0
    endloop
  endfacet
  facet normal 0.0000e+0 0.0000e+0 -1.0000e+0
    outer loop
      vertex 5.6740e+0 1.2744e+1 0.0000e+0
      vertex 6.8942e+0 1.5485e+1 0.0000e+0
      vertex 7.6951e+0 1.5103e+1 0.0000e+0
    endloop
  endfacet
  facet normal 0.0000e+0 0.0000e+0 1.0000e+0
    outer loop
      vertex 3.6546e+0 7.1726e+0 1.8372e+2
      vertex 5.0166e+0 9.8456e+0 1.8372e+2
      vertex 3.2742e+0 7.3540e+0 1.8372e+2
    endloop
  endfacet
  facet normal 0.0000e+0 0.0000e+0 1.0000e+0
    outer loop
      vertex 3.2742e+0 7.3540e+0 1.8372e+2
      vertex 5.0166e+0 9.8456e+0 1.8372e+2
      vertex 4.4944e+0 1.0095e+1 1.8372e+2
    endloop
  endfacet
  facet normal -3.8268e-1 -9.2388e-1 0.0000e+0
    outer loop
      vertex 5.6740e+0 1.2744e+1 0.0000e+0
      vertex 5.6740e+0 1.2744e+1 1.6670e+2
      vertex 4.9992e+0 1.3023e+1 0.0000e+0
    endloop
  endfacet
  facet normal -3.8268e-1 -9.2388e-1 0.0000e+0
    outer loop
      vertex 4.9992e+0 1.3023e+1 0.0000e+0
      vertex 5.6740e+0 1.2744e+1 1.6670e+2
      vertex 4.9992e+0 1.3023e+1 1.6670e+2
    endloop
  endfacet
  facet normal 3.8268e-1 9.2388e-1 0.0000e+0
    outer loop
      vertex 6.8942e+0 1.5485e+1 0.0000e+0
      vertex 6.0743e+0 1.5824e+1 0.0000e+0
      vertex 6.8942e+0 1.5485e+1 1.6670e+2
    endloop
  endfacet
  facet normal 3.8268e-1 9.2388e-1 0.0000e+0
    outer loop
      vertex 6.0743e+0 1.5824e+1 0.0000e+0
      vertex 6.0743e+0 1.5824e+1 1.6670e+2
      vertex 6.8942e+0 1.5485e+1 1.6670e+2
    endloop
  endfacet
  facet normal -2.7064e-1 -6.5339e-1 -7.0699e-1
    outer loop
      vertex 5.6740e+0 1.2744e+1 1.6670e+2
      vertex 2.3184e+0 5.2072e+0 1.7495e+2
      vertex 4.9992e+0 1.3023e+1 1.6670e+2
    endloop
  endfacet
  facet normal -2.7064e-1 -6.5339e-1 -7.0699e-1
    outer loop
      vertex 4.9992e+0 1.3023e+1 1.6670e+2
      vertex 2.3184e+0 5.2072e+0 1.7495e+2
      vertex 2.0427e+0 5.3214e+0 1.7495e+2
    endloop
  endfacet
  facet normal 2.7064e-1 6.5339e-1 7.0699e-1
    outer loop
      vertex 6.8942e+0 1.5485e+1 1.6670e+2
      vertex 6.0743e+0 1.5824e+1 1.6670e+2
      vertex 3.5386e+0 7.9478e+0 1.7495e+2
    endloop
  endfacet
  facet normal 2.7064e-1 6.5339e-1 7.0699e-1
    outer loop
      vertex 6.0743e+0 1.5824e+1 1.6670e+2
      vertex 3.1178e+0 8.1221e+0 1.7495e+2
      vertex 3.5386e+0 7.9478e+0 1.7495e+2
    endloop
  endfacet
  facet normal -3.6965e-1 -8.9242e-1 2.5874e-1
    outer loop
      vertex 2.3184e+0 5.2072e+0 1.7495e+2
      vertex 3.2742e+0 7.3540e+0 1.8372e+2
      vertex 2.0427e+0 5.3214e+0 1.7495e+2
    endloop
  endfacet
  facet normal -3.6965e-1 -8.9242e-1 2.5874e-1
    outer loop
      vertex 2.0427e+0 5.3214e+0 1.7495e+2
      vertex 3.2742e+0 7.3540e+0 1.8372e+2
      vertex 2.8849e+0 7.5153e+0 1.8372e+2
    endloop
  endfacet
  facet normal 3.6965e-1 8.9242e-1 -2.5874e-1
    outer loop
      vertex 3.5386e+0 7.9478e+0 1.7495e+2
      vertex 3.1178e+0 8.1221e+0 1.7495e+2
      vertex 4.4944e+0 1.0095e+1 1.8372e+2
    endloop
  endfacet
  facet normal 3.6965e-1 8.9242e-1 -2.5874e-1
    outer loop
      vertex 3.1178e+0 8.1221e+0 1.7495e+2
      vertex 3.9600e+0 1.0316e+1 1.8372e+2
      vertex 4.4944e+0 1.0095e+1 1.8372e+2
    endloop
  endfacet
  facet normal 0.0000e+0 0.0000e+0 -1.0000e+0
    outer loop
      vertex 5.6740e+0 1.2744e+1 0.0000e+0
      vertex 4.9992e+0 1.3023e+1 0.0000e+0
      vertex 6.8942e+0 1.5485e+1 0.0000e+0
    endloop
  endfacet
  facet normal 0.0000e+0 0.0000e+0 -1.0000e+0
    outer loop
      vertex 4.9992e+0 1.3023e+1 0.0000e+0
      vertex 6.0743e+0 1.5824e+1 0.0000e+0
      vertex 6.8942e+0 1.5485e+1 0.0000e+0
    endloop
  endfacet
  facet normal 0.0000e+0 0.0000e+0 1.0000e+0
    outer loop
      vertex 3.2742e+0 7.3540e+0 1.8372e+2
      vertex 4.4944e+0 1.0095e+1 1.8372e+2
      vertex 2.8849e+0 7.5153e+0 1.8372e+2
    endloop
  endfacet
  facet normal 0.0000e+0 0.0000e+0 1.0000e+0
    outer loop
      vertex 2.8849e+0 7.5153e+0 1.8372e+2
      vertex 4.4944e+0 1.0095e+1 1.8372e+2
      vertex 3.9600e+0 1.0316e+1 1.8372e+2
    endloop
  endfacet
  facet normal -3.3381e-1 -9.4264e-1 0.0000e+0
    outer loop
      vertex 4.9992e+0 1.3023e+1 0.0000e+0
      vertex 4.9992e+0 1.3023e+1 1.6670e+2
      vertex 4.3108e+0 1.3267e+1 0.0000e+0
    endloop
  endfacet
  facet normal -3.3381e-1 -9.4264e-1 0.0000e+0
    outer loop
      vertex 4.3108e+0 1.3267e+1 0.0000e+0
      vertex 4.9992e+0 1.3023e+1 1.6670e+2
      vertex 4.3108e+0 1.3267e+1 1.6670e+2
    endloop
  endfacet
  facet normal 3.3381e-1 9.4264e-1 0.0000e+0
    outer loop
      vertex 6.0743e+0 1.5824e+1 0.0000e+0
      vertex 5.2378e+0 1.6120e+1 0.0000e+0
      vertex 6.0743e+0 1.5824e+1 1.6670e+2
    endloop
  endfacet
  facet normal 3.3381e-1 9.4264e-1 0.0000e+0
    outer loop
      vertex 5.2378e+0 1.6120e+1 0.0000e+0
      vertex 5.2378e+0 1.6120e+1 1.6670e+2
      vertex 6.0743e+0 1.5824e+1 1.6670e+2
    endloop
  endfacet
  facet normal -2.3608e-1 -6.6666e-1 -7.0699e-1
    outer loop
      vertex 4.9992e+0 1.3023e+1 1.6670e+2
      vertex 2.0427e+0 5.3214e+0 1.7495e+2
      vertex 4.3108e+0 1.3267e+1 1.6670e+2
    endloop
  endfacet
  facet normal -2.3608e-1 -6.6666e-1 -7.0699e-1
    outer loop
      vertex 4.3108e+0 1.3267e+1 1.6670e+2
      vertex 2.0427e+0 5.3214e+0 1.7495e+2
      vertex 1.7614e+0 5.4210e+0 1.7495e+2
    endloop
  endfacet
  facet normal 2.3608e-1 6.6666e-1 7.0699e-1
    outer loop
      vertex 6.0743e+0 1.5824e+1 1.6670e+2
      vertex 5.2378e+0 1.6120e+1 1.6670e+2
      vertex 3.1178e+0 8.1221e+0 1.7495e+2
    endloop
  endfacet
  facet normal 2.3608e-1 6.6666e-1 7.0699e-1
    outer loop
      vertex 5.2378e+0 1.6120e+1 1.6670e+2
      vertex 2.6884e+0 8.2742e+0 1.7495e+2
      vertex 3.1178e+0 8.1221e+0 1.7495e+2
    endloop
  endfacet
  facet normal -3.2244e-1 -9.1054e-1 2.5874e-1
    outer loop
      vertex 2.0427e+0 5.3214e+0 1.7495e+2
      vertex 2.8849e+0 7.5153e+0 1.8372e+2
      vertex 1.7614e+0 5.4210e+0 1.7495e+2
    endloop
  endfacet
  facet normal -3.2244e-1 -9.1054e-1 2.5874e-1
    outer loop
      vertex 1.7614e+0 5.4210e+0 1.7495e+2
      vertex 2.8849e+0 7.5153e+0 1.8372e+2
      vertex 2.4876e+0 7.6560e+0 1.8372e+2
    endloop
  endfacet
  facet normal 3.2244e-1 9.1054e-1 -2.5874e-1
    outer loop
      vertex 3.1178e+0 8.1221e+0 1.7495e+2
      vertex 2.6884e+0 8.2742e+0 1.7495e+2
      vertex 3.9600e+0 1.0316e+1 1.8372e+2
    endloop
  endfacet
  facet normal 3.2244e-1 9.1054e-1 -2.5874e-1
    outer loop
      vertex 2.6884e+0 8.2742e+0 1.7495e+2
      vertex 3.4146e+0 1.0509e+1 1.8372e+2
      vertex 3.9600e+0 1.0316e+1 1.8372e+2
    endloop
  endfacet
  facet normal 0.0000e+0 0.0000e+0 -1.0000e+0
    outer loop
      vertex 4.9992e+0 1.3023e+1 0.0000e+0
      vertex 4.3108e+0 1.3267e+1 0.0000e+0
      vertex 6.0743e+0 1.5824e+1 0.0000e+0
    endloop
  endfacet
  facet normal 0.0000e+0 0.0000e+0 -1.0000e+0
    outer loop
      vertex 4.3108e+0 1.3267e+1 0.0000e+0
      vertex 5.2378e+0 1.6120e+1 0.0000e+0
      vertex 6.0743e+0 1.5824e+1 0.0000e+0
    endloop
  endfacet
  facet normal 0.0000e+0 0.0000e+0 1.0000e+0
    outer loop
      vertex 2.8849e+0 7.5153e+0 1.8372e+2
      vertex 3.9600e+0 1.0316e+1 1.8372e+2
      vertex 2.4876e+0 7.6560e+0 1.8372e+2
    endloop
  endfacet
  facet normal 0.0000e+0 0.0000e+0 1.0000e+0
    outer loop
      vertex 2.4876e+0 7.6560e+0 1.8372e+2
      vertex 3.9600e+0 1.0316e+1 1.8372e+2
      vertex 3.4146e+0 1.0509e+1 1.8372e+2
    endloop
  endfacet
  facet normal -2.8402e-1 -9.5882e-1 0.0000e+0
    outer loop
      vertex 4.3108e+0 1.3267e+1 0.0000e+0
      vertex 4.3108e+0 1.3267e+1 1.6670e+2
      vertex 3.6105e+0 1.3475e+1 0.0000e+0
    endloop
  endfacet
  facet normal -2.8402e-1 -9.5882e-1 0.0000e+0
    outer loop
      vertex 3.6105e+0 1.3475e+1 0.0000e+0
      vertex 4.3108e+0 1.3267e+1 1.6670e+2
      vertex 3.6105e+0 1.3475e+1 1.6670e+2
    endloop
  endfacet
  facet normal 2.8402e-1 9.5882e-1 0.0000e+0
    outer loop
      vertex 5.2378e+0 1.6120e+1 0.0000e+0
      vertex 4.3870e+0 1.6372e+1 0.0000e+0
      vertex 5.2378e+0 1.6120e+1 1.6670e+2
    endloop
  endfacet
  facet normal 2.8402e-1 9.5882e-1 0.0000e+0
    outer loop
      vertex 4.3870e+0 1.6372e+1 0.0000e+0
      vertex 4.3870e+0 1.6372e+1 1.6670e+2
      vertex 5.2378e+0 1.6120e+1 1.6670e+2
    endloop
  endfacet
  facet normal -2.0086e-1 -6.7810e-1 -7.0699e-1
    outer loop
      vertex 4.3108e+0 1.3267e+1 1.6670e+2
      vertex 1.7614e+0 5.4210e+0 1.7495e+2
      vertex 3.6105e+0 1.3475e+1 1.6670e+2
    endloop
  endfacet
  facet normal -2.0086e-1 -6.7810e-1 -7.0699e-1
    outer loop
      vertex 3.6105e+0 1.3475e+1 1.6670e+2
      vertex 1.7614e+0 5.4210e+0 1.7495e+2
      vertex 1.4753e+0 5.5058e+0 1.7495e+2
    endloop
  endfacet
  facet normal 2.0086e-1 6.7810e-1 7.0699e-1
    outer loop
      vertex 5.2378e+0 1.6120e+1 1.6670e+2
      vertex 4.3870e+0 1.6372e+1 1.6670e+2
      vertex 2.6884e+0 8.2742e+0 1.7495e+2
    endloop
  endfacet
  facet normal 2.0086e-1 6.7810e-1 7.0699e-1
    outer loop
      vertex 4.3870e+0 1.6372e+1 1.6670e+2
      vertex 2.2517e+0 8.4036e+0 1.7495e+2
      vertex 2.6884e+0 8.2742e+0 1.7495e+2
    endloop
  endfacet
  facet normal -2.7434e-1 -9.2617e-1 2.5874e-1
    outer loop
      vertex 1.7614e+0 5.4210e+0 1.7495e+2
      vertex 2.4876e+0 7.6560e+0 1.8372e+2
      vertex 1.4753e+0 5.5058e+0 1.7495e+2
    endloop
  endfacet
  facet normal -2.7434e-1 -9.2617e-1 2.5874e-1
    outer loop
      vertex 1.4753e+0 5.5058e+0 1.7495e+2
      vertex 2.4876e+0 7.6560e+0 1.8372e+2
      vertex 2.0835e+0 7.7757e+0 1.8372e+2
    endloop
  endfacet
  facet normal 2.7434e-1 9.2617e-1 -2.5874e-1
    outer loop
      vertex 2.6884e+0 8.2742e+0 1.7495e+2
      vertex 2.2517e+0 8.4036e+0 1.7495e+2
      vertex 3.4146e+0 1.0509e+1 1.8372e+2
    endloop
  endfacet
  facet normal 2.7434e-1 9.2617e-1 -2.5874e-1
    outer loop
      vertex 2.2517e+0 8.4036e+0 1.7495e+2
      vertex 2.8600e+0 1.0673e+1 1.8372e+2
      vertex 3.4146e+0 1.0509e+1 1.8372e+2
    endloop
  endfacet
  facet normal 0.0000e+0 0.0000e+0 -1.0000e+0
    outer loop
      vertex 4.3108e+0 1.3267e+1 0.0000e+0
      vertex 3.6105e+0 1.3475e+1 0.0000e+0
      vertex 5.2378e+0 1.6120e+1 0.0000e+0
    endloop
  endfacet
  facet normal 0.0000e+0 0.0000e+0 -1.0000e+0
    outer loop
      vertex 3.6105e+0 1.3475e+1 0.0000e+0
      vertex 4.3870e+0 1.6372e+1 0.0000e+0
      vertex 5.2378e+0 1.6120e+1 0.0000e+0
    endloop
  endfacet
  facet normal 0.0000e+0 0.0000e+0 1.0000e+0
    outer loop
      vertex 2.4876e+0 7.6560e+0 1.8372e+2
      vertex 3.4146e+0 1.0509e+1 1.8372e+2
      vertex 2.0835e+0 7.7757e+0 1.8372e+2
    endloop
  endfacet
  facet normal 0.0000e+0 0.0000e+0 1.0000e+0
    outer loop
      vertex 2.0835e+0 7.7757e+0 1.8372e+2
      vertex 3.4146e+0 1.0509e+1 1.8372e+2
      vertex 2.8600e+0 1.0673e+1 1.8372e+2
    endloop
  endfacet
  facet normal -2.3345e-1 -9.7237e-1 0.0000e+0
    outer loop
      vertex 3.6105e+0 1.3475e+1 0.0000e+0
      vertex 3.6105e+0 1.3475e+1 1.6670e+2
      vertex 2.9004e+0 1.3645e+1 0.0000e+0
    endloop
  endfacet
  facet normal -2.3345e-1 -9.7237e-1 0.0000e+0
    outer loop
      vertex 2.9004e+0 1.3645e+1 0.0000e+0
      vertex 3.6105e+0 1.3475e+1 1.6670e+2
      vertex 2.9004e+0 1.3645e+1 1.6670e+2
    endloop
  endfacet
  facet normal 2.3345e-1 9.7237e-1 0.0000e+0
    outer loop
      vertex 4.3870e+0 1.6372e+1 0.0000e+0
      vertex 3.5241e+0 1.6580e+1 0.0000e+0
      vertex 4.3870e+0 1.6372e+1 1.6670e+2
    endloop
  endfacet
  facet normal 2.3345e-1 9.7237e-1 0.0000e+0
    outer loop
      vertex 3.5241e+0 1.6580e+1 0.0000e+0
      vertex 3.5241e+0 1.6580e+1 1.6670e+2
      vertex 4.3870e+0 1.6372e+1 1.6670e+2
    endloop
  endfacet
  facet normal -1.6510e-1 -6.8769e-1 -7.0699e-1
    outer loop
      vertex 3.6105e+0 1.3475e+1 1.6670e+2
      vertex 1.4753e+0 5.5058e+0 1.7495e+2
      vertex 2.9004e+0 1.3645e+1 1.6670e+2
    endloop
  endfacet
  facet normal -1.6510e-1 -6.8769e-1 -7.0699e-1
    outer loop
      vertex 2.9004e+0 1.3645e+1 1.6670e+2
      vertex 1.4753e+0 5.5058e+0 1.7495e+2
      vertex 1.1851e+0 5.5754e+0 1.7495e+2
    endloop
  endfacet
  facet normal 1.6510e-1 6.8769e-1 7.0699e-1
    outer loop
      vertex 4.3870e+0 1.6372e+1 1.6670e+2
      vertex 3.5241e+0 1.6580e+1 1.6670e+2
      vertex 2.2517e+0 8.4036e+0 1.7495e+2
    endloop
  endfacet
  facet normal 1.6510e-1 6.8769e-1 7.0699e-1
    outer loop
      vertex 3.5241e+0 1.6580e+1 1.6670e+2
      vertex 1.8088e+0 8.5099e+0 1.7495e+2
      vertex 2.2517e+0 8.4036e+0 1.7495e+2
    endloop
  endfacet
  facet normal -2.2550e-1 -9.3926e-1 2.5874e-1
    outer loop
      vertex 1.4753e+0 5.5058e+0 1.7495e+2
      vertex 2.0835e+0 7.7757e+0 1.8372e+2
      vertex 1.1851e+0 5.5754e+0 1.7495e+2
    endloop
  endfacet
  facet normal -2.2550e-1 -9.3926e-1 2.5874e-1
    outer loop
      vertex 1.1851e+0 5.5754e+0 1.7495e+2
      vertex 2.0835e+0 7.7757e+0 1.8372e+2
      vertex 1.6737e+0 7.8741e+0 1.8372e+2
    endloop
  endfacet
  facet normal 2.2550e-1 9.3926e-1 -2.5874e-1
    outer loop
      vertex 2.2517e+0 8.4036e+0 1.7495e+2
      vertex 1.8088e+0 8.5099e+0 1.7495e+2
      vertex 2.8600e+0 1.0673e+1 1.8372e+2
    endloop
  endfacet
  facet normal 2.2550e-1 9.3926e-1 -2.5874e-1
    outer loop
      vertex 1.8088e+0 8.5099e+0 1.7495e+2
      vertex 2.2974e+0 1.0809e+1 1.8372e+2
      vertex 2.8600e+0 1.0673e+1 1.8372e+2
    endloop
  endfacet
  facet normal 0.0000e+0 0.0000e+0 -1.0000e+0
    outer loop
      vertex 3.6105e+0 1.3475e+1 0.0000e+0
      vertex 2.9004e+0 1.3645e+1 0.0000e+0
      vertex 4.3870e+0 1.6372e+1 0.0000e+0
    endloop
  endfacet
  facet normal 0.0000e+0 0.0000e+0 -1.0000e+0
    outer loop
      vertex 2.9004e+0 1.3645e+1 0.0000e+0
      vertex 3.5241e+0 1.6580e+1 0.0000e+0
      vertex 4.3870e+0 1.6372e+1 0.0000e+0
    endloop
  endfacet
  facet normal 0.0000e+0 0.0000e+0 1.0000e+0
    outer loop
      vertex 2.0835e+0 7.7757e+0 1.8372e+2
      vertex 2.8600e+0 1.0673e+1 1.8372e+2
      vertex 1.6737e+0 7.8741e+0 1.8372e+2
    endloop
  endfacet
  facet normal 0.0000e+0 0.0000e+0 1.0000e+0
    outer loop
      vertex 1.6737e+0 7.8741e+0 1.8372e+2
      vertex 2.8600e+0 1.0673e+1 1.8372e+2
      vertex 2.2974e+0 1.0809e+1 1.8372e+2
    endloop
  endfacet
  facet normal -1.8224e-1 -9.8325e-1 0.0000e+0
    outer loop
      vertex 2.9004e+0 1.3645e+1 0.0000e+0
      vertex 2.9004e+0 1.3645e+1 1.6670e+2
      vertex 2.1823e+0 1.3778e+1 0.0000e+0
    endloop
  endfacet
  facet normal -1.8224e-1 -9.8325e-1 0.0000e+0
    outer loop
      vertex 2.1823e+0 1.3778e+1 0.0000e+0
      vertex 2.9004e+0 1.3645e+1 1.6670e+2
      vertex 2.1823e+0 1.3778e+1 1.6670e+2
    endloop
  endfacet
  facet normal 1.8224e-1 9.8325e-1 0.0000e+0
    outer loop
      vertex 3.5241e+0 1.6580e+1 0.0000e+0
      vertex 2.6516e+0 1.6741e+1 0.0000e+0
      vertex 3.5241e+0 1.6580e+1 1.6670e+2
    endloop
  endfacet
  facet normal 1.8224e-1 9.8325e-1 0.0000e+0
    outer loop
      vertex 2.6516e+0 1.6741e+1 0.0000e+0
      vertex 2.6516e+0 1.6741e+1 1.6670e+2
      vertex 3.5241e+0 1.6580e+1 1.6670e+2
    endloop
  endfacet
  facet normal -1.2888e-1 -6.9539e-1 -7.0699e-1
    outer loop
      vertex 2.9004e+0 1.3645e+1 1.6670e+2
      vertex 1.1851e+0 5.5754e+0 1.7495e+2
      vertex 2.1823e+0 1.3778e+1 1.6670e+2
    endloop
  endfacet
  facet normal -1.2888e-1 -6.9539e-1 -7.0699e-1
    outer loop
      vertex 2.1823e+0 1.3778e+1 1.6670e+2
      vertex 1.1851e+0 5.5754e+0 1.7495e+2
      vertex 8.9168e-1 5.6298e+0 1.7495e+2
    endloop
  endfacet
  facet normal 1.2888e-1 6.9539e-1 7.0699e-1
    outer loop
      vertex 3.5241e+0 1.6580e+1 1.6670e+2
      vertex 2.6516e+0 1.6741e+1 1.6670e+2
      vertex 1.8088e+0 8.5099e+0 1.7495e+2
    endloop
  endfacet
  facet normal 1.2888e-1 6.9539e-1 7.0699e-1
    outer loop
      vertex 2.6516e+0 1.6741e+1 1.6670e+2
      vertex 1.3610e+0 8.5929e+0 1.7495e+2
      vertex 1.8088e+0 8.5099e+0 1.7495e+2
    endloop
  endfacet
  facet normal -1.7603e-1 -9.4977e-1 2.5874e-1
    outer loop
      vertex 1.1851e+0 5.5754e+0 1.7495e+2
      vertex 1.6737e+0 7.8741e+0 1.8372e+2
      vertex 8.9168e-1 5.6298e+0 1.7495e+2
    endloop
  endfacet
  facet normal -1.7603e-1 -9.4977e-1 2.5874e-1
    outer loop
      vertex 8.9168e-1 5.6298e+0 1.7495e+2
      vertex 1.6737e+0 7.8741e+0 1.8372e+2
      vertex 1.2593e+0 7.9509e+0 1.8372e+2
    endloop
  endfacet
  facet normal 1.7603e-1 9.4977e-1 -2.5874e-1
    outer loop
      vertex 1.8088e+0 8.5099e+0 1.7495e+2
      vertex 1.3610e+0 8.5929e+0 1.7495e+2
      vertex 2.2974e+0 1.0809e+1 1.8372e+2
    endloop
  endfacet
  facet normal 1.7603e-1 9.4977e-1 -2.5874e-1
    outer loop
      vertex 1.3610e+0 8.5929e+0 1.7495e+2
      vertex 1.7286e+0 1.0914e+1 1.8372e+2
      vertex 2.2974e+0 1.0809e+1 1.8372e+2
    endloop
  endfacet
  facet normal 0.0000e+0 0.0000e+0 -1.0000e+0
    outer loop
      vertex 2.9004e+0 1.3645e+1 0.0000e+0
      vertex 2.1823e+0 1.3778e+1 0.0000e+0
      vertex 3.5241e+0 1.6580e+1 0.0000e+0
    endloop
  endfacet
  facet normal 0.0000e+0 0.0000e+0 -1.0000e+0
    outer loop
      vertex 2.1823e+0 1.3778e+1 0.0000e+0
      vertex 2.6516e+0 1.6741e+1 0.0000e+0
      vertex 3.5241e+0 1.6580e+1 0.0000e+0
    endloop
  endfacet
  facet normal 0.0000e+0 0.0000e+0 1.0000e+0
    outer loop
      vertex 1.6737e+0 7.8741e+0 1.8372e+2
      vertex 2.2974e+0 1.0809e+1 1.8372e+2
      vertex 1.2593e+0 7.9509e+0 1.8372e+2
    endloop
  endfacet
  facet normal 0.0000e+0 0.0000e+0 1.0000e+0
    outer loop
      vertex 1.2593e+0 7.9509e+0 1.8372e+2
      vertex 2.2974e+0 1.0809e+1 1.8372e+2
      vertex 1.7286e+0 1.0914e+1 1.8372e+2
    endloop
  endfacet
  facet normal -1.3053e-1 -9.9144e-1 0.0000e+0
    outer loop
      vertex 2.1823e+0 1.3778e+1 0.0000e+0
      vertex 2.1823e+0 1.3778e+1 1.6670e+2
      vertex 1.4582e+0 1.3874e+1 0.0000e+0
    endloop
  endfacet
  facet normal -1.3053e-1 -9.9144e-1 0.0000e+0
    outer loop
      vertex 1.4582e+0 1.3874e+1 0.0000e+0
      vertex 2.1823e+0 1.3778e+1 1.6670e+2
      vertex 1.4582e+0 1.3874e+1 1.6670e+2
    endloop
  endfacet
  facet normal 1.3053e-1 9.9144e-1 0.0000e+0
    outer loop
      vertex 2.6516e+0 1.6741e+1 0.0000e+0
      vertex 1.7718e+0 1.6857e+1 0.0000e+0
      vertex 2.6516e+0 1.6741e+1 1.6670e+2
    endloop
  endfacet
  facet normal 1.3053e-1 9.9144e-1 0.0000e+0
    outer loop
      vertex 1.7718e+0 1.6857e+1 0.0000e+0
      vertex 1.7718e+0 1.6857e+1 1.6670e+2
      vertex 2.6516e+0 1.6741e+1 1.6670e+2
    endloop
  endfacet
  facet normal -9.2312e-2 -7.0118e-1 -7.0699e-1
    outer loop
      vertex 2.1823e+0 1.3778e+1 1.6670e+2
      vertex 8.9168e-1 5.6298e+0 1.7495e+2
      vertex 1.4582e+0 1.3874e+1 1.6670e+2
    endloop
  endfacet
  facet normal -9.2312e-2 -7.0118e-1 -7.0699e-1
    outer loop
      vertex 1.4582e+0 1.3874e+1 1.6670e+2
      vertex 8.9168e-1 5.6298e+0 1.7495e+2
      vertex 5.9581e-1 5.6688e+0 1.7495e+2
    endloop
  endfacet
  facet normal 9.2312e-2 7.0118e-1 7.0699e-1
    outer loop
      vertex 2.6516e+0 1.6741e+1 1.6670e+2
      vertex 1.7718e+0 1.6857e+1 1.6670e+2
      vertex 1.3610e+0 8.5929e+0 1.7495e+2
    endloop
  endfacet
  facet normal 9.2312e-2 7.0118e-1 7.0699e-1
    outer loop
      vertex 1.7718e+0 1.6857e+1 1.6670e+2
      vertex 9.0940e-1 8.6523e+0 1.7495e+2
      vertex 1.3610e+0 8.5929e+0 1.7495e+2
    endloop
  endfacet
  facet normal -1.2608e-1 -9.5768e-1 2.5874e-1
    outer loop
      vertex 8.9168e-1 5.6298e+0 1.7495e+2
      vertex 1.2593e+0 7.9509e+0 1.8372e+2
      vertex 5.9581e-1 5.6688e+0 1.7495e+2
    endloop
  endfacet
  facet normal -1.2608e-1 -9.5768e-1 2.5874e-1
    outer loop
      vertex 5.9581e-1 5.6688e+0 1.7495e+2
      vertex 1.2593e+0 7.9509e+0 1.8372e+2
      vertex 8.4145e-1 8.0059e+0 1.8372e+2
    endloop
  endfacet
  facet normal 1.2608e-1 9.5768e-1 -2.5874e-1
    outer loop
      vertex 1.3610e+0 8.5929e+0 1.7495e+2
      vertex 9.0940e-1 8.6523e+0 1.7495e+2
      vertex 1.7286e+0 1.0914e+1 1.8372e+2
    endloop
  endfacet
  facet normal 1.2608e-1 9.5768e-1 -2.5874e-1
    outer loop
      vertex 9.0940e-1 8.6523e+0 1.7495e+2
      vertex 1.1550e+0 1.0989e+1 1.8372e+2
      vertex 1.7286e+0 1.0914e+1 1.8372e+2
    endloop
  endfacet
  facet normal 0.0000e+0 0.0000e+0 -1.0000e+0
    outer loop
      vertex 2.1823e+0 1.3778e+1 0.0000e+0
      vertex 1.4582e+0 1.3874e+1 0.0000e+0
      vertex 2.6516e+0 1.6741e+1 0.0000e+0
    endloop
  endfacet
  facet normal 0.0000e+0 0.0000e+0 -1.0000e+0
    outer loop
      vertex 1.4582e+0 1.3874e+1 0.0000e+0
      vertex 1.7718e+0 1.6857e+1 0.0000e+0
      vertex 2.6516e+0 1.6741e+1 0.0000e+0
    endloop
  endfacet
  facet normal 0.0000e+0 0.0000e+0 1.0000e+0
    outer loop
      vertex 1.2593e+0 7.9509e+0 1.8372e+2
      vertex 1.7286e+0 1.0914e+1 1.8372e+2
      vertex 8.4145e-1 8.0059e+0 1.8372e+2
    endloop
  endfacet
  facet normal 0.0000e+0 0.0000e+0 1.0000e+0
    outer loop
      vertex 8.4145e-1 8.0059e+0 1.8372e+2
      vertex 1.7286e+0 1.0914e+1 1.8372e+2
      vertex 1.1550e+0 1.0989e+1 1.8372e+2
    endloop
  endfacet
  facet normal -7.8459e-2 -9.9692e-1 0.0000e+0
    outer loop
      vertex 1.4582e+0 1.3874e+1 0.0000e+0
      vertex 1.4582e+0 1.3874e+1 1.6670e+2
      vertex 7.3009e-1 1.3931e+1 0.0000e+0
    endloop
  endfacet
  facet normal -7.8459e-2 -9.9692e-1 0.0000e+0
    outer loop
      vertex 7.3009e-1 1.3931e+1 0.0000e+0
      vertex 1.4582e+0 1.3874e+1 1.6670e+2
      vertex 7.3009e-1 1.3931e+1 1.6670e+2
    endloop
  endfacet
  facet normal 7.8459e-2 9.9692e-1 0.0000e+0
    outer loop
      vertex 1.7718e+0 1.6857e+1 0.0000e+0
      vertex 8.8709e-1 1.6927e+1 0.0000e+0
      vertex 1.7718e+0 1.6857e+1 1.6670e+2
    endloop
  endfacet
  facet normal 7.8459e-2 9.9692e-1 0.0000e+0
    outer loop
      vertex 8.8709e-1 1.6927e+1 0.0000e+0
      vertex 8.8709e-1 1.6927e+1 1.6670e+2
      vertex 1.7718e+0 1.6857e+1 1.6670e+2
    endloop
  endfacet
  facet normal -5.5488e-2 -7.0505e-1 -7.0699e-1
    outer loop
      vertex 1.4582e+0 1.3874e+1 1.6670e+2
      vertex 5.9581e-1 5.6688e+0 1.7495e+2
      vertex 7.3009e-1 1.3931e+1 1.6670e+2
    endloop
  endfacet
  facet normal -5.5488e-2 -7.0505e-1 -7.0699e-1
    outer loop
      vertex 7.3009e-1 1.3931e+1 1.6670e+2
      vertex 5.9581e-1 5.6688e+0 1.7495e+2
      vertex 2.9831e-1 5.6922e+0 1.7495e+2
    endloop
  endfacet
  facet normal 5.5488e-2 7.0505e-1 7.0699e-1
    outer loop
      vertex 1.7718e+0 1.6857e+1 1.6670e+2
      vertex 8.8709e-1 1.6927e+1 1.6670e+2
      vertex 9.0940e-1 8.6523e+0 1.7495e+2
    endloop
  endfacet
  facet normal 5.5488e-2 7.0505e-1 7.0699e-1
    outer loop
      vertex 8.8709e-1 1.6927e+1 1.6670e+2
      vertex 4.5532e-1 8.6881e+0 1.7495e+2
      vertex 9.0940e-1 8.6523e+0 1.7495e+2
    endloop
  endfacet
  facet normal -7.5787e-2 -9.6297e-1 2.5874e-1
    outer loop
      vertex 5.9581e-1 5.6688e+0 1.7495e+2
      vertex 8.4145e-1 8.0059e+0 1.8372e+2
      vertex 2.9831e-1 5.6922e+0 1.7495e+2
    endloop
  endfacet
  facet normal -7.5787e-2 -9.6297e-1 2.5874e-1
    outer loop
      vertex 2.9831e-1 5.6922e+0 1.7495e+2
      vertex 8.4145e-1 8.0059e+0 1.8372e+2
      vertex 4.2130e-1 8.0390e+0 1.8372e+2
    endloop
  endfacet
  facet normal 7.5787e-2 9.6297e-1 -2.5874e-1
    outer loop
      vertex 9.0940e-1 8.6523e+0 1.7495e+2
      vertex 4.5532e-1 8.6881e+0 1.7495e+2
      vertex 1.1550e+0 1.0989e+1 1.8372e+2
    endloop
  endfacet
  facet normal 7.5787e-2 9.6297e-1 -2.5874e-1
    outer loop
      vertex 4.5532e-1 8.6881e+0 1.7495e+2
      vertex 5.7831e-1 1.1035e+1 1.8372e+2
      vertex 1.1550e+0 1.0989e+1 1.8372e+2
    endloop
  endfacet
  facet normal 0.0000e+0 0.0000e+0 -1.0000e+0
    outer loop
      vertex 1.4582e+0 1.3874e+1 0.0000e+0
      vertex 7.3009e-1 1.3931e+1 0.0000e+0
      vertex 1.7718e+0 1.6857e+1 0.0000e+0
    endloop
  endfacet
  facet normal 0.0000e+0 0.0000e+0 -1.0000e+0
    outer loop
      vertex 7.3009e-1 1.3931e+1 0.0000e+0
      vertex 8.8709e-1 1.6927e+1 0.0000e+0
      vertex 1.7718e+0 1.6857e+1 0.0000e+0
    endloop
  endfacet
  facet normal 0.0000e+0 0.0000e+0 1.0000e+0
    outer loop
      vertex 8.4145e-1 8.0059e+0 1.8372e+2
      vertex 1.1550e+0 1.0989e+1 1.8372e+2
      vertex 4.2130e-1 8.0390e+0 1.8372e+2
    endloop
  endfacet
  facet normal 0.0000e+0 0.0000e+0 1.0000e+0
    outer loop
      vertex 4.2130e-1 8.0390e+0 1.8372e+2
      vertex 1.1550e+0 1.0989e+1 1.8372e+2
      vertex 5.7831e-1 1.1035e+1 1.8372e+2
    endloop
  endfacet
  facet normal -2.6177e-2 -9.9966e-1 0.0000e+0
    outer loop
      vertex 7.3009e-1 1.3931e+1 0.0000e+0
      vertex 7.3009e-1 1.3931e+1 1.6670e+2
      vertex 8.5419e-16 1.3950e+1 0.0000e+0
    endloop
  endfacet
  facet normal -2.6177e-2 -9.9966e-1 0.0000e+0
    outer loop
      vertex 8.5419e-16 1.3950e+1 0.0000e+0
      vertex 7.3009e-1 1.3931e+1 1.6670e+2
      vertex 8.5419e-16 1.3950e+1 1.6670e+2
    endloop
  endfacet
  facet normal 2.6177e-2 9.9966e-1 0.0000e+0
    outer loop
      vertex 8.8709e-1 1.6927e+1 0.0000e+0
      vertex 1.0379e-15 1.6950e+1 0.0000e+0
      vertex 8.8709e-1 1.6927e+1 1.6670e+2
    endloop
  endfacet
  facet normal 2.6177e-2 9.9966e-1 0.0000e+0
    outer loop
      vertex 1.0379e-15 1.6950e+1 0.0000e+0
      vertex 1.0379e-15 1.6950e+1 1.6670e+2
      vertex 8.8709e-1 1.6927e+1 1.6670e+2
    endloop
  endfacet
  facet normal -1.8513e-2 -7.0699e-1 -7.0699e-1
    outer loop
      vertex 7.3009e-1 1.3931e+1 1.6670e+2
      vertex 2.9831e-1 5.6922e+0 1.7495e+2
      vertex 8.5419e-16 1.3950e+1 1.6670e+2
    endloop
  endfacet
  facet normal -1.8513e-2 -7.0699e-1 -7.0699e-1
    outer loop
      vertex 8.5419e-16 1.3950e+1 1.6670e+2
      vertex 2.9831e-1 5.6922e+0 1.7495e+2
      vertex 3.4902e-16 5.7000e+0 1.7495e+2
    endloop
  endfacet
  facet normal 1.8513e-2 7.0699e-1 7.0699e-1
    outer loop
      vertex 8.8709e-1 1.6927e+1 1.6670e+2
      vertex 1.0379e-15 1.6950e+1 1.6670e+2
      vertex 4.5532e-1 8.6881e+0 1.7495e+2
    endloop
  endfacet
  facet normal 1.8513e-2 7.0699e-1 7.0699e-1
    outer loop
      vertex 1.0379e-15 1.6950e+1 1.6670e+2
      vertex 5.3272e-16 8.7000e+0 1.7495e+2
      vertex 4.5532e-1 8.6881e+0 1.7495e+2
    endloop
  endfacet
  facet normal -2.5286e-2 -9.6562e-1 2.5874e-1
    outer loop
      vertex 2.9831e-1 5.6922e+0 1.7495e+2
      vertex 4.2130e-1 8.0390e+0 1.8372e+2
      vertex 3.4902e-16 5.7000e+0 1.7495e+2
    endloop
  endfacet
  facet normal -2.5286e-2 -9.6562e-1 2.5874e-1
    outer loop
      vertex 3.4902e-16 5.7000e+0 1.7495e+2
      vertex 4.2130e-1 8.0390e+0 1.8372e+2
      vertex 4.9292e-16 8.0500e+0 1.8372e+2
    endloop
  endfacet
  facet normal 2.5286e-2 9.6562e-1 -2.5874e-1
    outer loop
      vertex 4.5532e-1 8.6881e+0 1.7495e+2
      vertex 5.3272e-16 8.7000e+0 1.7495e+2
      vertex 5.7831e-1 1.1035e+1 1.8372e+2
    endloop
  endfacet
  facet normal 2.5286e-2 9.6562e-1 -2.5874e-1
    outer loop
      vertex 5.3272e-16 8.7000e+0 1.7495e+2
      vertex 6.7662e-16 1.1050e+1 1.8372e+2
      vertex 5.7831e-1 1.1035e+1 1.8372e+2
    endloop
  endfacet
  facet normal 0.0000e+0 0.0000e+0 -1.0000e+0
    outer loop
      vertex 7.3009e-1 1.3931e+1 0.0000e+0
      vertex 8.5419e-16 1.3950e+1 0.0000e+0
      vertex 8.8709e-1 1.6927e+1 0.0000e+0
    endloop
  endfacet
  facet normal 0.0000e+0 0.0000e+0 -1.0000e+0
    outer loop
      vertex 8.5419e-16 1.3950e+1 0.0000e+0
      vertex 1.0379e-15 1.6950e+1 0.0000e+0
      vertex 8.8709e-1 1.6927e+1 0.0000e+0
    endloop
  endfacet
  facet normal 0.0000e+0 0.0000e+0 1.0000e+0
    outer loop
      vertex 4.2130e-1 8.0390e+0 1.8372e+2
      vertex 5.7831e-1 1.1035e+1 1.8372e+2
      vertex 4.9292e-16 8.0500e+0 1.8372e+2
    endloop
  endfacet
  facet normal 0.0000e+0 0.0000e+0 1.0000e+0
    outer loop
      vertex 4.9292e-16 8.0500e+0 1.8372e+2
      vertex 5.7831e-1 1.1035e+1 1.8372e+2
      vertex 6.7662e-16 1.1050e+1 1.8372e+2
    endloop
  endfacet
  facet normal 2.6177e-2 -9.9966e-1 0.0000e+0
    outer loop
      vertex 8.5419e-16 1.3950e+1 0.0000e+0
      vertex 8.5419e-16 1.3950e+1 1.6670e+2
      vertex -7.3009e-1 1.3931e+1 0.0000e+0
    endloop
  endfacet
  facet normal 2.6177e-2 -9.9966e-1 0.0000e+0
    outer loop
      vertex -7.3009e-1 1.3931e+1 0.0000e+0
      vertex 8.5419e-16 1.3950e+1 1.6670e+2
      vertex -7.3009e-1 1.3931e+1 1.6670e+2
    endloop
  endfacet
  facet normal -2.6177e-2 9.9966e-1 0.0000e+0
    outer loop
      vertex 1.0379e-15 1.6950e+1 0.0000e+0
      vertex -8.8709e-1 1.6927e+1 0.0000e+0
      vertex 1.0379e-15 1.6950e+1 1.6670e+2
    endloop
  endfacet
  facet normal -2.6177e-2 9.9966e-1 0.0000e+0
    outer loop
      vertex -8.8709e-1 1.6927e+1 0.0000e+0
      vertex -8.8709e-1 1.6927e+1 1.6670e+2
      vertex 1.0379e-15 1.6950e+1 1.6670e+2
    endloop
  endfacet
  facet normal 1.8513e-2 -7.0699e-1 -7.0699e-1
    outer loop
      vertex 8.5419e-16 1.3950e+1 1.6670e+2
      vertex 3.4902e-16 5.7000e+0 1.7495e+2
      vertex -7.3009e-1 1.3931e+1 1.6670e+2
    endloop
  endfacet
  facet normal 1.8513e-2 -7.0699e-1 -7.0699e-1
    outer loop
      vertex -7.3009e-1 1.3931e+1 1.6670e+2
      vertex 3.4902e-16 5.7000e+0 1.7495e+2
      vertex -2.9831e-1 5.6922e+0 1.7495e+2
    endloop
  endfacet
  facet normal -1.8513e-2 7.0699e-1 7.0699e-1
    outer loop
      vertex 1.0379e-15 1.6950e+1 1.6670e+2
      vertex -8.8709e-1 1.6927e+1 1.6670e+2
      vertex 5.3272e-16 8.7000e+0 1.7495e+2
    endloop
  endfacet
  facet normal -1.8513e-2 7.0699e-1 7.0699e-1
    outer loop
      vertex -8.8709e-1 1.6927e+1 1.6670e+2
      vertex -4.5532e-1 8.6881e+0 1.7495e+2
      vertex 5.3272e-16 8.7000e+0 1.7495e+2
    endloop
  endfacet
  facet normal 2.5286e-2 -9.6562e-1 2.5874e-1
    outer loop
      vertex 3.4902e-16 5.7000e+0 1.7495e+2
      vertex 4.9292e-16 8.0500e+0 1.8372e+2
      vertex -2.9831e-1 5.6922e+0 1.7495e+2
    endloop
  endfacet
  facet normal 2.5286e-2 -9.6562e-1 2.5874e-1
    outer loop
      vertex -2.9831e-1 5.6922e+0 1.7495e+2
      vertex 4.9292e-16 8.0500e+0 1.8372e+2
      vertex -4.2130e-1 8.0390e+0 1.8372e+2
    endloop
  endfacet
  facet normal -2.5286e-2 9.6562e-1 -2.5874e-1
    outer loop
      vertex 5.3272e-16 8.7000e+0 1.7495e+2
      vertex -4.5532e-1 8.6881e+0 1.7495e+2
      vertex 6.7662e-16 1.1050e+1 1.8372e+2
    endloop
  endfacet
  facet normal -2.5286e-2 9.6562e-1 -2.5874e-1
    outer loop
      vertex -4.5532e-1 8.6881e+0 1.7495e+2
      vertex -5.7831e-1 1.1035e+1 1.8372e+2
      vertex 6.7662e-16 1.1050e+1 1.8372e+2
    endloop
  endfacet
  facet normal 0.0000e+0 0.0000e+0 -1.0000e+0
    outer loop
      vertex 8.5419e-16 1.3950e+1 0.0000e+0
      vertex -7.3009e-1 1.3931e+1 0.0000e+0
      vertex 1.0379e-15 1.6950e+1 0.0000e+0
    endloop
  endfacet
  facet normal 0.0000e+0 0.0000e+0 -1.0000e+0
    outer loop
      vertex -7.3009e-1 1.3931e+1 0.0000e+0
      vertex -8.8709e-1 1.6927e+1 0.0000e+0
      vertex 1.0379e-15 1.6950e+1 0.0000e+0
    endloop
  endfacet
  facet normal 0.0000e+0 0.0000e+0 1.0000e+0
    outer loop
      vertex 4.9292e-16 8.0500e+0 1.8372e+2
      vertex 6.7662e-16 1.1050e+1 1.8372e+2
      vertex -4.2130e-1 8.0390e+0 1.8372e+2
    endloop
  endfacet
  facet normal 0.0000e+0 0.0000e+0 1.0000e+0
    outer loop
      vertex -4.2130e-1 8.0390e+0 1.8372e+2
      vertex 6.7662e-16 1.1050e+1 1.8372e+2
      vertex -5.7831e-1 1.1035e+1 1.8372e+2
    endloop
  endfacet
  facet normal 7.8459e-2 -9.9692e-1 0.0000e+0
    outer loop
      vertex -7.3009e-1 1.3931e+1 0.0000e+0
      vertex -7.3009e-1 1.3931e+1 1.6670e+2
      vertex -1.4582e+0 1.3874e+1 0.0000e+0
    endloop
  endfacet
  facet normal 7.8459e-2 -9.9692e-1 0.0000e+0
    outer loop
      vertex -1.4582e+0 1.3874e+1 0.0000e+0
      vertex -7.3009e-1 1.3931e+1 1.6670e+2
      vertex -1.4582e+0 1.3874e+1 1.6670e+2
    endloop
  endfacet
  facet normal -7.8459e-2 9.9692e-1 0.0000e+0
    outer loop
      vertex -8.8709e-1 1.6927e+1 0.0000e+0
      vertex -1.7718e+0 1.6857e+1 0.0000e+0
      vertex -8.8709e-1 1.6927e+1 1.6670e+2
    endloop
  endfacet
  facet normal -7.8459e-2 9.9692e-1 0.0000e+0
    outer loop
      vertex -1.7718e+0 1.6857e+1 0.0000e+0
      vertex -1.7718e+0 1.6857e+1 1.6670e+2
      vertex -8.8709e-1 1.6927e+1 1.6670e+2
    endloop
  endfacet
  facet normal 5.5488e-2 -7.0505e-1 -7.0699e-1
    outer loop
      vertex -7.3009e-1 1.3931e+1 1.6670e+2
      vertex -2.9831e-1 5.6922e+0 1.7495e+2
      vertex -1.4582e+0 1.3874e+1 1.6670e+2
    endloop
  endfacet
  facet normal 5.5488e-2 -7.0505e-1 -7.0699e-1
    outer loop
      vertex -1.4582e+0 1.3874e+1 1.6670e+2
      vertex -2.9831e-1 5.6922e+0 1.7495e+2
      vertex -5.9581e-1 5.6688e+0 1.7495e+2
    endloop
  endfacet
  facet normal -5.5488e-2 7.0505e-1 7.0699e-1
    outer loop
      vertex -8.8709e-1 1.6927e+1 1.6670e+2
      vertex -1.7718e+0 1.6857e+1 1.6670e+2
      vertex -4.5532e-1 8.6881e+0 1.7495e+2
    endloop
  endfacet
  facet normal -5.5488e-2 7.0505e-1 7.0699e-1
    outer loop
      vertex -1.7718e+0 1.6857e+1 1.6670e+2
      vertex -9.0940e-1 8.6523e+0 1.7495e+2
      vertex -4.5532e-1 8.6881e+0 1.7495e+2
    endloop
  endfacet
  facet normal 7.5787e-2 -9.6297e-1 2.5874e-1
    outer loop
      vertex -2.9831e-1 5.6922e+0 1.7495e+2
      vertex -4.2130e-1 8.0390e+0 1.8372e+2
      vertex -5.9581e-1 5.6688e+0 1.7495e+2
    endloop
  endfacet
  facet normal 7.5787e-2 -9.6297e-1 2.5874e-1
    outer loop
      vertex -5.9581e-1 5.6688e+0 1.7495e+2
      vertex -4.2130e-1 8.0390e+0 1.8372e+2
      vertex -8.4145e-1 8.0059e+0 1.8372e+2
    endloop
  endfacet
  facet normal -7.5787e-2 9.6297e-1 -2.5874e-1
    outer loop
      vertex -4.5532e-1 8.6881e+0 1.7495e+2
      vertex -9.0940e-1 8.6523e+0 1.7495e+2
      vertex -5.7831e-1 1.1035e+1 1.8372e+2
    endloop
  endfacet
  facet normal -7.5787e-2 9.6297e-1 -2.5874e-1
    outer loop
      vertex -9.0940e-1 8.6523e+0 1.7495e+2
      vertex -1.1550e+0 1.0989e+1 1.8372e+2
      vertex -5.7831e-1 1.1035e+1 1.8372e+2
    endloop
  endfacet
  facet normal 0.0000e+0 0.0000e+0 -1.0000e+0
    outer loop
      vertex -7.3009e-1 1.3931e+1 0.0000e+0
      vertex -1.4582e+0 1.3874e+1 0.0000e+0
      vertex -8.8709e-1 1.6927e+1 0.0000e+0
    endloop
  endfacet
  facet normal 0.0000e+0 0.0000e+0 -1.0000e+0
    outer loop
      vertex -1.4582e+0 1.3874e+1 0.0000e+0
      vertex -1.7718e+0 1.6857e+1 0.0000e+0
      vertex -8.8709e-1 1.6927e+1 0.0000e+0
    endloop
  endfacet
  facet normal 0.0000e+0 0.0000e+0 1.0000e+0
    outer loop
      vertex -4.2130e-1 8.0390e+0 1.8372e+2
      vertex -5.7831e-1 1.1035e+1 1.8372e+2
      vertex -8.4145e-1 8.0059e+0 1.8372e+2
    endloop
  endfacet
  facet normal 0.0000e+0 0.0000e+0 1.0000e+0
    outer loop
      vertex -8.4145e-1 8.0059e+0 1.8372e+2
      vertex -5.7831e-1 1.1035e+1 1.8372e+2
      vertex -1.1550e+0 1.0989e+1 1.8372e+2
    endloop
  endfacet
  facet normal 1.3053e-1 -9.9144e-1 0.0000e+0
    outer loop
      vertex -1.4582e+0 1.3874e+1 0.0000e+0
      vertex -1.4582e+0 1.3874e+1 1.6670e+2
      vertex -2.1823e+0 1.3778e+1 0.0000e+0
    endloop
  endfacet
  facet normal 1.3053e-1 -9.9144e-1 0.0000e+0
    outer loop
      vertex -2.1823e+0 1.3778e+1 0.0000e+0
      vertex -1.4582e+0 1.3874e+1 1.6670e+2
      vertex -2.1823e+0 1.3778e+1 1.6670e+2
    endloop
  endfacet
  facet normal -1.3053e-1 9.9144e-1 0.0000e+0
    outer loop
      vertex -1.7718e+0 1.6857e+1 0.0000e+0
      vertex -2.6516e+0 1.6741e+1 0.0000e+0
      vertex -1.7718e+0 1.6857e+1 1.6670e+2
    endloop
  endfacet
  facet normal -1.3053e-1 9.9144e-1 0.0000e+0
    outer loop
      vertex -2.6516e+0 1.6741e+1 0.0000e+0
      vertex -2.6516e+0 1.6741e+1 1.6670e+2
      vertex -1.7718e+0 1.6857e+1 1.6670e+2
    endloop
  endfacet
  facet normal 9.2312e-2 -7.0118e-1 -7.0699e-1
    outer loop
      vertex -1.4582e+0 1.3874e+1 1.6670e+2
      vertex -5.9581e-1 5.6688e+0 1.7495e+2
      vertex -2.1823e+0 1.3778e+1 1.6670e+2
    endloop
  endfacet
  facet normal 9.2312e-2 -7.0118e-1 -7.0699e-1
    outer loop
      vertex -2.1823e+0 1.3778e+1 1.6670e+2
      vertex -5.9581e-1 5.6688e+0 1.7495e+2
      vertex -8.9168e-1 5.6298e+0 1.7495e+2
    endloop
  endfacet
  facet normal -9.2312e-2 7.0118e-1 7.0699e-1
    outer loop
      vertex -1.7718e+0 1.6857e+1 1.6670e+2
      vertex -2.6516e+0 1.6741e+1 1.6670e+2
      vertex -9.0940e-1 8.6523e+0 1.7495e+2
    endloop
  endfacet
  facet normal -9.2312e-2 7.0118e-1 7.0699e-1
    outer loop
      vertex -2.6516e+0 1.6741e+1 1.6670e+2
      vertex -1.3610e+0 8.5929e+0 1.7495e+2
      vertex -9.0940e-1 8.6523e+0 1.7495e+2
    endloop
  endfacet
  facet normal 1.2608e-1 -9.5768e-1 2.5874e-1
    outer loop
      vertex -5.9581e-1 5.6688e+0 1.7495e+2
      vertex -8.4145e-1 8.0059e+0 1.8372e+2
      vertex -8.9168e-1 5.6298e+0 1.7495e+2
    endloop
  endfacet
  facet normal 1.2608e-1 -9.5768e-1 2.5874e-1
    outer loop
      vertex -8.9168e-1 5.6298e+0 1.7495e+2
      vertex -8.4145e-1 8.0059e+0 1.8372e+2
      vertex -1.2593e+0 7.9509e+0 1.8372e+2
    endloop
  endfacet
  facet normal -1.2608e-1 9.5768e-1 -2.5874e-1
    outer loop
      vertex -9.0940e-1 8.6523e+0 1.7495e+2
      vertex -1.3610e+0 8.5929e+0 1.7495e+2
      vertex -1.1550e+0 1.0989e+1 1.8372e+2
    endloop
  endfacet
  facet normal -1.2608e-1 9.5768e-1 -2.5874e-1
    outer loop
      vertex -1.3610e+0 8.5929e+0 1.7495e+2
      vertex -1.7286e+0 1.0914e+1 1.8372e+2
      vertex -1.1550e+0 1.0989e+1 1.8372e+2
    endloop
  endfacet
  facet normal 0.0000e+0 0.0000e+0 -1.0000e+0
    outer loop
      vertex -1.4582e+0 1.3874e+1 0.0000e+0
      vertex -2.1823e+0 1.3778e+1 0.0000e+0
      vertex -1.7718e+0 1.6857e+1 0.0000e+0
    endloop
  endfacet
  facet normal 0.0000e+0 0.0000e+0 -1.0000e+0
    outer loop
      vertex -2.1823e+0 1.3778e+1 0.0000e+0
      vertex -2.6516e+0 1.6741e+1 0.0000e+0
      vertex -1.7718e+0 1.6857e+1 0.0000e+0
    endloop
  endfacet
  facet normal 0.0000e+0 0.0000e+0 1.0000e+0
    outer loop
      vertex -8.4145e-1 8.0059e+0 1.8372e+2
      vertex -1.1550e+0 1.0989e+1 1.8372e+2
      vertex -1.2593e+0 7.9509e+0 1.8372e+2
    endloop
  endfacet
  facet normal 0.0000e+0 0.0000e+0 1.0000e+0
    outer loop
      vertex -1.2593e+0 7.9509e+0 1.8372e+2
      vertex -1.1550e+0 1.0989e+1 1.8372e+2
      vertex -1.7286e+0 1.0914e+1 1.8372e+2
    endloop
  endfacet
  facet normal 1.8224e-1 -9.8325e-1 0.0000e+0
    outer loop
      vertex -2.1823e+0 1.3778e+1 0.0000e+0
      vertex -2.1823e+0 1.3778e+1 1.6670e+2
      vertex -2.9004e+0 1.3645e+1 0.0000e+0
    endloop
  endfacet
  facet normal 1.8224e-1 -9.8325e-1 0.0000e+0
    outer loop
      vertex -2.9004e+0 1.3645e+1 0.0000e+0
      vertex -2.1823e+0 1.3778e+1 1.6670e+2
      vertex -2.9004e+0 1.3645e+1 1.6670e+2
    endloop
  endfacet
  facet normal -1.8224e-1 9.8325e-1 0.0000e+0
    outer loop
      vertex -2.6516e+0 1.6741e+1 0.0000e+0
      vertex -3.5241e+0 1.6580e+1 0.0000e+0
      vertex -2.6516e+0 1.6741e+1 1.6670e+2
    endloop
  endfacet
  facet normal -1.8224e-1 9.8325e-1 0.0000e+0
    outer loop
      vertex -3.5241e+0 1.6580e+1 0.0000e+0
      vertex -3.5241e+0 1.6580e+1 1.6670e+2
      vertex -2.6516e+0 1.6741e+1 1.6670e+2
    endloop
  endfacet
  facet normal 1.2888e-1 -6.9539e-1 -7.0699e-1
    outer loop
      vertex -2.1823e+0 1.3778e+1 1.6670e+2
      vertex -8.9168e-1 5.6298e+0 1.7495e+2
      vertex -2.9004e+0 1.3645e+1 1.6670e+2
    endloop
  endfacet
  facet normal 1.2888e-1 -6.9539e-1 -7.0699e-1
    outer loop
      vertex -2.9004e+0 1.3645e+1 1.6670e+2
      vertex -8.9168e-1 5.6298e+0 1.7495e+2
      vertex -1.1851e+0 5.5754e+0 1.7495e+2
    endloop
  endfacet
  facet normal -1.2888e-1 6.9539e-1 7.0699e-1
    outer loop
      vertex -2.6516e+0 1.6741e+1 1.6670e+2
      vertex -3.5241e+0 1.6580e+1 1.6670e+2
      vertex -1.3610e+0 8.5929e+0 1.7495e+2
    endloop
  endfacet
  facet normal -1.2888e-1 6.9539e-1 7.0699e-1
    outer loop
      vertex -3.5241e+0 1.6580e+1 1.6670e+2
      vertex -1.8088e+0 8.5099e+0 1.7495e+2
      vertex -1.3610e+0 8.5929e+0 1.7495e+2
    endloop
  endfacet
  facet normal 1.7603e-1 -9.4977e-1 2.5874e-1
    outer loop
      vertex -8.9168e-1 5.6298e+0 1.7495e+2
      vertex -1.2593e+0 7.9509e+0 1.8372e+2
      vertex -1.1851e+0 5.5754e+0 1.7495e+2
    endloop
  endfacet
  facet normal 1.7603e-1 -9.4977e-1 2.5874e-1
    outer loop
      vertex -1.1851e+0 5.5754e+0 1.7495e+2
      vertex -1.2593e+0 7.9509e+0 1.8372e+2
      vertex -1.6737e+0 7.8741e+0 1.8372e+2
    endloop
  endfacet
  facet normal -1.7603e-1 9.4977e-1 -2.5874e-1
    outer loop
      vertex -1.3610e+0 8.5929e+0 1.7495e+2
      vertex -1.8088e+0 8.5099e+0 1.7495e+2
      vertex -1.7286e+0 1.0914e+1 1.8372e+2
    endloop
  endfacet
  facet normal -1.7603e-1 9.4977e-1 -2.5874e-1
    outer loop
      vertex -1.8088e+0 8.5099e+0 1.7495e+2
      vertex -2.2974e+0 1.0809e+1 1.8372e+2
      vertex -1.7286e+0 1.0914e+1 1.8372e+2
    endloop
  endfacet
  facet normal 0.0000e+0 0.0000e+0 -1.0000e+0
    outer loop
      vertex -2.1823e+0 1.3778e+1 0.0000e+0
      vertex -2.9004e+0 1.3645e+1 0.0000e+0
      vertex -2.6516e+0 1.6741e+1 0.0000e+0
    endloop
  endfacet
  facet normal 0.0000e+0 0.0000e+0 -1.0000e+0
    outer loop
      vertex -2.9004e+0 1.3645e+1 0.0000e+0
      vertex -3.5241e+0 1.6580e+1 0.0000e+0
      vertex -2.6516e+0 1.6741e+1 0.0000e+0
    endloop
  endfacet
  facet normal 0.0000e+0 0.0000e+0 1.0000e+0
    outer loop
      vertex -1.2593e+0 7.9509e+0 1.8372e+2
      vertex -1.7286e+0 1.0914e+1 1.8372e+2
      vertex -1.6737e+0 7.8741e+0 1.8372e+2
    endloop
  endfacet
  facet normal 0.0000e+0 0.0000e+0 1.0000e+0
    outer loop
      vertex -1.6737e+0 7.8741e+0 1.8372e+2
      vertex -1.7286e+0 1.0914e+1 1.8372e+2
      vertex -2.2974e+0 1.0809e+1 1.8372e+2
    endloop
  endfacet
  facet normal 2.3345e-1 -9.7237e-1 0.0000e+0
    outer loop
      vertex -2.9004e+0 1.3645e+1 0.0000e+0
      vertex -2.9004e+0 1.3645e+1 1.6670e+2
      vertex -3.6105e+0 1.3475e+1 0.0000e+0
    endloop
  endfacet
  facet normal 2.3345e-1 -9.7237e-1 0.0000e+0
    outer loop
      vertex -3.6105e+0 1.3475e+1 0.0000e+0
      vertex -2.9004e+0 1.3645e+1 1.6670e+2
      vertex -3.6105e+0 1.3475e+1 1.6670e+2
    endloop
  endfacet
  facet normal -2.3345e-1 9.7237e-1 0.0000e+0
    outer loop
      vertex -3.5241e+0 1.6580e+1 0.0000e+0
      vertex -4.3870e+0 1.6372e+1 0.0000e+0
      vertex -3.5241e+0 1.6580e+1 1.6670e+2
    endloop
  endfacet
  facet normal -2.3345e-1 9.7237e-1 0.0000e+0
    outer loop
      vertex -4.3870e+0 1.6372e+1 0.0000e+0
      vertex -4.3870e+0 1.6372e+1 1.6670e+2
      vertex -3.5241e+0 1.6580e+1 1.6670e+2
    endloop
  endfacet
  facet normal 1.6510e-1 -6.8769e-1 -7.0699e-1
    outer loop
      vertex -2.9004e+0 1.3645e+1 1.6670e+2
      vertex -1.1851e+0 5.5754e+0 1.7495e+2
      vertex -3.6105e+0 1.3475e+1 1.6670e+2
    endloop
  endfacet
  facet normal 1.6510e-1 -6.8769e-1 -7.0699e-1
    outer loop
      vertex -3.6105e+0 1.3475e+1 1.6670e+2
      vertex -1.1851e+0 5.5754e+0 1.7495e+2
      vertex -1.4753e+0 5.5058e+0 1.7495e+2
    endloop
  endfacet
  facet normal -1.6510e-1 6.8769e-1 7.0699e-1
    outer loop
      vertex -3.5241e+0 1.6580e+1 1.6670e+2
      vertex -4.3870e+0 1.6372e+1 1.6670e+2
      vertex -1.8088e+0 8.5099e+0 1.7495e+2
    endloop
  endfacet
  facet normal -1.6510e-1 6.8769e-1 7.0699e-1
    outer loop
      vertex -4.3870e+0 1.6372e+1 1.6670e+2
      vertex -2.2517e+0 8.4036e+0 1.7495e+2
      vertex -1.8088e+0 8.5099e+0 1.7495e+2
    endloop
  endfacet
  facet normal 2.2550e-1 -9.3926e-1 2.5874e-1
    outer loop
      vertex -1.1851e+0 5.5754e+0 1.7495e+2
      vertex -1.6737e+0 7.8741e+0 1.8372e+2
      vertex -1.4753e+0 5.5058e+0 1.7495e+2
    endloop
  endfacet
  facet normal 2.2550e-1 -9.3926e-1 2.5874e-1
    outer loop
      vertex -1.4753e+0 5.5058e+0 1.7495e+2
      vertex -1.6737e+0 7.8741e+0 1.8372e+2
      vertex -2.0835e+0 7.7757e+0 1.8372e+2
    endloop
  endfacet
  facet normal -2.2550e-1 9.3926e-1 -2.5874e-1
    outer loop
      vertex -1.8088e+0 8.5099e+0 1.7495e+2
      vertex -2.2517e+0 8.4036e+0 1.7495e+2
      vertex -2.2974e+0 1.0809e+1 1.8372e+2
    endloop
  endfacet
  facet normal -2.2550e-1 9.3926e-1 -2.5874e-1
    outer loop
      vertex -2.2517e+0 8.4036e+0 1.7495e+2
      vertex -2.8600e+0 1.0673e+1 1.8372e+2
      vertex -2.2974e+0 1.0809e+1 1.8372e+2
    endloop
  endfacet
  facet normal 0.0000e+0 0.0000e+0 -1.0000e+0
    outer loop
      vertex -2.9004e+0 1.3645e+1 0.0000e+0
      vertex -3.6105e+0 1.3475e+1 0.0000e+0
      vertex -3.5241e+0 1.6580e+1 0.0000e+0
    endloop
  endfacet
  facet normal 0.0000e+0 0.0000e+0 -1.0000e+0
    outer loop
      vertex -3.6105e+0 1.3475e+1 0.0000e+0
      vertex -4.3870e+0 1.6372e+1 0.0000e+0
      vertex -3.5241e+0 1.6580e+1 0.0000e+0
    endloop
  endfacet
  facet normal 0.0000e+0 0.0000e+0 1.0000e+0
    outer loop
      vertex -1.6737e+0 7.8741e+0 1.8372e+2
      vertex -2.2974e+0 1.0809e+1 1.8372e+2
      vertex -2.0835e+0 7.7757e+0 1.8372e+2
    endloop
  endfacet
  facet normal 0.0000e+0 0.0000e+0 1.0000e+0
    outer loop
      vertex -2.0835e+0 7.7757e+0 1.8372e+2
      vertex -2.2974e+0 1.0809e+1 1.8372e+2
      vertex -2.8600e+0 1.0673e+1 1.8372e+2
    endloop
  endfacet
  facet normal 2.8402e-1 -9.5882e-1 0.0000e+0
    outer loop
      vertex -3.6105e+0 1.3475e+1 0.0000e+0
      vertex -3.6105e+0 1.3475e+1 1.6670e+2
      vertex -4.3108e+0 1.3267e+1 0.0000e+0
    endloop
  endfacet
  facet normal 2.8402e-1 -9.5882e-1 0.0000e+0
    outer loop
      vertex -4.3108e+0 1.3267e+1 0.0000e+0
      vertex -3.6105e+0 1.3475e+1 1.6670e+2
      vertex -4.3108e+0 1.3267e+1 1.6670e+2
    endloop
  endfacet
  facet normal -2.8402e-1 9.5882e-1 0.0000e+0
    outer loop
      vertex -4.3870e+0 1.6372e+1 0.0000e+0
      vertex -5.2378e+0 1.6120e+1 0.0000e+0
      vertex -4.3870e+0 1.6372e+1 1.6670e+2
    endloop
  endfacet
  facet normal -2.8402e-1 9.5882e-1 0.0000e+0
    outer loop
      vertex -5.2378e+0 1.6120e+1 0.0000e+0
      vertex -5.2378e+0 1.6120e+1 1.6670e+2
      vertex -4.3870e+0 1.6372e+1 1.6670e+2
    endloop
  endfacet
  facet normal 2.0086e-1 -6.7810e-1 -7.0699e-1
    outer loop
      vertex -3.6105e+0 1.3475e+1 1.6670e+2
      vertex -1.4753e+0 5.5058e+0 1.7495e+2
      vertex -4.3108e+0 1.3267e+1 1.6670e+2
    endloop
  endfacet
  facet normal 2.0086e-1 -6.7810e-1 -7.0699e-1
    outer loop
      vertex -4.3108e+0 1.3267e+1 1.6670e+2
      vertex -1.4753e+0 5.5058e+0 1.7495e+2
      vertex -1.7614e+0 5.4210e+0 1.7495e+2
    endloop
  endfacet
  facet normal -2.0086e-1 6.7810e-1 7.0699e-1
    outer loop
      vertex -4.3870e+0 1.6372e+1 1.6670e+2
      vertex -5.2378e+0 1.6120e+1 1.6670e+2
      vertex -2.2517e+0 8.4036e+0 1.7495e+2
    endloop
  endfacet
  facet normal -2.0086e-1 6.7810e-1 7.0699e-1
    outer loop
      vertex -5.2378e+0 1.6120e+1 1.6670e+2
      vertex -2.6884e+0 8.2742e+0 1.7495e+2
      vertex -2.2517e+0 8.4036e+0 1.7495e+2
    endloop
  endfacet
  facet normal 2.7434e-1 -9.2617e-1 2.5874e-1
    outer loop
      vertex -1.4753e+0 5.5058e+0 1.7495e+2
      vertex -2.0835e+0 7.7757e+0 1.8372e+2
      vertex -1.7614e+0 5.4210e+0 1.7495e+2
    endloop
  endfacet
  facet normal 2.7434e-1 -9.2617e-1 2.5874e-1
    outer loop
      vertex -1.7614e+0 5.4210e+0 1.7495e+2
      vertex -2.0835e+0 7.7757e+0 1.8372e+2
      vertex -2.4876e+0 7.6560e+0 1.8372e+2
    endloop
  endfacet
  facet normal -2.7434e-1 9.2617e-1 -2.5874e-1
    outer loop
      vertex -2.2517e+0 8.4036e+0 1.7495e+2
      vertex -2.6884e+0 8.2742e+0 1.7495e+2
      vertex -2.8600e+0 1.0673e+1 1.8372e+2
    endloop
  endfacet
  facet normal -2.7434e-1 9.2617e-1 -2.5874e-1
    outer loop
      vertex -2.6884e+0 8.2742e+0 1.7495e+2
      vertex -3.4146e+0 1.0509e+1 1.8372e+2
      vertex -2.8600e+0 1.0673e+1 1.8372e+2
    endloop
  endfacet
  facet normal 0.0000e+0 0.0000e+0 -1.0000e+0
    outer loop
      vertex -3.6105e+0 1.3475e+1 0.0000e+0
      vertex -4.3108e+0 1.3267e+1 0.0000e+0
      vertex -4.3870e+0 1.6372e+1 0.0000e+0
    endloop
  endfacet
  facet normal 0.0000e+0 0.0000e+0 -1.0000e+0
    outer loop
      vertex -4.3108e+0 1.3267e+1 0.0000e+0
      vertex -5.2378e+0 1.6120e+1 0.0000e+0
      vertex -4.3870e+0 1.6372e+1 0.0000e+0
    endloop
  endfacet
  facet normal 0.0000e+0 0.0000e+0 1.0000e+0
    outer loop
      vertex -2.0835e+0 7.7757e+0 1.8372e+2
      vertex -2.8600e+0 1.0673e+1 1.8372e+2
      vertex -2.4876e+0 7.6560e+0 1.8372e+2
    endloop
  endfacet
  facet normal 0.0000e+0 0.0000e+0 1.0000e+0
    outer loop
      vertex -2.4876e+0 7.6560e+0 1.8372e+2
      vertex -2.8600e+0 1.0673e+1 1.8372e+2
      vertex -3.4146e+0 1.0509e+1 1.8372e+2
    endloop
  endfacet
  facet normal 3.3381e-1 -9.4264e-1 0.0000e+0
    outer loop
      vertex -4.3108e+0 1.3267e+1 0.0000e+0
      vertex -4.3108e+0 1.3267e+1 1.6670e+2
      vertex -4.9992e+0 1.3023e+1 0.0000e+0
    endloop
  endfacet
  facet normal 3.3381e-1 -9.4264e-1 0.0000e+0
    outer loop
      vertex -4.9992e+0 1.3023e+1 0.0000e+0
      vertex -4.3108e+0 1.3267e+1 1.6670e+2
      vertex -4.9992e+0 1.3023e+1 1.6670e+2
    endloop
  endfacet
  facet normal -3.3381e-1 9.4264e-1 0.0000e+0
    outer loop
      vertex -5.2378e+0 1.6120e+1 0.0000e+0
      vertex -6.0743e+0 1.5824e+1 0.0000e+0
      vertex -5.2378e+0 1.6120e+1 1.6670e+2
    endloop
  endfacet
  facet normal -3.3381e-1 9.4264e-1 0.0000e+0
    outer loop
      vertex -6.0743e+0 1.5824e+1 0.0000e+0
      vertex -6.0743e+0 1.5824e+1 1.6670e+2
      vertex -5.2378e+0 1.6120e+1 1.6670e+2
    endloop
  endfacet
  facet normal 2.3608e-1 -6.6666e-1 -7.0699e-1
    outer loop
      vertex -4.3108e+0 1.3267e+1 1.6670e+2
      vertex -1.7614e+0 5.4210e+0 1.7495e+2
      vertex -4.9992e+0 1.3023e+1 1.6670e+2
    endloop
  endfacet
  facet normal 2.3608e-1 -6.6666e-1 -7.0699e-1
    outer loop
      vertex -4.9992e+0 1.3023e+1 1.6670e+2
      vertex -1.7614e+0 5.4210e+0 1.7495e+2
      vertex -2.0427e+0 5.3214e+0 1.7495e+2
    endloop
  endfacet
  facet normal -2.3608e-1 6.6666e-1 7.0699e-1
    outer loop
      vertex -5.2378e+0 1.6120e+1 1.6670e+2
      vertex -6.0743e+0 1.5824e+1 1.6670e+2
      vertex -2.6884e+0 8.2742e+0 1.7495e+2
    endloop
  endfacet
  facet normal -2.3608e-1 6.6666e-1 7.0699e-1
    outer loop
      vertex -6.0743e+0 1.5824e+1 1.6670e+2
      vertex -3.1178e+0 8.1221e+0 1.7495e+2
      vertex -2.6884e+0 8.2742e+0 1.7495e+2
    endloop
  endfacet
  facet normal 3.2244e-1 -9.1054e-1 2.5874e-1
    outer loop
      vertex -1.7614e+0 5.4210e+0 1.7495e+2
      vertex -2.4876e+0 7.6560e+0 1.8372e+2
      vertex -2.0427e+0 5.3214e+0 1.7495e+2
    endloop
  endfacet
  facet normal 3.2244e-1 -9.1054e-1 2.5874e-1
    outer loop
      vertex -2.0427e+0 5.3214e+0 1.7495e+2
      vertex -2.4876e+0 7.6560e+0 1.8372e+2
      vertex -2.8849e+0 7.5153e+0 1.8372e+2
    endloop
  endfacet
  facet normal -3.2244e-1 9.1054e-1 -2.5874e-1
    outer loop
      vertex -2.6884e+0 8.2742e+0 1.7495e+2
      vertex -3.1178e+0 8.1221e+0 1.7495e+2
      vertex -3.4146e+0 1.0509e+1 1.8372e+2
    endloop
  endfacet
  facet normal -3.2244e-1 9.1054e-1 -2.5874e-1
    outer loop
      vertex -3.1178e+0 8.1221e+0 1.7495e+2
      vertex -3.9600e+0 1.0316e+1 1.8372e+2
      vertex -3.4146e+0 1.0509e+1 1.8372e+2
    endloop
  endfacet
  facet normal 0.0000e+0 0.0000e+0 -1.0000e+0
    outer loop
      vertex -4.3108e+0 1.3267e+1 0.0000e+0
      vertex -4.9992e+0 1.3023e+1 0.0000e+0
      vertex -5.2378e+0 1.6120e+1 0.0000e+0
    endloop
  endfacet
  facet normal 0.0000e+0 0.0000e+0 -1.0000e+0
    outer loop
      vertex -4.9992e+0 1.3023e+1 0.0000e+0
      vertex -6.0743e+0 1.5824e+1 0.0000e+0
      vertex -5.2378e+0 1.6120e+1 0.0000e+0
    endloop
  endfacet
  facet normal 0.0000e+0 0.0000e+0 1.0000e+0
    outer loop
      vertex -2.4876e+0 7.6560e+0 1.8372e+2
      vertex -3.4146e+0 1.0509e+1 1.8372e+2
      vertex -2.8849e+0 7.5153e+0 1.8372e+2
    endloop
  endfacet
  facet normal 0.0000e+0 0.0000e+0 1.0000e+0
    outer loop
      vertex -2.8849e+0 7.5153e+0 1.8372e+2
      vertex -3.4146e+0 1.0509e+1 1.8372e+2
      vertex -3.9600e+0 1.0316e+1 1.8372e+2
    endloop
  endfacet
  facet normal 3.8268e-1 -9.2388e-1 0.0000e+0
    outer loop
      vertex -4.9992e+0 1.3023e+1 0.0000e+0
      vertex -4.9992e+0 1.3023e+1 1.6670e+2
      vertex -5.6740e+0 1.2744e+1 0.0000e+0
    endloop
  endfacet
  facet normal 3.8268e-1 -9.2388e-1 0.0000e+0
    outer loop
      vertex -5.6740e+0 1.2744e+1 0.0000e+0
      vertex -4.9992e+0 1.3023e+1 1.6670e+2
      vertex -5.6740e+0 1.2744e+1 1.6670e+2
    endloop
  endfacet
  facet normal -3.8268e-1 9.2388e-1 0.0000e+0
    outer loop
      vertex -6.0743e+0 1.5824e+1 0.0000e+0
      vertex -6.8942e+0 1.5485e+1 0.0000e+0
      vertex -6.0743e+0 1.5824e+1 1.6670e+2
    endloop
  endfacet
  facet normal -3.8268e-1 9.2388e-1 0.0000e+0
    outer loop
      vertex -6.8942e+0 1.5485e+1 0.0000e+0
      vertex -6.8942e+0 1.5485e+1 1.6670e+2
      vertex -6.0743e+0 1.5824e+1 1.6670e+2
    endloop
  endfacet
  facet normal 2.7064e-1 -6.5339e-1 -7.0699e-1
    outer loop
      vertex -4.9992e+0 1.3023e+1 1.6670e+2
      vertex -2.0427e+0 5.3214e+0 1.7495e+2
      vertex -5.6740e+0 1.2744e+1 1.6670e+2
    endloop
  endfacet
  facet normal 2.7064e-1 -6.5339e-1 -7.0699e-1
    outer loop
      vertex -5.6740e+0 1.2744e+1 1.6670e+2
      vertex -2.0427e+0 5.3214e+0 1.7495e+2
      vertex -2.3184e+0 5.2072e+0 1.7495e+2
    endloop
  endfacet
  facet normal -2.7064e-1 6.5339e-1 7.0699e-1
    outer loop
      vertex -6.0743e+0 1.5824e+1 1.6670e+2
      vertex -6.8942e+0 1.5485e+1 1.6670e+2
      vertex -3.1178e+0 8.1221e+0 1.7495e+2
    endloop
  endfacet
  facet normal -2.7064e-1 6.5339e-1 7.0699e-1
    outer loop
      vertex -6.8942e+0 1.5485e+1 1.6670e+2
      vertex -3.5386e+0 7.9478e+0 1.7495e+2
      vertex -3.1178e+0 8.1221e+0 1.7495e+2
    endloop
  endfacet
  facet normal 3.6965e-1 -8.9242e-1 2.5874e-1
    outer loop
      vertex -2.0427e+0 5.3214e+0 1.7495e+2
      vertex -2.8849e+0 7.5153e+0 1.8372e+2
      vertex -2.3184e+0 5.2072e+0 1.7495e+2
    endloop
  endfacet
  facet normal 3.6965e-1 -8.9242e-1 2.5874e-1
    outer loop
      vertex -2.3184e+0 5.2072e+0 1.7495e+2
      vertex -2.8849e+0 7.5153e+0 1.8372e+2
      vertex -3.2742e+0 7.3540e+0 1.8372e+2
    endloop
  endfacet
  facet normal -3.6965e-1 8.9242e-1 -2.5874e-1
    outer loop
      vertex -3.1178e+0 8.1221e+0 1.7495e+2
      vertex -3.5386e+0 7.9478e+0 1.7495e+2
      vertex -3.9600e+0 1.0316e+1 1.8372e+2
    endloop
  endfacet
  facet normal -3.6965e-1 8.9242e-1 -2.5874e-1
    outer loop
      vertex -3.5386e+0 7.9478e+0 1.7495e+2
      vertex -4.4944e+0 1.0095e+1 1.8372e+2
      vertex -3.9600e+0 1.0316e+1 1.8372e+2
    endloop
  endfacet
  facet normal 0.0000e+0 0.0000e+0 -1.0000e+0
    outer loop
      vertex -4.9992e+0 1.3023e+1 0.0000e+0
      vertex -5.6740e+0 1.2744e+1 0.0000e+0
      vertex -6.0743e+0 1.5824e+1 0.0000e+0
    endloop
  endfacet
  facet normal 0.0000e+0 0.0000e+0 -1.0000e+0
    outer loop
      vertex -5.6740e+0 1.2744e+1 0.0000e+0
      vertex -6.8942e+0 1.5485e+1 0.0000e+0
      vertex -6.0743e+0 1.5824e+1 0.0000e+0
    endloop
  endfacet
  facet normal 0.0000e+0 0.0000e+0 1.0000e+0
    outer loop
      vertex -2.8849e+0 7.5153e+0 1.8372e+2
      vertex -3.9600e+0 1.0316e+1 1.8372e+2
      vertex -3.2742e+0 7.3540e+0 1.8372e+2
    endloop
  endfacet
  facet normal 0.0000e+0 0.0000e+0 1.0000e+0
    outer loop
      vertex -3.2742e+0 7.3540e+0 1.8372e+2
      vertex -3.9600e+0 1.0316e+1 1.8372e+2
      vertex -4.4944e+0 1.0095e+1 1.8372e+2
    endloop
  endfacet
  facet normal 4.3051e-1 -9.0259e-1 0.0000e+0
    outer loop
      vertex -5.6740e+0 1.2744e+1 0.0000e+0
      vertex -5.6740e+0 1.2744e+1 1.6670e+2
      vertex -6.3332e+0 1.2430e+1 0.0000e+0
    endloop
  endfacet
  facet normal 4.3051e-1 -9.0259e-1 0.0000e+0
    outer loop
      vertex -6.3332e+0 1.2430e+1 0.0000e+0
      vertex -5.6740e+0 1.2744e+1 1.6670e+2
      vertex -6.3332e+0 1.2430e+1 1.6670e+2
    endloop
  endfacet
  facet normal -4.3051e-1 9.0259e-1 0.0000e+0
    outer loop
      vertex -6.8942e+0 1.5485e+1 0.0000e+0
      vertex -7.6951e+0 1.5103e+1 0.0000e+0
      vertex -6.8942e+0 1.5485e+1 1.6670e+2
    endloop
  endfacet
  facet normal -4.3051e-1 9.0259e-1 0.0000e+0
    outer loop
      vertex -7.6951e+0 1.5103e+1 0.0000e+0
      vertex -7.6951e+0 1.5103e+1 1.6670e+2
      vertex -6.8942e+0 1.5485e+1 1.6670e+2
    endloop
  endfacet
  facet normal 3.0447e-1 -6.3833e-1 -7.0699e-1
    outer loop
      vertex -5.6740e+0 1.2744e+1 1.6670e+2
      vertex -2.3184e+0 5.2072e+0 1.7495e+2
      vertex -6.3332e+0 1.2430e+1 1.6670e+2
    endloop
  endfacet
  facet normal 3.0447e-1 -6.3833e-1 -7.0699e-1
    outer loop
      vertex -6.3332e+0 1.2430e+1 1.6670e+2
      vertex -2.3184e+0 5.2072e+0 1.7495e+2
      vertex -2.5877e+0 5.0787e+0 1.7495e+2
    endloop
  endfacet
  facet normal -3.0447e-1 6.3833e-1 7.0699e-1
    outer loop
      vertex -6.8942e+0 1.5485e+1 1.6670e+2
      vertex -7.6951e+0 1.5103e+1 1.6670e+2
      vertex -3.5386e+0 7.9478e+0 1.7495e+2
    endloop
  endfacet
  facet normal -3.0447e-1 6.3833e-1 7.0699e-1
    outer loop
      vertex -7.6951e+0 1.5103e+1 1.6670e+2
      vertex -3.9497e+0 7.7518e+0 1.7495e+2
      vertex -3.5386e+0 7.9478e+0 1.7495e+2
    endloop
  endfacet
  facet normal 4.1585e-1 -8.7185e-1 2.5874e-1
    outer loop
      vertex -2.3184e+0 5.2072e+0 1.7495e+2
      vertex -3.2742e+0 7.3540e+0 1.8372e+2
      vertex -2.5877e+0 5.0787e+0 1.7495e+2
    endloop
  endfacet
  facet normal 4.1585e-1 -8.7185e-1 2.5874e-1
    outer loop
      vertex -2.5877e+0 5.0787e+0 1.7495e+2
      vertex -3.2742e+0 7.3540e+0 1.8372e+2
      vertex -3.6546e+0 7.1726e+0 1.8372e+2
    endloop
  endfacet
  facet normal -4.1585e-1 8.7185e-1 -2.5874e-1
    outer loop
      vertex -3.5386e+0 7.9478e+0 1.7495e+2
      vertex -3.9497e+0 7.7518e+0 1.7495e+2
      vertex -4.4944e+0 1.0095e+1 1.8372e+2
    endloop
  endfacet
  facet normal -4.1585e-1 8.7185e-1 -2.5874e-1
    outer loop
      vertex -3.9497e+0 7.7518e+0 1.7495e+2
      vertex -5.0166e+0 9.8456e+0 1.8372e+2
      vertex -4.4944e+0 1.0095e+1 1.8372e+2
    endloop
  endfacet
  facet normal 0.0000e+0 0.0000e+0 -1.0000e+0
    outer loop
      vertex -5.6740e+0 1.2744e+1 0.0000e+0
      vertex -6.3332e+0 1.2430e+1 0.0000e+0
      vertex -6.8942e+0 1.5485e+1 0.0000e+0
    endloop
  endfacet
  facet normal 0.0000e+0 0.0000e+0 -1.0000e+0
    outer loop
      vertex -6.3332e+0 1.2430e+1 0.0000e+0
      vertex -7.6951e+0 1.5103e+1 0.0000e+0
      vertex -6.8942e+0 1.5485e+1 0.0000e+0
    endloop
  endfacet
  facet normal 0.0000e+0 0.0000e+0 1.0000e+0
    outer loop
      vertex -3.2742e+0 7.3540e+0 1.8372e+2
      vertex -4.4944e+0 1.0095e+1 1.8372e+2
      vertex -3.6546e+0 7.1726e+0 1.8372e+2
    endloop
  endfacet
  facet normal 0.0000e+0 0.0000e+0 1.0000e+0
    outer loop
      vertex -3.6546e+0 7.1726e+0 1.8372e+2
      vertex -4.4944e+0 1.0095e+1 1.8372e+2
      vertex -5.0166e+0 9.8456e+0 1.8372e+2
    endloop
  endfacet
  facet normal 4.7716e-1 -8.7882e-1 0.0000e+0
    outer loop
      vertex -6.3332e+0 1.2430e+1 0.0000e+0
      vertex -6.3332e+0 1.2430e+1 1.6670e+2
      vertex -6.9750e+0 1.2081e+1 0.0000e+0
    endloop
  endfacet
  facet normal 4.7716e-1 -8.7882e-1 0.0000e+0
    outer loop
      vertex -6.9750e+0 1.2081e+1 0.0000e+0
      vertex -6.3332e+0 1.2430e+1 1.6670e+2
      vertex -6.9750e+0 1.2081e+1 1.6670e+2
    endloop
  endfacet
  facet normal -4.7716e-1 8.7882e-1 0.0000e+0
    outer loop
      vertex -7.6951e+0 1.5103e+1 0.0000e+0
      vertex -8.4750e+0 1.4679e+1 0.0000e+0
      vertex -7.6951e+0 1.5103e+1 1.6670e+2
    endloop
  endfacet
  facet normal -4.7716e-1 8.7882e-1 0.0000e+0
    outer loop
      vertex -8.4750e+0 1.4679e+1 0.0000e+0
      vertex -8.4750e+0 1.4679e+1 1.6670e+2
      vertex -7.6951e+0 1.5103e+1 1.6670e+2
    endloop
  endfacet
  facet normal 3.3746e-1 -6.2152e-1 -7.0699e-1
    outer loop
      vertex -6.3332e+0 1.2430e+1 1.6670e+2
      vertex -2.5877e+0 5.0787e+0 1.7495e+2
      vertex -6.9750e+0 1.2081e+1 1.6670e+2
    endloop
  endfacet
  facet normal 3.3746e-1 -6.2152e-1 -7.0699e-1
    outer loop
      vertex -6.9750e+0 1.2081e+1 1.6670e+2
      vertex -2.5877e+0 5.0787e+0 1.7495e+2
      vertex -2.8500e+0 4.9363e+0 1.7495e+2
    endloop
  endfacet
  facet normal -3.3746e-1 6.2152e-1 7.0699e-1
    outer loop
      vertex -7.6951e+0 1.5103e+1 1.6670e+2
      vertex -8.4750e+0 1.4679e+1 1.6670e+2
      vertex -3.9497e+0 7.7518e+0 1.7495e+2
    endloop
  endfacet
  facet normal -3.3746e-1 6.2152e-1 7.0699e-1
    outer loop
      vertex -8.4750e+0 1.4679e+1 1.6670e+2
      vertex -4.3500e+0 7.5344e+0 1.7495e+2
      vertex -3.9497e+0 7.7518e+0 1.7495e+2
    endloop
  endfacet
  facet normal 4.6091e-1 -8.4889e-1 2.5874e-1
    outer loop
      vertex -2.5877e+0 5.0787e+0 1.7495e+2
      vertex -3.6546e+0 7.1726e+0 1.8372e+2
      vertex -2.8500e+0 4.9363e+0 1.7495e+2
    endloop
  endfacet
  facet normal 4.6091e-1 -8.4889e-1 2.5874e-1
    outer loop
      vertex -2.8500e+0 4.9363e+0 1.7495e+2
      vertex -3.6546e+0 7.1726e+0 1.8372e+2
      vertex -4.0250e+0 6.9715e+0 1.8372e+2
    endloop
  endfacet
  facet normal -4.6091e-1 8.4889e-1 -2.5874e-1
    outer loop
      vertex -3.9497e+0 7.7518e+0 1.7495e+2
      vertex -4.3500e+0 7.5344e+0 1.7495e+2
      vertex -5.0166e+0 9.8456e+0 1.8372e+2
    endloop
  endfacet
  facet normal -4.6091e-1 8.4889e-1 -2.5874e-1
    outer loop
      vertex -4.3500e+0 7.5344e+0 1.7495e+2
      vertex -5.5250e+0 9.5696e+0 1.8372e+2
      vertex -5.0166e+0 9.8456e+0 1.8372e+2
    endloop
  endfacet
  facet normal 0.0000e+0 0.0000e+0 -1.0000e+0
    outer loop
      vertex -6.3332e+0 1.2430e+1 0.0000e+0
      vertex -6.9750e+0 1.2081e+1 0.0000e+0
      vertex -7.6951e+0 1.5103e+1 0.0000e+0
    endloop
  endfacet
  facet normal 0.0000e+0 0.0000e+0 -1.0000e+0
    outer loop
      vertex -6.9750e+0 1.2081e+1 0.0000e+0
      vertex -8.4750e+0 1.4679e+1 0.0000e+0
      vertex -7.6951e+0 1.5103e+1 0.0000e+0
    endloop
  endfacet
  facet normal 0.0000e+0 0.0000e+0 1.0000e+0
    outer loop
      vertex -3.6546e+0 7.1726e+0 1.8372e+2
      vertex -5.0166e+0 9.8456e+0 1.8372e+2
      vertex -4.0250e+0 6.9715e+0 1.8372e+2
    endloop
  endfacet
  facet normal 0.0000e+0 0.0000e+0 1.0000e+0
    outer loop
      vertex -4.0250e+0 6.9715e+0 1.8372e+2
      vertex -5.0166e+0 9.8456e+0 1.8372e+2
      vertex -5.5250e+0 9.5696e+0 1.8372e+2
    endloop
  endfacet
  facet normal 5.2250e-1 -8.5264e-1 0.0000e+0
    outer loop
      vertex -6.9750e+0 1.2081e+1 0.0000e+0
      vertex -6.9750e+0 1.2081e+1 1.6670e+2
      vertex -7.5977e+0 1.1699e+1 0.0000e+0
    endloop
  endfacet
  facet normal 5.2250e-1 -8.5264e-1 0.0000e+0
    outer loop
      vertex -7.5977e+0 1.1699e+1 0.0000e+0
      vertex -6.9750e+0 1.2081e+1 1.6670e+2
      vertex -7.5977e+0 1.1699e+1 1.6670e+2
    endloop
  endfacet
  facet normal -5.2250e-1 8.5264e-1 0.0000e+0
    outer loop
      vertex -8.4750e+0 1.4679e+1 0.0000e+0
      vertex -9.2316e+0 1.4215e+1 0.0000e+0
      vertex -8.4750e+0 1.4679e+1 1.6670e+2
    endloop
  endfacet
  facet normal -5.2250e-1 8.5264e-1 0.0000e+0
    outer loop
      vertex -9.2316e+0 1.4215e+1 0.0000e+0
      vertex -9.2316e+0 1.4215e+1 1.6670e+2
      vertex -8.4750e+0 1.4679e+1 1.6670e+2
    endloop
  endfacet
  facet normal 3.6953e-1 -6.0301e-1 -7.0699e-1
    outer loop
      vertex -6.9750e+0 1.2081e+1 1.6670e+2
      vertex -2.8500e+0 4.9363e+0 1.7495e+2
      vertex -7.5977e+0 1.1699e+1 1.6670e+2
    endloop
  endfacet
  facet normal 3.6953e-1 -6.0301e-1 -7.0699e-1
    outer loop
      vertex -7.5977e+0 1.1699e+1 1.6670e+2
      vertex -2.8500e+0 4.9363e+0 1.7495e+2
      vertex -3.1044e+0 4.7804e+0 1.7495e+2
    endloop
  endfacet
  facet normal -3.6953e-1 6.0301e-1 7.0699e-1
    outer loop
      vertex -8.4750e+0 1.4679e+1 1.6670e+2
      vertex -9.2316e+0 1.4215e+1 1.6670e+2
      vertex -4.3500e+0 7.5344e+0 1.7495e+2
    endloop
  endfacet
  facet normal -3.6953e-1 6.0301e-1 7.0699e-1
    outer loop
      vertex -9.2316e+0 1.4215e+1 1.6670e+2
      vertex -4.7384e+0 7.2964e+0 1.7495e+2
      vertex -4.3500e+0 7.5344e+0 1.7495e+2
    endloop
  endfacet
  facet normal 5.0471e-1 -8.2361e-1 2.5874e-1
    outer loop
      vertex -2.8500e+0 4.9363e+0 1.7495e+2
      vertex -4.0250e+0 6.9715e+0 1.8372e+2
      vertex -3.1044e+0 4.7804e+0 1.7495e+2
    endloop
  endfacet
  facet normal 5.0471e-1 -8.2361e-1 2.5874e-1
    outer loop
      vertex -3.1044e+0 4.7804e+0 1.7495e+2
      vertex -4.0250e+0 6.9715e+0 1.8372e+2
      vertex -4.3843e+0 6.7513e+0 1.8372e+2
    endloop
  endfacet
  facet normal -5.0471e-1 8.2361e-1 -2.5874e-1
    outer loop
      vertex -4.3500e+0 7.5344e+0 1.7495e+2
      vertex -4.7384e+0 7.2964e+0 1.7495e+2
      vertex -5.5250e+0 9.5696e+0 1.8372e+2
    endloop
  endfacet
  facet normal -5.0471e-1 8.2361e-1 -2.5874e-1
    outer loop
      vertex -4.7384e+0 7.2964e+0 1.7495e+2
      vertex -6.0183e+0 9.2673e+0 1.8372e+2
      vertex -5.5250e+0 9.5696e+0 1.8372e+2
    endloop
  endfacet
  facet normal 0.0000e+0 0.0000e+0 -1.0000e+0
    outer loop
      vertex -6.9750e+0 1.2081e+1 0.0000e+0
      vertex -7.5977e+0 1.1699e+1 0.0000e+0
      vertex -8.4750e+0 1.4679e+1 0.0000e+0
    endloop
  endfacet
  facet normal 0.0000e+0 0.0000e+0 -1.0000e+0
    outer loop
      vertex -7.5977e+0 1.1699e+1 0.0000e+0
      vertex -9.2316e+0 1.4215e+1 0.0000e+0
      vertex -8.4750e+0 1.4679e+1 0.0000e+0
    endloop
  endfacet
  facet normal 0.0000e+0 0.0000e+0 1.0000e+0
    outer loop
      vertex -4.0250e+0 6.9715e+0 1.8372e+2
      vertex -5.5250e+0 9.5696e+0 1.8372e+2
      vertex -4.3843e+0 6.7513e+0 1.8372e+2
    endloop
  endfacet
  facet normal 0.0000e+0 0.0000e+0 1.0000e+0
    outer loop
      vertex -4.3843e+0 6.7513e+0 1.8372e+2
      vertex -5.5250e+0 9.5696e+0 1.8372e+2
      vertex -6.0183e+0 9.2673e+0 1.8372e+2
    endloop
  endfacet
  facet normal 5.6641e-1 -8.2413e-1 0.0000e+0
    outer loop
      vertex -7.5977e+0 1.1699e+1 0.0000e+0
      vertex -7.5977e+0 1.1699e+1 1.6670e+2
      vertex -8.1996e+0 1.1286e+1 0.0000e+0
    endloop
  endfacet
  facet normal 5.6641e-1 -8.2413e-1 0.0000e+0
    outer loop
      vertex -8.1996e+0 1.1286e+1 0.0000e+0
      vertex -7.5977e+0 1.1699e+1 1.6670e+2
      vertex -8.1996e+0 1.1286e+1 1.6670e+2
    endloop
  endfacet
  facet normal -5.6641e-1 8.2413e-1 0.0000e+0
    outer loop
      vertex -9.2316e+0 1.4215e+1 0.0000e+0
      vertex -9.9630e+0 1.3713e+1 0.0000e+0
      vertex -9.2316e+0 1.4215e+1 1.6670e+2
    endloop
  endfacet
  facet normal -5.6641e-1 8.2413e-1 0.0000e+0
    outer loop
      vertex -9.9630e+0 1.3713e+1 0.0000e+0
      vertex -9.9630e+0 1.3713e+1 1.6670e+2
      vertex -9.2316e+0 1.4215e+1 1.6670e+2
    endloop
  endfacet
  facet normal 4.0058e-1 -5.8285e-1 -7.0699e-1
    outer loop
      vertex -7.5977e+0 1.1699e+1 1.6670e+2
      vertex -3.1044e+0 4.7804e+0 1.7495e+2
      vertex -8.1996e+0 1.1286e+1 1.6670e+2
    endloop
  endfacet
  facet normal 4.0058e-1 -5.8285e-1 -7.0699e-1
    outer loop
      vertex -8.1996e+0 1.1286e+1 1.6670e+2
      vertex -3.1044e+0 4.7804e+0 1.7495e+2
      vertex -3.3504e+0 4.6114e+0 1.7495e+2
    endloop
  endfacet
  facet normal -4.0058e-1 5.8285e-1 7.0699e-1
    outer loop
      vertex -9.2316e+0 1.4215e+1 1.6670e+2
      vertex -9.9630e+0 1.3713e+1 1.6670e+2
      vertex -4.7384e+0 7.2964e+0 1.7495e+2
    endloop
  endfacet
  facet normal -4.0058e-1 5.8285e-1 7.0699e-1
    outer loop
      vertex -9.9630e+0 1.3713e+1 1.6670e+2
      vertex -5.1137e+0 7.0384e+0 1.7495e+2
      vertex -4.7384e+0 7.2964e+0 1.7495e+2
    endloop
  endfacet
  facet normal 5.4712e-1 -7.9606e-1 2.5874e-1
    outer loop
      vertex -3.1044e+0 4.7804e+0 1.7495e+2
      vertex -4.3843e+0 6.7513e+0 1.8372e+2
      vertex -3.3504e+0 4.6114e+0 1.7495e+2
    endloop
  endfacet
  facet normal 5.4712e-1 -7.9606e-1 2.5874e-1
    outer loop
      vertex -3.3504e+0 4.6114e+0 1.7495e+2
      vertex -4.3843e+0 6.7513e+0 1.8372e+2
      vertex -4.7317e+0 6.5126e+0 1.8372e+2
    endloop
  endfacet
  facet normal -5.4712e-1 7.9606e-1 -2.5874e-1
    outer loop
      vertex -4.7384e+0 7.2964e+0 1.7495e+2
      vertex -5.1137e+0 7.0384e+0 1.7495e+2
      vertex -6.0183e+0 9.2673e+0 1.8372e+2
    endloop
  endfacet
  facet normal -5.4712e-1 7.9606e-1 -2.5874e-1
    outer loop
      vertex -5.1137e+0 7.0384e+0 1.7495e+2
      vertex -6.4950e+0 8.9396e+0 1.8372e+2
      vertex -6.0183e+0 9.2673e+0 1.8372e+2
    endloop
  endfacet
  facet normal 0.0000e+0 0.0000e+0 -1.0000e+0
    outer loop
      vertex -7.5977e+0 1.1699e+1 0.0000e+0
      vertex -8.1996e+0 1.1286e+1 0.0000e+0
      vertex -9.2316e+0 1.4215e+1 0.0000e+0
    endloop
  endfacet
  facet normal 0.0000e+0 0.0000e+0 -1.0000e+0
    outer loop
      vertex -8.1996e+0 1.1286e+1 0.0000e+0
      vertex -9.9630e+0 1.3713e+1 0.0000e+0
      vertex -9.2316e+0 1.4215e+1 0.0000e+0
    endloop
  endfacet
  facet normal 0.0000e+0 0.0000e+0 1.0000e+0
    outer loop
      vertex -4.3843e+0 6.7513e+0 1.8372e+2
      vertex -6.0183e+0 9.2673e+0 1.8372e+2
      vertex -4.7317e+0 6.5126e+0 1.8372e+2
    endloop
  endfacet
  facet normal 0.0000e+0 0.0000e+0 1.0000e+0
    outer loop
      vertex -4.7317e+0 6.5126e+0 1.8372e+2
      vertex -6.0183e+0 9.2673e+0 1.8372e+2
      vertex -6.4950e+0 8.9396e+0 1.8372e+2
    endloop
  endfacet
  facet normal 6.0876e-1 -7.9335e-1 0.0000e+0
    outer loop
      vertex -8.1996e+0 1.1286e+1 0.0000e+0
      vertex -8.1996e+0 1.1286e+1 1.6670e+2
      vertex -8.7790e+0 1.0841e+1 0.0000e+0
    endloop
  endfacet
  facet normal 6.0876e-1 -7.9335e-1 0.0000e+0
    outer loop
      vertex -8.7790e+0 1.0841e+1 0.0000e+0
      vertex -8.1996e+0 1.1286e+1 1.6670e+2
      vertex -8.7790e+0 1.0841e+1 1.6670e+2
    endloop
  endfacet
  facet normal -6.0876e-1 7.9335e-1 0.0000e+0
    outer loop
      vertex -9.9630e+0 1.3713e+1 0.0000e+0
      vertex -1.0667e+1 1.3173e+1 0.0000e+0
      vertex -9.9630e+0 1.3713e+1 1.6670e+2
    endloop
  endfacet
  facet normal -6.0876e-1 7.9335e-1 0.0000e+0
    outer loop
      vertex -1.0667e+1 1.3173e+1 0.0000e+0
      vertex -1.0667e+1 1.3173e+1 1.6670e+2
      vertex -9.9630e+0 1.3713e+1 1.6670e+2
    endloop
  endfacet
  facet normal 4.3053e-1 -5.6108e-1 -7.0699e-1
    outer loop
      vertex -8.1996e+0 1.1286e+1 1.6670e+2
      vertex -3.3504e+0 4.6114e+0 1.7495e+2
      vertex -8.7790e+0 1.0841e+1 1.6670e+2
    endloop
  endfacet
  facet normal 4.3053e-1 -5.6108e-1 -7.0699e-1
    outer loop
      vertex -8.7790e+0 1.0841e+1 1.6670e+2
      vertex -3.3504e+0 4.6114e+0 1.7495e+2
      vertex -3.5871e+0 4.4297e+0 1.7495e+2
    endloop
  endfacet
  facet normal -4.3053e-1 5.6108e-1 7.0699e-1
    outer loop
      vertex -9.9630e+0 1.3713e+1 1.6670e+2
      vertex -1.0667e+1 1.3173e+1 1.6670e+2
      vertex -5.1137e+0 7.0384e+0 1.7495e+2
    endloop
  endfacet
  facet normal -4.3053e-1 5.6108e-1 7.0699e-1
    outer loop
      vertex -1.0667e+1 1.3173e+1 1.6670e+2
      vertex -5.4751e+0 6.7612e+0 1.7495e+2
      vertex -5.1137e+0 7.0384e+0 1.7495e+2
    endloop
  endfacet
  facet normal 5.8803e-1 -7.6634e-1 2.5874e-1
    outer loop
      vertex -3.3504e+0 4.6114e+0 1.7495e+2
      vertex -4.7317e+0 6.5126e+0 1.8372e+2
      vertex -3.5871e+0 4.4297e+0 1.7495e+2
    endloop
  endfacet
  facet normal 5.8803e-1 -7.6634e-1 2.5874e-1
    outer loop
      vertex -3.5871e+0 4.4297e+0 1.7495e+2
      vertex -4.7317e+0 6.5126e+0 1.8372e+2
      vertex -5.0660e+0 6.2560e+0 1.8372e+2
    endloop
  endfacet
  facet normal -5.8803e-1 7.6634e-1 -2.5874e-1
    outer loop
      vertex -5.1137e+0 7.0384e+0 1.7495e+2
      vertex -5.4751e+0 6.7612e+0 1.7495e+2
      vertex -6.4950e+0 8.9396e+0 1.8372e+2
    endloop
  endfacet
  facet normal -5.8803e-1 7.6634e-1 -2.5874e-1
    outer loop
      vertex -5.4751e+0 6.7612e+0 1.7495e+2
      vertex -6.9540e+0 8.5875e+0 1.8372e+2
      vertex -6.4950e+0 8.9396e+0 1.8372e+2
    endloop
  endfacet
  facet normal 0.0000e+0 0.0000e+0 -1.0000e+0
    outer loop
      vertex -8.1996e+0 1.1286e+1 0.0000e+0
      vertex -8.7790e+0 1.0841e+1 0.0000e+0
      vertex -9.9630e+0 1.3713e+1 0.0000e+0
    endloop
  endfacet
  facet normal 0.0000e+0 0.0000e+0 -1.0000e+0
    outer loop
      vertex -8.7790e+0 1.0841e+1 0.0000e+0
      vertex -1.0667e+1 1.3173e+1 0.0000e+0
      vertex -9.9630e+0 1.3713e+1 0.0000e+0
    endloop
  endfacet
  facet normal 0.0000e+0 0.0000e+0 1.0000e+0
    outer loop
      vertex -4.7317e+0 6.5126e+0 1.8372e+2
      vertex -6.4950e+0 8.9396e+0 1.8372e+2
      vertex -5.0660e+0 6.2560e+0 1.8372e+2
    endloop
  endfacet
  facet normal 0.0000e+0 0.0000e+0 1.0000e+0
    outer loop
      vertex -5.0660e+0 6.2560e+0 1.8372e+2
      vertex -6.4950e+0 8.9396e+0 1.8372e+2
      vertex -6.9540e+0 8.5875e+0 1.8372e+2
    endloop
  endfacet
  facet normal 6.4945e-1 -7.6041e-1 0.0000e+0
    outer loop
      vertex -8.7790e+0 1.0841e+1 0.0000e+0
      vertex -8.7790e+0 1.0841e+1 1.6670e+2
      vertex -9.3344e+0 1.0367e+1 0.0000e+0
    endloop
  endfacet
  facet normal 6.4945e-1 -7.6041e-1 0.0000e+0
    outer loop
      vertex -9.3344e+0 1.0367e+1 0.0000e+0
      vertex -8.7790e+0 1.0841e+1 1.6670e+2
      vertex -9.3344e+0 1.0367e+1 1.6670e+2
    endloop
  endfacet
  facet normal -6.4945e-1 7.6041e-1 0.0000e+0
    outer loop
      vertex -1.0667e+1 1.3173e+1 0.0000e+0
      vertex -1.1342e+1 1.2596e+1 0.0000e+0
      vertex -1.0667e+1 1.3173e+1 1.6670e+2
    endloop
  endfacet
  facet normal -6.4945e-1 7.6041e-1 0.0000e+0
    outer loop
      vertex -1.1342e+1 1.2596e+1 0.0000e+0
      vertex -1.1342e+1 1.2596e+1 1.6670e+2
      vertex -1.0667e+1 1.3173e+1 1.6670e+2
    endloop
  endfacet
  facet normal 4.5931e-1 -5.3778e-1 -7.0699e-1
    outer loop
      vertex -8.7790e+0 1.0841e+1 1.6670e+2
      vertex -3.5871e+0 4.4297e+0 1.7495e+2
      vertex -9.3344e+0 1.0367e+1 1.6670e+2
    endloop
  endfacet
  facet normal 4.5931e-1 -5.3778e-1 -7.0699e-1
    outer loop
      vertex -9.3344e+0 1.0367e+1 1.6670e+2
      vertex -3.5871e+0 4.4297e+0 1.7495e+2
      vertex -3.8140e+0 4.2359e+0 1.7495e+2
    endloop
  endfacet
  facet normal -4.5931e-1 5.3778e-1 7.0699e-1
    outer loop
      vertex -1.0667e+1 1.3173e+1 1.6670e+2
      vertex -1.1342e+1 1.2596e+1 1.6670e+2
      vertex -5.4751e+0 6.7612e+0 1.7495e+2
    endloop
  endfacet
  facet normal -4.5931e-1 5.3778e-1 7.0699e-1
    outer loop
      vertex -1.1342e+1 1.2596e+1 1.6670e+2
      vertex -5.8214e+0 6.4654e+0 1.7495e+2
      vertex -5.4751e+0 6.7612e+0 1.7495e+2
    endloop
  endfacet
  facet normal 6.2733e-1 -7.3451e-1 2.5874e-1
    outer loop
      vertex -3.5871e+0 4.4297e+0 1.7495e+2
      vertex -5.0660e+0 6.2560e+0 1.8372e+2
      vertex -3.8140e+0 4.2359e+0 1.7495e+2
    endloop
  endfacet
  facet normal 6.2733e-1 -7.3451e-1 2.5874e-1
    outer loop
      vertex -3.8140e+0 4.2359e+0 1.7495e+2
      vertex -5.0660e+0 6.2560e+0 1.8372e+2
      vertex -5.3865e+0 5.9823e+0 1.8372e+2
    endloop
  endfacet
  facet normal -6.2733e-1 7.3451e-1 -2.5874e-1
    outer loop
      vertex -5.4751e+0 6.7612e+0 1.7495e+2
      vertex -5.8214e+0 6.4654e+0 1.7495e+2
      vertex -6.9540e+0 8.5875e+0 1.8372e+2
    endloop
  endfacet
  facet normal -6.2733e-1 7.3451e-1 -2.5874e-1
    outer loop
      vertex -5.8214e+0 6.4654e+0 1.7495e+2
      vertex -7.3939e+0 8.2118e+0 1.8372e+2
      vertex -6.9540e+0 8.5875e+0 1.8372e+2
    endloop
  endfacet
  facet normal 0.0000e+0 0.0000e+0 -1.0000e+0
    outer loop
      vertex -8.7790e+0 1.0841e+1 0.0000e+0
      vertex -9.3344e+0 1.0367e+1 0.0000e+0
      vertex -1.0667e+1 1.3173e+1 0.0000e+0
    endloop
  endfacet
  facet normal 0.0000e+0 0.0000e+0 -1.0000e+0
    outer loop
      vertex -9.3344e+0 1.0367e+1 0.0000e+0
      vertex -1.1342e+1 1.2596e+1 0.0000e+0
      vertex -1.0667e+1 1.3173e+1 0.0000e+0
    endloop
  endfacet
  facet normal 0.0000e+0 0.0000e+0 1.0000e+0
    outer loop
      vertex -5.0660e+0 6.2560e+0 1.8372e+2
      vertex -6.9540e+0 8.5875e+0 1.8372e+2
      vertex -5.3865e+0 5.9823e+0 1.8372e+2
    endloop
  endfacet
  facet normal 0.0000e+0 0.0000e+0 1.0000e+0
    outer loop
      vertex -5.3865e+0 5.9823e+0 1.8372e+2
      vertex -6.9540e+0 8.5875e+0 1.8372e+2
      vertex -7.3939e+0 8.2118e+0 1.8372e+2
    endloop
  endfacet
  facet normal 6.8835e-1 -7.2537e-1 0.0000e+0
    outer loop
      vertex -9.3344e+0 1.0367e+1 0.0000e+0
      vertex -9.3344e+0 1.0367e+1 1.6670e+2
      vertex -9.8641e+0 9.8641e+0 0.0000e+0
    endloop
  endfacet
  facet normal 6.8835e-1 -7.2537e-1 0.0000e+0
    outer loop
      vertex -9.8641e+0 9.8641e+0 0.0000e+0
      vertex -9.3344e+0 1.0367e+1 1.6670e+2
      vertex -9.8641e+0 9.8641e+0 1.6670e+2
    endloop
  endfacet
  facet normal -6.8835e-1 7.2537e-1 0.0000e+0
    outer loop
      vertex -1.1342e+1 1.2596e+1 0.0000e+0
      vertex -1.1985e+1 1.1985e+1 0.0000e+0
      vertex -1.1342e+1 1.2596e+1 1.6670e+2
    endloop
  endfacet
  facet normal -6.8835e-1 7.2537e-1 0.0000e+0
    outer loop
      vertex -1.1985e+1 1.1985e+1 0.0000e+0
      vertex -1.1985e+1 1.1985e+1 1.6670e+2
      vertex -1.1342e+1 1.2596e+1 1.6670e+2
    endloop
  endfacet
  facet normal 4.8682e-1 -5.1301e-1 -7.0699e-1
    outer loop
      vertex -9.3344e+0 1.0367e+1 1.6670e+2
      vertex -3.8140e+0 4.2359e+0 1.7495e+2
      vertex -9.8641e+0 9.8641e+0 1.6670e+2
    endloop
  endfacet
  facet normal 4.8682e-1 -5.1301e-1 -7.0699e-1
    outer loop
      vertex -9.8641e+0 9.8641e+0 1.6670e+2
      vertex -3.8140e+0 4.2359e+0 1.7495e+2
      vertex -4.0305e+0 4.0305e+0 1.7495e+2
    endloop
  endfacet
  facet normal -4.8682e-1 5.1301e-1 7.0699e-1
    outer loop
      vertex -1.1342e+1 1.2596e+1 1.6670e+2
      vertex -1.1985e+1 1.1985e+1 1.6670e+2
      vertex -5.8214e+0 6.4654e+0 1.7495e+2
    endloop
  endfacet
  facet normal -4.8682e-1 5.1301e-1 7.0699e-1
    outer loop
      vertex -1.1985e+1 1.1985e+1 1.6670e+2
      vertex -6.1518e+0 6.1518e+0 1.7495e+2
      vertex -5.8214e+0 6.4654e+0 1.7495e+2
    endloop
  endfacet
  facet normal 6.6491e-1 -7.0067e-1 2.5874e-1
    outer loop
      vertex -3.8140e+0 4.2359e+0 1.7495e+2
      vertex -5.3865e+0 5.9823e+0 1.8372e+2
      vertex -4.0305e+0 4.0305e+0 1.7495e+2
    endloop
  endfacet
  facet normal 6.6491e-1 -7.0067e-1 2.5874e-1
    outer loop
      vertex -4.0305e+0 4.0305e+0 1.7495e+2
      vertex -5.3865e+0 5.9823e+0 1.8372e+2
      vertex -5.6922e+0 5.6922e+0 1.8372e+2
    endloop
  endfacet
  facet normal -6.6491e-1 7.0067e-1 -2.5874e-1
    outer loop
      vertex -5.8214e+0 6.4654e+0 1.7495e+2
      vertex -6.1518e+0 6.1518e+0 1.7495e+2
      vertex -7.3939e+0 8.2118e+0 1.8372e+2
    endloop
  endfacet
  facet normal -6.6491e-1 7.0067e-1 -2.5874e-1
    outer loop
      vertex -6.1518e+0 6.1518e+0 1.7495e+2
      vertex -7.8135e+0 7.8135e+0 1.8372e+2
      vertex -7.3939e+0 8.2118e+0 1.8372e+2
    endloop
  endfacet
  facet normal 0.0000e+0 0.0000e+0 -1.0000e+0
    outer loop
      vertex -9.3344e+0 1.0367e+1 0.0000e+0
      vertex -9.8641e+0 9.8641e+0 0.0000e+0
      vertex -1.1342e+1 1.2596e+1 0.0000e+0
    endloop
  endfacet
  facet normal 0.0000e+0 0.0000e+0 -1.0000e+0
    outer loop
      vertex -9.8641e+0 9.8641e+0 0.0000e+0
      vertex -1.1985e+1 1.1985e+1 0.0000e+0
      vertex -1.1342e+1 1.2596e+1 0.0000e+0
    endloop
  endfacet
  facet normal 0.0000e+0 0.0000e+0 1.0000e+0
    outer loop
      vertex -5.3865e+0 5.9823e+0 1.8372e+2
      vertex -7.3939e+0 8.2118e+0 1.8372e+2
      vertex -5.6922e+0 5.6922e+0 1.8372e+2
    endloop
  endfacet
  facet normal 0.0000e+0 0.0000e+0 1.0000e+0
    outer loop
      vertex -5.6922e+0 5.6922e+0 1.8372e+2
      vertex -7.3939e+0 8.2118e+0 1.8372e+2
      vertex -7.8135e+0 7.8135e+0 1.8372e+2
    endloop
  endfacet
  facet normal 7.2537e-1 -6.8835e-1 0.0000e+0
    outer loop
      vertex -9.8641e+0 9.8641e+0 0.0000e+0
      vertex -9.8641e+0 9.8641e+0 1.6670e+2
      vertex -1.0367e+1 9.3344e+0 0.0000e+0
    endloop
  endfacet
  facet normal 7.2537e-1 -6.8835e-1 0.0000e+0
    outer loop
      vertex -1.0367e+1 9.3344e+0 0.0000e+0
      vertex -9.8641e+0 9.8641e+0 1.6670e+2
      vertex -1.0367e+1 9.3344e+0 1.6670e+2
    endloop
  endfacet
  facet normal -7.2537e-1 6.8835e-1 0.0000e+0
    outer loop
      vertex -1.1985e+1 1.1985e+1 0.0000e+0
      vertex -1.2596e+1 1.1342e+1 0.0000e+0
      vertex -1.1985e+1 1.1985e+1 1.6670e+2
    endloop
  endfacet
  facet normal -7.2537e-1 6.8835e-1 0.0000e+0
    outer loop
      vertex -1.2596e+1 1.1342e+1 0.0000e+0
      vertex -1.2596e+1 1.1342e+1 1.6670e+2
      vertex -1.1985e+1 1.1985e+1 1.6670e+2
    endloop
  endfacet
  facet normal 5.1301e-1 -4.8682e-1 -7.0699e-1
    outer loop
      vertex -9.8641e+0 9.8641e+0 1.6670e+2
      vertex -4.0305e+0 4.0305e+0 1.7495e+2
      vertex -1.0367e+1 9.3344e+0 1.6670e+2
    endloop
  endfacet
  facet normal 5.1301e-1 -4.8682e-1 -7.0699e-1
    outer loop
      vertex -1.0367e+1 9.3344e+0 1.6670e+2
      vertex -4.0305e+0 4.0305e+0 1.7495e+2
      vertex -4.2359e+0 3.8140e+0 1.7495e+2
    endloop
  endfacet
  facet normal -5.1301e-1 4.8682e-1 7.0699e-1
    outer loop
      vertex -1.1985e+1 1.1985e+1 1.6670e+2
      vertex -1.2596e+1 1.1342e+1 1.6670e+2
      vertex -6.1518e+0 6.1518e+0 1.7495e+2
    endloop
  endfacet
  facet normal -5.1301e-1 4.8682e-1 7.0699e-1
    outer loop
      vertex -1.2596e+1 1.1342e+1 1.6670e+2
      vertex -6.4654e+0 5.8214e+0 1.7495e+2
      vertex -6.1518e+0 6.1518e+0 1.7495e+2
    endloop
  endfacet
  facet normal 7.0067e-1 -6.6491e-1 2.5874e-1
    outer loop
      vertex -4.0305e+0 4.0305e+0 1.7495e+2
      vertex -5.6922e+0 5.6922e+0 1.8372e+2
      vertex -4.2359e+0 3.8140e+0 1.7495e+2
    endloop
  endfacet
  facet normal 7.0067e-1 -6.6491e-1 2.5874e-1
    outer loop
      vertex -4.2359e+0 3.8140e+0 1.7495e+2
      vertex -5.6922e+0 5.6922e+0 1.8372e+2
      vertex -5.9823e+0 5.3865e+0 1.8372e+2
    endloop
  endfacet
  facet normal -7.0067e-1 6.6491e-1 -2.5874e-1
    outer loop
      vertex -6.1518e+0 6.1518e+0 1.7495e+2
      vertex -6.4654e+0 5.8214e+0 1.7495e+2
      vertex -7.8135e+0 7.8135e+0 1.8372e+2
    endloop
  endfacet
  facet normal -7.0067e-1 6.6491e-1 -2.5874e-1
    outer loop
      vertex -6.4654e+0 5.8214e+0 1.7495e+2
      vertex -8.2118e+0 7.3939e+0 1.8372e+2
      vertex -7.8135e+0 7.8135e+0 1.8372e+2
    endloop
  endfacet
  facet normal 0.0000e+0 0.0000e+0 -1.0000e+0
    outer loop
      vertex -9.8641e+0 9.8641e+0 0.0000e+0
      vertex -1.0367e+1 9.3344e+0 0.0000e+0
      vertex -1.1985e+1 1.1985e+1 0.0000e+0
    endloop
  endfacet
  facet normal 0.0000e+0 0.0000e+0 -1.0000e+0
    outer loop
      vertex -1.0367e+1 9.3344e+0 0.0000e+0
      vertex -1.2596e+1 1.1342e+1 0.0000e+0
      vertex -1.1985e+1 1.1985e+1 0.0000e+0
    endloop
  endfacet
  facet normal 0.0000e+0 0.0000e+0 1.0000e+0
    outer loop
      vertex -5.6922e+0 5.6922e+0 1.8372e+2
      vertex -7.8135e+0 7.8135e+0 1.8372e+2
      vertex -5.9823e+0 5.3865e+0 1.8372e+2
    endloop
  endfacet
  facet normal 0.0000e+0 0.0000e+0 1.0000e+0
    outer loop
      vertex -5.9823e+0 5.3865e+0 1.8372e+2
      vertex -7.8135e+0 7.8135e+0 1.8372e+2
      vertex -8.2118e+0 7.3939e+0 1.8372e+2
    endloop
  endfacet
  facet normal 7.6041e-1 -6.4945e-1 0.0000e+0
    outer loop
      vertex -1.0367e+1 9.3344e+0 0.0000e+0
      vertex -1.0367e+1 9.3344e+0 1.6670e+2
      vertex -1.0841e+1 8.7790e+0 0.0000e+0
    endloop
  endfacet
  facet normal 7.6041e-1 -6.4945e-1 0.0000e+0
    outer loop
      vertex -1.0841e+1 8.7790e+0 0.0000e+0
      vertex -1.0367e+1 9.3344e+0 1.6670e+2
      vertex -1.0841e+1 8.7790e+0 1.6670e+2
    endloop
  endfacet
  facet normal -7.6041e-1 6.4945e-1 0.0000e+0
    outer loop
      vertex -1.2596e+1 1.1342e+1 0.0000e+0
      vertex -1.3173e+1 1.0667e+1 0.0000e+0
      vertex -1.2596e+1 1.1342e+1 1.6670e+2
    endloop
  endfacet
  facet normal -7.6041e-1 6.4945e-1 0.0000e+0
    outer loop
      vertex -1.3173e+1 1.0667e+1 0.0000e+0
      vertex -1.3173e+1 1.0667e+1 1.6670e+2
      vertex -1.2596e+1 1.1342e+1 1.6670e+2
    endloop
  endfacet
  facet normal 5.3778e-1 -4.5931e-1 -7.0699e-1
    outer loop
      vertex -1.0367e+1 9.3344e+0 1.6670e+2
      vertex -4.2359e+0 3.8140e+0 1.7495e+2
      vertex -1.0841e+1 8.7790e+0 1.6670e+2
    endloop
  endfacet
  facet normal 5.3778e-1 -4.5931e-1 -7.0699e-1
    outer loop
      vertex -1.0841e+1 8.7790e+0 1.6670e+2
      vertex -4.2359e+0 3.8140e+0 1.7495e+2
      vertex -4.4297e+0 3.5871e+0 1.7495e+2
    endloop
  endfacet
  facet normal -5.3778e-1 4.5931e-1 7.0699e-1
    outer loop
      vertex -1.2596e+1 1.1342e+1 1.6670e+2
      vertex -1.3173e+1 1.0667e+1 1.6670e+2
      vertex -6.4654e+0 5.8214e+0 1.7495e+2
    endloop
  endfacet
  facet normal -5.3778e-1 4.5931e-1 7.0699e-1
    outer loop
      vertex -1.3173e+1 1.0667e+1 1.6670e+2
      vertex -6.7612e+0 5.4751e+0 1.7495e+2
      vertex -6.4654e+0 5.8214e+0 1.7495e+2
    endloop
  endfacet
  facet normal 7.3451e-1 -6.2733e-1 2.5874e-1
    outer loop
      vertex -4.2359e+0 3.8140e+0 1.7495e+2
      vertex -5.9823e+0 5.3865e+0 1.8372e+2
      vertex -4.4297e+0 3.5871e+0 1.7495e+2
    endloop
  endfacet
  facet normal 7.3451e-1 -6.2733e-1 2.5874e-1
    outer loop
      vertex -4.4297e+0 3.5871e+0 1.7495e+2
      vertex -5.9823e+0 5.3865e+0 1.8372e+2
      vertex -6.2560e+0 5.0660e+0 1.8372e+2
    endloop
  endfacet
  facet normal -7.3451e-1 6.2733e-1 -2.5874e-1
    outer loop
      vertex -6.4654e+0 5.8214e+0 1.7495e+2
      vertex -6.7612e+0 5.4751e+0 1.7495e+2
      vertex -8.2118e+0 7.3939e+0 1.8372e+2
    endloop
  endfacet
  facet normal -7.3451e-1 6.2733e-1 -2.5874e-1
    outer loop
      vertex -6.7612e+0 5.4751e+0 1.7495e+2
      vertex -8.5875e+0 6.9540e+0 1.8372e+2
      vertex -8.2118e+0 7.3939e+0 1.8372e+2
    endloop
  endfacet
  facet normal 0.0000e+0 0.0000e+0 -1.0000e+0
    outer loop
      vertex -1.0367e+1 9.3344e+0 0.0000e+0
      vertex -1.0841e+1 8.7790e+0 0.0000e+0
      vertex -1.2596e+1 1.1342e+1 0.0000e+0
    endloop
  endfacet
  facet normal 0.0000e+0 0.0000e+0 -1.0000e+0
    outer loop
      vertex -1.0841e+1 8.7790e+0 0.0000e+0
      vertex -1.3173e+1 1.0667e+1 0.0000e+0
      vertex -1.2596e+1 1.1342e+1 0.0000e+0
    endloop
  endfacet
  facet normal 0.0000e+0 0.0000e+0 1.0000e+0
    outer loop
      vertex -5.9823e+0 5.3865e+0 1.8372e+2
      vertex -8.2118e+0 7.3939e+0 1.8372e+2
      vertex -6.2560e+0 5.0660e+0 1.8372e+2
    endloop
  endfacet
  facet normal 0.0000e+0 0.0000e+0 1.0000e+0
    outer loop
      vertex -6.2560e+0 5.0660e+0 1.8372e+2
      vertex -8.2118e+0 7.3939e+0 1.8372e+2
      vertex -8.5875e+0 6.9540e+0 1.8372e+2
    endloop
  endfacet
  facet normal 7.9335e-1 -6.0876e-1 0.0000e+0
    outer loop
      vertex -1.0841e+1 8.7790e+0 0.0000e+0
      vertex -1.0841e+1 8.7790e+0 1.6670e+2
      vertex -1.1286e+1 8.1996e+0 0.0000e+0
    endloop
  endfacet
  facet normal 7.9335e-1 -6.0876e-1 0.0000e+0
    outer loop
      vertex -1.1286e+1 8.1996e+0 0.0000e+0
      vertex -1.0841e+1 8.7790e+0 1.6670e+2
      vertex -1.1286e+1 8.1996e+0 1.6670e+2
    endloop
  endfacet
  facet normal -7.9335e-1 6.0876e-1 0.0000e+0
    outer loop
      vertex -1.3173e+1 1.0667e+1 0.0000e+0
      vertex -1.3713e+1 9.9630e+0 0.0000e+0
      vertex -1.3173e+1 1.0667e+1 1.6670e+2
    endloop
  endfacet
  facet normal -7.9335e-1 6.0876e-1 0.0000e+0
    outer loop
      vertex -1.3713e+1 9.9630e+0 0.0000e+0
      vertex -1.3713e+1 9.9630e+0 1.6670e+2
      vertex -1.3173e+1 1.0667e+1 1.6670e+2
    endloop
  endfacet
  facet normal 5.6108e-1 -4.3053e-1 -7.0699e-1
    outer loop
      vertex -1.0841e+1 8.7790e+0 1.6670e+2
      vertex -4.4297e+0 3.5871e+0 1.7495e+2
      vertex -1.1286e+1 8.1996e+0 1.6670e+2
    endloop
  endfacet
  facet normal 5.6108e-1 -4.3053e-1 -7.0699e-1
    outer loop
      vertex -1.1286e+1 8.1996e+0 1.6670e+2
      vertex -4.4297e+0 3.5871e+0 1.7495e+2
      vertex -4.6114e+0 3.3504e+0 1.7495e+2
    endloop
  endfacet
  facet normal -5.6108e-1 4.3053e-1 7.0699e-1
    outer loop
      vertex -1.3173e+1 1.0667e+1 1.6670e+2
      vertex -1.3713e+1 9.9630e+0 1.6670e+2
      vertex -6.7612e+0 5.4751e+0 1.7495e+2
    endloop
  endfacet
  facet normal -5.6108e-1 4.3053e-1 7.0699e-1
    outer loop
      vertex -1.3713e+1 9.9630e+0 1.6670e+2
      vertex -7.0384e+0 5.1137e+0 1.7495e+2
      vertex -6.7612e+0 5.4751e+0 1.7495e+2
    endloop
  endfacet
  facet normal 7.6634e-1 -5.8803e-1 2.5874e-1
    outer loop
      vertex -4.4297e+0 3.5871e+0 1.7495e+2
      vertex -6.2560e+0 5.0660e+0 1.8372e+2
      vertex -4.6114e+0 3.3504e+0 1.7495e+2
    endloop
  endfacet
  facet normal 7.6634e-1 -5.8803e-1 2.5874e-1
    outer loop
      vertex -4.6114e+0 3.3504e+0 1.7495e+2
      vertex -6.2560e+0 5.0660e+0 1.8372e+2
      vertex -6.5126e+0 4.7317e+0 1.8372e+2
    endloop
  endfacet
  facet normal -7.6634e-1 5.8803e-1 -2.5874e-1
    outer loop
      vertex -6.7612e+0 5.4751e+0 1.7495e+2
      vertex -7.0384e+0 5.1137e+0 1.7495e+2
      vertex -8.5875e+0 6.9540e+0 1.8372e+2
    endloop
  endfacet
  facet normal -7.6634e-1 5.8803e-1 -2.5874e-1
    outer loop
      vertex -7.0384e+0 5.1137e+0 1.7495e+2
      vertex -8.9396e+0 6.4950e+0 1.8372e+2
      vertex -8.5875e+0 6.9540e+0 1.8372e+2
    endloop
  endfacet
  facet normal 0.0000e+0 0.0000e+0 -1.0000e+0
    outer loop
      vertex -1.0841e+1 8.7790e+0 0.0000e+0
      vertex -1.1286e+1 8.1996e+0 0.0000e+0
      vertex -1.3173e+1 1.0667e+1 0.0000e+0
    endloop
  endfacet
  facet normal 0.0000e+0 0.0000e+0 -1.0000e+0
    outer loop
      vertex -1.1286e+1 8.1996e+0 0.0000e+0
      vertex -1.3713e+1 9.9630e+0 0.0000e+0
      vertex -1.3173e+1 1.0667e+1 0.0000e+0
    endloop
  endfacet
  facet normal 0.0000e+0 0.0000e+0 1.0000e+0
    outer loop
      vertex -6.2560e+0 5.0660e+0 1.8372e+2
      vertex -8.5875e+0 6.9540e+0 1.8372e+2
      vertex -6.5126e+0 4.7317e+0 1.8372e+2
    endloop
  endfacet
  facet normal 0.0000e+0 0.0000e+0 1.0000e+0
    outer loop
      vertex -6.5126e+0 4.7317e+0 1.8372e+2
      vertex -8.5875e+0 6.9540e+0 1.8372e+2
      vertex -8.9396e+0 6.4950e+0 1.8372e+2
    endloop
  endfacet
  facet normal 8.2413e-1 -5.6641e-1 0.0000e+0
    outer loop
      vertex -1.1286e+1 8.1996e+0 0.0000e+0
      vertex -1.1286e+1 8.1996e+0 1.6670e+2
      vertex -1.1699e+1 7.5977e+0 0.0000e+0
    endloop
  endfacet
  facet normal 8.2413e-1 -5.6641e-1 0.0000e+0
    outer loop
      vertex -1.1699e+1 7.5977e+0 0.0000e+0
      vertex -1.1286e+1 8.1996e+0 1.6670e+2
      vertex -1.1699e+1 7.5977e+0 1.6670e+2
    endloop
  endfacet
  facet normal -8.2413e-1 5.6641e-1 0.0000e+0
    outer loop
      vertex -1.3713e+1 9.9630e+0 0.0000e+0
      vertex -1.4215e+1 9.2316e+0 0.0000e+0
      vertex -1.3713e+1 9.9630e+0 1.6670e+2
    endloop
  endfacet
  facet normal -8.2413e-1 5.6641e-1 0.0000e+0
    outer loop
      vertex -1.4215e+1 9.2316e+0 0.0000e+0
      vertex -1.4215e+1 9.2316e+0 1.6670e+2
      vertex -1.3713e+1 9.9630e+0 1.6670e+2
    endloop
  endfacet
  facet normal 5.8285e-1 -4.0058e-1 -7.0699e-1
    outer loop
      vertex -1.1286e+1 8.1996e+0 1.6670e+2
      vertex -4.6114e+0 3.3504e+0 1.7495e+2
      vertex -1.1699e+1 7.5977e+0 1.6670e+2
    endloop
  endfacet
  facet normal 5.8285e-1 -4.0058e-1 -7.0699e-1
    outer loop
      vertex -1.1699e+1 7.5977e+0 1.6670e+2
      vertex -4.6114e+0 3.3504e+0 1.7495e+2
      vertex -4.7804e+0 3.1044e+0 1.7495e+2
    endloop
  endfacet
  facet normal -5.8285e-1 4.0058e-1 7.0699e-1
    outer loop
      vertex -1.3713e+1 9.9630e+0 1.6670e+2
      vertex -1.4215e+1 9.2316e+0 1.6670e+2
      vertex -7.0384e+0 5.1137e+0 1.7495e+2
    endloop
  endfacet
  facet normal -5.8285e-1 4.0058e-1 7.0699e-1
    outer loop
      vertex -1.4215e+1 9.2316e+0 1.6670e+2
      vertex -7.2964e+0 4.7384e+0 1.7495e+2
      vertex -7.0384e+0 5.1137e+0 1.7495e+2
    endloop
  endfacet
  facet normal 7.9606e-1 -5.4712e-1 2.5874e-1
    outer loop
      vertex -4.6114e+0 3.3504e+0 1.7495e+2
      vertex -6.5126e+0 4.7317e+0 1.8372e+2
      vertex -4.7804e+0 3.1044e+0 1.7495e+2
    endloop
  endfacet
  facet normal 7.9606e-1 -5.4712e-1 2.5874e-1
    outer loop
      vertex -4.7804e+0 3.1044e+0 1.7495e+2
      vertex -6.5126e+0 4.7317e+0 1.8372e+2
      vertex -6.7513e+0 4.3843e+0 1.8372e+2
    endloop
  endfacet
  facet normal -7.9606e-1 5.4712e-1 -2.5874e-1
    outer loop
      vertex -7.0384e+0 5.1137e+0 1.7495e+2
      vertex -7.2964e+0 4.7384e+0 1.7495e+2
      vertex -8.9396e+0 6.4950e+0 1.8372e+2
    endloop
  endfacet
  facet normal -7.9606e-1 5.4712e-1 -2.5874e-1
    outer loop
      vertex -7.2964e+0 4.7384e+0 1.7495e+2
      vertex -9.2673e+0 6.0183e+0 1.8372e+2
      vertex -8.9396e+0 6.4950e+0 1.8372e+2
    endloop
  endfacet
  facet normal 0.0000e+0 0.0000e+0 -1.0000e+0
    outer loop
      vertex -1.1286e+1 8.1996e+0 0.0000e+0
      vertex -1.1699e+1 7.5977e+0 0.0000e+0
      vertex -1.3713e+1 9.9630e+0 0.0000e+0
    endloop
  endfacet
  facet normal 0.0000e+0 0.0000e+0 -1.0000e+0
    outer loop
      vertex -1.1699e+1 7.5977e+0 0.0000e+0
      vertex -1.4215e+1 9.2316e+0 0.0000e+0
      vertex -1.3713e+1 9.9630e+0 0.0000e+0
    endloop
  endfacet
  facet normal 0.0000e+0 0.0000e+0 1.0000e+0
    outer loop
      vertex -6.5126e+0 4.7317e+0 1.8372e+2
      vertex -8.9396e+0 6.4950e+0 1.8372e+2
      vertex -6.7513e+0 4.3843e+0 1.8372e+2
    endloop
  endfacet
  facet normal 0.0000e+0 0.0000e+0 1.0000e+0
    outer loop
      vertex -6.7513e+0 4.3843e+0 1.8372e+2
      vertex -8.9396e+0 6.4950e+0 1.8372e+2
      vertex -9.2673e+0 6.0183e+0 1.8372e+2
    endloop
  endfacet
  facet normal 8.5264e-1 -5.2250e-1 0.0000e+0
    outer loop
      vertex -1.1699e+1 7.5977e+0 0.0000e+0
      vertex -1.1699e+1 7.5977e+0 1.6670e+2
      vertex -1.2081e+1 6.9750e+0 0.0000e+0
    endloop
  endfacet
  facet normal 8.5264e-1 -5.2250e-1 0.0000e+0
    outer loop
      vertex -1.2081e+1 6.9750e+0 0.0000e+0
      vertex -1.1699e+1 7.5977e+0 1.6670e+2
      vertex -1.2081e+1 6.9750e+0 1.6670e+2
    endloop
  endfacet
  facet normal -8.5264e-1 5.2250e-1 0.0000e+0
    outer loop
      vertex -1.4215e+1 9.2316e+0 0.0000e+0
      vertex -1.4679e+1 8.4750e+0 0.0000e+0
      vertex -1.4215e+1 9.2316e+0 1.6670e+2
    endloop
  endfacet
  facet normal -8.5264e-1 5.2250e-1 0.0000e+0
    outer loop
      vertex -1.4679e+1 8.4750e+0 0.0000e+0
      vertex -1.4679e+1 8.4750e+0 1.6670e+2
      vertex -1.4215e+1 9.2316e+0 1.6670e+2
    endloop
  endfacet
  facet normal 6.0301e-1 -3.6953e-1 -7.0699e-1
    outer loop
      vertex -1.1699e+1 7.5977e+0 1.6670e+2
      vertex -4.7804e+0 3.1044e+0 1.7495e+2
      vertex -1.2081e+1 6.9750e+0 1.6670e+2
    endloop
  endfacet
  facet normal 6.0301e-1 -3.6953e-1 -7.0699e-1
    outer loop
      vertex -1.2081e+1 6.9750e+0 1.6670e+2
      vertex -4.7804e+0 3.1044e+0 1.7495e+2
      vertex -4.9363e+0 2.8500e+0 1.7495e+2
    endloop
  endfacet
  facet normal -6.0301e-1 3.6953e-1 7.0699e-1
    outer loop
      vertex -1.4215e+1 9.2316e+0 1.6670e+2
      vertex -1.4679e+1 8.4750e+0 1.6670e+2
      vertex -7.2964e+0 4.7384e+0 1.7495e+2
    endloop
  endfacet
  facet normal -6.0301e-1 3.6953e-1 7.0699e-1
    outer loop
      vertex -1.4679e+1 8.4750e+0 1.6670e+2
      vertex -7.5344e+0 4.3500e+0 1.7495e+2
      vertex -7.2964e+0 4.7384e+0 1.7495e+2
    endloop
  endfacet
  facet normal 8.2361e-1 -5.0471e-1 2.5874e-1
    outer loop
      vertex -4.7804e+0 3.1044e+0 1.7495e+2
      vertex -6.7513e+0 4.3843e+0 1.8372e+2
      vertex -4.9363e+0 2.8500e+0 1.7495e+2
    endloop
  endfacet
  facet normal 8.2361e-1 -5.0471e-1 2.5874e-1
    outer loop
      vertex -4.9363e+0 2.8500e+0 1.7495e+2
      vertex -6.7513e+0 4.3843e+0 1.8372e+2
      vertex -6.9715e+0 4.0250e+0 1.8372e+2
    endloop
  endfacet
  facet normal -8.2361e-1 5.0471e-1 -2.5874e-1
    outer loop
      vertex -7.2964e+0 4.7384e+0 1.7495e+2
      vertex -7.5344e+0 4.3500e+0 1.7495e+2
      vertex -9.2673e+0 6.0183e+0 1.8372e+2
    endloop
  endfacet
  facet normal -8.2361e-1 5.0471e-1 -2.5874e-1
    outer loop
      vertex -7.5344e+0 4.3500e+0 1.7495e+2
      vertex -9.5696e+0 5.5250e+0 1.8372e+2
      vertex -9.2673e+0 6.0183e+0 1.8372e+2
    endloop
  endfacet
  facet normal 0.0000e+0 0.0000e+0 -1.0000e+0
    outer loop
      vertex -1.1699e+1 7.5977e+0 0.0000e+0
      vertex -1.2081e+1 6.9750e+0 0.0000e+0
      vertex -1.4215e+1 9.2316e+0 0.0000e+0
    endloop
  endfacet
  facet normal 0.0000e+0 0.0000e+0 -1.0000e+0
    outer loop
      vertex -1.2081e+1 6.9750e+0 0.0000e+0
      vertex -1.4679e+1 8.4750e+0 0.0000e+0
      vertex -1.4215e+1 9.2316e+0 0.0000e+0
    endloop
  endfacet
  facet normal 0.0000e+0 0.0000e+0 1.0000e+0
    outer loop
      vertex -6.7513e+0 4.3843e+0 1.8372e+2
      vertex -9.2673e+0 6.0183e+0 1.8372e+2
      vertex -6.9715e+0 4.0250e+0 1.8372e+2
    endloop
  endfacet
  facet normal 0.0000e+0 0.0000e+0 1.0000e+0
    outer loop
      vertex -6.9715e+0 4.0250e+0 1.8372e+2
      vertex -9.2673e+0 6.0183e+0 1.8372e+2
      vertex -9.5696e+0 5.5250e+0 1.8372e+2
    endloop
  endfacet
  facet normal 8.7882e-1 -4.7716e-1 0.0000e+0
    outer loop
      vertex -1.2081e+1 6.9750e+0 0.0000e+0
      vertex -1.2081e+1 6.9750e+0 1.6670e+2
      vertex -1.2430e+1 6.3332e+0 0.0000e+0
    endloop
  endfacet
  facet normal 8.7882e-1 -4.7716e-1 0.0000e+0
    outer loop
      vertex -1.2430e+1 6.3332e+0 0.0000e+0
      vertex -1.2081e+1 6.9750e+0 1.6670e+2
      vertex -1.2430e+1 6.3332e+0 1.6670e+2
    endloop
  endfacet
  facet normal -8.7882e-1 4.7716e-1 0.0000e+0
    outer loop
      vertex -1.4679e+1 8.4750e+0 0.0000e+0
      vertex -1.5103e+1 7.6951e+0 0.0000e+0
      vertex -1.4679e+1 8.4750e+0 1.6670e+2
    endloop
  endfacet
  facet normal -8.7882e-1 4.7716e-1 0.0000e+0
    outer loop
      vertex -1.5103e+1 7.6951e+0 0.0000e+0
      vertex -1.5103e+1 7.6951e+0 1.6670e+2
      vertex -1.4679e+1 8.4750e+0 1.6670e+2
    endloop
  endfacet
  facet normal 6.2152e-1 -3.3746e-1 -7.0699e-1
    outer loop
      vertex -1.2081e+1 6.9750e+0 1.6670e+2
      vertex -4.9363e+0 2.8500e+0 1.7495e+2
      vertex -1.2430e+1 6.3332e+0 1.6670e+2
    endloop
  endfacet
  facet normal 6.2152e-1 -3.3746e-1 -7.0699e-1
    outer loop
      vertex -1.2430e+1 6.3332e+0 1.6670e+2
      vertex -4.9363e+0 2.8500e+0 1.7495e+2
      vertex -5.0787e+0 2.5877e+0 1.7495e+2
    endloop
  endfacet
  facet normal -6.2152e-1 3.3746e-1 7.0699e-1
    outer loop
      vertex -1.4679e+1 8.4750e+0 1.6670e+2
      vertex -1.5103e+1 7.6951e+0 1.6670e+2
      vertex -7.5344e+0 4.3500e+0 1.7495e+2
    endloop
  endfacet
  facet normal -6.2152e-1 3.3746e-1 7.0699e-1
    outer loop
      vertex -1.5103e+1 7.6951e+0 1.6670e+2
      vertex -7.7518e+0 3.9497e+0 1.7495e+2
      vertex -7.5344e+0 4.3500e+0 1.7495e+2
    endloop
  endfacet
  facet normal 8.4889e-1 -4.6091e-1 2.5874e-1
    outer loop
      vertex -4.9363e+0 2.8500e+0 1.7495e+2
      vertex -6.9715e+0 4.0250e+0 1.8372e+2
      vertex -5.0787e+0 2.5877e+0 1.7495e+2
    endloop
  endfacet
  facet normal 8.4889e-1 -4.6091e-1 2.5874e-1
    outer loop
      vertex -5.0787e+0 2.5877e+0 1.7495e+2
      vertex -6.9715e+0 4.0250e+0 1.8372e+2
      vertex -7.1726e+0 3.6546e+0 1.8372e+2
    endloop
  endfacet
  facet normal -8.4889e-1 4.6091e-1 -2.5874e-1
    outer loop
      vertex -7.5344e+0 4.3500e+0 1.7495e+2
      vertex -7.7518e+0 3.9497e+0 1.7495e+2
      vertex -9.5696e+0 5.5250e+0 1.8372e+2
    endloop
  endfacet
  facet normal -8.4889e-1 4.6091e-1 -2.5874e-1
    outer loop
      vertex -7.7518e+0 3.9497e+0 1.7495e+2
      vertex -9.8456e+0 5.0166e+0 1.8372e+2
      vertex -9.5696e+0 5.5250e+0 1.8372e+2
    endloop
  endfacet
  facet normal 0.0000e+0 0.0000e+0 -1.0000e+0
    outer loop
      vertex -1.2081e+1 6.9750e+0 0.0000e+0
      vertex -1.2430e+1 6.3332e+0 0.0000e+0
      vertex -1.4679e+1 8.4750e+0 0.0000e+0
    endloop
  endfacet
  facet normal 0.0000e+0 0.0000e+0 -1.0000e+0
    outer loop
      vertex -1.2430e+1 6.3332e+0 0.0000e+0
      vertex -1.5103e+1 7.6951e+0 0.0000e+0
      vertex -1.4679e+1 8.4750e+0 0.0000e+0
    endloop
  endfacet
  facet normal 0.0000e+0 0.0000e+0 1.0000e+0
    outer loop
      vertex -6.9715e+0 4.0250e+0 1.8372e+2
      vertex -9.5696e+0 5.5250e+0 1.8372e+2
      vertex -7.1726e+0 3.6546e+0 1.8372e+2
    endloop
  endfacet
  facet normal 0.0000e+0 0.0000e+0 1.0000e+0
    outer loop
      vertex -7.1726e+0 3.6546e+0 1.8372e+2
      vertex -9.5696e+0 5.5250e+0 1.8372e+2
      vertex -9.8456e+0 5.0166e+0 1.8372e+2
    endloop
  endfacet
  facet normal 9.0259e-1 -4.3051e-1 0.0000e+0
    outer loop
      vertex -1.2430e+1 6.3332e+0 0.0000e+0
      vertex -1.2430e+1 6.3332e+0 1.6670e+2
      vertex -1.2744e+1 5.6740e+0 0.0000e+0
    endloop
  endfacet
  facet normal 9.0259e-1 -4.3051e-1 0.0000e+0
    outer loop
      vertex -1.2744e+1 5.6740e+0 0.0000e+0
      vertex -1.2430e+1 6.3332e+0 1.6670e+2
      vertex -1.2744e+1 5.6740e+0 1.6670e+2
    endloop
  endfacet
  facet normal -9.0259e-1 4.3051e-1 0.0000e+0
    outer loop
      vertex -1.5103e+1 7.6951e+0 0.0000e+0
      vertex -1.5485e+1 6.8942e+0 0.0000e+0
      vertex -1.5103e+1 7.6951e+0 1.6670e+2
    endloop
  endfacet
  facet normal -9.0259e-1 4.3051e-1 0.0000e+0
    outer loop
      vertex -1.5485e+1 6.8942e+0 0.0000e+0
      vertex -1.5485e+1 6.8942e+0 1.6670e+2
      vertex -1.5103e+1 7.6951e+0 1.6670e+2
    endloop
  endfacet
  facet normal 6.3833e-1 -3.0447e-1 -7.0699e-1
    outer loop
      vertex -1.2430e+1 6.3332e+0 1.6670e+2
      vertex -5.0787e+0 2.5877e+0 1.7495e+2
      vertex -1.2744e+1 5.6740e+0 1.6670e+2
    endloop
  endfacet
  facet normal 6.3833e-1 -3.0447e-1 -7.0699e-1
    outer loop
      vertex -1.2744e+1 5.6740e+0 1.6670e+2
      vertex -5.0787e+0 2.5877e+0 1.7495e+2
      vertex -5.2072e+0 2.3184e+0 1.7495e+2
    endloop
  endfacet
  facet normal -6.3833e-1 3.0447e-1 7.0699e-1
    outer loop
      vertex -1.5103e+1 7.6951e+0 1.6670e+2
      vertex -1.5485e+1 6.8942e+0 1.6670e+2
      vertex -7.7518e+0 3.9497e+0 1.7495e+2
    endloop
  endfacet
  facet normal -6.3833e-1 3.0447e-1 7.0699e-1
    outer loop
      vertex -1.5485e+1 6.8942e+0 1.6670e+2
      vertex -7.9478e+0 3.5386e+0 1.7495e+2
      vertex -7.7518e+0 3.9497e+0 1.7495e+2
    endloop
  endfacet
  facet normal 8.7185e-1 -4.1585e-1 2.5874e-1
    outer loop
      vertex -5.0787e+0 2.5877e+0 1.7495e+2
      vertex -7.1726e+0 3.6546e+0 1.8372e+2
      vertex -5.2072e+0 2.3184e+0 1.7495e+2
    endloop
  endfacet
  facet normal 8.7185e-1 -4.1585e-1 2.5874e-1
    outer loop
      vertex -5.2072e+0 2.3184e+0 1.7495e+2
      vertex -7.1726e+0 3.6546e+0 1.8372e+2
      vertex -7.3540e+0 3.2742e+0 1.8372e+2
    endloop
  endfacet
  facet normal -8.7185e-1 4.1585e-1 -2.5874e-1
    outer loop
      vertex -7.7518e+0 3.9497e+0 1.7495e+2
      vertex -7.9478e+0 3.5386e+0 1.7495e+2
      vertex -9.8456e+0 5.0166e+0 1.8372e+2
    endloop
  endfacet
  facet normal -8.7185e-1 4.1585e-1 -2.5874e-1
    outer loop
      vertex -7.9478e+0 3.5386e+0 1.7495e+2
      vertex -1.0095e+1 4.4944e+0 1.8372e+2
      vertex -9.8456e+0 5.0166e+0 1.8372e+2
    endloop
  endfacet
  facet normal 0.0000e+0 0.0000e+0 -1.0000e+0
    outer loop
      vertex -1.2430e+1 6.3332e+0 0.0000e+0
      vertex -1.2744e+1 5.6740e+0 0.0000e+0
      vertex -1.5103e+1 7.6951e+0 0.0000e+0
    endloop
  endfacet
  facet normal 0.0000e+0 0.0000e+0 -1.0000e+0
    outer loop
      vertex -1.2744e+1 5.6740e+0 0.0000e+0
      vertex -1.5485e+1 6.8942e+0 0.0000e+0
      vertex -1.5103e+1 7.6951e+0 0.0000e+0
    endloop
  endfacet
  facet normal 0.0000e+0 0.0000e+0 1.0000e+0
    outer loop
      vertex -7.1726e+0 3.6546e+0 1.8372e+2
      vertex -9.8456e+0 5.0166e+0 1.8372e+2
      vertex -7.3540e+0 3.2742e+0 1.8372e+2
    endloop
  endfacet
  facet normal 0.0000e+0 0.0000e+0 1.0000e+0
    outer loop
      vertex -7.3540e+0 3.2742e+0 1.8372e+2
      vertex -9.8456e+0 5.0166e+0 1.8372e+2
      vertex -1.0095e+1 4.4944e+0 1.8372e+2
    endloop
  endfacet
  facet normal 9.2388e-1 -3.8268e-1 0.0000e+0
    outer loop
      vertex -1.2744e+1 5.6740e+0 0.0000e+0
      vertex -1.2744e+1 5.6740e+0 1.6670e+2
      vertex -1.3023e+1 4.9992e+0 0.0000e+0
    endloop
  endfacet
  facet normal 9.2388e-1 -3.8268e-1 0.0000e+0
    outer loop
      vertex -1.3023e+1 4.9992e+0 0.0000e+0
      vertex -1.2744e+1 5.6740e+0 1.6670e+2
      vertex -1.3023e+1 4.9992e+0 1.6670e+2
    endloop
  endfacet
  facet normal -9.2388e-1 3.8268e-1 0.0000e+0
    outer loop
      vertex -1.5485e+1 6.8942e+0 0.0000e+0
      vertex -1.5824e+1 6.0743e+0 0.0000e+0
      vertex -1.5485e+1 6.8942e+0 1.6670e+2
    endloop
  endfacet
  facet normal -9.2388e-1 3.8268e-1 0.0000e+0
    outer loop
      vertex -1.5824e+1 6.0743e+0 0.0000e+0
      vertex -1.5824e+1 6.0743e+0 1.6670e+2
      vertex -1.5485e+1 6.8942e+0 1.6670e+2
    endloop
  endfacet
  facet normal 6.5339e-1 -2.7064e-1 -7.0699e-1
    outer loop
      vertex -1.2744e+1 5.6740e+0 1.6670e+2
      vertex -5.2072e+0 2.3184e+0 1.7495e+2
      vertex -1.3023e+1 4.9992e+0 1.6670e+2
    endloop
  endfacet
  facet normal 6.5339e-1 -2.7064e-1 -7.0699e-1
    outer loop
      vertex -1.3023e+1 4.9992e+0 1.6670e+2
      vertex -5.2072e+0 2.3184e+0 1.7495e+2
      vertex -5.3214e+0 2.0427e+0 1.7495e+2
    endloop
  endfacet
  facet normal -6.5339e-1 2.7064e-1 7.0699e-1
    outer loop
      vertex -1.5485e+1 6.8942e+0 1.6670e+2
      vertex -1.5824e+1 6.0743e+0 1.6670e+2
      vertex -7.9478e+0 3.5386e+0 1.7495e+2
    endloop
  endfacet
  facet normal -6.5339e-1 2.7064e-1 7.0699e-1
    outer loop
      vertex -1.5824e+1 6.0743e+0 1.6670e+2
      vertex -8.1221e+0 3.1178e+0 1.7495e+2
      vertex -7.9478e+0 3.5386e+0 1.7495e+2
    endloop
  endfacet
  facet normal 8.9242e-1 -3.6965e-1 2.5874e-1
    outer loop
      vertex -5.2072e+0 2.3184e+0 1.7495e+2
      vertex -7.3540e+0 3.2742e+0 1.8372e+2
      vertex -5.3214e+0 2.0427e+0 1.7495e+2
    endloop
  endfacet
  facet normal 8.9242e-1 -3.6965e-1 2.5874e-1
    outer loop
      vertex -5.3214e+0 2.0427e+0 1.7495e+2
      vertex -7.3540e+0 3.2742e+0 1.8372e+2
      vertex -7.5153e+0 2.8849e+0 1.8372e+2
    endloop
  endfacet
  facet normal -8.9242e-1 3.6965e-1 -2.5874e-1
    outer loop
      vertex -7.9478e+0 3.5386e+0 1.7495e+2
      vertex -8.1221e+0 3.1178e+0 1.7495e+2
      vertex -1.0095e+1 4.4944e+0 1.8372e+2
    endloop
  endfacet
  facet normal -8.9242e-1 3.6965e-1 -2.5874e-1
    outer loop
      vertex -8.1221e+0 3.1178e+0 1.7495e+2
      vertex -1.0316e+1 3.9600e+0 1.8372e+2
      vertex -1.0095e+1 4.4944e+0 1.8372e+2
    endloop
  endfacet
  facet normal 0.0000e+0 0.0000e+0 -1.0000e+0
    outer loop
      vertex -1.2744e+1 5.6740e+0 0.0000e+0
      vertex -1.3023e+1 4.9992e+0 0.0000e+0
      vertex -1.5485e+1 6.8942e+0 0.0000e+0
    endloop
  endfacet
  facet normal 0.0000e+0 0.0000e+0 -1.0000e+0
    outer loop
      vertex -1.3023e+1 4.9992e+0 0.0000e+0
      vertex -1.5824e+1 6.0743e+0 0.0000e+0
      vertex -1.5485e+1 6.8942e+0 0.0000e+0
    endloop
  endfacet
  facet normal 0.0000e+0 0.0000e+0 1.0000e+0
    outer loop
      vertex -7.3540e+0 3.2742e+0 1.8372e+2
      vertex -1.0095e+1 4.4944e+0 1.8372e+2
      vertex -7.5153e+0 2.8849e+0 1.8372e+2
    endloop
  endfacet
  facet normal 0.0000e+0 0.0000e+0 1.0000e+0
    outer loop
      vertex -7.5153e+0 2.8849e+0 1.8372e+2
      vertex -1.0095e+1 4.4944e+0 1.8372e+2
      vertex -1.0316e+1 3.9600e+0 1.8372e+2
    endloop
  endfacet
  facet normal 9.4264e-1 -3.3381e-1 0.0000e+0
    outer loop
      vertex -1.3023e+1 4.9992e+0 0.0000e+0
      vertex -1.3023e+1 4.9992e+0 1.6670e+2
      vertex -1.3267e+1 4.3108e+0 0.0000e+0
    endloop
  endfacet
  facet normal 9.4264e-1 -3.3381e-1 0.0000e+0
    outer loop
      vertex -1.3267e+1 4.3108e+0 0.0000e+0
      vertex -1.3023e+1 4.9992e+0 1.6670e+2
      vertex -1.3267e+1 4.3108e+0 1.6670e+2
    endloop
  endfacet
  facet normal -9.4264e-1 3.3381e-1 0.0000e+0
    outer loop
      vertex -1.5824e+1 6.0743e+0 0.0000e+0
      vertex -1.6120e+1 5.2378e+0 0.0000e+0
      vertex -1.5824e+1 6.0743e+0 1.6670e+2
    endloop
  endfacet
  facet normal -9.4264e-1 3.3381e-1 0.0000e+0
    outer loop
      vertex -1.6120e+1 5.2378e+0 0.0000e+0
      vertex -1.6120e+1 5.2378e+0 1.6670e+2
      vertex -1.5824e+1 6.0743e+0 1.6670e+2
    endloop
  endfacet
  facet normal 6.6666e-1 -2.3608e-1 -7.0699e-1
    outer loop
      vertex -1.3023e+1 4.9992e+0 1.6670e+2
      vertex -5.3214e+0 2.0427e+0 1.7495e+2
      vertex -1.3267e+1 4.3108e+0 1.6670e+2
    endloop
  endfacet
  facet normal 6.6666e-1 -2.3608e-1 -7.0699e-1
    outer loop
      vertex -1.3267e+1 4.3108e+0 1.6670e+2
      vertex -5.3214e+0 2.0427e+0 1.7495e+2
      vertex -5.4210e+0 1.7614e+0 1.7495e+2
    endloop
  endfacet
  facet normal -6.6666e-1 2.3608e-1 7.0699e-1
    outer loop
      vertex -1.5824e+1 6.0743e+0 1.6670e+2
      vertex -1.6120e+1 5.2378e+0 1.6670e+2
      vertex -8.1221e+0 3.1178e+0 1.7495e+2
    endloop
  endfacet
  facet normal -6.6666e-1 2.3608e-1 7.0699e-1
    outer loop
      vertex -1.6120e+1 5.2378e+0 1.6670e+2
      vertex -8.2742e+0 2.6884e+0 1.7495e+2
      vertex -8.1221e+0 3.1178e+0 1.7495e+2
    endloop
  endfacet
  facet normal 9.1054e-1 -3.2244e-1 2.5874e-1
    outer loop
      vertex -5.3214e+0 2.0427e+0 1.7495e+2
      vertex -7.5153e+0 2.8849e+0 1.8372e+2
      vertex -5.4210e+0 1.7614e+0 1.7495e+2
    endloop
  endfacet
  facet normal 9.1054e-1 -3.2244e-1 2.5874e-1
    outer loop
      vertex -5.4210e+0 1.7614e+0 1.7495e+2
      vertex -7.5153e+0 2.8849e+0 1.8372e+2
      vertex -7.6560e+0 2.4876e+0 1.8372e+2
    endloop
  endfacet
  facet normal -9.1054e-1 3.2244e-1 -2.5874e-1
    outer loop
      vertex -8.1221e+0 3.1178e+0 1.7495e+2
      vertex -8.2742e+0 2.6884e+0 1.7495e+2
      vertex -1.0316e+1 3.9600e+0 1.8372e+2
    endloop
  endfacet
  facet normal -9.1054e-1 3.2244e-1 -2.5874e-1
    outer loop
      vertex -8.2742e+0 2.6884e+0 1.7495e+2
      vertex -1.0509e+1 3.4146e+0 1.8372e+2
      vertex -1.0316e+1 3.9600e+0 1.8372e+2
    endloop
  endfacet
  facet normal 0.0000e+0 0.0000e+0 -1.0000e+0
    outer loop
      vertex -1.3023e+1 4.9992e+0 0.0000e+0
      vertex -1.3267e+1 4.3108e+0 0.0000e+0
      vertex -1.5824e+1 6.0743e+0 0.0000e+0
    endloop
  endfacet
  facet normal 0.0000e+0 0.0000e+0 -1.0000e+0
    outer loop
      vertex -1.3267e+1 4.3108e+0 0.0000e+0
      vertex -1.6120e+1 5.2378e+0 0.0000e+0
      vertex -1.5824e+1 6.0743e+0 0.0000e+0
    endloop
  endfacet
  facet normal 0.0000e+0 0.0000e+0 1.0000e+0
    outer loop
      vertex -7.5153e+0 2.8849e+0 1.8372e+2
      vertex -1.0316e+1 3.9600e+0 1.8372e+2
      vertex -7.6560e+0 2.4876e+0 1.8372e+2
    endloop
  endfacet
  facet normal 0.0000e+0 0.0000e+0 1.0000e+0
    outer loop
      vertex -7.6560e+0 2.4876e+0 1.8372e+2
      vertex -1.0316e+1 3.9600e+0 1.8372e+2
      vertex -1.0509e+1 3.4146e+0 1.8372e+2
    endloop
  endfacet
  facet normal 9.5882e-1 -2.8402e-1 0.0000e+0
    outer loop
      vertex -1.3267e+1 4.3108e+0 0.0000e+0
      vertex -1.3267e+1 4.3108e+0 1.6670e+2
      vertex -1.3475e+1 3.6105e+0 0.0000e+0
    endloop
  endfacet
  facet normal 9.5882e-1 -2.8402e-1 0.0000e+0
    outer loop
      vertex -1.3475e+1 3.6105e+0 0.0000e+0
      vertex -1.3267e+1 4.3108e+0 1.6670e+2
      vertex -1.3475e+1 3.6105e+0 1.6670e+2
    endloop
  endfacet
  facet normal -9.5882e-1 2.8402e-1 0.0000e+0
    outer loop
      vertex -1.6120e+1 5.2378e+0 0.0000e+0
      vertex -1.6372e+1 4.3870e+0 0.0000e+0
      vertex -1.6120e+1 5.2378e+0 1.6670e+2
    endloop
  endfacet
  facet normal -9.5882e-1 2.8402e-1 0.0000e+0
    outer loop
      vertex -1.6372e+1 4.3870e+0 0.0000e+0
      vertex -1.6372e+1 4.3870e+0 1.6670e+2
      vertex -1.6120e+1 5.2378e+0 1.6670e+2
    endloop
  endfacet
  facet normal 6.7810e-1 -2.0086e-1 -7.0699e-1
    outer loop
      vertex -1.3267e+1 4.3108e+0 1.6670e+2
      vertex -5.4210e+0 1.7614e+0 1.7495e+2
      vertex -1.3475e+1 3.6105e+0 1.6670e+2
    endloop
  endfacet
  facet normal 6.7810e-1 -2.0086e-1 -7.0699e-1
    outer loop
      vertex -1.3475e+1 3.6105e+0 1.6670e+2
      vertex -5.4210e+0 1.7614e+0 1.7495e+2
      vertex -5.5058e+0 1.4753e+0 1.7495e+2
    endloop
  endfacet
  facet normal -6.7810e-1 2.0086e-1 7.0699e-1
    outer loop
      vertex -1.6120e+1 5.2378e+0 1.6670e+2
      vertex -1.6372e+1 4.3870e+0 1.6670e+2
      vertex -8.2742e+0 2.6884e+0 1.7495e+2
    endloop
  endfacet
  facet normal -6.7810e-1 2.0086e-1 7.0699e-1
    outer loop
      vertex -1.6372e+1 4.3870e+0 1.6670e+2
      vertex -8.4036e+0 2.2517e+0 1.7495e+2
      vertex -8.2742e+0 2.6884e+0 1.7495e+2
    endloop
  endfacet
  facet normal 9.2617e-1 -2.7434e-1 2.5874e-1
    outer loop
      vertex -5.4210e+0 1.7614e+0 1.7495e+2
      vertex -7.6560e+0 2.4876e+0 1.8372e+2
      vertex -5.5058e+0 1.4753e+0 1.7495e+2
    endloop
  endfacet
  facet normal 9.2617e-1 -2.7434e-1 2.5874e-1
    outer loop
      vertex -5.5058e+0 1.4753e+0 1.7495e+2
      vertex -7.6560e+0 2.4876e+0 1.8372e+2
      vertex -7.7757e+0 2.0835e+0 1.8372e+2
    endloop
  endfacet
  facet normal -9.2617e-1 2.7434e-1 -2.5874e-1
    outer loop
      vertex -8.2742e+0 2.6884e+0 1.7495e+2
      vertex -8.4036e+0 2.2517e+0 1.7495e+2
      vertex -1.0509e+1 3.4146e+0 1.8372e+2
    endloop
  endfacet
  facet normal -9.2617e-1 2.7434e-1 -2.5874e-1
    outer loop
      vertex -8.4036e+0 2.2517e+0 1.7495e+2
      vertex -1.0673e+1 2.8600e+0 1.8372e+2
      vertex -1.0509e+1 3.4146e+0 1.8372e+2
    endloop
  endfacet
  facet normal 0.0000e+0 0.0000e+0 -1.0000e+0
    outer loop
      vertex -1.3267e+1 4.3108e+0 0.0000e+0
      vertex -1.3475e+1 3.6105e+0 0.0000e+0
      vertex -1.6120e+1 5.2378e+0 0.0000e+0
    endloop
  endfacet
  facet normal 0.0000e+0 0.0000e+0 -1.0000e+0
    outer loop
      vertex -1.3475e+1 3.6105e+0 0.0000e+0
      vertex -1.6372e+1 4.3870e+0 0.0000e+0
      vertex -1.6120e+1 5.2378e+0 0.0000e+0
    endloop
  endfacet
  facet normal 0.0000e+0 0.0000e+0 1.0000e+0
    outer loop
      vertex -7.6560e+0 2.4876e+0 1.8372e+2
      vertex -1.0509e+1 3.4146e+0 1.8372e+2
      vertex -7.7757e+0 2.0835e+0 1.8372e+2
    endloop
  endfacet
  facet normal 0.0000e+0 0.0000e+0 1.0000e+0
    outer loop
      vertex -7.7757e+0 2.0835e+0 1.8372e+2
      vertex -1.0509e+1 3.4146e+0 1.8372e+2
      vertex -1.0673e+1 2.8600e+0 1.8372e+2
    endloop
  endfacet
  facet normal 9.7237e-1 -2.3345e-1 0.0000e+0
    outer loop
      vertex -1.3475e+1 3.6105e+0 0.0000e+0
      vertex -1.3475e+1 3.6105e+0 1.6670e+2
      vertex -1.3645e+1 2.9004e+0 0.0000e+0
    endloop
  endfacet
  facet normal 9.7237e-1 -2.3345e-1 0.0000e+0
    outer loop
      vertex -1.3645e+1 2.9004e+0 0.0000e+0
      vertex -1.3475e+1 3.6105e+0 1.6670e+2
      vertex -1.3645e+1 2.9004e+0 1.6670e+2
    endloop
  endfacet
  facet normal -9.7237e-1 2.3345e-1 0.0000e+0
    outer loop
      vertex -1.6372e+1 4.3870e+0 0.0000e+0
      vertex -1.6580e+1 3.5241e+0 0.0000e+0
      vertex -1.6372e+1 4.3870e+0 1.6670e+2
    endloop
  endfacet
  facet normal -9.7237e-1 2.3345e-1 0.0000e+0
    outer loop
      vertex -1.6580e+1 3.5241e+0 0.0000e+0
      vertex -1.6580e+1 3.5241e+0 1.6670e+2
      vertex -1.6372e+1 4.3870e+0 1.6670e+2
    endloop
  endfacet
  facet normal 6.8769e-1 -1.6510e-1 -7.0699e-1
    outer loop
      vertex -1.3475e+1 3.6105e+0 1.6670e+2
      vertex -5.5058e+0 1.4753e+0 1.7495e+2
      vertex -1.3645e+1 2.9004e+0 1.6670e+2
    endloop
  endfacet
  facet normal 6.8769e-1 -1.6510e-1 -7.0699e-1
    outer loop
      vertex -1.3645e+1 2.9004e+0 1.6670e+2
      vertex -5.5058e+0 1.4753e+0 1.7495e+2
      vertex -5.5754e+0 1.1851e+0 1.7495e+2
    endloop
  endfacet
  facet normal -6.8769e-1 1.6510e-1 7.0699e-1
    outer loop
      vertex -1.6372e+1 4.3870e+0 1.6670e+2
      vertex -1.6580e+1 3.5241e+0 1.6670e+2
      vertex -8.4036e+0 2.2517e+0 1.7495e+2
    endloop
  endfacet
  facet normal -6.8769e-1 1.6510e-1 7.0699e-1
    outer loop
      vertex -1.6580e+1 3.5241e+0 1.6670e+2
      vertex -8.5099e+0 1.8088e+0 1.7495e+2
      vertex -8.4036e+0 2.2517e+0 1.7495e+2
    endloop
  endfacet
  facet normal 9.3926e-1 -2.2550e-1 2.5874e-1
    outer loop
      vertex -5.5058e+0 1.4753e+0 1.7495e+2
      vertex -7.7757e+0 2.0835e+0 1.8372e+2
      vertex -5.5754e+0 1.1851e+0 1.7495e+2
    endloop
  endfacet
  facet normal 9.3926e-1 -2.2550e-1 2.5874e-1
    outer loop
      vertex -5.5754e+0 1.1851e+0 1.7495e+2
      vertex -7.7757e+0 2.0835e+0 1.8372e+2
      vertex -7.8741e+0 1.6737e+0 1.8372e+2
    endloop
  endfacet
  facet normal -9.3926e-1 2.2550e-1 -2.5874e-1
    outer loop
      vertex -8.4036e+0 2.2517e+0 1.7495e+2
      vertex -8.5099e+0 1.8088e+0 1.7495e+2
      vertex -1.0673e+1 2.8600e+0 1.8372e+2
    endloop
  endfacet
  facet normal -9.3926e-1 2.2550e-1 -2.5874e-1
    outer loop
      vertex -8.5099e+0 1.8088e+0 1.7495e+2
      vertex -1.0809e+1 2.2974e+0 1.8372e+2
      vertex -1.0673e+1 2.8600e+0 1.8372e+2
    endloop
  endfacet
  facet normal 0.0000e+0 0.0000e+0 -1.0000e+0
    outer loop
      vertex -1.3475e+1 3.6105e+0 0.0000e+0
      vertex -1.3645e+1 2.9004e+0 0.0000e+0
      vertex -1.6372e+1 4.3870e+0 0.0000e+0
    endloop
  endfacet
  facet normal 0.0000e+0 0.0000e+0 -1.0000e+0
    outer loop
      vertex -1.3645e+1 2.9004e+0 0.0000e+0
      vertex -1.6580e+1 3.5241e+0 0.0000e+0
      vertex -1.6372e+1 4.3870e+0 0.0000e+0
    endloop
  endfacet
  facet normal 0.0000e+0 0.0000e+0 1.0000e+0
    outer loop
      vertex -7.7757e+0 2.0835e+0 1.8372e+2
      vertex -1.0673e+1 2.8600e+0 1.8372e+2
      vertex -7.8741e+0 1.6737e+0 1.8372e+2
    endloop
  endfacet
  facet normal 0.0000e+0 0.0000e+0 1.0000e+0
    outer loop
      vertex -7.8741e+0 1.6737e+0 1.8372e+2
      vertex -1.0673e+1 2.8600e+0 1.8372e+2
      vertex -1.0809e+1 2.2974e+0 1.8372e+2
    endloop
  endfacet
  facet normal 9.8325e-1 -1.8224e-1 0.0000e+0
    outer loop
      vertex -1.3645e+1 2.9004e+0 0.0000e+0
      vertex -1.3645e+1 2.9004e+0 1.6670e+2
      vertex -1.3778e+1 2.1823e+0 0.0000e+0
    endloop
  endfacet
  facet normal 9.8325e-1 -1.8224e-1 0.0000e+0
    outer loop
      vertex -1.3778e+1 2.1823e+0 0.0000e+0
      vertex -1.3645e+1 2.9004e+0 1.6670e+2
      vertex -1.3778e+1 2.1823e+0 1.6670e+2
    endloop
  endfacet
  facet normal -9.8325e-1 1.8224e-1 0.0000e+0
    outer loop
      vertex -1.6580e+1 3.5241e+0 0.0000e+0
      vertex -1.6741e+1 2.6516e+0 0.0000e+0
      vertex -1.6580e+1 3.5241e+0 1.6670e+2
    endloop
  endfacet
  facet normal -9.8325e-1 1.8224e-1 0.0000e+0
    outer loop
      vertex -1.6741e+1 2.6516e+0 0.0000e+0
      vertex -1.6741e+1 2.6516e+0 1.6670e+2
      vertex -1.6580e+1 3.5241e+0 1.6670e+2
    endloop
  endfacet
  facet normal 6.9539e-1 -1.2888e-1 -7.0699e-1
    outer loop
      vertex -1.3645e+1 2.9004e+0 1.6670e+2
      vertex -5.5754e+0 1.1851e+0 1.7495e+2
      vertex -1.3778e+1 2.1823e+0 1.6670e+2
    endloop
  endfacet
  facet normal 6.9539e-1 -1.2888e-1 -7.0699e-1
    outer loop
      vertex -1.3778e+1 2.1823e+0 1.6670e+2
      vertex -5.5754e+0 1.1851e+0 1.7495e+2
      vertex -5.6298e+0 8.9168e-1 1.7495e+2
    endloop
  endfacet
  facet normal -6.9539e-1 1.2888e-1 7.0699e-1
    outer loop
      vertex -1.6580e+1 3.5241e+0 1.6670e+2
      vertex -1.6741e+1 2.6516e+0 1.6670e+2
      vertex -8.5099e+0 1.8088e+0 1.7495e+2
    endloop
  endfacet
  facet normal -6.9539e-1 1.2888e-1 7.0699e-1
    outer loop
      vertex -1.6741e+1 2.6516e+0 1.6670e+2
      vertex -8.5929e+0 1.3610e+0 1.7495e+2
      vertex -8.5099e+0 1.8088e+0 1.7495e+2
    endloop
  endfacet
  facet normal 9.4977e-1 -1.7603e-1 2.5874e-1
    outer loop
      vertex -5.5754e+0 1.1851e+0 1.7495e+2
      vertex -7.8741e+0 1.6737e+0 1.8372e+2
      vertex -5.6298e+0 8.9168e-1 1.7495e+2
    endloop
  endfacet
  facet normal 9.4977e-1 -1.7603e-1 2.5874e-1
    outer loop
      vertex -5.6298e+0 8.9168e-1 1.7495e+2
      vertex -7.8741e+0 1.6737e+0 1.8372e+2
      vertex -7.9509e+0 1.2593e+0 1.8372e+2
    endloop
  endfacet
  facet normal -9.4977e-1 1.7603e-1 -2.5874e-1
    outer loop
      vertex -8.5099e+0 1.8088e+0 1.7495e+2
      vertex -8.5929e+0 1.3610e+0 1.7495e+2
      vertex -1.0809e+1 2.2974e+0 1.8372e+2
    endloop
  endfacet
  facet normal -9.4977e-1 1.7603e-1 -2.5874e-1
    outer loop
      vertex -8.5929e+0 1.3610e+0 1.7495e+2
      vertex -1.0914e+1 1.7286e+0 1.8372e+2
      vertex -1.0809e+1 2.2974e+0 1.8372e+2
    endloop
  endfacet
  facet normal 0.0000e+0 0.0000e+0 -1.0000e+0
    outer loop
      vertex -1.3645e+1 2.9004e+0 0.0000e+0
      vertex -1.3778e+1 2.1823e+0 0.0000e+0
      vertex -1.6580e+1 3.5241e+0 0.0000e+0
    endloop
  endfacet
  facet normal 0.0000e+0 0.0000e+0 -1.0000e+0
    outer loop
      vertex -1.3778e+1 2.1823e+0 0.0000e+0
      vertex -1.6741e+1 2.6516e+0 0.0000e+0
      vertex -1.6580e+1 3.5241e+0 0.0000e+0
    endloop
  endfacet
  facet normal 0.0000e+0 0.0000e+0 1.0000e+0
    outer loop
      vertex -7.8741e+0 1.6737e+0 1.8372e+2
      vertex -1.0809e+1 2.2974e+0 1.8372e+2
      vertex -7.9509e+0 1.2593e+0 1.8372e+2
    endloop
  endfacet
  facet normal 0.0000e+0 0.0000e+0 1.0000e+0
    outer loop
      vertex -7.9509e+0 1.2593e+0 1.8372e+2
      vertex -1.0809e+1 2.2974e+0 1.8372e+2
      vertex -1.0914e+1 1.7286e+0 1.8372e+2
    endloop
  endfacet
  facet normal 9.9144e-1 -1.3053e-1 0.0000e+0
    outer loop
      vertex -1.3778e+1 2.1823e+0 0.0000e+0
      vertex -1.3778e+1 2.1823e+0 1.6670e+2
      vertex -1.3874e+1 1.4582e+0 0.0000e+0
    endloop
  endfacet
  facet normal 9.9144e-1 -1.3053e-1 0.0000e+0
    outer loop
      vertex -1.3874e+1 1.4582e+0 0.0000e+0
      vertex -1.3778e+1 2.1823e+0 1.6670e+2
      vertex -1.3874e+1 1.4582e+0 1.6670e+2
    endloop
  endfacet
  facet normal -9.9144e-1 1.3053e-1 0.0000e+0
    outer loop
      vertex -1.6741e+1 2.6516e+0 0.0000e+0
      vertex -1.6857e+1 1.7718e+0 0.0000e+0
      vertex -1.6741e+1 2.6516e+0 1.6670e+2
    endloop
  endfacet
  facet normal -9.9144e-1 1.3053e-1 0.0000e+0
    outer loop
      vertex -1.6857e+1 1.7718e+0 0.0000e+0
      vertex -1.6857e+1 1.7718e+0 1.6670e+2
      vertex -1.6741e+1 2.6516e+0 1.6670e+2
    endloop
  endfacet
  facet normal 7.0118e-1 -9.2312e-2 -7.0699e-1
    outer loop
      vertex -1.3778e+1 2.1823e+0 1.6670e+2
      vertex -5.6298e+0 8.9168e-1 1.7495e+2
      vertex -1.3874e+1 1.4582e+0 1.6670e+2
    endloop
  endfacet
  facet normal 7.0118e-1 -9.2312e-2 -7.0699e-1
    outer loop
      vertex -1.3874e+1 1.4582e+0 1.6670e+2
      vertex -5.6298e+0 8.9168e-1 1.7495e+2
      vertex -5.6688e+0 5.9581e-1 1.7495e+2
    endloop
  endfacet
  facet normal -7.0118e-1 9.2312e-2 7.0699e-1
    outer loop
      vertex -1.6741e+1 2.6516e+0 1.6670e+2
      vertex -1.6857e+1 1.7718e+0 1.6670e+2
      vertex -8.5929e+0 1.3610e+0 1.7495e+2
    endloop
  endfacet
  facet normal -7.0118e-1 9.2312e-2 7.0699e-1
    outer loop
      vertex -1.6857e+1 1.7718e+0 1.6670e+2
      vertex -8.6523e+0 9.0940e-1 1.7495e+2
      vertex -8.5929e+0 1.3610e+0 1.7495e+2
    endloop
  endfacet
  facet normal 9.5768e-1 -1.2608e-1 2.5874e-1
    outer loop
      vertex -5.6298e+0 8.9168e-1 1.7495e+2
      vertex -7.9509e+0 1.2593e+0 1.8372e+2
      vertex -5.6688e+0 5.9581e-1 1.7495e+2
    endloop
  endfacet
  facet normal 9.5768e-1 -1.2608e-1 2.5874e-1
    outer loop
      vertex -5.6688e+0 5.9581e-1 1.7495e+2
      vertex -7.9509e+0 1.2593e+0 1.8372e+2
      vertex -8.0059e+0 8.4145e-1 1.8372e+2
    endloop
  endfacet
  facet normal -9.5768e-1 1.2608e-1 -2.5874e-1
    outer loop
      vertex -8.5929e+0 1.3610e+0 1.7495e+2
      vertex -8.6523e+0 9.0940e-1 1.7495e+2
      vertex -1.0914e+1 1.7286e+0 1.8372e+2
    endloop
  endfacet
  facet normal -9.5768e-1 1.2608e-1 -2.5874e-1
    outer loop
      vertex -8.6523e+0 9.0940e-1 1.7495e+2
      vertex -1.0989e+1 1.1550e+0 1.8372e+2
      vertex -1.0914e+1 1.7286e+0 1.8372e+2
    endloop
  endfacet
  facet normal 0.0000e+0 0.0000e+0 -1.0000e+0
    outer loop
      vertex -1.3778e+1 2.1823e+0 0.0000e+0
      vertex -1.3874e+1 1.4582e+0 0.0000e+0
      vertex -1.6741e+1 2.6516e+0 0.0000e+0
    endloop
  endfacet
  facet normal 0.0000e+0 0.0000e+0 -1.0000e+0
    outer loop
      vertex -1.3874e+1 1.4582e+0 0.0000e+0
      vertex -1.6857e+1 1.7718e+0 0.0000e+0
      vertex -1.6741e+1 2.6516e+0 0.0000e+0
    endloop
  endfacet
  facet normal 0.0000e+0 0.0000e+0 1.0000e+0
    outer loop
      vertex -7.9509e+0 1.2593e+0 1.8372e+2
      vertex -1.0914e+1 1.7286e+0 1.8372e+2
      vertex -8.0059e+0 8.4145e-1 1.8372e+2
    endloop
  endfacet
  facet normal 0.0000e+0 0.0000e+0 1.0000e+0
    outer loop
      vertex -8.0059e+0 8.4145e-1 1.8372e+2
      vertex -1.0914e+1 1.7286e+0 1.8372e+2
      vertex -1.0989e+1 1.1550e+0 1.8372e+2
    endloop
  endfacet
  facet normal 9.9692e-1 -7.8459e-2 0.0000e+0
    outer loop
      vertex -1.3874e+1 1.4582e+0 0.0000e+0
      vertex -1.3874e+1 1.4582e+0 1.6670e+2
      vertex -1.3931e+1 7.3009e-1 0.0000e+0
    endloop
  endfacet
  facet normal 9.9692e-1 -7.8459e-2 0.0000e+0
    outer loop
      vertex -1.3931e+1 7.3009e-1 0.0000e+0
      vertex -1.3874e+1 1.4582e+0 1.6670e+2
      vertex -1.3931e+1 7.3009e-1 1.6670e+2
    endloop
  endfacet
  facet normal -9.9692e-1 7.8459e-2 0.0000e+0
    outer loop
      vertex -1.6857e+1 1.7718e+0 0.0000e+0
      vertex -1.6927e+1 8.8709e-1 0.0000e+0
      vertex -1.6857e+1 1.7718e+0 1.6670e+2
    endloop
  endfacet
  facet normal -9.9692e-1 7.8459e-2 0.0000e+0
    outer loop
      vertex -1.6927e+1 8.8709e-1 0.0000e+0
      vertex -1.6927e+1 8.8709e-1 1.6670e+2
      vertex -1.6857e+1 1.7718e+0 1.6670e+2
    endloop
  endfacet
  facet normal 7.0505e-1 -5.5488e-2 -7.0699e-1
    outer loop
      vertex -1.3874e+1 1.4582e+0 1.6670e+2
      vertex -5.6688e+0 5.9581e-1 1.7495e+2
      vertex -1.3931e+1 7.3009e-1 1.6670e+2
    endloop
  endfacet
  facet normal 7.0505e-1 -5.5488e-2 -7.0699e-1
    outer loop
      vertex -1.3931e+1 7.3009e-1 1.6670e+2
      vertex -5.6688e+0 5.9581e-1 1.7495e+2
      vertex -5.6922e+0 2.9831e-1 1.7495e+2
    endloop
  endfacet
  facet normal -7.0505e-1 5.5488e-2 7.0699e-1
    outer loop
      vertex -1.6857e+1 1.7718e+0 1.6670e+2
      vertex -1.6927e+1 8.8709e-1 1.6670e+2
      vertex -8.6523e+0 9.0940e-1 1.7495e+2
    endloop
  endfacet
  facet normal -7.0505e-1 5.5488e-2 7.0699e-1
    outer loop
      vertex -1.6927e+1 8.8709e-1 1.6670e+2
      vertex -8.6881e+0 4.5532e-1 1.7495e+2
      vertex -8.6523e+0 9.0940e-1 1.7495e+2
    endloop
  endfacet
  facet normal 9.6297e-1 -7.5787e-2 2.5874e-1
    outer loop
      vertex -5.6688e+0 5.9581e-1 1.7495e+2
      vertex -8.0059e+0 8.4145e-1 1.8372e+2
      vertex -5.6922e+0 2.9831e-1 1.7495e+2
    endloop
  endfacet
  facet normal 9.6297e-1 -7.5787e-2 2.5874e-1
    outer loop
      vertex -5.6922e+0 2.9831e-1 1.7495e+2
      vertex -8.0059e+0 8.4145e-1 1.8372e+2
      vertex -8.0390e+0 4.2130e-1 1.8372e+2
    endloop
  endfacet
  facet normal -9.6297e-1 7.5787e-2 -2.5874e-1
    outer loop
      vertex -8.6523e+0 9.0940e-1 1.7495e+2
      vertex -8.6881e+0 4.5532e-1 1.7495e+2
      vertex -1.0989e+1 1.1550e+0 1.8372e+2
    endloop
  endfacet
  facet normal -9.6297e-1 7.5787e-2 -2.5874e-1
    outer loop
      vertex -8.6881e+0 4.5532e-1 1.7495e+2
      vertex -1.1035e+1 5.7831e-1 1.8372e+2
      vertex -1.0989e+1 1.1550e+0 1.8372e+2
    endloop
  endfacet
  facet normal 0.0000e+0 0.0000e+0 -1.0000e+0
    outer loop
      vertex -1.3874e+1 1.4582e+0 0.0000e+0
      vertex -1.3931e+1 7.3009e-1 0.0000e+0
      vertex -1.6857e+1 1.7718e+0 0.0000e+0
    endloop
  endfacet
  facet normal 0.0000e+0 0.0000e+0 -1.0000e+0
    outer loop
      vertex -1.3931e+1 7.3009e-1 0.0000e+0
      vertex -1.6927e+1 8.8709e-1 0.0000e+0
      vertex -1.6857e+1 1.7718e+0 0.0000e+0
    endloop
  endfacet
  facet normal 0.0000e+0 0.0000e+0 1.0000e+0
    outer loop
      vertex -8.0059e+0 8.4145e-1 1.8372e+2
      vertex -1.0989e+1 1.1550e+0 1.8372e+2
      vertex -8.0390e+0 4.2130e-1 1.8372e+2
    endloop
  endfacet
  facet normal 0.0000e+0 0.0000e+0 1.0000e+0
    outer loop
      vertex -8.0390e+0 4.2130e-1 1.8372e+2
      vertex -1.0989e+1 1.1550e+0 1.8372e+2
      vertex -1.1035e+1 5.7831e-1 1.8372e+2
    endloop
  endfacet
  facet normal 9.9966e-1 -2.6177e-2 0.0000e+0
    outer loop
      vertex -1.3931e+1 7.3009e-1 0.0000e+0
      vertex -1.3931e+1 7.3009e-1 1.6670e+2
      vertex -1.3950e+1 1.7084e-15 0.0000e+0
    endloop
  endfacet
  facet normal 9.9966e-1 -2.6177e-2 0.0000e+0
    outer loop
      vertex -1.3950e+1 1.7084e-15 0.0000e+0
      vertex -1.3931e+1 7.3009e-1 1.6670e+2
      vertex -1.3950e+1 1.7084e-15 1.6670e+2
    endloop
  endfacet
  facet normal -9.9966e-1 2.6177e-2 0.0000e+0
    outer loop
      vertex -1.6927e+1 8.8709e-1 0.0000e+0
      vertex -1.6950e+1 2.0758e-15 0.0000e+0
      vertex -1.6927e+1 8.8709e-1 1.6670e+2
    endloop
  endfacet
  facet normal -9.9966e-1 2.6177e-2 0.0000e+0
    outer loop
      vertex -1.6950e+1 2.0758e-15 0.0000e+0
      vertex -1.6950e+1 2.0758e-15 1.6670e+2
      vertex -1.6927e+1 8.8709e-1 1.6670e+2
    endloop
  endfacet
  facet normal 7.0699e-1 -1.8513e-2 -7.0699e-1
    outer loop
      vertex -1.3931e+1 7.3009e-1 1.6670e+2
      vertex -5.6922e+0 2.9831e-1 1.7495e+2
      vertex -1.3950e+1 1.7084e-15 1.6670e+2
    endloop
  endfacet
  facet normal 7.0699e-1 -1.8513e-2 -7.0699e-1
    outer loop
      vertex -1.3950e+1 1.7084e-15 1.6670e+2
      vertex -5.6922e+0 2.9831e-1 1.7495e+2
      vertex -5.7000e+0 6.9805e-16 1.7495e+2
    endloop
  endfacet
  facet normal -7.0699e-1 1.8513e-2 7.0699e-1
    outer loop
      vertex -1.6927e+1 8.8709e-1 1.6670e+2
      vertex -1.6950e+1 2.0758e-15 1.6670e+2
      vertex -8.6881e+0 4.5532e-1 1.7495e+2
    endloop
  endfacet
  facet normal -7.0699e-1 1.8513e-2 7.0699e-1
    outer loop
      vertex -1.6950e+1 2.0758e-15 1.6670e+2
      vertex -8.7000e+0 1.0654e-15 1.7495e+2
      vertex -8.6881e+0 4.5532e-1 1.7495e+2
    endloop
  endfacet
  facet normal 9.6562e-1 -2.5286e-2 2.5874e-1
    outer loop
      vertex -5.6922e+0 2.9831e-1 1.7495e+2
      vertex -8.0390e+0 4.2130e-1 1.8372e+2
      vertex -5.7000e+0 6.9805e-16 1.7495e+2
    endloop
  endfacet
  facet normal 9.6562e-1 -2.5286e-2 2.5874e-1
    outer loop
      vertex -5.7000e+0 6.9805e-16 1.7495e+2
      vertex -8.0390e+0 4.2130e-1 1.8372e+2
      vertex -8.0500e+0 9.8584e-16 1.8372e+2
    endloop
  endfacet
  facet normal -9.6562e-1 2.5286e-2 -2.5874e-1
    outer loop
      vertex -8.6881e+0 4.5532e-1 1.7495e+2
      vertex -8.7000e+0 1.0654e-15 1.7495e+2
      vertex -1.1035e+1 5.7831e-1 1.8372e+2
    endloop
  endfacet
  facet normal -9.6562e-1 2.5286e-2 -2.5874e-1
    outer loop
      vertex -8.7000e+0 1.0654e-15 1.7495e+2
      vertex -1.1050e+1 1.3532e-15 1.8372e+2
      vertex -1.1035e+1 5.7831e-1 1.8372e+2
    endloop
  endfacet
  facet normal 0.0000e+0 0.0000e+0 -1.0000e+0
    outer loop
      vertex -1.3931e+1 7.3009e-1 0.0000e+0
      vertex -1.3950e+1 1.7084e-15 0.0000e+0
      vertex -1.6927e+1 8.8709e-1 0.0000e+0
    endloop
  endfacet
  facet normal 0.0000e+0 0.0000e+0 -1.0000e+0
    outer loop
      vertex -1.3950e+1 1.7084e-15 0.0000e+0
      vertex -1.6950e+1 2.0758e-15 0.0000e+0
      vertex -1.6927e+1 8.8709e-1 0.0000e+0
    endloop
  endfacet
  facet normal 0.0000e+0 0.0000e+0 1.0000e+0
    outer loop
      vertex -8.0390e+0 4.2130e-1 1.8372e+2
      vertex -1.1035e+1 5.7831e-1 1.8372e+2
      vertex -8.0500e+0 9.8584e-16 1.8372e+2
    endloop
  endfacet
  facet normal 0.0000e+0 0.0000e+0 1.0000e+0
    outer loop
      vertex -8.0500e+0 9.8584e-16 1.8372e+2
      vertex -1.1035e+1 5.7831e-1 1.8372e+2
      vertex -1.1050e+1 1.3532e-15 1.8372e+2
    endloop
  endfacet
  facet normal 9.9966e-1 2.6177e-2 0.0000e+0
    outer loop
      vertex -1.3950e+1 1.7084e-15 0.0000e+0
      vertex -1.3950e+1 1.7084e-15 1.6670e+2
      vertex -1.3931e+1 -7.3009e-1 0.0000e+0
    endloop
  endfacet
  facet normal 9.9966e-1 2.6177e-2 0.0000e+0
    outer loop
      vertex -1.3931e+1 -7.3009e-1 0.0000e+0
      vertex -1.3950e+1 1.7084e-15 1.6670e+2
      vertex -1.3931e+1 -7.3009e-1 1.6670e+2
    endloop
  endfacet
  facet normal -9.9966e-1 -2.6177e-2 0.0000e+0
    outer loop
      vertex -1.6950e+1 2.0758e-15 0.0000e+0
      vertex -1.6927e+1 -8.8709e-1 0.0000e+0
      vertex -1.6950e+1 2.0758e-15 1.6670e+2
    endloop
  endfacet
  facet normal -9.9966e-1 -2.6177e-2 0.0000e+0
    outer loop
      vertex -1.6927e+1 -8.8709e-1 0.0000e+0
      vertex -1.6927e+1 -8.8709e-1 1.6670e+2
      vertex -1.6950e+1 2.0758e-15 1.6670e+2
    endloop
  endfacet
  facet normal 7.0699e-1 1.8513e-2 -7.0699e-1
    outer loop
      vertex -1.3950e+1 1.7084e-15 1.6670e+2
      vertex -5.7000e+0 6.9805e-16 1.7495e+2
      vertex -1.3931e+1 -7.3009e-1 1.6670e+2
    endloop
  endfacet
  facet normal 7.0699e-1 1.8513e-2 -7.0699e-1
    outer loop
      vertex -1.3931e+1 -7.3009e-1 1.6670e+2
      vertex -5.7000e+0 6.9805e-16 1.7495e+2
      vertex -5.6922e+0 -2.9831e-1 1.7495e+2
    endloop
  endfacet
  facet normal -7.0699e-1 -1.8513e-2 7.0699e-1
    outer loop
      vertex -1.6950e+1 2.0758e-15 1.6670e+2
      vertex -1.6927e+1 -8.8709e-1 1.6670e+2
      vertex -8.7000e+0 1.0654e-15 1.7495e+2
    endloop
  endfacet
  facet normal -7.0699e-1 -1.8513e-2 7.0699e-1
    outer loop
      vertex -1.6927e+1 -8.8709e-1 1.6670e+2
      vertex -8.6881e+0 -4.5532e-1 1.7495e+2
      vertex -8.7000e+0 1.0654e-15 1.7495e+2
    endloop
  endfacet
  facet normal 9.6562e-1 2.5286e-2 2.5874e-1
    outer loop
      vertex -5.7000e+0 6.9805e-16 1.7495e+2
      vertex -8.0500e+0 9.8584e-16 1.8372e+2
      vertex -5.6922e+0 -2.9831e-1 1.7495e+2
    endloop
  endfacet
  facet normal 9.6562e-1 2.5286e-2 2.5874e-1
    outer loop
      vertex -5.6922e+0 -2.9831e-1 1.7495e+2
      vertex -8.0500e+0 9.8584e-16 1.8372e+2
      vertex -8.0390e+0 -4.2130e-1 1.8372e+2
    endloop
  endfacet
  facet normal -9.6562e-1 -2.5286e-2 -2.5874e-1
    outer loop
      vertex -8.7000e+0 1.0654e-15 1.7495e+2
      vertex -8.6881e+0 -4.5532e-1 1.7495e+2
      vertex -1.1050e+1 1.3532e-15 1.8372e+2
    endloop
  endfacet
  facet normal -9.6562e-1 -2.5286e-2 -2.5874e-1
    outer loop
      vertex -8.6881e+0 -4.5532e-1 1.7495e+2
      vertex -1.1035e+1 -5.7831e-1 1.8372e+2
      vertex -1.1050e+1 1.3532e-15 1.8372e+2
    endloop
  endfacet
  facet normal 0.0000e+0 0.0000e+0 -1.0000e+0
    outer loop
      vertex -1.3950e+1 1.7084e-15 0.0000e+0
      vertex -1.3931e+1 -7.3009e-1 0.0000e+0
      vertex -1.6950e+1 2.0758e-15 0.0000e+0
    endloop
  endfacet
  facet normal 0.0000e+0 0.0000e+0 -1.0000e+0
    outer loop
      vertex -1.3931e+1 -7.3009e-1 0.0000e+0
      vertex -1.6927e+1 -8.8709e-1 0.0000e+0
      vertex -1.6950e+1 2.0758e-15 0.0000e+0
    endloop
  endfacet
  facet normal 0.0000e+0 0.0000e+0 1.0000e+0
    outer loop
      vertex -8.0500e+0 9.8584e-16 1.8372e+2
      vertex -1.1050e+1 1.3532e-15 1.8372e+2
      vertex -8.0390e+0 -4.2130e-1 1.8372e+2
    endloop
  endfacet
  facet normal 0.0000e+0 0.0000e+0 1.0000e+0
    outer loop
      vertex -8.0390e+0 -4.2130e-1 1.8372e+2
      vertex -1.1050e+1 1.3532e-15 1.8372e+2
      vertex -1.1035e+1 -5.7831e-1 1.8372e+2
    endloop
  endfacet
  facet normal 9.9692e-1 7.8459e-2 0.0000e+0
    outer loop
      vertex -1.3931e+1 -7.3009e-1 0.0000e+0
      vertex -1.3931e+1 -7.3009e-1 1.6670e+2
      vertex -1.3874e+1 -1.4582e+0 0.0000e+0
    endloop
  endfacet
  facet normal 9.9692e-1 7.8459e-2 0.0000e+0
    outer loop
      vertex -1.3874e+1 -1.4582e+0 0.0000e+0
      vertex -1.3931e+1 -7.3009e-1 1.6670e+2
      vertex -1.3874e+1 -1.4582e+0 1.6670e+2
    endloop
  endfacet
  facet normal -9.9692e-1 -7.8459e-2 0.0000e+0
    outer loop
      vertex -1.6927e+1 -8.8709e-1 0.0000e+0
      vertex -1.6857e+1 -1.7718e+0 0.0000e+0
      vertex -1.6927e+1 -8.8709e-1 1.6670e+2
    endloop
  endfacet
  facet normal -9.9692e-1 -7.8459e-2 0.0000e+0
    outer loop
      vertex -1.6857e+1 -1.7718e+0 0.0000e+0
      vertex -1.6857e+1 -1.7718e+0 1.6670e+2
      vertex -1.6927e+1 -8.8709e-1 1.6670e+2
    endloop
  endfacet
  facet normal 7.0505e-1 5.5488e-2 -7.0699e-1
    outer loop
      vertex -1.3931e+1 -7.3009e-1 1.6670e+2
      vertex -5.6922e+0 -2.9831e-1 1.7495e+2
      vertex -1.3874e+1 -1.4582e+0 1.6670e+2
    endloop
  endfacet
  facet normal 7.0505e-1 5.5488e-2 -7.0699e-1
    outer loop
      vertex -1.3874e+1 -1.4582e+0 1.6670e+2
      vertex -5.6922e+0 -2.9831e-1 1.7495e+2
      vertex -5.6688e+0 -5.9581e-1 1.7495e+2
    endloop
  endfacet
  facet normal -7.0505e-1 -5.5488e-2 7.0699e-1
    outer loop
      vertex -1.6927e+1 -8.8709e-1 1.6670e+2
      vertex -1.6857e+1 -1.7718e+0 1.6670e+2
      vertex -8.6881e+0 -4.5532e-1 1.7495e+2
    endloop
  endfacet
  facet normal -7.0505e-1 -5.5488e-2 7.0699e-1
    outer loop
      vertex -1.6857e+1 -1.7718e+0 1.6670e+2
      vertex -8.6523e+0 -9.0940e-1 1.7495e+2
      vertex -8.6881e+0 -4.5532e-1 1.7495e+2
    endloop
  endfacet
  facet normal 9.6297e-1 7.5787e-2 2.5874e-1
    outer loop
      vertex -5.6922e+0 -2.9831e-1 1.7495e+2
      vertex -8.0390e+0 -4.2130e-1 1.8372e+2
      vertex -5.6688e+0 -5.9581e-1 1.7495e+2
    endloop
  endfacet
  facet normal 9.6297e-1 7.5787e-2 2.5874e-1
    outer loop
      vertex -5.6688e+0 -5.9581e-1 1.7495e+2
      vertex -8.0390e+0 -4.2130e-1 1.8372e+2
      vertex -8.0059e+0 -8.4145e-1 1.8372e+2
    endloop
  endfacet
  facet normal -9.6297e-1 -7.5787e-2 -2.5874e-1
    outer loop
      vertex -8.6881e+0 -4.5532e-1 1.7495e+2
      vertex -8.6523e+0 -9.0940e-1 1.7495e+2
      vertex -1.1035e+1 -5.7831e-1 1.8372e+2
    endloop
  endfacet
  facet normal -9.6297e-1 -7.5787e-2 -2.5874e-1
    outer loop
      vertex -8.6523e+0 -9.0940e-1 1.7495e+2
      vertex -1.0989e+1 -1.1550e+0 1.8372e+2
      vertex -1.1035e+1 -5.7831e-1 1.8372e+2
    endloop
  endfacet
  facet normal 0.0000e+0 0.0000e+0 -1.0000e+0
    outer loop
      vertex -1.3931e+1 -7.3009e-1 0.0000e+0
      vertex -1.3874e+1 -1.4582e+0 0.0000e+0
      vertex -1.6927e+1 -8.8709e-1 0.0000e+0
    endloop
  endfacet
  facet normal 0.0000e+0 0.0000e+0 -1.0000e+0
    outer loop
      vertex -1.3874e+1 -1.4582e+0 0.0000e+0
      vertex -1.6857e+1 -1.7718e+0 0.0000e+0
      vertex -1.6927e+1 -8.8709e-1 0.0000e+0
    endloop
  endfacet
  facet normal 0.0000e+0 0.0000e+0 1.0000e+0
    outer loop
      vertex -8.0390e+0 -4.2130e-1 1.8372e+2
      vertex -1.1035e+1 -5.7831e-1 1.8372e+2
      vertex -8.0059e+0 -8.4145e-1 1.8372e+2
    endloop
  endfacet
  facet normal 0.0000e+0 0.0000e+0 1.0000e+0
    outer loop
      vertex -8.0059e+0 -8.4145e-1 1.8372e+2
      vertex -1.1035e+1 -5.7831e-1 1.8372e+2
      vertex -1.0989e+1 -1.1550e+0 1.8372e+2
    endloop
  endfacet
  facet normal 9.9144e-1 1.3053e-1 0.0000e+0
    outer loop
      vertex -1.3874e+1 -1.4582e+0 0.0000e+0
      vertex -1.3874e+1 -1.4582e+0 1.6670e+2
      vertex -1.3778e+1 -2.1823e+0 0.0000e+0
    endloop
  endfacet
  facet normal 9.9144e-1 1.3053e-1 0.0000e+0
    outer loop
      vertex -1.3778e+1 -2.1823e+0 0.0000e+0
      vertex -1.3874e+1 -1.4582e+0 1.6670e+2
      vertex -1.3778e+1 -2.1823e+0 1.6670e+2
    endloop
  endfacet
  facet normal -9.9144e-1 -1.3053e-1 0.0000e+0
    outer loop
      vertex -1.6857e+1 -1.7718e+0 0.0000e+0
      vertex -1.6741e+1 -2.6516e+0 0.0000e+0
      vertex -1.6857e+1 -1.7718e+0 1.6670e+2
    endloop
  endfacet
  facet normal -9.9144e-1 -1.3053e-1 0.0000e+0
    outer loop
      vertex -1.6741e+1 -2.6516e+0 0.0000e+0
      vertex -1.6741e+1 -2.6516e+0 1.6670e+2
      vertex -1.6857e+1 -1.7718e+0 1.6670e+2
    endloop
  endfacet
  facet normal 7.0118e-1 9.2312e-2 -7.0699e-1
    outer loop
      vertex -1.3874e+1 -1.4582e+0 1.6670e+2
      vertex -5.6688e+0 -5.9581e-1 1.7495e+2
      vertex -1.3778e+1 -2.1823e+0 1.6670e+2
    endloop
  endfacet
  facet normal 7.0118e-1 9.2312e-2 -7.0699e-1
    outer loop
      vertex -1.3778e+1 -2.1823e+0 1.6670e+2
      vertex -5.6688e+0 -5.9581e-1 1.7495e+2
      vertex -5.6298e+0 -8.9168e-1 1.7495e+2
    endloop
  endfacet
  facet normal -7.0118e-1 -9.2312e-2 7.0699e-1
    outer loop
      vertex -1.6857e+1 -1.7718e+0 1.6670e+2
      vertex -1.6741e+1 -2.6516e+0 1.6670e+2
      vertex -8.6523e+0 -9.0940e-1 1.7495e+2
    endloop
  endfacet
  facet normal -7.0118e-1 -9.2312e-2 7.0699e-1
    outer loop
      vertex -1.6741e+1 -2.6516e+0 1.6670e+2
      vertex -8.5929e+0 -1.3610e+0 1.7495e+2
      vertex -8.6523e+0 -9.0940e-1 1.7495e+2
    endloop
  endfacet
  facet normal 9.5768e-1 1.2608e-1 2.5874e-1
    outer loop
      vertex -5.6688e+0 -5.9581e-1 1.7495e+2
      vertex -8.0059e+0 -8.4145e-1 1.8372e+2
      vertex -5.6298e+0 -8.9168e-1 1.7495e+2
    endloop
  endfacet
  facet normal 9.5768e-1 1.2608e-1 2.5874e-1
    outer loop
      vertex -5.6298e+0 -8.9168e-1 1.7495e+2
      vertex -8.0059e+0 -8.4145e-1 1.8372e+2
      vertex -7.9509e+0 -1.2593e+0 1.8372e+2
    endloop
  endfacet
  facet normal -9.5768e-1 -1.2608e-1 -2.5874e-1
    outer loop
      vertex -8.6523e+0 -9.0940e-1 1.7495e+2
      vertex -8.5929e+0 -1.3610e+0 1.7495e+2
      vertex -1.0989e+1 -1.1550e+0 1.8372e+2
    endloop
  endfacet
  facet normal -9.5768e-1 -1.2608e-1 -2.5874e-1
    outer loop
      vertex -8.5929e+0 -1.3610e+0 1.7495e+2
      vertex -1.0914e+1 -1.7286e+0 1.8372e+2
      vertex -1.0989e+1 -1.1550e+0 1.8372e+2
    endloop
  endfacet
  facet normal 0.0000e+0 0.0000e+0 -1.0000e+0
    outer loop
      vertex -1.3874e+1 -1.4582e+0 0.0000e+0
      vertex -1.3778e+1 -2.1823e+0 0.0000e+0
      vertex -1.6857e+1 -1.7718e+0 0.0000e+0
    endloop
  endfacet
  facet normal 0.0000e+0 0.0000e+0 -1.0000e+0
    outer loop
      vertex -1.3778e+1 -2.1823e+0 0.0000e+0
      vertex -1.6741e+1 -2.6516e+0 0.0000e+0
      vertex -1.6857e+1 -1.7718e+0 0.0000e+0
    endloop
  endfacet
  facet normal 0.0000e+0 0.0000e+0 1.0000e+0
    outer loop
      vertex -8.0059e+0 -8.4145e-1 1.8372e+2
      vertex -1.0989e+1 -1.1550e+0 1.8372e+2
      vertex -7.9509e+0 -1.2593e+0 1.8372e+2
    endloop
  endfacet
  facet normal 0.0000e+0 0.0000e+0 1.0000e+0
    outer loop
      vertex -7.9509e+0 -1.2593e+0 1.8372e+2
      vertex -1.0989e+1 -1.1550e+0 1.8372e+2
      vertex -1.0914e+1 -1.7286e+0 1.8372e+2
    endloop
  endfacet
  facet normal 9.8325e-1 1.8224e-1 0.0000e+0
    outer loop
      vertex -1.3778e+1 -2.1823e+0 0.0000e+0
      vertex -1.3778e+1 -2.1823e+0 1.6670e+2
      vertex -1.3645e+1 -2.9004e+0 0.0000e+0
    endloop
  endfacet
  facet normal 9.8325e-1 1.8224e-1 0.0000e+0
    outer loop
      vertex -1.3645e+1 -2.9004e+0 0.0000e+0
      vertex -1.3778e+1 -2.1823e+0 1.6670e+2
      vertex -1.3645e+1 -2.9004e+0 1.6670e+2
    endloop
  endfacet
  facet normal -9.8325e-1 -1.8224e-1 0.0000e+0
    outer loop
      vertex -1.6741e+1 -2.6516e+0 0.0000e+0
      vertex -1.6580e+1 -3.5241e+0 0.0000e+0
      vertex -1.6741e+1 -2.6516e+0 1.6670e+2
    endloop
  endfacet
  facet normal -9.8325e-1 -1.8224e-1 0.0000e+0
    outer loop
      vertex -1.6580e+1 -3.5241e+0 0.0000e+0
      vertex -1.6580e+1 -3.5241e+0 1.6670e+2
      vertex -1.6741e+1 -2.6516e+0 1.6670e+2
    endloop
  endfacet
  facet normal 6.9539e-1 1.2888e-1 -7.0699e-1
    outer loop
      vertex -1.3778e+1 -2.1823e+0 1.6670e+2
      vertex -5.6298e+0 -8.9168e-1 1.7495e+2
      vertex -1.3645e+1 -2.9004e+0 1.6670e+2
    endloop
  endfacet
  facet normal 6.9539e-1 1.2888e-1 -7.0699e-1
    outer loop
      vertex -1.3645e+1 -2.9004e+0 1.6670e+2
      vertex -5.6298e+0 -8.9168e-1 1.7495e+2
      vertex -5.5754e+0 -1.1851e+0 1.7495e+2
    endloop
  endfacet
  facet normal -6.9539e-1 -1.2888e-1 7.0699e-1
    outer loop
      vertex -1.6741e+1 -2.6516e+0 1.6670e+2
      vertex -1.6580e+1 -3.5241e+0 1.6670e+2
      vertex -8.5929e+0 -1.3610e+0 1.7495e+2
    endloop
  endfacet
  facet normal -6.9539e-1 -1.2888e-1 7.0699e-1
    outer loop
      vertex -1.6580e+1 -3.5241e+0 1.6670e+2
      vertex -8.5099e+0 -1.8088e+0 1.7495e+2
      vertex -8.5929e+0 -1.3610e+0 1.7495e+2
    endloop
  endfacet
  facet normal 9.4977e-1 1.7603e-1 2.5874e-1
    outer loop
      vertex -5.6298e+0 -8.9168e-1 1.7495e+2
      vertex -7.9509e+0 -1.2593e+0 1.8372e+2
      vertex -5.5754e+0 -1.1851e+0 1.7495e+2
    endloop
  endfacet
  facet normal 9.4977e-1 1.7603e-1 2.5874e-1
    outer loop
      vertex -5.5754e+0 -1.1851e+0 1.7495e+2
      vertex -7.9509e+0 -1.2593e+0 1.8372e+2
      vertex -7.8741e+0 -1.6737e+0 1.8372e+2
    endloop
  endfacet
  facet normal -9.4977e-1 -1.7603e-1 -2.5874e-1
    outer loop
      vertex -8.5929e+0 -1.3610e+0 1.7495e+2
      vertex -8.5099e+0 -1.8088e+0 1.7495e+2
      vertex -1.0914e+1 -1.7286e+0 1.8372e+2
    endloop
  endfacet
  facet normal -9.4977e-1 -1.7603e-1 -2.5874e-1
    outer loop
      vertex -8.5099e+0 -1.8088e+0 1.7495e+2
      vertex -1.0809e+1 -2.2974e+0 1.8372e+2
      vertex -1.0914e+1 -1.7286e+0 1.8372e+2
    endloop
  endfacet
  facet normal 0.0000e+0 0.0000e+0 -1.0000e+0
    outer loop
      vertex -1.3778e+1 -2.1823e+0 0.0000e+0
      vertex -1.3645e+1 -2.9004e+0 0.0000e+0
      vertex -1.6741e+1 -2.6516e+0 0.0000e+0
    endloop
  endfacet
  facet normal 0.0000e+0 0.0000e+0 -1.0000e+0
    outer loop
      vertex -1.3645e+1 -2.9004e+0 0.0000e+0
      vertex -1.6580e+1 -3.5241e+0 0.0000e+0
      vertex -1.6741e+1 -2.6516e+0 0.0000e+0
    endloop
  endfacet
  facet normal 0.0000e+0 0.0000e+0 1.0000e+0
    outer loop
      vertex -7.9509e+0 -1.2593e+0 1.8372e+2
      vertex -1.0914e+1 -1.7286e+0 1.8372e+2
      vertex -7.8741e+0 -1.6737e+0 1.8372e+2
    endloop
  endfacet
  facet normal 0.0000e+0 0.0000e+0 1.0000e+0
    outer loop
      vertex -7.8741e+0 -1.6737e+0 1.8372e+2
      vertex -1.0914e+1 -1.7286e+0 1.8372e+2
      vertex -1.0809e+1 -2.2974e+0 1.8372e+2
    endloop
  endfacet
  facet normal 9.7237e-1 2.3345e-1 0.0000e+0
    outer loop
      vertex -1.3645e+1 -2.9004e+0 0.0000e+0
      vertex -1.3645e+1 -2.9004e+0 1.6670e+2
      vertex -1.3475e+1 -3.6105e+0 0.0000e+0
    endloop
  endfacet
  facet normal 9.7237e-1 2.3345e-1 0.0000e+0
    outer loop
      vertex -1.3475e+1 -3.6105e+0 0.0000e+0
      vertex -1.3645e+1 -2.9004e+0 1.6670e+2
      vertex -1.3475e+1 -3.6105e+0 1.6670e+2
    endloop
  endfacet
  facet normal -9.7237e-1 -2.3345e-1 0.0000e+0
    outer loop
      vertex -1.6580e+1 -3.5241e+0 0.0000e+0
      vertex -1.6372e+1 -4.3870e+0 0.0000e+0
      vertex -1.6580e+1 -3.5241e+0 1.6670e+2
    endloop
  endfacet
  facet normal -9.7237e-1 -2.3345e-1 0.0000e+0
    outer loop
      vertex -1.6372e+1 -4.3870e+0 0.0000e+0
      vertex -1.6372e+1 -4.3870e+0 1.6670e+2
      vertex -1.6580e+1 -3.5241e+0 1.6670e+2
    endloop
  endfacet
  facet normal 6.8769e-1 1.6510e-1 -7.0699e-1
    outer loop
      vertex -1.3645e+1 -2.9004e+0 1.6670e+2
      vertex -5.5754e+0 -1.1851e+0 1.7495e+2
      vertex -1.3475e+1 -3.6105e+0 1.6670e+2
    endloop
  endfacet
  facet normal 6.8769e-1 1.6510e-1 -7.0699e-1
    outer loop
      vertex -1.3475e+1 -3.6105e+0 1.6670e+2
      vertex -5.5754e+0 -1.1851e+0 1.7495e+2
      vertex -5.5058e+0 -1.4753e+0 1.7495e+2
    endloop
  endfacet
  facet normal -6.8769e-1 -1.6510e-1 7.0699e-1
    outer loop
      vertex -1.6580e+1 -3.5241e+0 1.6670e+2
      vertex -1.6372e+1 -4.3870e+0 1.6670e+2
      vertex -8.5099e+0 -1.8088e+0 1.7495e+2
    endloop
  endfacet
  facet normal -6.8769e-1 -1.6510e-1 7.0699e-1
    outer loop
      vertex -1.6372e+1 -4.3870e+0 1.6670e+2
      vertex -8.4036e+0 -2.2517e+0 1.7495e+2
      vertex -8.5099e+0 -1.8088e+0 1.7495e+2
    endloop
  endfacet
  facet normal 9.3926e-1 2.2550e-1 2.5874e-1
    outer loop
      vertex -5.5754e+0 -1.1851e+0 1.7495e+2
      vertex -7.8741e+0 -1.6737e+0 1.8372e+2
      vertex -5.5058e+0 -1.4753e+0 1.7495e+2
    endloop
  endfacet
  facet normal 9.3926e-1 2.2550e-1 2.5874e-1
    outer loop
      vertex -5.5058e+0 -1.4753e+0 1.7495e+2
      vertex -7.8741e+0 -1.6737e+0 1.8372e+2
      vertex -7.7757e+0 -2.0835e+0 1.8372e+2
    endloop
  endfacet
  facet normal -9.3926e-1 -2.2550e-1 -2.5874e-1
    outer loop
      vertex -8.5099e+0 -1.8088e+0 1.7495e+2
      vertex -8.4036e+0 -2.2517e+0 1.7495e+2
      vertex -1.0809e+1 -2.2974e+0 1.8372e+2
    endloop
  endfacet
  facet normal -9.3926e-1 -2.2550e-1 -2.5874e-1
    outer loop
      vertex -8.4036e+0 -2.2517e+0 1.7495e+2
      vertex -1.0673e+1 -2.8600e+0 1.8372e+2
      vertex -1.0809e+1 -2.2974e+0 1.8372e+2
    endloop
  endfacet
  facet normal 0.0000e+0 0.0000e+0 -1.0000e+0
    outer loop
      vertex -1.3645e+1 -2.9004e+0 0.0000e+0
      vertex -1.3475e+1 -3.6105e+0 0.0000e+0
      vertex -1.6580e+1 -3.5241e+0 0.0000e+0
    endloop
  endfacet
  facet normal 0.0000e+0 0.0000e+0 -1.0000e+0
    outer loop
      vertex -1.3475e+1 -3.6105e+0 0.0000e+0
      vertex -1.6372e+1 -4.3870e+0 0.0000e+0
      vertex -1.6580e+1 -3.5241e+0 0.0000e+0
    endloop
  endfacet
  facet normal 0.0000e+0 0.0000e+0 1.0000e+0
    outer loop
      vertex -7.8741e+0 -1.6737e+0 1.8372e+2
      vertex -1.0809e+1 -2.2974e+0 1.8372e+2
      vertex -7.7757e+0 -2.0835e+0 1.8372e+2
    endloop
  endfacet
  facet normal 0.0000e+0 0.0000e+0 1.0000e+0
    outer loop
      vertex -7.7757e+0 -2.0835e+0 1.8372e+2
      vertex -1.0809e+1 -2.2974e+0 1.8372e+2
      vertex -1.0673e+1 -2.8600e+0 1.8372e+2
    endloop
  endfacet
  facet normal 9.5882e-1 2.8402e-1 0.0000e+0
    outer loop
      vertex -1.3475e+1 -3.6105e+0 0.0000e+0
      vertex -1.3475e+1 -3.6105e+0 1.6670e+2
      vertex -1.3267e+1 -4.3108e+0 0.0000e+0
    endloop
  endfacet
  facet normal 9.5882e-1 2.8402e-1 0.0000e+0
    outer loop
      vertex -1.3267e+1 -4.3108e+0 0.0000e+0
      vertex -1.3475e+1 -3.6105e+0 1.6670e+2
      vertex -1.3267e+1 -4.3108e+0 1.6670e+2
    endloop
  endfacet
  facet normal -9.5882e-1 -2.8402e-1 0.0000e+0
    outer loop
      vertex -1.6372e+1 -4.3870e+0 0.0000e+0
      vertex -1.6120e+1 -5.2378e+0 0.0000e+0
      vertex -1.6372e+1 -4.3870e+0 1.6670e+2
    endloop
  endfacet
  facet normal -9.5882e-1 -2.8402e-1 0.0000e+0
    outer loop
      vertex -1.6120e+1 -5.2378e+0 0.0000e+0
      vertex -1.6120e+1 -5.2378e+0 1.6670e+2
      vertex -1.6372e+1 -4.3870e+0 1.6670e+2
    endloop
  endfacet
  facet normal 6.7810e-1 2.0086e-1 -7.0699e-1
    outer loop
      vertex -1.3475e+1 -3.6105e+0 1.6670e+2
      vertex -5.5058e+0 -1.4753e+0 1.7495e+2
      vertex -1.3267e+1 -4.3108e+0 1.6670e+2
    endloop
  endfacet
  facet normal 6.7810e-1 2.0086e-1 -7.0699e-1
    outer loop
      vertex -1.3267e+1 -4.3108e+0 1.6670e+2
      vertex -5.5058e+0 -1.4753e+0 1.7495e+2
      vertex -5.4210e+0 -1.7614e+0 1.7495e+2
    endloop
  endfacet
  facet normal -6.7810e-1 -2.0086e-1 7.0699e-1
    outer loop
      vertex -1.6372e+1 -4.3870e+0 1.6670e+2
      vertex -1.6120e+1 -5.2378e+0 1.6670e+2
      vertex -8.4036e+0 -2.2517e+0 1.7495e+2
    endloop
  endfacet
  facet normal -6.7810e-1 -2.0086e-1 7.0699e-1
    outer loop
      vertex -1.6120e+1 -5.2378e+0 1.6670e+2
      vertex -8.2742e+0 -2.6884e+0 1.7495e+2
      vertex -8.4036e+0 -2.2517e+0 1.7495e+2
    endloop
  endfacet
  facet normal 9.2617e-1 2.7434e-1 2.5874e-1
    outer loop
      vertex -5.5058e+0 -1.4753e+0 1.7495e+2
      vertex -7.7757e+0 -2.0835e+0 1.8372e+2
      vertex -5.4210e+0 -1.7614e+0 1.7495e+2
    endloop
  endfacet
  facet normal 9.2617e-1 2.7434e-1 2.5874e-1
    outer loop
      vertex -5.4210e+0 -1.7614e+0 1.7495e+2
      vertex -7.7757e+0 -2.0835e+0 1.8372e+2
      vertex -7.6560e+0 -2.4876e+0 1.8372e+2
    endloop
  endfacet
  facet normal -9.2617e-1 -2.7434e-1 -2.5874e-1
    outer loop
      vertex -8.4036e+0 -2.2517e+0 1.7495e+2
      vertex -8.2742e+0 -2.6884e+0 1.7495e+2
      vertex -1.0673e+1 -2.8600e+0 1.8372e+2
    endloop
  endfacet
  facet normal -9.2617e-1 -2.7434e-1 -2.5874e-1
    outer loop
      vertex -8.2742e+0 -2.6884e+0 1.7495e+2
      vertex -1.0509e+1 -3.4146e+0 1.8372e+2
      vertex -1.0673e+1 -2.8600e+0 1.8372e+2
    endloop
  endfacet
  facet normal 0.0000e+0 0.0000e+0 -1.0000e+0
    outer loop
      vertex -1.3475e+1 -3.6105e+0 0.0000e+0
      vertex -1.3267e+1 -4.3108e+0 0.0000e+0
      vertex -1.6372e+1 -4.3870e+0 0.0000e+0
    endloop
  endfacet
  facet normal 0.0000e+0 0.0000e+0 -1.0000e+0
    outer loop
      vertex -1.3267e+1 -4.3108e+0 0.0000e+0
      vertex -1.6120e+1 -5.2378e+0 0.0000e+0
      vertex -1.6372e+1 -4.3870e+0 0.0000e+0
    endloop
  endfacet
  facet normal 0.0000e+0 0.0000e+0 1.0000e+0
    outer loop
      vertex -7.7757e+0 -2.0835e+0 1.8372e+2
      vertex -1.0673e+1 -2.8600e+0 1.8372e+2
      vertex -7.6560e+0 -2.4876e+0 1.8372e+2
    endloop
  endfacet
  facet normal 0.0000e+0 0.0000e+0 1.0000e+0
    outer loop
      vertex -7.6560e+0 -2.4876e+0 1.8372e+2
      vertex -1.0673e+1 -2.8600e+0 1.8372e+2
      vertex -1.0509e+1 -3.4146e+0 1.8372e+2
    endloop
  endfacet
  facet normal 9.4264e-1 3.3381e-1 0.0000e+0
    outer loop
      vertex -1.3267e+1 -4.3108e+0 0.0000e+0
      vertex -1.3267e+1 -4.3108e+0 1.6670e+2
      vertex -1.3023e+1 -4.9992e+0 0.0000e+0
    endloop
  endfacet
  facet normal 9.4264e-1 3.3381e-1 0.0000e+0
    outer loop
      vertex -1.3023e+1 -4.9992e+0 0.0000e+0
      vertex -1.3267e+1 -4.3108e+0 1.6670e+2
      vertex -1.3023e+1 -4.9992e+0 1.6670e+2
    endloop
  endfacet
  facet normal -9.4264e-1 -3.3381e-1 0.0000e+0
    outer loop
      vertex -1.6120e+1 -5.2378e+0 0.0000e+0
      vertex -1.5824e+1 -6.0743e+0 0.0000e+0
      vertex -1.6120e+1 -5.2378e+0 1.6670e+2
    endloop
  endfacet
  facet normal -9.4264e-1 -3.3381e-1 0.0000e+0
    outer loop
      vertex -1.5824e+1 -6.0743e+0 0.0000e+0
      vertex -1.5824e+1 -6.0743e+0 1.6670e+2
      vertex -1.6120e+1 -5.2378e+0 1.6670e+2
    endloop
  endfacet
  facet normal 6.6666e-1 2.3608e-1 -7.0699e-1
    outer loop
      vertex -1.3267e+1 -4.3108e+0 1.6670e+2
      vertex -5.4210e+0 -1.7614e+0 1.7495e+2
      vertex -1.3023e+1 -4.9992e+0 1.6670e+2
    endloop
  endfacet
  facet normal 6.6666e-1 2.3608e-1 -7.0699e-1
    outer loop
      vertex -1.3023e+1 -4.9992e+0 1.6670e+2
      vertex -5.4210e+0 -1.7614e+0 1.7495e+2
      vertex -5.3214e+0 -2.0427e+0 1.7495e+2
    endloop
  endfacet
  facet normal -6.6666e-1 -2.3608e-1 7.0699e-1
    outer loop
      vertex -1.6120e+1 -5.2378e+0 1.6670e+2
      vertex -1.5824e+1 -6.0743e+0 1.6670e+2
      vertex -8.2742e+0 -2.6884e+0 1.7495e+2
    endloop
  endfacet
  facet normal -6.6666e-1 -2.3608e-1 7.0699e-1
    outer loop
      vertex -1.5824e+1 -6.0743e+0 1.6670e+2
      vertex -8.1221e+0 -3.1178e+0 1.7495e+2
      vertex -8.2742e+0 -2.6884e+0 1.7495e+2
    endloop
  endfacet
  facet normal 9.1054e-1 3.2244e-1 2.5874e-1
    outer loop
      vertex -5.4210e+0 -1.7614e+0 1.7495e+2
      vertex -7.6560e+0 -2.4876e+0 1.8372e+2
      vertex -5.3214e+0 -2.0427e+0 1.7495e+2
    endloop
  endfacet
  facet normal 9.1054e-1 3.2244e-1 2.5874e-1
    outer loop
      vertex -5.3214e+0 -2.0427e+0 1.7495e+2
      vertex -7.6560e+0 -2.4876e+0 1.8372e+2
      vertex -7.5153e+0 -2.8849e+0 1.8372e+2
    endloop
  endfacet
  facet normal -9.1054e-1 -3.2244e-1 -2.5874e-1
    outer loop
      vertex -8.2742e+0 -2.6884e+0 1.7495e+2
      vertex -8.1221e+0 -3.1178e+0 1.7495e+2
      vertex -1.0509e+1 -3.4146e+0 1.8372e+2
    endloop
  endfacet
  facet normal -9.1054e-1 -3.2244e-1 -2.5874e-1
    outer loop
      vertex -8.1221e+0 -3.1178e+0 1.7495e+2
      vertex -1.0316e+1 -3.9600e+0 1.8372e+2
      vertex -1.0509e+1 -3.4146e+0 1.8372e+2
    endloop
  endfacet
  facet normal 0.0000e+0 0.0000e+0 -1.0000e+0
    outer loop
      vertex -1.3267e+1 -4.3108e+0 0.0000e+0
      vertex -1.3023e+1 -4.9992e+0 0.0000e+0
      vertex -1.6120e+1 -5.2378e+0 0.0000e+0
    endloop
  endfacet
  facet normal 0.0000e+0 0.0000e+0 -1.0000e+0
    outer loop
      vertex -1.3023e+1 -4.9992e+0 0.0000e+0
      vertex -1.5824e+1 -6.0743e+0 0.0000e+0
      vertex -1.6120e+1 -5.2378e+0 0.0000e+0
    endloop
  endfacet
  facet normal 0.0000e+0 0.0000e+0 1.0000e+0
    outer loop
      vertex -7.6560e+0 -2.4876e+0 1.8372e+2
      vertex -1.0509e+1 -3.4146e+0 1.8372e+2
      vertex -7.5153e+0 -2.8849e+0 1.8372e+2
    endloop
  endfacet
  facet normal 0.0000e+0 0.0000e+0 1.0000e+0
    outer loop
      vertex -7.5153e+0 -2.8849e+0 1.8372e+2
      vertex -1.0509e+1 -3.4146e+0 1.8372e+2
      vertex -1.0316e+1 -3.9600e+0 1.8372e+2
    endloop
  endfacet
  facet normal 9.2388e-1 3.8268e-1 0.0000e+0
    outer loop
      vertex -1.3023e+1 -4.9992e+0 0.0000e+0
      vertex -1.3023e+1 -4.9992e+0 1.6670e+2
      vertex -1.2744e+1 -5.6740e+0 0.0000e+0
    endloop
  endfacet
  facet normal 9.2388e-1 3.8268e-1 0.0000e+0
    outer loop
      vertex -1.2744e+1 -5.6740e+0 0.0000e+0
      vertex -1.3023e+1 -4.9992e+0 1.6670e+2
      vertex -1.2744e+1 -5.6740e+0 1.6670e+2
    endloop
  endfacet
  facet normal -9.2388e-1 -3.8268e-1 0.0000e+0
    outer loop
      vertex -1.5824e+1 -6.0743e+0 0.0000e+0
      vertex -1.5485e+1 -6.8942e+0 0.0000e+0
      vertex -1.5824e+1 -6.0743e+0 1.6670e+2
    endloop
  endfacet
  facet normal -9.2388e-1 -3.8268e-1 0.0000e+0
    outer loop
      vertex -1.5485e+1 -6.8942e+0 0.0000e+0
      vertex -1.5485e+1 -6.8942e+0 1.6670e+2
      vertex -1.5824e+1 -6.0743e+0 1.6670e+2
    endloop
  endfacet
  facet normal 6.5339e-1 2.7064e-1 -7.0699e-1
    outer loop
      vertex -1.3023e+1 -4.9992e+0 1.6670e+2
      vertex -5.3214e+0 -2.0427e+0 1.7495e+2
      vertex -1.2744e+1 -5.6740e+0 1.6670e+2
    endloop
  endfacet
  facet normal 6.5339e-1 2.7064e-1 -7.0699e-1
    outer loop
      vertex -1.2744e+1 -5.6740e+0 1.6670e+2
      vertex -5.3214e+0 -2.0427e+0 1.7495e+2
      vertex -5.2072e+0 -2.3184e+0 1.7495e+2
    endloop
  endfacet
  facet normal -6.5339e-1 -2.7064e-1 7.0699e-1
    outer loop
      vertex -1.5824e+1 -6.0743e+0 1.6670e+2
      vertex -1.5485e+1 -6.8942e+0 1.6670e+2
      vertex -8.1221e+0 -3.1178e+0 1.7495e+2
    endloop
  endfacet
  facet normal -6.5339e-1 -2.7064e-1 7.0699e-1
    outer loop
      vertex -1.5485e+1 -6.8942e+0 1.6670e+2
      vertex -7.9478e+0 -3.5386e+0 1.7495e+2
      vertex -8.1221e+0 -3.1178e+0 1.7495e+2
    endloop
  endfacet
  facet normal 8.9242e-1 3.6965e-1 2.5874e-1
    outer loop
      vertex -5.3214e+0 -2.0427e+0 1.7495e+2
      vertex -7.5153e+0 -2.8849e+0 1.8372e+2
      vertex -5.2072e+0 -2.3184e+0 1.7495e+2
    endloop
  endfacet
  facet normal 8.9242e-1 3.6965e-1 2.5874e-1
    outer loop
      vertex -5.2072e+0 -2.3184e+0 1.7495e+2
      vertex -7.5153e+0 -2.8849e+0 1.8372e+2
      vertex -7.3540e+0 -3.2742e+0 1.8372e+2
    endloop
  endfacet
  facet normal -8.9242e-1 -3.6965e-1 -2.5874e-1
    outer loop
      vertex -8.1221e+0 -3.1178e+0 1.7495e+2
      vertex -7.9478e+0 -3.5386e+0 1.7495e+2
      vertex -1.0316e+1 -3.9600e+0 1.8372e+2
    endloop
  endfacet
  facet normal -8.9242e-1 -3.6965e-1 -2.5874e-1
    outer loop
      vertex -7.9478e+0 -3.5386e+0 1.7495e+2
      vertex -1.0095e+1 -4.4944e+0 1.8372e+2
      vertex -1.0316e+1 -3.9600e+0 1.8372e+2
    endloop
  endfacet
  facet normal 0.0000e+0 0.0000e+0 -1.0000e+0
    outer loop
      vertex -1.3023e+1 -4.9992e+0 0.0000e+0
      vertex -1.2744e+1 -5.6740e+0 0.0000e+0
      vertex -1.5824e+1 -6.0743e+0 0.0000e+0
    endloop
  endfacet
  facet normal 0.0000e+0 0.0000e+0 -1.0000e+0
    outer loop
      vertex -1.2744e+1 -5.6740e+0 0.0000e+0
      vertex -1.5485e+1 -6.8942e+0 0.0000e+0
      vertex -1.5824e+1 -6.0743e+0 0.0000e+0
    endloop
  endfacet
  facet normal 0.0000e+0 0.0000e+0 1.0000e+0
    outer loop
      vertex -7.5153e+0 -2.8849e+0 1.8372e+2
      vertex -1.0316e+1 -3.9600e+0 1.8372e+2
      vertex -7.3540e+0 -3.2742e+0 1.8372e+2
    endloop
  endfacet
  facet normal 0.0000e+0 0.0000e+0 1.0000e+0
    outer loop
      vertex -7.3540e+0 -3.2742e+0 1.8372e+2
      vertex -1.0316e+1 -3.9600e+0 1.8372e+2
      vertex -1.0095e+1 -4.4944e+0 1.8372e+2
    endloop
  endfacet
  facet normal 9.0259e-1 4.3051e-1 0.0000e+0
    outer loop
      vertex -1.2744e+1 -5.6740e+0 0.0000e+0
      vertex -1.2744e+1 -5.6740e+0 1.6670e+2
      vertex -1.2430e+1 -6.3332e+0 0.0000e+0
    endloop
  endfacet
  facet normal 9.0259e-1 4.3051e-1 0.0000e+0
    outer loop
      vertex -1.2430e+1 -6.3332e+0 0.0000e+0
      vertex -1.2744e+1 -5.6740e+0 1.6670e+2
      vertex -1.2430e+1 -6.3332e+0 1.6670e+2
    endloop
  endfacet
  facet normal -9.0259e-1 -4.3051e-1 0.0000e+0
    outer loop
      vertex -1.5485e+1 -6.8942e+0 0.0000e+0
      vertex -1.5103e+1 -7.6951e+0 0.0000e+0
      vertex -1.5485e+1 -6.8942e+0 1.6670e+2
    endloop
  endfacet
  facet normal -9.0259e-1 -4.3051e-1 0.0000e+0
    outer loop
      vertex -1.5103e+1 -7.6951e+0 0.0000e+0
      vertex -1.5103e+1 -7.6951e+0 1.6670e+2
      vertex -1.5485e+1 -6.8942e+0 1.6670e+2
    endloop
  endfacet
  facet normal 6.3833e-1 3.0447e-1 -7.0699e-1
    outer loop
      vertex -1.2744e+1 -5.6740e+0 1.6670e+2
      vertex -5.2072e+0 -2.3184e+0 1.7495e+2
      vertex -1.2430e+1 -6.3332e+0 1.6670e+2
    endloop
  endfacet
  facet normal 6.3833e-1 3.0447e-1 -7.0699e-1
    outer loop
      vertex -1.2430e+1 -6.3332e+0 1.6670e+2
      vertex -5.2072e+0 -2.3184e+0 1.7495e+2
      vertex -5.0787e+0 -2.5877e+0 1.7495e+2
    endloop
  endfacet
  facet normal -6.3833e-1 -3.0447e-1 7.0699e-1
    outer loop
      vertex -1.5485e+1 -6.8942e+0 1.6670e+2
      vertex -1.5103e+1 -7.6951e+0 1.6670e+2
      vertex -7.9478e+0 -3.5386e+0 1.7495e+2
    endloop
  endfacet
  facet normal -6.3833e-1 -3.0447e-1 7.0699e-1
    outer loop
      vertex -1.5103e+1 -7.6951e+0 1.6670e+2
      vertex -7.7518e+0 -3.9497e+0 1.7495e+2
      vertex -7.9478e+0 -3.5386e+0 1.7495e+2
    endloop
  endfacet
  facet normal 8.7185e-1 4.1585e-1 2.5874e-1
    outer loop
      vertex -5.2072e+0 -2.3184e+0 1.7495e+2
      vertex -7.3540e+0 -3.2742e+0 1.8372e+2
      vertex -5.0787e+0 -2.5877e+0 1.7495e+2
    endloop
  endfacet
  facet normal 8.7185e-1 4.1585e-1 2.5874e-1
    outer loop
      vertex -5.0787e+0 -2.5877e+0 1.7495e+2
      vertex -7.3540e+0 -3.2742e+0 1.8372e+2
      vertex -7.1726e+0 -3.6546e+0 1.8372e+2
    endloop
  endfacet
  facet normal -8.7185e-1 -4.1585e-1 -2.5874e-1
    outer loop
      vertex -7.9478e+0 -3.5386e+0 1.7495e+2
      vertex -7.7518e+0 -3.9497e+0 1.7495e+2
      vertex -1.0095e+1 -4.4944e+0 1.8372e+2
    endloop
  endfacet
  facet normal -8.7185e-1 -4.1585e-1 -2.5874e-1
    outer loop
      vertex -7.7518e+0 -3.9497e+0 1.7495e+2
      vertex -9.8456e+0 -5.0166e+0 1.8372e+2
      vertex -1.0095e+1 -4.4944e+0 1.8372e+2
    endloop
  endfacet
  facet normal 0.0000e+0 0.0000e+0 -1.0000e+0
    outer loop
      vertex -1.2744e+1 -5.6740e+0 0.0000e+0
      vertex -1.2430e+1 -6.3332e+0 0.0000e+0
      vertex -1.5485e+1 -6.8942e+0 0.0000e+0
    endloop
  endfacet
  facet normal 0.0000e+0 0.0000e+0 -1.0000e+0
    outer loop
      vertex -1.2430e+1 -6.3332e+0 0.0000e+0
      vertex -1.5103e+1 -7.6951e+0 0.0000e+0
      vertex -1.5485e+1 -6.8942e+0 0.0000e+0
    endloop
  endfacet
  facet normal 0.0000e+0 0.0000e+0 1.0000e+0
    outer loop
      vertex -7.3540e+0 -3.2742e+0 1.8372e+2
      vertex -1.0095e+1 -4.4944e+0 1.8372e+2
      vertex -7.1726e+0 -3.6546e+0 1.8372e+2
    endloop
  endfacet
  facet normal 0.0000e+0 0.0000e+0 1.0000e+0
    outer loop
      vertex -7.1726e+0 -3.6546e+0 1.8372e+2
      vertex -1.0095e+1 -4.4944e+0 1.8372e+2
      vertex -9.8456e+0 -5.0166e+0 1.8372e+2
    endloop
  endfacet
  facet normal 8.7882e-1 4.7716e-1 0.0000e+0
    outer loop
      vertex -1.2430e+1 -6.3332e+0 0.0000e+0
      vertex -1.2430e+1 -6.3332e+0 1.6670e+2
      vertex -1.2081e+1 -6.9750e+0 0.0000e+0
    endloop
  endfacet
  facet normal 8.7882e-1 4.7716e-1 0.0000e+0
    outer loop
      vertex -1.2081e+1 -6.9750e+0 0.0000e+0
      vertex -1.2430e+1 -6.3332e+0 1.6670e+2
      vertex -1.2081e+1 -6.9750e+0 1.6670e+2
    endloop
  endfacet
  facet normal -8.7882e-1 -4.7716e-1 0.0000e+0
    outer loop
      vertex -1.5103e+1 -7.6951e+0 0.0000e+0
      vertex -1.4679e+1 -8.4750e+0 0.0000e+0
      vertex -1.5103e+1 -7.6951e+0 1.6670e+2
    endloop
  endfacet
  facet normal -8.7882e-1 -4.7716e-1 0.0000e+0
    outer loop
      vertex -1.4679e+1 -8.4750e+0 0.0000e+0
      vertex -1.4679e+1 -8.4750e+0 1.6670e+2
      vertex -1.5103e+1 -7.6951e+0 1.6670e+2
    endloop
  endfacet
  facet normal 6.2152e-1 3.3746e-1 -7.0699e-1
    outer loop
      vertex -1.2430e+1 -6.3332e+0 1.6670e+2
      vertex -5.0787e+0 -2.5877e+0 1.7495e+2
      vertex -1.2081e+1 -6.9750e+0 1.6670e+2
    endloop
  endfacet
  facet normal 6.2152e-1 3.3746e-1 -7.0699e-1
    outer loop
      vertex -1.2081e+1 -6.9750e+0 1.6670e+2
      vertex -5.0787e+0 -2.5877e+0 1.7495e+2
      vertex -4.9363e+0 -2.8500e+0 1.7495e+2
    endloop
  endfacet
  facet normal -6.2152e-1 -3.3746e-1 7.0699e-1
    outer loop
      vertex -1.5103e+1 -7.6951e+0 1.6670e+2
      vertex -1.4679e+1 -8.4750e+0 1.6670e+2
      vertex -7.7518e+0 -3.9497e+0 1.7495e+2
    endloop
  endfacet
  facet normal -6.2152e-1 -3.3746e-1 7.0699e-1
    outer loop
      vertex -1.4679e+1 -8.4750e+0 1.6670e+2
      vertex -7.5344e+0 -4.3500e+0 1.7495e+2
      vertex -7.7518e+0 -3.9497e+0 1.7495e+2
    endloop
  endfacet
  facet normal 8.4889e-1 4.6091e-1 2.5874e-1
    outer loop
      vertex -5.0787e+0 -2.5877e+0 1.7495e+2
      vertex -7.1726e+0 -3.6546e+0 1.8372e+2
      vertex -4.9363e+0 -2.8500e+0 1.7495e+2
    endloop
  endfacet
  facet normal 8.4889e-1 4.6091e-1 2.5874e-1
    outer loop
      vertex -4.9363e+0 -2.8500e+0 1.7495e+2
      vertex -7.1726e+0 -3.6546e+0 1.8372e+2
      vertex -6.9715e+0 -4.0250e+0 1.8372e+2
    endloop
  endfacet
  facet normal -8.4889e-1 -4.6091e-1 -2.5874e-1
    outer loop
      vertex -7.7518e+0 -3.9497e+0 1.7495e+2
      vertex -7.5344e+0 -4.3500e+0 1.7495e+2
      vertex -9.8456e+0 -5.0166e+0 1.8372e+2
    endloop
  endfacet
  facet normal -8.4889e-1 -4.6091e-1 -2.5874e-1
    outer loop
      vertex -7.5344e+0 -4.3500e+0 1.7495e+2
      vertex -9.5696e+0 -5.5250e+0 1.8372e+2
      vertex -9.8456e+0 -5.0166e+0 1.8372e+2
    endloop
  endfacet
  facet normal 0.0000e+0 0.0000e+0 -1.0000e+0
    outer loop
      vertex -1.2430e+1 -6.3332e+0 0.0000e+0
      vertex -1.2081e+1 -6.9750e+0 0.0000e+0
      vertex -1.5103e+1 -7.6951e+0 0.0000e+0
    endloop
  endfacet
  facet normal 0.0000e+0 0.0000e+0 -1.0000e+0
    outer loop
      vertex -1.2081e+1 -6.9750e+0 0.0000e+0
      vertex -1.4679e+1 -8.4750e+0 0.0000e+0
      vertex -1.5103e+1 -7.6951e+0 0.0000e+0
    endloop
  endfacet
  facet normal 0.0000e+0 0.0000e+0 1.0000e+0
    outer loop
      vertex -7.1726e+0 -3.6546e+0 1.8372e+2
      vertex -9.8456e+0 -5.0166e+0 1.8372e+2
      vertex -6.9715e+0 -4.0250e+0 1.8372e+2
    endloop
  endfacet
  facet normal 0.0000e+0 0.0000e+0 1.0000e+0
    outer loop
      vertex -6.9715e+0 -4.0250e+0 1.8372e+2
      vertex -9.8456e+0 -5.0166e+0 1.8372e+2
      vertex -9.5696e+0 -5.5250e+0 1.8372e+2
    endloop
  endfacet
  facet normal 8.5264e-1 5.2250e-1 0.0000e+0
    outer loop
      vertex -1.2081e+1 -6.9750e+0 0.0000e+0
      vertex -1.2081e+1 -6.9750e+0 1.6670e+2
      vertex -1.1699e+1 -7.5977e+0 0.0000e+0
    endloop
  endfacet
  facet normal 8.5264e-1 5.2250e-1 0.0000e+0
    outer loop
      vertex -1.1699e+1 -7.5977e+0 0.0000e+0
      vertex -1.2081e+1 -6.9750e+0 1.6670e+2
      vertex -1.1699e+1 -7.5977e+0 1.6670e+2
    endloop
  endfacet
  facet normal -8.5264e-1 -5.2250e-1 0.0000e+0
    outer loop
      vertex -1.4679e+1 -8.4750e+0 0.0000e+0
      vertex -1.4215e+1 -9.2316e+0 0.0000e+0
      vertex -1.4679e+1 -8.4750e+0 1.6670e+2
    endloop
  endfacet
  facet normal -8.5264e-1 -5.2250e-1 0.0000e+0
    outer loop
      vertex -1.4215e+1 -9.2316e+0 0.0000e+0
      vertex -1.4215e+1 -9.2316e+0 1.6670e+2
      vertex -1.4679e+1 -8.4750e+0 1.6670e+2
    endloop
  endfacet
  facet normal 6.0301e-1 3.6953e-1 -7.0699e-1
    outer loop
      vertex -1.2081e+1 -6.9750e+0 1.6670e+2
      vertex -4.9363e+0 -2.8500e+0 1.7495e+2
      vertex -1.1699e+1 -7.5977e+0 1.6670e+2
    endloop
  endfacet
  facet normal 6.0301e-1 3.6953e-1 -7.0699e-1
    outer loop
      vertex -1.1699e+1 -7.5977e+0 1.6670e+2
      vertex -4.9363e+0 -2.8500e+0 1.7495e+2
      vertex -4.7804e+0 -3.1044e+0 1.7495e+2
    endloop
  endfacet
  facet normal -6.0301e-1 -3.6953e-1 7.0699e-1
    outer loop
      vertex -1.4679e+1 -8.4750e+0 1.6670e+2
      vertex -1.4215e+1 -9.2316e+0 1.6670e+2
      vertex -7.5344e+0 -4.3500e+0 1.7495e+2
    endloop
  endfacet
  facet normal -6.0301e-1 -3.6953e-1 7.0699e-1
    outer loop
      vertex -1.4215e+1 -9.2316e+0 1.6670e+2
      vertex -7.2964e+0 -4.7384e+0 1.7495e+2
      vertex -7.5344e+0 -4.3500e+0 1.7495e+2
    endloop
  endfacet
  facet normal 8.2361e-1 5.0471e-1 2.5874e-1
    outer loop
      vertex -4.9363e+0 -2.8500e+0 1.7495e+2
      vertex -6.9715e+0 -4.0250e+0 1.8372e+2
      vertex -4.7804e+0 -3.1044e+0 1.7495e+2
    endloop
  endfacet
  facet normal 8.2361e-1 5.0471e-1 2.5874e-1
    outer loop
      vertex -4.7804e+0 -3.1044e+0 1.7495e+2
      vertex -6.9715e+0 -4.0250e+0 1.8372e+2
      vertex -6.7513e+0 -4.3843e+0 1.8372e+2
    endloop
  endfacet
  facet normal -8.2361e-1 -5.0471e-1 -2.5874e-1
    outer loop
      vertex -7.5344e+0 -4.3500e+0 1.7495e+2
      vertex -7.2964e+0 -4.7384e+0 1.7495e+2
      vertex -9.5696e+0 -5.5250e+0 1.8372e+2
    endloop
  endfacet
  facet normal -8.2361e-1 -5.0471e-1 -2.5874e-1
    outer loop
      vertex -7.2964e+0 -4.7384e+0 1.7495e+2
      vertex -9.2673e+0 -6.0183e+0 1.8372e+2
      vertex -9.5696e+0 -5.5250e+0 1.8372e+2
    endloop
  endfacet
  facet normal 0.0000e+0 0.0000e+0 -1.0000e+0
    outer loop
      vertex -1.2081e+1 -6.9750e+0 0.0000e+0
      vertex -1.1699e+1 -7.5977e+0 0.0000e+0
      vertex -1.4679e+1 -8.4750e+0 0.0000e+0
    endloop
  endfacet
  facet normal 0.0000e+0 0.0000e+0 -1.0000e+0
    outer loop
      vertex -1.1699e+1 -7.5977e+0 0.0000e+0
      vertex -1.4215e+1 -9.2316e+0 0.0000e+0
      vertex -1.4679e+1 -8.4750e+0 0.0000e+0
    endloop
  endfacet
  facet normal 0.0000e+0 0.0000e+0 1.0000e+0
    outer loop
      vertex -6.9715e+0 -4.0250e+0 1.8372e+2
      vertex -9.5696e+0 -5.5250e+0 1.8372e+2
      vertex -6.7513e+0 -4.3843e+0 1.8372e+2
    endloop
  endfacet
  facet normal 0.0000e+0 0.0000e+0 1.0000e+0
    outer loop
      vertex -6.7513e+0 -4.3843e+0 1.8372e+2
      vertex -9.5696e+0 -5.5250e+0 1.8372e+2
      vertex -9.2673e+0 -6.0183e+0 1.8372e+2
    endloop
  endfacet
  facet normal 8.2413e-1 5.6641e-1 0.0000e+0
    outer loop
      vertex -1.1699e+1 -7.5977e+0 0.0000e+0
      vertex -1.1699e+1 -7.5977e+0 1.6670e+2
      vertex -1.1286e+1 -8.1996e+0 0.0000e+0
    endloop
  endfacet
  facet normal 8.2413e-1 5.6641e-1 0.0000e+0
    outer loop
      vertex -1.1286e+1 -8.1996e+0 0.0000e+0
      vertex -1.1699e+1 -7.5977e+0 1.6670e+2
      vertex -1.1286e+1 -8.1996e+0 1.6670e+2
    endloop
  endfacet
  facet normal -8.2413e-1 -5.6641e-1 0.0000e+0
    outer loop
      vertex -1.4215e+1 -9.2316e+0 0.0000e+0
      vertex -1.3713e+1 -9.9630e+0 0.0000e+0
      vertex -1.4215e+1 -9.2316e+0 1.6670e+2
    endloop
  endfacet
  facet normal -8.2413e-1 -5.6641e-1 0.0000e+0
    outer loop
      vertex -1.3713e+1 -9.9630e+0 0.0000e+0
      vertex -1.3713e+1 -9.9630e+0 1.6670e+2
      vertex -1.4215e+1 -9.2316e+0 1.6670e+2
    endloop
  endfacet
  facet normal 5.8285e-1 4.0058e-1 -7.0699e-1
    outer loop
      vertex -1.1699e+1 -7.5977e+0 1.6670e+2
      vertex -4.7804e+0 -3.1044e+0 1.7495e+2
      vertex -1.1286e+1 -8.1996e+0 1.6670e+2
    endloop
  endfacet
  facet normal 5.8285e-1 4.0058e-1 -7.0699e-1
    outer loop
      vertex -1.1286e+1 -8.1996e+0 1.6670e+2
      vertex -4.7804e+0 -3.1044e+0 1.7495e+2
      vertex -4.6114e+0 -3.3504e+0 1.7495e+2
    endloop
  endfacet
  facet normal -5.8285e-1 -4.0058e-1 7.0699e-1
    outer loop
      vertex -1.4215e+1 -9.2316e+0 1.6670e+2
      vertex -1.3713e+1 -9.9630e+0 1.6670e+2
      vertex -7.2964e+0 -4.7384e+0 1.7495e+2
    endloop
  endfacet
  facet normal -5.8285e-1 -4.0058e-1 7.0699e-1
    outer loop
      vertex -1.3713e+1 -9.9630e+0 1.6670e+2
      vertex -7.0384e+0 -5.1137e+0 1.7495e+2
      vertex -7.2964e+0 -4.7384e+0 1.7495e+2
    endloop
  endfacet
  facet normal 7.9606e-1 5.4712e-1 2.5874e-1
    outer loop
      vertex -4.7804e+0 -3.1044e+0 1.7495e+2
      vertex -6.7513e+0 -4.3843e+0 1.8372e+2
      vertex -4.6114e+0 -3.3504e+0 1.7495e+2
    endloop
  endfacet
  facet normal 7.9606e-1 5.4712e-1 2.5874e-1
    outer loop
      vertex -4.6114e+0 -3.3504e+0 1.7495e+2
      vertex -6.7513e+0 -4.3843e+0 1.8372e+2
      vertex -6.5126e+0 -4.7317e+0 1.8372e+2
    endloop
  endfacet
  facet normal -7.9606e-1 -5.4712e-1 -2.5874e-1
    outer loop
      vertex -7.2964e+0 -4.7384e+0 1.7495e+2
      vertex -7.0384e+0 -5.1137e+0 1.7495e+2
      vertex -9.2673e+0 -6.0183e+0 1.8372e+2
    endloop
  endfacet
  facet normal -7.9606e-1 -5.4712e-1 -2.5874e-1
    outer loop
      vertex -7.0384e+0 -5.1137e+0 1.7495e+2
      vertex -8.9396e+0 -6.4950e+0 1.8372e+2
      vertex -9.2673e+0 -6.0183e+0 1.8372e+2
    endloop
  endfacet
  facet normal 0.0000e+0 0.0000e+0 -1.0000e+0
    outer loop
      vertex -1.1699e+1 -7.5977e+0 0.0000e+0
      vertex -1.1286e+1 -8.1996e+0 0.0000e+0
      vertex -1.4215e+1 -9.2316e+0 0.0000e+0
    endloop
  endfacet
  facet normal 0.0000e+0 0.0000e+0 -1.0000e+0
    outer loop
      vertex -1.1286e+1 -8.1996e+0 0.0000e+0
      vertex -1.3713e+1 -9.9630e+0 0.0000e+0
      vertex -1.4215e+1 -9.2316e+0 0.0000e+0
    endloop
  endfacet
  facet normal 0.0000e+0 0.0000e+0 1.0000e+0
    outer loop
      vertex -6.7513e+0 -4.3843e+0 1.8372e+2
      vertex -9.2673e+0 -6.0183e+0 1.8372e+2
      vertex -6.5126e+0 -4.7317e+0 1.8372e+2
    endloop
  endfacet
  facet normal 0.0000e+0 0.0000e+0 1.0000e+0
    outer loop
      vertex -6.5126e+0 -4.7317e+0 1.8372e+2
      vertex -9.2673e+0 -6.0183e+0 1.8372e+2
      vertex -8.9396e+0 -6.4950e+0 1.8372e+2
    endloop
  endfacet
  facet normal 7.9335e-1 6.0876e-1 0.0000e+0
    outer loop
      vertex -1.1286e+1 -8.1996e+0 0.0000e+0
      vertex -1.1286e+1 -8.1996e+0 1.6670e+2
      vertex -1.0841e+1 -8.7790e+0 0.0000e+0
    endloop
  endfacet
  facet normal 7.9335e-1 6.0876e-1 0.0000e+0
    outer loop
      vertex -1.0841e+1 -8.7790e+0 0.0000e+0
      vertex -1.1286e+1 -8.1996e+0 1.6670e+2
      vertex -1.0841e+1 -8.7790e+0 1.6670e+2
    endloop
  endfacet
  facet normal -7.9335e-1 -6.0876e-1 0.0000e+0
    outer loop
      vertex -1.3713e+1 -9.9630e+0 0.0000e+0
      vertex -1.3173e+1 -1.0667e+1 0.0000e+0
      vertex -1.3713e+1 -9.9630e+0 1.6670e+2
    endloop
  endfacet
  facet normal -7.9335e-1 -6.0876e-1 0.0000e+0
    outer loop
      vertex -1.3173e+1 -1.0667e+1 0.0000e+0
      vertex -1.3173e+1 -1.0667e+1 1.6670e+2
      vertex -1.3713e+1 -9.9630e+0 1.6670e+2
    endloop
  endfacet
  facet normal 5.6108e-1 4.3053e-1 -7.0699e-1
    outer loop
      vertex -1.1286e+1 -8.1996e+0 1.6670e+2
      vertex -4.6114e+0 -3.3504e+0 1.7495e+2
      vertex -1.0841e+1 -8.7790e+0 1.6670e+2
    endloop
  endfacet
  facet normal 5.6108e-1 4.3053e-1 -7.0699e-1
    outer loop
      vertex -1.0841e+1 -8.7790e+0 1.6670e+2
      vertex -4.6114e+0 -3.3504e+0 1.7495e+2
      vertex -4.4297e+0 -3.5871e+0 1.7495e+2
    endloop
  endfacet
  facet normal -5.6108e-1 -4.3053e-1 7.0699e-1
    outer loop
      vertex -1.3713e+1 -9.9630e+0 1.6670e+2
      vertex -1.3173e+1 -1.0667e+1 1.6670e+2
      vertex -7.0384e+0 -5.1137e+0 1.7495e+2
    endloop
  endfacet
  facet normal -5.6108e-1 -4.3053e-1 7.0699e-1
    outer loop
      vertex -1.3173e+1 -1.0667e+1 1.6670e+2
      vertex -6.7612e+0 -5.4751e+0 1.7495e+2
      vertex -7.0384e+0 -5.1137e+0 1.7495e+2
    endloop
  endfacet
  facet normal 7.6634e-1 5.8803e-1 2.5874e-1
    outer loop
      vertex -4.6114e+0 -3.3504e+0 1.7495e+2
      vertex -6.5126e+0 -4.7317e+0 1.8372e+2
      vertex -4.4297e+0 -3.5871e+0 1.7495e+2
    endloop
  endfacet
  facet normal 7.6634e-1 5.8803e-1 2.5874e-1
    outer loop
      vertex -4.4297e+0 -3.5871e+0 1.7495e+2
      vertex -6.5126e+0 -4.7317e+0 1.8372e+2
      vertex -6.2560e+0 -5.0660e+0 1.8372e+2
    endloop
  endfacet
  facet normal -7.6634e-1 -5.8803e-1 -2.5874e-1
    outer loop
      vertex -7.0384e+0 -5.1137e+0 1.7495e+2
      vertex -6.7612e+0 -5.4751e+0 1.7495e+2
      vertex -8.9396e+0 -6.4950e+0 1.8372e+2
    endloop
  endfacet
  facet normal -7.6634e-1 -5.8803e-1 -2.5874e-1
    outer loop
      vertex -6.7612e+0 -5.4751e+0 1.7495e+2
      vertex -8.5875e+0 -6.9540e+0 1.8372e+2
      vertex -8.9396e+0 -6.4950e+0 1.8372e+2
    endloop
  endfacet
  facet normal 0.0000e+0 0.0000e+0 -1.0000e+0
    outer loop
      vertex -1.1286e+1 -8.1996e+0 0.0000e+0
      vertex -1.0841e+1 -8.7790e+0 0.0000e+0
      vertex -1.3713e+1 -9.9630e+0 0.0000e+0
    endloop
  endfacet
  facet normal 0.0000e+0 0.0000e+0 -1.0000e+0
    outer loop
      vertex -1.0841e+1 -8.7790e+0 0.0000e+0
      vertex -1.3173e+1 -1.0667e+1 0.0000e+0
      vertex -1.3713e+1 -9.9630e+0 0.0000e+0
    endloop
  endfacet
  facet normal 0.0000e+0 0.0000e+0 1.0000e+0
    outer loop
      vertex -6.5126e+0 -4.7317e+0 1.8372e+2
      vertex -8.9396e+0 -6.4950e+0 1.8372e+2
      vertex -6.2560e+0 -5.0660e+0 1.8372e+2
    endloop
  endfacet
  facet normal 0.0000e+0 0.0000e+0 1.0000e+0
    outer loop
      vertex -6.2560e+0 -5.0660e+0 1.8372e+2
      vertex -8.9396e+0 -6.4950e+0 1.8372e+2
      vertex -8.5875e+0 -6.9540e+0 1.8372e+2
    endloop
  endfacet
  facet normal 7.6041e-1 6.4945e-1 0.0000e+0
    outer loop
      vertex -1.0841e+1 -8.7790e+0 0.0000e+0
      vertex -1.0841e+1 -8.7790e+0 1.6670e+2
      vertex -1.0367e+1 -9.3344e+0 0.0000e+0
    endloop
  endfacet
  facet normal 7.6041e-1 6.4945e-1 0.0000e+0
    outer loop
      vertex -1.0367e+1 -9.3344e+0 0.0000e+0
      vertex -1.0841e+1 -8.7790e+0 1.6670e+2
      vertex -1.0367e+1 -9.3344e+0 1.6670e+2
    endloop
  endfacet
  facet normal -7.6041e-1 -6.4945e-1 0.0000e+0
    outer loop
      vertex -1.3173e+1 -1.0667e+1 0.0000e+0
      vertex -1.2596e+1 -1.1342e+1 0.0000e+0
      vertex -1.3173e+1 -1.0667e+1 1.6670e+2
    endloop
  endfacet
  facet normal -7.6041e-1 -6.4945e-1 0.0000e+0
    outer loop
      vertex -1.2596e+1 -1.1342e+1 0.0000e+0
      vertex -1.2596e+1 -1.1342e+1 1.6670e+2
      vertex -1.3173e+1 -1.0667e+1 1.6670e+2
    endloop
  endfacet
  facet normal 5.3778e-1 4.5931e-1 -7.0699e-1
    outer loop
      vertex -1.0841e+1 -8.7790e+0 1.6670e+2
      vertex -4.4297e+0 -3.5871e+0 1.7495e+2
      vertex -1.0367e+1 -9.3344e+0 1.6670e+2
    endloop
  endfacet
  facet normal 5.3778e-1 4.5931e-1 -7.0699e-1
    outer loop
      vertex -1.0367e+1 -9.3344e+0 1.6670e+2
      vertex -4.4297e+0 -3.5871e+0 1.7495e+2
      vertex -4.2359e+0 -3.8140e+0 1.7495e+2
    endloop
  endfacet
  facet normal -5.3778e-1 -4.5931e-1 7.0699e-1
    outer loop
      vertex -1.3173e+1 -1.0667e+1 1.6670e+2
      vertex -1.2596e+1 -1.1342e+1 1.6670e+2
      vertex -6.7612e+0 -5.4751e+0 1.7495e+2
    endloop
  endfacet
  facet normal -5.3778e-1 -4.5931e-1 7.0699e-1
    outer loop
      vertex -1.2596e+1 -1.1342e+1 1.6670e+2
      vertex -6.4654e+0 -5.8214e+0 1.7495e+2
      vertex -6.7612e+0 -5.4751e+0 1.7495e+2
    endloop
  endfacet
  facet normal 7.3451e-1 6.2733e-1 2.5874e-1
    outer loop
      vertex -4.4297e+0 -3.5871e+0 1.7495e+2
      vertex -6.2560e+0 -5.0660e+0 1.8372e+2
      vertex -4.2359e+0 -3.8140e+0 1.7495e+2
    endloop
  endfacet
  facet normal 7.3451e-1 6.2733e-1 2.5874e-1
    outer loop
      vertex -4.2359e+0 -3.8140e+0 1.7495e+2
      vertex -6.2560e+0 -5.0660e+0 1.8372e+2
      vertex -5.9823e+0 -5.3865e+0 1.8372e+2
    endloop
  endfacet
  facet normal -7.3451e-1 -6.2733e-1 -2.5874e-1
    outer loop
      vertex -6.7612e+0 -5.4751e+0 1.7495e+2
      vertex -6.4654e+0 -5.8214e+0 1.7495e+2
      vertex -8.5875e+0 -6.9540e+0 1.8372e+2
    endloop
  endfacet
  facet normal -7.3451e-1 -6.2733e-1 -2.5874e-1
    outer loop
      vertex -6.4654e+0 -5.8214e+0 1.7495e+2
      vertex -8.2118e+0 -7.3939e+0 1.8372e+2
      vertex -8.5875e+0 -6.9540e+0 1.8372e+2
    endloop
  endfacet
  facet normal 0.0000e+0 0.0000e+0 -1.0000e+0
    outer loop
      vertex -1.0841e+1 -8.7790e+0 0.0000e+0
      vertex -1.0367e+1 -9.3344e+0 0.0000e+0
      vertex -1.3173e+1 -1.0667e+1 0.0000e+0
    endloop
  endfacet
  facet normal 0.0000e+0 0.0000e+0 -1.0000e+0
    outer loop
      vertex -1.0367e+1 -9.3344e+0 0.0000e+0
      vertex -1.2596e+1 -1.1342e+1 0.0000e+0
      vertex -1.3173e+1 -1.0667e+1 0.0000e+0
    endloop
  endfacet
  facet normal 0.0000e+0 0.0000e+0 1.0000e+0
    outer loop
      vertex -6.2560e+0 -5.0660e+0 1.8372e+2
      vertex -8.5875e+0 -6.9540e+0 1.8372e+2
      vertex -5.9823e+0 -5.3865e+0 1.8372e+2
    endloop
  endfacet
  facet normal 0.0000e+0 0.0000e+0 1.0000e+0
    outer loop
      vertex -5.9823e+0 -5.3865e+0 1.8372e+2
      vertex -8.5875e+0 -6.9540e+0 1.8372e+2
      vertex -8.2118e+0 -7.3939e+0 1.8372e+2
    endloop
  endfacet
  facet normal 7.2537e-1 6.8835e-1 0.0000e+0
    outer loop
      vertex -1.0367e+1 -9.3344e+0 0.0000e+0
      vertex -1.0367e+1 -9.3344e+0 1.6670e+2
      vertex -9.8641e+0 -9.8641e+0 0.0000e+0
    endloop
  endfacet
  facet normal 7.2537e-1 6.8835e-1 0.0000e+0
    outer loop
      vertex -9.8641e+0 -9.8641e+0 0.0000e+0
      vertex -1.0367e+1 -9.3344e+0 1.6670e+2
      vertex -9.8641e+0 -9.8641e+0 1.6670e+2
    endloop
  endfacet
  facet normal -7.2537e-1 -6.8835e-1 0.0000e+0
    outer loop
      vertex -1.2596e+1 -1.1342e+1 0.0000e+0
      vertex -1.1985e+1 -1.1985e+1 0.0000e+0
      vertex -1.2596e+1 -1.1342e+1 1.6670e+2
    endloop
  endfacet
  facet normal -7.2537e-1 -6.8835e-1 0.0000e+0
    outer loop
      vertex -1.1985e+1 -1.1985e+1 0.0000e+0
      vertex -1.1985e+1 -1.1985e+1 1.6670e+2
      vertex -1.2596e+1 -1.1342e+1 1.6670e+2
    endloop
  endfacet
  facet normal 5.1301e-1 4.8682e-1 -7.0699e-1
    outer loop
      vertex -1.0367e+1 -9.3344e+0 1.6670e+2
      vertex -4.2359e+0 -3.8140e+0 1.7495e+2
      vertex -9.8641e+0 -9.8641e+0 1.6670e+2
    endloop
  endfacet
  facet normal 5.1301e-1 4.8682e-1 -7.0699e-1
    outer loop
      vertex -9.8641e+0 -9.8641e+0 1.6670e+2
      vertex -4.2359e+0 -3.8140e+0 1.7495e+2
      vertex -4.0305e+0 -4.0305e+0 1.7495e+2
    endloop
  endfacet
  facet normal -5.1301e-1 -4.8682e-1 7.0699e-1
    outer loop
      vertex -1.2596e+1 -1.1342e+1 1.6670e+2
      vertex -1.1985e+1 -1.1985e+1 1.6670e+2
      vertex -6.4654e+0 -5.8214e+0 1.7495e+2
    endloop
  endfacet
  facet normal -5.1301e-1 -4.8682e-1 7.0699e-1
    outer loop
      vertex -1.1985e+1 -1.1985e+1 1.6670e+2
      vertex -6.1518e+0 -6.1518e+0 1.7495e+2
      vertex -6.4654e+0 -5.8214e+0 1.7495e+2
    endloop
  endfacet
  facet normal 7.0067e-1 6.6491e-1 2.5874e-1
    outer loop
      vertex -4.2359e+0 -3.8140e+0 1.7495e+2
      vertex -5.9823e+0 -5.3865e+0 1.8372e+2
      vertex -4.0305e+0 -4.0305e+0 1.7495e+2
    endloop
  endfacet
  facet normal 7.0067e-1 6.6491e-1 2.5874e-1
    outer loop
      vertex -4.0305e+0 -4.0305e+0 1.7495e+2
      vertex -5.9823e+0 -5.3865e+0 1.8372e+2
      vertex -5.6922e+0 -5.6922e+0 1.8372e+2
    endloop
  endfacet
  facet normal -7.0067e-1 -6.6491e-1 -2.5874e-1
    outer loop
      vertex -6.4654e+0 -5.8214e+0 1.7495e+2
      vertex -6.1518e+0 -6.1518e+0 1.7495e+2
      vertex -8.2118e+0 -7.3939e+0 1.8372e+2
    endloop
  endfacet
  facet normal -7.0067e-1 -6.6491e-1 -2.5874e-1
    outer loop
      vertex -6.1518e+0 -6.1518e+0 1.7495e+2
      vertex -7.8135e+0 -7.8135e+0 1.8372e+2
      vertex -8.2118e+0 -7.3939e+0 1.8372e+2
    endloop
  endfacet
  facet normal 0.0000e+0 0.0000e+0 -1.0000e+0
    outer loop
      vertex -1.0367e+1 -9.3344e+0 0.0000e+0
      vertex -9.8641e+0 -9.8641e+0 0.0000e+0
      vertex -1.2596e+1 -1.1342e+1 0.0000e+0
    endloop
  endfacet
  facet normal 0.0000e+0 0.0000e+0 -1.0000e+0
    outer loop
      vertex -9.8641e+0 -9.8641e+0 0.0000e+0
      vertex -1.1985e+1 -1.1985e+1 0.0000e+0
      vertex -1.2596e+1 -1.1342e+1 0.0000e+0
    endloop
  endfacet
  facet normal 0.0000e+0 0.0000e+0 1.0000e+0
    outer loop
      vertex -5.9823e+0 -5.3865e+0 1.8372e+2
      vertex -8.2118e+0 -7.3939e+0 1.8372e+2
      vertex -5.6922e+0 -5.6922e+0 1.8372e+2
    endloop
  endfacet
  facet normal 0.0000e+0 0.0000e+0 1.0000e+0
    outer loop
      vertex -5.6922e+0 -5.6922e+0 1.8372e+2
      vertex -8.2118e+0 -7.3939e+0 1.8372e+2
      vertex -7.8135e+0 -7.8135e+0 1.8372e+2
    endloop
  endfacet
  facet normal 6.8835e-1 7.2537e-1 0.0000e+0
    outer loop
      vertex -9.8641e+0 -9.8641e+0 0.0000e+0
      vertex -9.8641e+0 -9.8641e+0 1.6670e+2
      vertex -9.3344e+0 -1.0367e+1 0.0000e+0
    endloop
  endfacet
  facet normal 6.8835e-1 7.2537e-1 0.0000e+0
    outer loop
      vertex -9.3344e+0 -1.0367e+1 0.0000e+0
      vertex -9.8641e+0 -9.8641e+0 1.6670e+2
      vertex -9.3344e+0 -1.0367e+1 1.6670e+2
    endloop
  endfacet
  facet normal -6.8835e-1 -7.2537e-1 0.0000e+0
    outer loop
      vertex -1.1985e+1 -1.1985e+1 0.0000e+0
      vertex -1.1342e+1 -1.2596e+1 0.0000e+0
      vertex -1.1985e+1 -1.1985e+1 1.6670e+2
    endloop
  endfacet
  facet normal -6.8835e-1 -7.2537e-1 0.0000e+0
    outer loop
      vertex -1.1342e+1 -1.2596e+1 0.0000e+0
      vertex -1.1342e+1 -1.2596e+1 1.6670e+2
      vertex -1.1985e+1 -1.1985e+1 1.6670e+2
    endloop
  endfacet
  facet normal 4.8682e-1 5.1301e-1 -7.0699e-1
    outer loop
      vertex -9.8641e+0 -9.8641e+0 1.6670e+2
      vertex -4.0305e+0 -4.0305e+0 1.7495e+2
      vertex -9.3344e+0 -1.0367e+1 1.6670e+2
    endloop
  endfacet
  facet normal 4.8682e-1 5.1301e-1 -7.0699e-1
    outer loop
      vertex -9.3344e+0 -1.0367e+1 1.6670e+2
      vertex -4.0305e+0 -4.0305e+0 1.7495e+2
      vertex -3.8140e+0 -4.2359e+0 1.7495e+2
    endloop
  endfacet
  facet normal -4.8682e-1 -5.1301e-1 7.0699e-1
    outer loop
      vertex -1.1985e+1 -1.1985e+1 1.6670e+2
      vertex -1.1342e+1 -1.2596e+1 1.6670e+2
      vertex -6.1518e+0 -6.1518e+0 1.7495e+2
    endloop
  endfacet
  facet normal -4.8682e-1 -5.1301e-1 7.0699e-1
    outer loop
      vertex -1.1342e+1 -1.2596e+1 1.6670e+2
      vertex -5.8214e+0 -6.4654e+0 1.7495e+2
      vertex -6.1518e+0 -6.1518e+0 1.7495e+2
    endloop
  endfacet
  facet normal 6.6491e-1 7.0067e-1 2.5874e-1
    outer loop
      vertex -4.0305e+0 -4.0305e+0 1.7495e+2
      vertex -5.6922e+0 -5.6922e+0 1.8372e+2
      vertex -3.8140e+0 -4.2359e+0 1.7495e+2
    endloop
  endfacet
  facet normal 6.6491e-1 7.0067e-1 2.5874e-1
    outer loop
      vertex -3.8140e+0 -4.2359e+0 1.7495e+2
      vertex -5.6922e+0 -5.6922e+0 1.8372e+2
      vertex -5.3865e+0 -5.9823e+0 1.8372e+2
    endloop
  endfacet
  facet normal -6.6491e-1 -7.0067e-1 -2.5874e-1
    outer loop
      vertex -6.1518e+0 -6.1518e+0 1.7495e+2
      vertex -5.8214e+0 -6.4654e+0 1.7495e+2
      vertex -7.8135e+0 -7.8135e+0 1.8372e+2
    endloop
  endfacet
  facet normal -6.6491e-1 -7.0067e-1 -2.5874e-1
    outer loop
      vertex -5.8214e+0 -6.4654e+0 1.7495e+2
      vertex -7.3939e+0 -8.2118e+0 1.8372e+2
      vertex -7.8135e+0 -7.8135e+0 1.8372e+2
    endloop
  endfacet
  facet normal 0.0000e+0 0.0000e+0 -1.0000e+0
    outer loop
      vertex -9.8641e+0 -9.8641e+0 0.0000e+0
      vertex -9.3344e+0 -1.0367e+1 0.0000e+0
      vertex -1.1985e+1 -1.1985e+1 0.0000e+0
    endloop
  endfacet
  facet normal 0.0000e+0 0.0000e+0 -1.0000e+0
    outer loop
      vertex -9.3344e+0 -1.0367e+1 0.0000e+0
      vertex -1.1342e+1 -1.2596e+1 0.0000e+0
      vertex -1.1985e+1 -1.1985e+1 0.0000e+0
    endloop
  endfacet
  facet normal 0.0000e+0 0.0000e+0 1.0000e+0
    outer loop
      vertex -5.6922e+0 -5.6922e+0 1.8372e+2
      vertex -7.8135e+0 -7.8135e+0 1.8372e+2
      vertex -5.3865e+0 -5.9823e+0 1.8372e+2
    endloop
  endfacet
  facet normal 0.0000e+0 0.0000e+0 1.0000e+0
    outer loop
      vertex -5.3865e+0 -5.9823e+0 1.8372e+2
      vertex -7.8135e+0 -7.8135e+0 1.8372e+2
      vertex -7.3939e+0 -8.2118e+0 1.8372e+2
    endloop
  endfacet
  facet normal 6.4945e-1 7.6041e-1 0.0000e+0
    outer loop
      vertex -9.3344e+0 -1.0367e+1 0.0000e+0
      vertex -9.3344e+0 -1.0367e+1 1.6670e+2
      vertex -8.7790e+0 -1.0841e+1 0.0000e+0
    endloop
  endfacet
  facet normal 6.4945e-1 7.6041e-1 0.0000e+0
    outer loop
      vertex -8.7790e+0 -1.0841e+1 0.0000e+0
      vertex -9.3344e+0 -1.0367e+1 1.6670e+2
      vertex -8.7790e+0 -1.0841e+1 1.6670e+2
    endloop
  endfacet
  facet normal -6.4945e-1 -7.6041e-1 0.0000e+0
    outer loop
      vertex -1.1342e+1 -1.2596e+1 0.0000e+0
      vertex -1.0667e+1 -1.3173e+1 0.0000e+0
      vertex -1.1342e+1 -1.2596e+1 1.6670e+2
    endloop
  endfacet
  facet normal -6.4945e-1 -7.6041e-1 0.0000e+0
    outer loop
      vertex -1.0667e+1 -1.3173e+1 0.0000e+0
      vertex -1.0667e+1 -1.3173e+1 1.6670e+2
      vertex -1.1342e+1 -1.2596e+1 1.6670e+2
    endloop
  endfacet
  facet normal 4.5931e-1 5.3778e-1 -7.0699e-1
    outer loop
      vertex -9.3344e+0 -1.0367e+1 1.6670e+2
      vertex -3.8140e+0 -4.2359e+0 1.7495e+2
      vertex -8.7790e+0 -1.0841e+1 1.6670e+2
    endloop
  endfacet
  facet normal 4.5931e-1 5.3778e-1 -7.0699e-1
    outer loop
      vertex -8.7790e+0 -1.0841e+1 1.6670e+2
      vertex -3.8140e+0 -4.2359e+0 1.7495e+2
      vertex -3.5871e+0 -4.4297e+0 1.7495e+2
    endloop
  endfacet
  facet normal -4.5931e-1 -5.3778e-1 7.0699e-1
    outer loop
      vertex -1.1342e+1 -1.2596e+1 1.6670e+2
      vertex -1.0667e+1 -1.3173e+1 1.6670e+2
      vertex -5.8214e+0 -6.4654e+0 1.7495e+2
    endloop
  endfacet
  facet normal -4.5931e-1 -5.3778e-1 7.0699e-1
    outer loop
      vertex -1.0667e+1 -1.3173e+1 1.6670e+2
      vertex -5.4751e+0 -6.7612e+0 1.7495e+2
      vertex -5.8214e+0 -6.4654e+0 1.7495e+2
    endloop
  endfacet
  facet normal 6.2733e-1 7.3451e-1 2.5874e-1
    outer loop
      vertex -3.8140e+0 -4.2359e+0 1.7495e+2
      vertex -5.3865e+0 -5.9823e+0 1.8372e+2
      vertex -3.5871e+0 -4.4297e+0 1.7495e+2
    endloop
  endfacet
  facet normal 6.2733e-1 7.3451e-1 2.5874e-1
    outer loop
      vertex -3.5871e+0 -4.4297e+0 1.7495e+2
      vertex -5.3865e+0 -5.9823e+0 1.8372e+2
      vertex -5.0660e+0 -6.2560e+0 1.8372e+2
    endloop
  endfacet
  facet normal -6.2733e-1 -7.3451e-1 -2.5874e-1
    outer loop
      vertex -5.8214e+0 -6.4654e+0 1.7495e+2
      vertex -5.4751e+0 -6.7612e+0 1.7495e+2
      vertex -7.3939e+0 -8.2118e+0 1.8372e+2
    endloop
  endfacet
  facet normal -6.2733e-1 -7.3451e-1 -2.5874e-1
    outer loop
      vertex -5.4751e+0 -6.7612e+0 1.7495e+2
      vertex -6.9540e+0 -8.5875e+0 1.8372e+2
      vertex -7.3939e+0 -8.2118e+0 1.8372e+2
    endloop
  endfacet
  facet normal 0.0000e+0 0.0000e+0 -1.0000e+0
    outer loop
      vertex -9.3344e+0 -1.0367e+1 0.0000e+0
      vertex -8.7790e+0 -1.0841e+1 0.0000e+0
      vertex -1.1342e+1 -1.2596e+1 0.0000e+0
    endloop
  endfacet
  facet normal 0.0000e+0 0.0000e+0 -1.0000e+0
    outer loop
      vertex -8.7790e+0 -1.0841e+1 0.0000e+0
      vertex -1.0667e+1 -1.3173e+1 0.0000e+0
      vertex -1.1342e+1 -1.2596e+1 0.0000e+0
    endloop
  endfacet
  facet normal 0.0000e+0 0.0000e+0 1.0000e+0
    outer loop
      vertex -5.3865e+0 -5.9823e+0 1.8372e+2
      vertex -7.3939e+0 -8.2118e+0 1.8372e+2
      vertex -5.0660e+0 -6.2560e+0 1.8372e+2
    endloop
  endfacet
  facet normal 0.0000e+0 0.0000e+0 1.0000e+0
    outer loop
      vertex -5.0660e+0 -6.2560e+0 1.8372e+2
      vertex -7.3939e+0 -8.2118e+0 1.8372e+2
      vertex -6.9540e+0 -8.5875e+0 1.8372e+2
    endloop
  endfacet
  facet normal 6.0876e-1 7.9335e-1 0.0000e+0
    outer loop
      vertex -8.7790e+0 -1.0841e+1 0.0000e+0
      vertex -8.7790e+0 -1.0841e+1 1.6670e+2
      vertex -8.1996e+0 -1.1286e+1 0.0000e+0
    endloop
  endfacet
  facet normal 6.0876e-1 7.9335e-1 0.0000e+0
    outer loop
      vertex -8.1996e+0 -1.1286e+1 0.0000e+0
      vertex -8.7790e+0 -1.0841e+1 1.6670e+2
      vertex -8.1996e+0 -1.1286e+1 1.6670e+2
    endloop
  endfacet
  facet normal -6.0876e-1 -7.9335e-1 0.0000e+0
    outer loop
      vertex -1.0667e+1 -1.3173e+1 0.0000e+0
      vertex -9.9630e+0 -1.3713e+1 0.0000e+0
      vertex -1.0667e+1 -1.3173e+1 1.6670e+2
    endloop
  endfacet
  facet normal -6.0876e-1 -7.9335e-1 0.0000e+0
    outer loop
      vertex -9.9630e+0 -1.3713e+1 0.0000e+0
      vertex -9.9630e+0 -1.3713e+1 1.6670e+2
      vertex -1.0667e+1 -1.3173e+1 1.6670e+2
    endloop
  endfacet
  facet normal 4.3053e-1 5.6108e-1 -7.0699e-1
    outer loop
      vertex -8.7790e+0 -1.0841e+1 1.6670e+2
      vertex -3.5871e+0 -4.4297e+0 1.7495e+2
      vertex -8.1996e+0 -1.1286e+1 1.6670e+2
    endloop
  endfacet
  facet normal 4.3053e-1 5.6108e-1 -7.0699e-1
    outer loop
      vertex -8.1996e+0 -1.1286e+1 1.6670e+2
      vertex -3.5871e+0 -4.4297e+0 1.7495e+2
      vertex -3.3504e+0 -4.6114e+0 1.7495e+2
    endloop
  endfacet
  facet normal -4.3053e-1 -5.6108e-1 7.0699e-1
    outer loop
      vertex -1.0667e+1 -1.3173e+1 1.6670e+2
      vertex -9.9630e+0 -1.3713e+1 1.6670e+2
      vertex -5.4751e+0 -6.7612e+0 1.7495e+2
    endloop
  endfacet
  facet normal -4.3053e-1 -5.6108e-1 7.0699e-1
    outer loop
      vertex -9.9630e+0 -1.3713e+1 1.6670e+2
      vertex -5.1137e+0 -7.0384e+0 1.7495e+2
      vertex -5.4751e+0 -6.7612e+0 1.7495e+2
    endloop
  endfacet
  facet normal 5.8803e-1 7.6634e-1 2.5874e-1
    outer loop
      vertex -3.5871e+0 -4.4297e+0 1.7495e+2
      vertex -5.0660e+0 -6.2560e+0 1.8372e+2
      vertex -3.3504e+0 -4.6114e+0 1.7495e+2
    endloop
  endfacet
  facet normal 5.8803e-1 7.6634e-1 2.5874e-1
    outer loop
      vertex -3.3504e+0 -4.6114e+0 1.7495e+2
      vertex -5.0660e+0 -6.2560e+0 1.8372e+2
      vertex -4.7317e+0 -6.5126e+0 1.8372e+2
    endloop
  endfacet
  facet normal -5.8803e-1 -7.6634e-1 -2.5874e-1
    outer loop
      vertex -5.4751e+0 -6.7612e+0 1.7495e+2
      vertex -5.1137e+0 -7.0384e+0 1.7495e+2
      vertex -6.9540e+0 -8.5875e+0 1.8372e+2
    endloop
  endfacet
  facet normal -5.8803e-1 -7.6634e-1 -2.5874e-1
    outer loop
      vertex -5.1137e+0 -7.0384e+0 1.7495e+2
      vertex -6.4950e+0 -8.9396e+0 1.8372e+2
      vertex -6.9540e+0 -8.5875e+0 1.8372e+2
    endloop
  endfacet
  facet normal 0.0000e+0 0.0000e+0 -1.0000e+0
    outer loop
      vertex -8.7790e+0 -1.0841e+1 0.0000e+0
      vertex -8.1996e+0 -1.1286e+1 0.0000e+0
      vertex -1.0667e+1 -1.3173e+1 0.0000e+0
    endloop
  endfacet
  facet normal 0.0000e+0 0.0000e+0 -1.0000e+0
    outer loop
      vertex -8.1996e+0 -1.1286e+1 0.0000e+0
      vertex -9.9630e+0 -1.3713e+1 0.0000e+0
      vertex -1.0667e+1 -1.3173e+1 0.0000e+0
    endloop
  endfacet
  facet normal 0.0000e+0 0.0000e+0 1.0000e+0
    outer loop
      vertex -5.0660e+0 -6.2560e+0 1.8372e+2
      vertex -6.9540e+0 -8.5875e+0 1.8372e+2
      vertex -4.7317e+0 -6.5126e+0 1.8372e+2
    endloop
  endfacet
  facet normal 0.0000e+0 0.0000e+0 1.0000e+0
    outer loop
      vertex -4.7317e+0 -6.5126e+0 1.8372e+2
      vertex -6.9540e+0 -8.5875e+0 1.8372e+2
      vertex -6.4950e+0 -8.9396e+0 1.8372e+2
    endloop
  endfacet
  facet normal 5.6641e-1 8.2413e-1 0.0000e+0
    outer loop
      vertex -8.1996e+0 -1.1286e+1 0.0000e+0
      vertex -8.1996e+0 -1.1286e+1 1.6670e+2
      vertex -7.5977e+0 -1.1699e+1 0.0000e+0
    endloop
  endfacet
  facet normal 5.6641e-1 8.2413e-1 0.0000e+0
    outer loop
      vertex -7.5977e+0 -1.1699e+1 0.0000e+0
      vertex -8.1996e+0 -1.1286e+1 1.6670e+2
      vertex -7.5977e+0 -1.1699e+1 1.6670e+2
    endloop
  endfacet
  facet normal -5.6641e-1 -8.2413e-1 0.0000e+0
    outer loop
      vertex -9.9630e+0 -1.3713e+1 0.0000e+0
      vertex -9.2316e+0 -1.4215e+1 0.0000e+0
      vertex -9.9630e+0 -1.3713e+1 1.6670e+2
    endloop
  endfacet
  facet normal -5.6641e-1 -8.2413e-1 0.0000e+0
    outer loop
      vertex -9.2316e+0 -1.4215e+1 0.0000e+0
      vertex -9.2316e+0 -1.4215e+1 1.6670e+2
      vertex -9.9630e+0 -1.3713e+1 1.6670e+2
    endloop
  endfacet
  facet normal 4.0058e-1 5.8285e-1 -7.0699e-1
    outer loop
      vertex -8.1996e+0 -1.1286e+1 1.6670e+2
      vertex -3.3504e+0 -4.6114e+0 1.7495e+2
      vertex -7.5977e+0 -1.1699e+1 1.6670e+2
    endloop
  endfacet
  facet normal 4.0058e-1 5.8285e-1 -7.0699e-1
    outer loop
      vertex -7.5977e+0 -1.1699e+1 1.6670e+2
      vertex -3.3504e+0 -4.6114e+0 1.7495e+2
      vertex -3.1044e+0 -4.7804e+0 1.7495e+2
    endloop
  endfacet
  facet normal -4.0058e-1 -5.8285e-1 7.0699e-1
    outer loop
      vertex -9.9630e+0 -1.3713e+1 1.6670e+2
      vertex -9.2316e+0 -1.4215e+1 1.6670e+2
      vertex -5.1137e+0 -7.0384e+0 1.7495e+2
    endloop
  endfacet
  facet normal -4.0058e-1 -5.8285e-1 7.0699e-1
    outer loop
      vertex -9.2316e+0 -1.4215e+1 1.6670e+2
      vertex -4.7384e+0 -7.2964e+0 1.7495e+2
      vertex -5.1137e+0 -7.0384e+0 1.7495e+2
    endloop
  endfacet
  facet normal 5.4712e-1 7.9606e-1 2.5874e-1
    outer loop
      vertex -3.3504e+0 -4.6114e+0 1.7495e+2
      vertex -4.7317e+0 -6.5126e+0 1.8372e+2
      vertex -3.1044e+0 -4.7804e+0 1.7495e+2
    endloop
  endfacet
  facet normal 5.4712e-1 7.9606e-1 2.5874e-1
    outer loop
      vertex -3.1044e+0 -4.7804e+0 1.7495e+2
      vertex -4.7317e+0 -6.5126e+0 1.8372e+2
      vertex -4.3843e+0 -6.7513e+0 1.8372e+2
    endloop
  endfacet
  facet normal -5.4712e-1 -7.9606e-1 -2.5874e-1
    outer loop
      vertex -5.1137e+0 -7.0384e+0 1.7495e+2
      vertex -4.7384e+0 -7.2964e+0 1.7495e+2
      vertex -6.4950e+0 -8.9396e+0 1.8372e+2
    endloop
  endfacet
  facet normal -5.4712e-1 -7.9606e-1 -2.5874e-1
    outer loop
      vertex -4.7384e+0 -7.2964e+0 1.7495e+2
      vertex -6.0183e+0 -9.2673e+0 1.8372e+2
      vertex -6.4950e+0 -8.9396e+0 1.8372e+2
    endloop
  endfacet
  facet normal 0.0000e+0 0.0000e+0 -1.0000e+0
    outer loop
      vertex -8.1996e+0 -1.1286e+1 0.0000e+0
      vertex -7.5977e+0 -1.1699e+1 0.0000e+0
      vertex -9.9630e+0 -1.3713e+1 0.0000e+0
    endloop
  endfacet
  facet normal 0.0000e+0 0.0000e+0 -1.0000e+0
    outer loop
      vertex -7.5977e+0 -1.1699e+1 0.0000e+0
      vertex -9.2316e+0 -1.4215e+1 0.0000e+0
      vertex -9.9630e+0 -1.3713e+1 0.0000e+0
    endloop
  endfacet
  facet normal 0.0000e+0 0.0000e+0 1.0000e+0
    outer loop
      vertex -4.7317e+0 -6.5126e+0 1.8372e+2
      vertex -6.4950e+0 -8.9396e+0 1.8372e+2
      vertex -4.3843e+0 -6.7513e+0 1.8372e+2
    endloop
  endfacet
  facet normal 0.0000e+0 0.0000e+0 1.0000e+0
    outer loop
      vertex -4.3843e+0 -6.7513e+0 1.8372e+2
      vertex -6.4950e+0 -8.9396e+0 1.8372e+2
      vertex -6.0183e+0 -9.2673e+0 1.8372e+2
    endloop
  endfacet
  facet normal 5.2250e-1 8.5264e-1 0.0000e+0
    outer loop
      vertex -7.5977e+0 -1.1699e+1 0.0000e+0
      vertex -7.5977e+0 -1.1699e+1 1.6670e+2
      vertex -6.9750e+0 -1.2081e+1 0.0000e+0
    endloop
  endfacet
  facet normal 5.2250e-1 8.5264e-1 0.0000e+0
    outer loop
      vertex -6.9750e+0 -1.2081e+1 0.0000e+0
      vertex -7.5977e+0 -1.1699e+1 1.6670e+2
      vertex -6.9750e+0 -1.2081e+1 1.6670e+2
    endloop
  endfacet
  facet normal -5.2250e-1 -8.5264e-1 0.0000e+0
    outer loop
      vertex -9.2316e+0 -1.4215e+1 0.0000e+0
      vertex -8.4750e+0 -1.4679e+1 0.0000e+0
      vertex -9.2316e+0 -1.4215e+1 1.6670e+2
    endloop
  endfacet
  facet normal -5.2250e-1 -8.5264e-1 0.0000e+0
    outer loop
      vertex -8.4750e+0 -1.4679e+1 0.0000e+0
      vertex -8.4750e+0 -1.4679e+1 1.6670e+2
      vertex -9.2316e+0 -1.4215e+1 1.6670e+2
    endloop
  endfacet
  facet normal 3.6953e-1 6.0301e-1 -7.0699e-1
    outer loop
      vertex -7.5977e+0 -1.1699e+1 1.6670e+2
      vertex -3.1044e+0 -4.7804e+0 1.7495e+2
      vertex -6.9750e+0 -1.2081e+1 1.6670e+2
    endloop
  endfacet
  facet normal 3.6953e-1 6.0301e-1 -7.0699e-1
    outer loop
      vertex -6.9750e+0 -1.2081e+1 1.6670e+2
      vertex -3.1044e+0 -4.7804e+0 1.7495e+2
      vertex -2.8500e+0 -4.9363e+0 1.7495e+2
    endloop
  endfacet
  facet normal -3.6953e-1 -6.0301e-1 7.0699e-1
    outer loop
      vertex -9.2316e+0 -1.4215e+1 1.6670e+2
      vertex -8.4750e+0 -1.4679e+1 1.6670e+2
      vertex -4.7384e+0 -7.2964e+0 1.7495e+2
    endloop
  endfacet
  facet normal -3.6953e-1 -6.0301e-1 7.0699e-1
    outer loop
      vertex -8.4750e+0 -1.4679e+1 1.6670e+2
      vertex -4.3500e+0 -7.5344e+0 1.7495e+2
      vertex -4.7384e+0 -7.2964e+0 1.7495e+2
    endloop
  endfacet
  facet normal 5.0471e-1 8.2361e-1 2.5874e-1
    outer loop
      vertex -3.1044e+0 -4.7804e+0 1.7495e+2
      vertex -4.3843e+0 -6.7513e+0 1.8372e+2
      vertex -2.8500e+0 -4.9363e+0 1.7495e+2
    endloop
  endfacet
  facet normal 5.0471e-1 8.2361e-1 2.5874e-1
    outer loop
      vertex -2.8500e+0 -4.9363e+0 1.7495e+2
      vertex -4.3843e+0 -6.7513e+0 1.8372e+2
      vertex -4.0250e+0 -6.9715e+0 1.8372e+2
    endloop
  endfacet
  facet normal -5.0471e-1 -8.2361e-1 -2.5874e-1
    outer loop
      vertex -4.7384e+0 -7.2964e+0 1.7495e+2
      vertex -4.3500e+0 -7.5344e+0 1.7495e+2
      vertex -6.0183e+0 -9.2673e+0 1.8372e+2
    endloop
  endfacet
  facet normal -5.0471e-1 -8.2361e-1 -2.5874e-1
    outer loop
      vertex -4.3500e+0 -7.5344e+0 1.7495e+2
      vertex -5.5250e+0 -9.5696e+0 1.8372e+2
      vertex -6.0183e+0 -9.2673e+0 1.8372e+2
    endloop
  endfacet
  facet normal 0.0000e+0 0.0000e+0 -1.0000e+0
    outer loop
      vertex -7.5977e+0 -1.1699e+1 0.0000e+0
      vertex -6.9750e+0 -1.2081e+1 0.0000e+0
      vertex -9.2316e+0 -1.4215e+1 0.0000e+0
    endloop
  endfacet
  facet normal 0.0000e+0 0.0000e+0 -1.0000e+0
    outer loop
      vertex -6.9750e+0 -1.2081e+1 0.0000e+0
      vertex -8.4750e+0 -1.4679e+1 0.0000e+0
      vertex -9.2316e+0 -1.4215e+1 0.0000e+0
    endloop
  endfacet
  facet normal 0.0000e+0 0.0000e+0 1.0000e+0
    outer loop
      vertex -4.3843e+0 -6.7513e+0 1.8372e+2
      vertex -6.0183e+0 -9.2673e+0 1.8372e+2
      vertex -4.0250e+0 -6.9715e+0 1.8372e+2
    endloop
  endfacet
  facet normal 0.0000e+0 0.0000e+0 1.0000e+0
    outer loop
      vertex -4.0250e+0 -6.9715e+0 1.8372e+2
      vertex -6.0183e+0 -9.2673e+0 1.8372e+2
      vertex -5.5250e+0 -9.5696e+0 1.8372e+2
    endloop
  endfacet
  facet normal 4.7716e-1 8.7882e-1 0.0000e+0
    outer loop
      vertex -6.9750e+0 -1.2081e+1 0.0000e+0
      vertex -6.9750e+0 -1.2081e+1 1.6670e+2
      vertex -6.3332e+0 -1.2430e+1 0.0000e+0
    endloop
  endfacet
  facet normal 4.7716e-1 8.7882e-1 0.0000e+0
    outer loop
      vertex -6.3332e+0 -1.2430e+1 0.0000e+0
      vertex -6.9750e+0 -1.2081e+1 1.6670e+2
      vertex -6.3332e+0 -1.2430e+1 1.6670e+2
    endloop
  endfacet
  facet normal -4.7716e-1 -8.7882e-1 0.0000e+0
    outer loop
      vertex -8.4750e+0 -1.4679e+1 0.0000e+0
      vertex -7.6951e+0 -1.5103e+1 0.0000e+0
      vertex -8.4750e+0 -1.4679e+1 1.6670e+2
    endloop
  endfacet
  facet normal -4.7716e-1 -8.7882e-1 0.0000e+0
    outer loop
      vertex -7.6951e+0 -1.5103e+1 0.0000e+0
      vertex -7.6951e+0 -1.5103e+1 1.6670e+2
      vertex -8.4750e+0 -1.4679e+1 1.6670e+2
    endloop
  endfacet
  facet normal 3.3746e-1 6.2152e-1 -7.0699e-1
    outer loop
      vertex -6.9750e+0 -1.2081e+1 1.6670e+2
      vertex -2.8500e+0 -4.9363e+0 1.7495e+2
      vertex -6.3332e+0 -1.2430e+1 1.6670e+2
    endloop
  endfacet
  facet normal 3.3746e-1 6.2152e-1 -7.0699e-1
    outer loop
      vertex -6.3332e+0 -1.2430e+1 1.6670e+2
      vertex -2.8500e+0 -4.9363e+0 1.7495e+2
      vertex -2.5877e+0 -5.0787e+0 1.7495e+2
    endloop
  endfacet
  facet normal -3.3746e-1 -6.2152e-1 7.0699e-1
    outer loop
      vertex -8.4750e+0 -1.4679e+1 1.6670e+2
      vertex -7.6951e+0 -1.5103e+1 1.6670e+2
      vertex -4.3500e+0 -7.5344e+0 1.7495e+2
    endloop
  endfacet
  facet normal -3.3746e-1 -6.2152e-1 7.0699e-1
    outer loop
      vertex -7.6951e+0 -1.5103e+1 1.6670e+2
      vertex -3.9497e+0 -7.7518e+0 1.7495e+2
      vertex -4.3500e+0 -7.5344e+0 1.7495e+2
    endloop
  endfacet
  facet normal 4.6091e-1 8.4889e-1 2.5874e-1
    outer loop
      vertex -2.8500e+0 -4.9363e+0 1.7495e+2
      vertex -4.0250e+0 -6.9715e+0 1.8372e+2
      vertex -2.5877e+0 -5.0787e+0 1.7495e+2
    endloop
  endfacet
  facet normal 4.6091e-1 8.4889e-1 2.5874e-1
    outer loop
      vertex -2.5877e+0 -5.0787e+0 1.7495e+2
      vertex -4.0250e+0 -6.9715e+0 1.8372e+2
      vertex -3.6546e+0 -7.1726e+0 1.8372e+2
    endloop
  endfacet
  facet normal -4.6091e-1 -8.4889e-1 -2.5874e-1
    outer loop
      vertex -4.3500e+0 -7.5344e+0 1.7495e+2
      vertex -3.9497e+0 -7.7518e+0 1.7495e+2
      vertex -5.5250e+0 -9.5696e+0 1.8372e+2
    endloop
  endfacet
  facet normal -4.6091e-1 -8.4889e-1 -2.5874e-1
    outer loop
      vertex -3.9497e+0 -7.7518e+0 1.7495e+2
      vertex -5.0166e+0 -9.8456e+0 1.8372e+2
      vertex -5.5250e+0 -9.5696e+0 1.8372e+2
    endloop
  endfacet
  facet normal 0.0000e+0 0.0000e+0 -1.0000e+0
    outer loop
      vertex -6.9750e+0 -1.2081e+1 0.0000e+0
      vertex -6.3332e+0 -1.2430e+1 0.0000e+0
      vertex -8.4750e+0 -1.4679e+1 0.0000e+0
    endloop
  endfacet
  facet normal 0.0000e+0 0.0000e+0 -1.0000e+0
    outer loop
      vertex -6.3332e+0 -1.2430e+1 0.0000e+0
      vertex -7.6951e+0 -1.5103e+1 0.0000e+0
      vertex -8.4750e+0 -1.4679e+1 0.0000e+0
    endloop
  endfacet
  facet normal 0.0000e+0 0.0000e+0 1.0000e+0
    outer loop
      vertex -4.0250e+0 -6.9715e+0 1.8372e+2
      vertex -5.5250e+0 -9.5696e+0 1.8372e+2
      vertex -3.6546e+0 -7.1726e+0 1.8372e+2
    endloop
  endfacet
  facet normal 0.0000e+0 0.0000e+0 1.0000e+0
    outer loop
      vertex -3.6546e+0 -7.1726e+0 1.8372e+2
      vertex -5.5250e+0 -9.5696e+0 1.8372e+2
      vertex -5.0166e+0 -9.8456e+0 1.8372e+2
    endloop
  endfacet
  facet normal 4.3051e-1 9.0259e-1 0.0000e+0
    outer loop
      vertex -6.3332e+0 -1.2430e+1 0.0000e+0
      vertex -6.3332e+0 -1.2430e+1 1.6670e+2
      vertex -5.6740e+0 -1.2744e+1 0.0000e+0
    endloop
  endfacet
  facet normal 4.3051e-1 9.0259e-1 0.0000e+0
    outer loop
      vertex -5.6740e+0 -1.2744e+1 0.0000e+0
      vertex -6.3332e+0 -1.2430e+1 1.6670e+2
      vertex -5.6740e+0 -1.2744e+1 1.6670e+2
    endloop
  endfacet
  facet normal -4.3051e-1 -9.0259e-1 0.0000e+0
    outer loop
      vertex -7.6951e+0 -1.5103e+1 0.0000e+0
      vertex -6.8942e+0 -1.5485e+1 0.0000e+0
      vertex -7.6951e+0 -1.5103e+1 1.6670e+2
    endloop
  endfacet
  facet normal -4.3051e-1 -9.0259e-1 0.0000e+0
    outer loop
      vertex -6.8942e+0 -1.5485e+1 0.0000e+0
      vertex -6.8942e+0 -1.5485e+1 1.6670e+2
      vertex -7.6951e+0 -1.5103e+1 1.6670e+2
    endloop
  endfacet
  facet normal 3.0447e-1 6.3833e-1 -7.0699e-1
    outer loop
      vertex -6.3332e+0 -1.2430e+1 1.6670e+2
      vertex -2.5877e+0 -5.0787e+0 1.7495e+2
      vertex -5.6740e+0 -1.2744e+1 1.6670e+2
    endloop
  endfacet
  facet normal 3.0447e-1 6.3833e-1 -7.0699e-1
    outer loop
      vertex -5.6740e+0 -1.2744e+1 1.6670e+2
      vertex -2.5877e+0 -5.0787e+0 1.7495e+2
      vertex -2.3184e+0 -5.2072e+0 1.7495e+2
    endloop
  endfacet
  facet normal -3.0447e-1 -6.3833e-1 7.0699e-1
    outer loop
      vertex -7.6951e+0 -1.5103e+1 1.6670e+2
      vertex -6.8942e+0 -1.5485e+1 1.6670e+2
      vertex -3.9497e+0 -7.7518e+0 1.7495e+2
    endloop
  endfacet
  facet normal -3.0447e-1 -6.3833e-1 7.0699e-1
    outer loop
      vertex -6.8942e+0 -1.5485e+1 1.6670e+2
      vertex -3.5386e+0 -7.9478e+0 1.7495e+2
      vertex -3.9497e+0 -7.7518e+0 1.7495e+2
    endloop
  endfacet
  facet normal 4.1585e-1 8.7185e-1 2.5874e-1
    outer loop
      vertex -2.5877e+0 -5.0787e+0 1.7495e+2
      vertex -3.6546e+0 -7.1726e+0 1.8372e+2
      vertex -2.3184e+0 -5.2072e+0 1.7495e+2
    endloop
  endfacet
  facet normal 4.1585e-1 8.7185e-1 2.5874e-1
    outer loop
      vertex -2.3184e+0 -5.2072e+0 1.7495e+2
      vertex -3.6546e+0 -7.1726e+0 1.8372e+2
      vertex -3.2742e+0 -7.3540e+0 1.8372e+2
    endloop
  endfacet
  facet normal -4.1585e-1 -8.7185e-1 -2.5874e-1
    outer loop
      vertex -3.9497e+0 -7.7518e+0 1.7495e+2
      vertex -3.5386e+0 -7.9478e+0 1.7495e+2
      vertex -5.0166e+0 -9.8456e+0 1.8372e+2
    endloop
  endfacet
  facet normal -4.1585e-1 -8.7185e-1 -2.5874e-1
    outer loop
      vertex -3.5386e+0 -7.9478e+0 1.7495e+2
      vertex -4.4944e+0 -1.0095e+1 1.8372e+2
      vertex -5.0166e+0 -9.8456e+0 1.8372e+2
    endloop
  endfacet
  facet normal 0.0000e+0 0.0000e+0 -1.0000e+0
    outer loop
      vertex -6.3332e+0 -1.2430e+1 0.0000e+0
      vertex -5.6740e+0 -1.2744e+1 0.0000e+0
      vertex -7.6951e+0 -1.5103e+1 0.0000e+0
    endloop
  endfacet
  facet normal 0.0000e+0 0.0000e+0 -1.0000e+0
    outer loop
      vertex -5.6740e+0 -1.2744e+1 0.0000e+0
      vertex -6.8942e+0 -1.5485e+1 0.0000e+0
      vertex -7.6951e+0 -1.5103e+1 0.0000e+0
    endloop
  endfacet
  facet normal 0.0000e+0 0.0000e+0 1.0000e+0
    outer loop
      vertex -3.6546e+0 -7.1726e+0 1.8372e+2
      vertex -5.0166e+0 -9.8456e+0 1.8372e+2
      vertex -3.2742e+0 -7.3540e+0 1.8372e+2
    endloop
  endfacet
  facet normal 0.0000e+0 0.0000e+0 1.0000e+0
    outer loop
      vertex -3.2742e+0 -7.3540e+0 1.8372e+2
      vertex -5.0166e+0 -9.8456e+0 1.8372e+2
      vertex -4.4944e+0 -1.0095e+1 1.8372e+2
    endloop
  endfacet
  facet normal 3.8268e-1 9.2388e-1 0.0000e+0
    outer loop
      vertex -5.6740e+0 -1.2744e+1 0.0000e+0
      vertex -5.6740e+0 -1.2744e+1 1.6670e+2
      vertex -4.9992e+0 -1.3023e+1 0.0000e+0
    endloop
  endfacet
  facet normal 3.8268e-1 9.2388e-1 0.0000e+0
    outer loop
      vertex -4.9992e+0 -1.3023e+1 0.0000e+0
      vertex -5.6740e+0 -1.2744e+1 1.6670e+2
      vertex -4.9992e+0 -1.3023e+1 1.6670e+2
    endloop
  endfacet
  facet normal -3.8268e-1 -9.2388e-1 0.0000e+0
    outer loop
      vertex -6.8942e+0 -1.5485e+1 0.0000e+0
      vertex -6.0743e+0 -1.5824e+1 0.0000e+0
      vertex -6.8942e+0 -1.5485e+1 1.6670e+2
    endloop
  endfacet
  facet normal -3.8268e-1 -9.2388e-1 0.0000e+0
    outer loop
      vertex -6.0743e+0 -1.5824e+1 0.0000e+0
      vertex -6.0743e+0 -1.5824e+1 1.6670e+2
      vertex -6.8942e+0 -1.5485e+1 1.6670e+2
    endloop
  endfacet
  facet normal 2.7064e-1 6.5339e-1 -7.0699e-1
    outer loop
      vertex -5.6740e+0 -1.2744e+1 1.6670e+2
      vertex -2.3184e+0 -5.2072e+0 1.7495e+2
      vertex -4.9992e+0 -1.3023e+1 1.6670e+2
    endloop
  endfacet
  facet normal 2.7064e-1 6.5339e-1 -7.0699e-1
    outer loop
      vertex -4.9992e+0 -1.3023e+1 1.6670e+2
      vertex -2.3184e+0 -5.2072e+0 1.7495e+2
      vertex -2.0427e+0 -5.3214e+0 1.7495e+2
    endloop
  endfacet
  facet normal -2.7064e-1 -6.5339e-1 7.0699e-1
    outer loop
      vertex -6.8942e+0 -1.5485e+1 1.6670e+2
      vertex -6.0743e+0 -1.5824e+1 1.6670e+2
      vertex -3.5386e+0 -7.9478e+0 1.7495e+2
    endloop
  endfacet
  facet normal -2.7064e-1 -6.5339e-1 7.0699e-1
    outer loop
      vertex -6.0743e+0 -1.5824e+1 1.6670e+2
      vertex -3.1178e+0 -8.1221e+0 1.7495e+2
      vertex -3.5386e+0 -7.9478e+0 1.7495e+2
    endloop
  endfacet
  facet normal 3.6965e-1 8.9242e-1 2.5874e-1
    outer loop
      vertex -2.3184e+0 -5.2072e+0 1.7495e+2
      vertex -3.2742e+0 -7.3540e+0 1.8372e+2
      vertex -2.0427e+0 -5.3214e+0 1.7495e+2
    endloop
  endfacet
  facet normal 3.6965e-1 8.9242e-1 2.5874e-1
    outer loop
      vertex -2.0427e+0 -5.3214e+0 1.7495e+2
      vertex -3.2742e+0 -7.3540e+0 1.8372e+2
      vertex -2.8849e+0 -7.5153e+0 1.8372e+2
    endloop
  endfacet
  facet normal -3.6965e-1 -8.9242e-1 -2.5874e-1
    outer loop
      vertex -3.5386e+0 -7.9478e+0 1.7495e+2
      vertex -3.1178e+0 -8.1221e+0 1.7495e+2
      vertex -4.4944e+0 -1.0095e+1 1.8372e+2
    endloop
  endfacet
  facet normal -3.6965e-1 -8.9242e-1 -2.5874e-1
    outer loop
      vertex -3.1178e+0 -8.1221e+0 1.7495e+2
      vertex -3.9600e+0 -1.0316e+1 1.8372e+2
      vertex -4.4944e+0 -1.0095e+1 1.8372e+2
    endloop
  endfacet
  facet normal 0.0000e+0 0.0000e+0 -1.0000e+0
    outer loop
      vertex -5.6740e+0 -1.2744e+1 0.0000e+0
      vertex -4.9992e+0 -1.3023e+1 0.0000e+0
      vertex -6.8942e+0 -1.5485e+1 0.0000e+0
    endloop
  endfacet
  facet normal 0.0000e+0 0.0000e+0 -1.0000e+0
    outer loop
      vertex -4.9992e+0 -1.3023e+1 0.0000e+0
      vertex -6.0743e+0 -1.5824e+1 0.0000e+0
      vertex -6.8942e+0 -1.5485e+1 0.0000e+0
    endloop
  endfacet
  facet normal 0.0000e+0 0.0000e+0 1.0000e+0
    outer loop
      vertex -3.2742e+0 -7.3540e+0 1.8372e+2
      vertex -4.4944e+0 -1.0095e+1 1.8372e+2
      vertex -2.8849e+0 -7.5153e+0 1.8372e+2
    endloop
  endfacet
  facet normal 0.0000e+0 0.0000e+0 1.0000e+0
    outer loop
      vertex -2.8849e+0 -7.5153e+0 1.8372e+2
      vertex -4.4944e+0 -1.0095e+1 1.8372e+2
      vertex -3.9600e+0 -1.0316e+1 1.8372e+2
    endloop
  endfacet
  facet normal 3.3381e-1 9.4264e-1 0.0000e+0
    outer loop
      vertex -4.9992e+0 -1.3023e+1 0.0000e+0
      vertex -4.9992e+0 -1.3023e+1 1.6670e+2
      vertex -4.3108e+0 -1.3267e+1 0.0000e+0
    endloop
  endfacet
  facet normal 3.3381e-1 9.4264e-1 0.0000e+0
    outer loop
      vertex -4.3108e+0 -1.3267e+1 0.0000e+0
      vertex -4.9992e+0 -1.3023e+1 1.6670e+2
      vertex -4.3108e+0 -1.3267e+1 1.6670e+2
    endloop
  endfacet
  facet normal -3.3381e-1 -9.4264e-1 0.0000e+0
    outer loop
      vertex -6.0743e+0 -1.5824e+1 0.0000e+0
      vertex -5.2378e+0 -1.6120e+1 0.0000e+0
      vertex -6.0743e+0 -1.5824e+1 1.6670e+2
    endloop
  endfacet
  facet normal -3.3381e-1 -9.4264e-1 0.0000e+0
    outer loop
      vertex -5.2378e+0 -1.6120e+1 0.0000e+0
      vertex -5.2378e+0 -1.6120e+1 1.6670e+2
      vertex -6.0743e+0 -1.5824e+1 1.6670e+2
    endloop
  endfacet
  facet normal 2.3608e-1 6.6666e-1 -7.0699e-1
    outer loop
      vertex -4.9992e+0 -1.3023e+1 1.6670e+2
      vertex -2.0427e+0 -5.3214e+0 1.7495e+2
      vertex -4.3108e+0 -1.3267e+1 1.6670e+2
    endloop
  endfacet
  facet normal 2.3608e-1 6.6666e-1 -7.0699e-1
    outer loop
      vertex -4.3108e+0 -1.3267e+1 1.6670e+2
      vertex -2.0427e+0 -5.3214e+0 1.7495e+2
      vertex -1.7614e+0 -5.4210e+0 1.7495e+2
    endloop
  endfacet
  facet normal -2.3608e-1 -6.6666e-1 7.0699e-1
    outer loop
      vertex -6.0743e+0 -1.5824e+1 1.6670e+2
      vertex -5.2378e+0 -1.6120e+1 1.6670e+2
      vertex -3.1178e+0 -8.1221e+0 1.7495e+2
    endloop
  endfacet
  facet normal -2.3608e-1 -6.6666e-1 7.0699e-1
    outer loop
      vertex -5.2378e+0 -1.6120e+1 1.6670e+2
      vertex -2.6884e+0 -8.2742e+0 1.7495e+2
      vertex -3.1178e+0 -8.1221e+0 1.7495e+2
    endloop
  endfacet
  facet normal 3.2244e-1 9.1054e-1 2.5874e-1
    outer loop
      vertex -2.0427e+0 -5.3214e+0 1.7495e+2
      vertex -2.8849e+0 -7.5153e+0 1.8372e+2
      vertex -1.7614e+0 -5.4210e+0 1.7495e+2
    endloop
  endfacet
  facet normal 3.2244e-1 9.1054e-1 2.5874e-1
    outer loop
      vertex -1.7614e+0 -5.4210e+0 1.7495e+2
      vertex -2.8849e+0 -7.5153e+0 1.8372e+2
      vertex -2.4876e+0 -7.6560e+0 1.8372e+2
    endloop
  endfacet
  facet normal -3.2244e-1 -9.1054e-1 -2.5874e-1
    outer loop
      vertex -3.1178e+0 -8.1221e+0 1.7495e+2
      vertex -2.6884e+0 -8.2742e+0 1.7495e+2
      vertex -3.9600e+0 -1.0316e+1 1.8372e+2
    endloop
  endfacet
  facet normal -3.2244e-1 -9.1054e-1 -2.5874e-1
    outer loop
      vertex -2.6884e+0 -8.2742e+0 1.7495e+2
      vertex -3.4146e+0 -1.0509e+1 1.8372e+2
      vertex -3.9600e+0 -1.0316e+1 1.8372e+2
    endloop
  endfacet
  facet normal 0.0000e+0 0.0000e+0 -1.0000e+0
    outer loop
      vertex -4.9992e+0 -1.3023e+1 0.0000e+0
      vertex -4.3108e+0 -1.3267e+1 0.0000e+0
      vertex -6.0743e+0 -1.5824e+1 0.0000e+0
    endloop
  endfacet
  facet normal 0.0000e+0 0.0000e+0 -1.0000e+0
    outer loop
      vertex -4.3108e+0 -1.3267e+1 0.0000e+0
      vertex -5.2378e+0 -1.6120e+1 0.0000e+0
      vertex -6.0743e+0 -1.5824e+1 0.0000e+0
    endloop
  endfacet
  facet normal 0.0000e+0 0.0000e+0 1.0000e+0
    outer loop
      vertex -2.8849e+0 -7.5153e+0 1.8372e+2
      vertex -3.9600e+0 -1.0316e+1 1.8372e+2
      vertex -2.4876e+0 -7.6560e+0 1.8372e+2
    endloop
  endfacet
  facet normal 0.0000e+0 0.0000e+0 1.0000e+0
    outer loop
      vertex -2.4876e+0 -7.6560e+0 1.8372e+2
      vertex -3.9600e+0 -1.0316e+1 1.8372e+2
      vertex -3.4146e+0 -1.0509e+1 1.8372e+2
    endloop
  endfacet
  facet normal 2.8402e-1 9.5882e-1 0.0000e+0
    outer loop
      vertex -4.3108e+0 -1.3267e+1 0.0000e+0
      vertex -4.3108e+0 -1.3267e+1 1.6670e+2
      vertex -3.6105e+0 -1.3475e+1 0.0000e+0
    endloop
  endfacet
  facet normal 2.8402e-1 9.5882e-1 0.0000e+0
    outer loop
      vertex -3.6105e+0 -1.3475e+1 0.0000e+0
      vertex -4.3108e+0 -1.3267e+1 1.6670e+2
      vertex -3.6105e+0 -1.3475e+1 1.6670e+2
    endloop
  endfacet
  facet normal -2.8402e-1 -9.5882e-1 0.0000e+0
    outer loop
      vertex -5.2378e+0 -1.6120e+1 0.0000e+0
      vertex -4.3870e+0 -1.6372e+1 0.0000e+0
      vertex -5.2378e+0 -1.6120e+1 1.6670e+2
    endloop
  endfacet
  facet normal -2.8402e-1 -9.5882e-1 0.0000e+0
    outer loop
      vertex -4.3870e+0 -1.6372e+1 0.0000e+0
      vertex -4.3870e+0 -1.6372e+1 1.6670e+2
      vertex -5.2378e+0 -1.6120e+1 1.6670e+2
    endloop
  endfacet
  facet normal 2.0086e-1 6.7810e-1 -7.0699e-1
    outer loop
      vertex -4.3108e+0 -1.3267e+1 1.6670e+2
      vertex -1.7614e+0 -5.4210e+0 1.7495e+2
      vertex -3.6105e+0 -1.3475e+1 1.6670e+2
    endloop
  endfacet
  facet normal 2.0086e-1 6.7810e-1 -7.0699e-1
    outer loop
      vertex -3.6105e+0 -1.3475e+1 1.6670e+2
      vertex -1.7614e+0 -5.4210e+0 1.7495e+2
      vertex -1.4753e+0 -5.5058e+0 1.7495e+2
    endloop
  endfacet
  facet normal -2.0086e-1 -6.7810e-1 7.0699e-1
    outer loop
      vertex -5.2378e+0 -1.6120e+1 1.6670e+2
      vertex -4.3870e+0 -1.6372e+1 1.6670e+2
      vertex -2.6884e+0 -8.2742e+0 1.7495e+2
    endloop
  endfacet
  facet normal -2.0086e-1 -6.7810e-1 7.0699e-1
    outer loop
      vertex -4.3870e+0 -1.6372e+1 1.6670e+2
      vertex -2.2517e+0 -8.4036e+0 1.7495e+2
      vertex -2.6884e+0 -8.2742e+0 1.7495e+2
    endloop
  endfacet
  facet normal 2.7434e-1 9.2617e-1 2.5874e-1
    outer loop
      vertex -1.7614e+0 -5.4210e+0 1.7495e+2
      vertex -2.4876e+0 -7.6560e+0 1.8372e+2
      vertex -1.4753e+0 -5.5058e+0 1.7495e+2
    endloop
  endfacet
  facet normal 2.7434e-1 9.2617e-1 2.5874e-1
    outer loop
      vertex -1.4753e+0 -5.5058e+0 1.7495e+2
      vertex -2.4876e+0 -7.6560e+0 1.8372e+2
      vertex -2.0835e+0 -7.7757e+0 1.8372e+2
    endloop
  endfacet
  facet normal -2.7434e-1 -9.2617e-1 -2.5874e-1
    outer loop
      vertex -2.6884e+0 -8.2742e+0 1.7495e+2
      vertex -2.2517e+0 -8.4036e+0 1.7495e+2
      vertex -3.4146e+0 -1.0509e+1 1.8372e+2
    endloop
  endfacet
  facet normal -2.7434e-1 -9.2617e-1 -2.5874e-1
    outer loop
      vertex -2.2517e+0 -8.4036e+0 1.7495e+2
      vertex -2.8600e+0 -1.0673e+1 1.8372e+2
      vertex -3.4146e+0 -1.0509e+1 1.8372e+2
    endloop
  endfacet
  facet normal 0.0000e+0 0.0000e+0 -1.0000e+0
    outer loop
      vertex -4.3108e+0 -1.3267e+1 0.0000e+0
      vertex -3.6105e+0 -1.3475e+1 0.0000e+0
      vertex -5.2378e+0 -1.6120e+1 0.0000e+0
    endloop
  endfacet
  facet normal 0.0000e+0 0.0000e+0 -1.0000e+0
    outer loop
      vertex -3.6105e+0 -1.3475e+1 0.0000e+0
      vertex -4.3870e+0 -1.6372e+1 0.0000e+0
      vertex -5.2378e+0 -1.6120e+1 0.0000e+0
    endloop
  endfacet
  facet normal 0.0000e+0 0.0000e+0 1.0000e+0
    outer loop
      vertex -2.4876e+0 -7.6560e+0 1.8372e+2
      vertex -3.4146e+0 -1.0509e+1 1.8372e+2
      vertex -2.0835e+0 -7.7757e+0 1.8372e+2
    endloop
  endfacet
  facet normal 0.0000e+0 0.0000e+0 1.0000e+0
    outer loop
      vertex -2.0835e+0 -7.7757e+0 1.8372e+2
      vertex -3.4146e+0 -1.0509e+1 1.8372e+2
      vertex -2.8600e+0 -1.0673e+1 1.8372e+2
    endloop
  endfacet
  facet normal 2.3345e-1 9.7237e-1 0.0000e+0
    outer loop
      vertex -3.6105e+0 -1.3475e+1 0.0000e+0
      vertex -3.6105e+0 -1.3475e+1 1.6670e+2
      vertex -2.9004e+0 -1.3645e+1 0.0000e+0
    endloop
  endfacet
  facet normal 2.3345e-1 9.7237e-1 0.0000e+0
    outer loop
      vertex -2.9004e+0 -1.3645e+1 0.0000e+0
      vertex -3.6105e+0 -1.3475e+1 1.6670e+2
      vertex -2.9004e+0 -1.3645e+1 1.6670e+2
    endloop
  endfacet
  facet normal -2.3345e-1 -9.7237e-1 0.0000e+0
    outer loop
      vertex -4.3870e+0 -1.6372e+1 0.0000e+0
      vertex -3.5241e+0 -1.6580e+1 0.0000e+0
      vertex -4.3870e+0 -1.6372e+1 1.6670e+2
    endloop
  endfacet
  facet normal -2.3345e-1 -9.7237e-1 0.0000e+0
    outer loop
      vertex -3.5241e+0 -1.6580e+1 0.0000e+0
      vertex -3.5241e+0 -1.6580e+1 1.6670e+2
      vertex -4.3870e+0 -1.6372e+1 1.6670e+2
    endloop
  endfacet
  facet normal 1.6510e-1 6.8769e-1 -7.0699e-1
    outer loop
      vertex -3.6105e+0 -1.3475e+1 1.6670e+2
      vertex -1.4753e+0 -5.5058e+0 1.7495e+2
      vertex -2.9004e+0 -1.3645e+1 1.6670e+2
    endloop
  endfacet
  facet normal 1.6510e-1 6.8769e-1 -7.0699e-1
    outer loop
      vertex -2.9004e+0 -1.3645e+1 1.6670e+2
      vertex -1.4753e+0 -5.5058e+0 1.7495e+2
      vertex -1.1851e+0 -5.5754e+0 1.7495e+2
    endloop
  endfacet
  facet normal -1.6510e-1 -6.8769e-1 7.0699e-1
    outer loop
      vertex -4.3870e+0 -1.6372e+1 1.6670e+2
      vertex -3.5241e+0 -1.6580e+1 1.6670e+2
      vertex -2.2517e+0 -8.4036e+0 1.7495e+2
    endloop
  endfacet
  facet normal -1.6510e-1 -6.8769e-1 7.0699e-1
    outer loop
      vertex -3.5241e+0 -1.6580e+1 1.6670e+2
      vertex -1.8088e+0 -8.5099e+0 1.7495e+2
      vertex -2.2517e+0 -8.4036e+0 1.7495e+2
    endloop
  endfacet
  facet normal 2.2550e-1 9.3926e-1 2.5874e-1
    outer loop
      vertex -1.4753e+0 -5.5058e+0 1.7495e+2
      vertex -2.0835e+0 -7.7757e+0 1.8372e+2
      vertex -1.1851e+0 -5.5754e+0 1.7495e+2
    endloop
  endfacet
  facet normal 2.2550e-1 9.3926e-1 2.5874e-1
    outer loop
      vertex -1.1851e+0 -5.5754e+0 1.7495e+2
      vertex -2.0835e+0 -7.7757e+0 1.8372e+2
      vertex -1.6737e+0 -7.8741e+0 1.8372e+2
    endloop
  endfacet
  facet normal -2.2550e-1 -9.3926e-1 -2.5874e-1
    outer loop
      vertex -2.2517e+0 -8.4036e+0 1.7495e+2
      vertex -1.8088e+0 -8.5099e+0 1.7495e+2
      vertex -2.8600e+0 -1.0673e+1 1.8372e+2
    endloop
  endfacet
  facet normal -2.2550e-1 -9.3926e-1 -2.5874e-1
    outer loop
      vertex -1.8088e+0 -8.5099e+0 1.7495e+2
      vertex -2.2974e+0 -1.0809e+1 1.8372e+2
      vertex -2.8600e+0 -1.0673e+1 1.8372e+2
    endloop
  endfacet
  facet normal 0.0000e+0 0.0000e+0 -1.0000e+0
    outer loop
      vertex -3.6105e+0 -1.3475e+1 0.0000e+0
      vertex -2.9004e+0 -1.3645e+1 0.0000e+0
      vertex -4.3870e+0 -1.6372e+1 0.0000e+0
    endloop
  endfacet
  facet normal 0.0000e+0 0.0000e+0 -1.0000e+0
    outer loop
      vertex -2.9004e+0 -1.3645e+1 0.0000e+0
      vertex -3.5241e+0 -1.6580e+1 0.0000e+0
      vertex -4.3870e+0 -1.6372e+1 0.0000e+0
    endloop
  endfacet
  facet normal 0.0000e+0 0.0000e+0 1.0000e+0
    outer loop
      vertex -2.0835e+0 -7.7757e+0 1.8372e+2
      vertex -2.8600e+0 -1.0673e+1 1.8372e+2
      vertex -1.6737e+0 -7.8741e+0 1.8372e+2
    endloop
  endfacet
  facet normal 0.0000e+0 0.0000e+0 1.0000e+0
    outer loop
      vertex -1.6737e+0 -7.8741e+0 1.8372e+2
      vertex -2.8600e+0 -1.0673e+1 1.8372e+2
      vertex -2.2974e+0 -1.0809e+1 1.8372e+2
    endloop
  endfacet
  facet normal 1.8224e-1 9.8325e-1 0.0000e+0
    outer loop
      vertex -2.9004e+0 -1.3645e+1 0.0000e+0
      vertex -2.9004e+0 -1.3645e+1 1.6670e+2
      vertex -2.1823e+0 -1.3778e+1 0.0000e+0
    endloop
  endfacet
  facet normal 1.8224e-1 9.8325e-1 0.0000e+0
    outer loop
      vertex -2.1823e+0 -1.3778e+1 0.0000e+0
      vertex -2.9004e+0 -1.3645e+1 1.6670e+2
      vertex -2.1823e+0 -1.3778e+1 1.6670e+2
    endloop
  endfacet
  facet normal -1.8224e-1 -9.8325e-1 0.0000e+0
    outer loop
      vertex -3.5241e+0 -1.6580e+1 0.0000e+0
      vertex -2.6516e+0 -1.6741e+1 0.0000e+0
      vertex -3.5241e+0 -1.6580e+1 1.6670e+2
    endloop
  endfacet
  facet normal -1.8224e-1 -9.8325e-1 0.0000e+0
    outer loop
      vertex -2.6516e+0 -1.6741e+1 0.0000e+0
      vertex -2.6516e+0 -1.6741e+1 1.6670e+2
      vertex -3.5241e+0 -1.6580e+1 1.6670e+2
    endloop
  endfacet
  facet normal 1.2888e-1 6.9539e-1 -7.0699e-1
    outer loop
      vertex -2.9004e+0 -1.3645e+1 1.6670e+2
      vertex -1.1851e+0 -5.5754e+0 1.7495e+2
      vertex -2.1823e+0 -1.3778e+1 1.6670e+2
    endloop
  endfacet
  facet normal 1.2888e-1 6.9539e-1 -7.0699e-1
    outer loop
      vertex -2.1823e+0 -1.3778e+1 1.6670e+2
      vertex -1.1851e+0 -5.5754e+0 1.7495e+2
      vertex -8.9168e-1 -5.6298e+0 1.7495e+2
    endloop
  endfacet
  facet normal -1.2888e-1 -6.9539e-1 7.0699e-1
    outer loop
      vertex -3.5241e+0 -1.6580e+1 1.6670e+2
      vertex -2.6516e+0 -1.6741e+1 1.6670e+2
      vertex -1.8088e+0 -8.5099e+0 1.7495e+2
    endloop
  endfacet
  facet normal -1.2888e-1 -6.9539e-1 7.0699e-1
    outer loop
      vertex -2.6516e+0 -1.6741e+1 1.6670e+2
      vertex -1.3610e+0 -8.5929e+0 1.7495e+2
      vertex -1.8088e+0 -8.5099e+0 1.7495e+2
    endloop
  endfacet
  facet normal 1.7603e-1 9.4977e-1 2.5874e-1
    outer loop
      vertex -1.1851e+0 -5.5754e+0 1.7495e+2
      vertex -1.6737e+0 -7.8741e+0 1.8372e+2
      vertex -8.9168e-1 -5.6298e+0 1.7495e+2
    endloop
  endfacet
  facet normal 1.7603e-1 9.4977e-1 2.5874e-1
    outer loop
      vertex -8.9168e-1 -5.6298e+0 1.7495e+2
      vertex -1.6737e+0 -7.8741e+0 1.8372e+2
      vertex -1.2593e+0 -7.9509e+0 1.8372e+2
    endloop
  endfacet
  facet normal -1.7603e-1 -9.4977e-1 -2.5874e-1
    outer loop
      vertex -1.8088e+0 -8.5099e+0 1.7495e+2
      vertex -1.3610e+0 -8.5929e+0 1.7495e+2
      vertex -2.2974e+0 -1.0809e+1 1.8372e+2
    endloop
  endfacet
  facet normal -1.7603e-1 -9.4977e-1 -2.5874e-1
    outer loop
      vertex -1.3610e+0 -8.5929e+0 1.7495e+2
      vertex -1.7286e+0 -1.0914e+1 1.8372e+2
      vertex -2.2974e+0 -1.0809e+1 1.8372e+2
    endloop
  endfacet
  facet normal 0.0000e+0 0.0000e+0 -1.0000e+0
    outer loop
      vertex -2.9004e+0 -1.3645e+1 0.0000e+0
      vertex -2.1823e+0 -1.3778e+1 0.0000e+0
      vertex -3.5241e+0 -1.6580e+1 0.0000e+0
    endloop
  endfacet
  facet normal 0.0000e+0 0.0000e+0 -1.0000e+0
    outer loop
      vertex -2.1823e+0 -1.3778e+1 0.0000e+0
      vertex -2.6516e+0 -1.6741e+1 0.0000e+0
      vertex -3.5241e+0 -1.6580e+1 0.0000e+0
    endloop
  endfacet
  facet normal 0.0000e+0 0.0000e+0 1.0000e+0
    outer loop
      vertex -1.6737e+0 -7.8741e+0 1.8372e+2
      vertex -2.2974e+0 -1.0809e+1 1.8372e+2
      vertex -1.2593e+0 -7.9509e+0 1.8372e+2
    endloop
  endfacet
  facet normal 0.0000e+0 0.0000e+0 1.0000e+0
    outer loop
      vertex -1.2593e+0 -7.9509e+0 1.8372e+2
      vertex -2.2974e+0 -1.0809e+1 1.8372e+2
      vertex -1.7286e+0 -1.0914e+1 1.8372e+2
    endloop
  endfacet
  facet normal 1.3053e-1 9.9144e-1 0.0000e+0
    outer loop
      vertex -2.1823e+0 -1.3778e+1 0.0000e+0
      vertex -2.1823e+0 -1.3778e+1 1.6670e+2
      vertex -1.4582e+0 -1.3874e+1 0.0000e+0
    endloop
  endfacet
  facet normal 1.3053e-1 9.9144e-1 0.0000e+0
    outer loop
      vertex -1.4582e+0 -1.3874e+1 0.0000e+0
      vertex -2.1823e+0 -1.3778e+1 1.6670e+2
      vertex -1.4582e+0 -1.3874e+1 1.6670e+2
    endloop
  endfacet
  facet normal -1.3053e-1 -9.9144e-1 0.0000e+0
    outer loop
      vertex -2.6516e+0 -1.6741e+1 0.0000e+0
      vertex -1.7718e+0 -1.6857e+1 0.0000e+0
      vertex -2.6516e+0 -1.6741e+1 1.6670e+2
    endloop
  endfacet
  facet normal -1.3053e-1 -9.9144e-1 0.0000e+0
    outer loop
      vertex -1.7718e+0 -1.6857e+1 0.0000e+0
      vertex -1.7718e+0 -1.6857e+1 1.6670e+2
      vertex -2.6516e+0 -1.6741e+1 1.6670e+2
    endloop
  endfacet
  facet normal 9.2312e-2 7.0118e-1 -7.0699e-1
    outer loop
      vertex -2.1823e+0 -1.3778e+1 1.6670e+2
      vertex -8.9168e-1 -5.6298e+0 1.7495e+2
      vertex -1.4582e+0 -1.3874e+1 1.6670e+2
    endloop
  endfacet
  facet normal 9.2312e-2 7.0118e-1 -7.0699e-1
    outer loop
      vertex -1.4582e+0 -1.3874e+1 1.6670e+2
      vertex -8.9168e-1 -5.6298e+0 1.7495e+2
      vertex -5.9581e-1 -5.6688e+0 1.7495e+2
    endloop
  endfacet
  facet normal -9.2312e-2 -7.0118e-1 7.0699e-1
    outer loop
      vertex -2.6516e+0 -1.6741e+1 1.6670e+2
      vertex -1.7718e+0 -1.6857e+1 1.6670e+2
      vertex -1.3610e+0 -8.5929e+0 1.7495e+2
    endloop
  endfacet
  facet normal -9.2312e-2 -7.0118e-1 7.0699e-1
    outer loop
      vertex -1.7718e+0 -1.6857e+1 1.6670e+2
      vertex -9.0940e-1 -8.6523e+0 1.7495e+2
      vertex -1.3610e+0 -8.5929e+0 1.7495e+2
    endloop
  endfacet
  facet normal 1.2608e-1 9.5768e-1 2.5874e-1
    outer loop
      vertex -8.9168e-1 -5.6298e+0 1.7495e+2
      vertex -1.2593e+0 -7.9509e+0 1.8372e+2
      vertex -5.9581e-1 -5.6688e+0 1.7495e+2
    endloop
  endfacet
  facet normal 1.2608e-1 9.5768e-1 2.5874e-1
    outer loop
      vertex -5.9581e-1 -5.6688e+0 1.7495e+2
      vertex -1.2593e+0 -7.9509e+0 1.8372e+2
      vertex -8.4145e-1 -8.0059e+0 1.8372e+2
    endloop
  endfacet
  facet normal -1.2608e-1 -9.5768e-1 -2.5874e-1
    outer loop
      vertex -1.3610e+0 -8.5929e+0 1.7495e+2
      vertex -9.0940e-1 -8.6523e+0 1.7495e+2
      vertex -1.7286e+0 -1.0914e+1 1.8372e+2
    endloop
  endfacet
  facet normal -1.2608e-1 -9.5768e-1 -2.5874e-1
    outer loop
      vertex -9.0940e-1 -8.6523e+0 1.7495e+2
      vertex -1.1550e+0 -1.0989e+1 1.8372e+2
      vertex -1.7286e+0 -1.0914e+1 1.8372e+2
    endloop
  endfacet
  facet normal 0.0000e+0 0.0000e+0 -1.0000e+0
    outer loop
      vertex -2.1823e+0 -1.3778e+1 0.0000e+0
      vertex -1.4582e+0 -1.3874e+1 0.0000e+0
      vertex -2.6516e+0 -1.6741e+1 0.0000e+0
    endloop
  endfacet
  facet normal 0.0000e+0 0.0000e+0 -1.0000e+0
    outer loop
      vertex -1.4582e+0 -1.3874e+1 0.0000e+0
      vertex -1.7718e+0 -1.6857e+1 0.0000e+0
      vertex -2.6516e+0 -1.6741e+1 0.0000e+0
    endloop
  endfacet
  facet normal 0.0000e+0 0.0000e+0 1.0000e+0
    outer loop
      vertex -1.2593e+0 -7.9509e+0 1.8372e+2
      vertex -1.7286e+0 -1.0914e+1 1.8372e+2
      vertex -8.4145e-1 -8.0059e+0 1.8372e+2
    endloop
  endfacet
  facet normal 0.0000e+0 0.0000e+0 1.0000e+0
    outer loop
      vertex -8.4145e-1 -8.0059e+0 1.8372e+2
      vertex -1.7286e+0 -1.0914e+1 1.8372e+2
      vertex -1.1550e+0 -1.0989e+1 1.8372e+2
    endloop
  endfacet
  facet normal 7.8459e-2 9.9692e-1 0.0000e+0
    outer loop
      vertex -1.4582e+0 -1.3874e+1 0.0000e+0
      vertex -1.4582e+0 -1.3874e+1 1.6670e+2
      vertex -7.3009e-1 -1.3931e+1 0.0000e+0
    endloop
  endfacet
  facet normal 7.8459e-2 9.9692e-1 0.0000e+0
    outer loop
      vertex -7.3009e-1 -1.3931e+1 0.0000e+0
      vertex -1.4582e+0 -1.3874e+1 1.6670e+2
      vertex -7.3009e-1 -1.3931e+1 1.6670e+2
    endloop
  endfacet
  facet normal -7.8459e-2 -9.9692e-1 0.0000e+0
    outer loop
      vertex -1.7718e+0 -1.6857e+1 0.0000e+0
      vertex -8.8709e-1 -1.6927e+1 0.0000e+0
      vertex -1.7718e+0 -1.6857e+1 1.6670e+2
    endloop
  endfacet
  facet normal -7.8459e-2 -9.9692e-1 0.0000e+0
    outer loop
      vertex -8.8709e-1 -1.6927e+1 0.0000e+0
      vertex -8.8709e-1 -1.6927e+1 1.6670e+2
      vertex -1.7718e+0 -1.6857e+1 1.6670e+2
    endloop
  endfacet
  facet normal 5.5488e-2 7.0505e-1 -7.0699e-1
    outer loop
      vertex -1.4582e+0 -1.3874e+1 1.6670e+2
      vertex -5.9581e-1 -5.6688e+0 1.7495e+2
      vertex -7.3009e-1 -1.3931e+1 1.6670e+2
    endloop
  endfacet
  facet normal 5.5488e-2 7.0505e-1 -7.0699e-1
    outer loop
      vertex -7.3009e-1 -1.3931e+1 1.6670e+2
      vertex -5.9581e-1 -5.6688e+0 1.7495e+2
      vertex -2.9831e-1 -5.6922e+0 1.7495e+2
    endloop
  endfacet
  facet normal -5.5488e-2 -7.0505e-1 7.0699e-1
    outer loop
      vertex -1.7718e+0 -1.6857e+1 1.6670e+2
      vertex -8.8709e-1 -1.6927e+1 1.6670e+2
      vertex -9.0940e-1 -8.6523e+0 1.7495e+2
    endloop
  endfacet
  facet normal -5.5488e-2 -7.0505e-1 7.0699e-1
    outer loop
      vertex -8.8709e-1 -1.6927e+1 1.6670e+2
      vertex -4.5532e-1 -8.6881e+0 1.7495e+2
      vertex -9.0940e-1 -8.6523e+0 1.7495e+2
    endloop
  endfacet
  facet normal 7.5787e-2 9.6297e-1 2.5874e-1
    outer loop
      vertex -5.9581e-1 -5.6688e+0 1.7495e+2
      vertex -8.4145e-1 -8.0059e+0 1.8372e+2
      vertex -2.9831e-1 -5.6922e+0 1.7495e+2
    endloop
  endfacet
  facet normal 7.5787e-2 9.6297e-1 2.5874e-1
    outer loop
      vertex -2.9831e-1 -5.6922e+0 1.7495e+2
      vertex -8.4145e-1 -8.0059e+0 1.8372e+2
      vertex -4.2130e-1 -8.0390e+0 1.8372e+2
    endloop
  endfacet
  facet normal -7.5787e-2 -9.6297e-1 -2.5874e-1
    outer loop
      vertex -9.0940e-1 -8.6523e+0 1.7495e+2
      vertex -4.5532e-1 -8.6881e+0 1.7495e+2
      vertex -1.1550e+0 -1.0989e+1 1.8372e+2
    endloop
  endfacet
  facet normal -7.5787e-2 -9.6297e-1 -2.5874e-1
    outer loop
      vertex -4.5532e-1 -8.6881e+0 1.7495e+2
      vertex -5.7831e-1 -1.1035e+1 1.8372e+2
      vertex -1.1550e+0 -1.0989e+1 1.8372e+2
    endloop
  endfacet
  facet normal 0.0000e+0 0.0000e+0 -1.0000e+0
    outer loop
      vertex -1.4582e+0 -1.3874e+1 0.0000e+0
      vertex -7.3009e-1 -1.3931e+1 0.0000e+0
      vertex -1.7718e+0 -1.6857e+1 0.0000e+0
    endloop
  endfacet
  facet normal 0.0000e+0 0.0000e+0 -1.0000e+0
    outer loop
      vertex -7.3009e-1 -1.3931e+1 0.0000e+0
      vertex -8.8709e-1 -1.6927e+1 0.0000e+0
      vertex -1.7718e+0 -1.6857e+1 0.0000e+0
    endloop
  endfacet
  facet normal 0.0000e+0 0.0000e+0 1.0000e+0
    outer loop
      vertex -8.4145e-1 -8.0059e+0 1.8372e+2
      vertex -1.1550e+0 -1.0989e+1 1.8372e+2
      vertex -4.2130e-1 -8.0390e+0 1.8372e+2
    endloop
  endfacet
  facet normal 0.0000e+0 0.0000e+0 1.0000e+0
    outer loop
      vertex -4.2130e-1 -8.0390e+0 1.8372e+2
      vertex -1.1550e+0 -1.0989e+1 1.8372e+2
      vertex -5.7831e-1 -1.1035e+1 1.8372e+2
    endloop
  endfacet
  facet normal 2.6177e-2 9.9966e-1 0.0000e+0
    outer loop
      vertex -7.3009e-1 -1.3931e+1 0.0000e+0
      vertex -7.3009e-1 -1.3931e+1 1.6670e+2
      vertex -2.5626e-15 -1.3950e+1 0.0000e+0
    endloop
  endfacet
  facet normal 2.6177e-2 9.9966e-1 0.0000e+0
    outer loop
      vertex -2.5626e-15 -1.3950e+1 0.0000e+0
      vertex -7.3009e-1 -1.3931e+1 1.6670e+2
      vertex -2.5626e-15 -1.3950e+1 1.6670e+2
    endloop
  endfacet
  facet normal -2.6177e-2 -9.9966e-1 0.0000e+0
    outer loop
      vertex -8.8709e-1 -1.6927e+1 0.0000e+0
      vertex -3.1137e-15 -1.6950e+1 0.0000e+0
      vertex -8.8709e-1 -1.6927e+1 1.6670e+2
    endloop
  endfacet
  facet normal -2.6177e-2 -9.9966e-1 0.0000e+0
    outer loop
      vertex -3.1137e-15 -1.6950e+1 0.0000e+0
      vertex -3.1137e-15 -1.6950e+1 1.6670e+2
      vertex -8.8709e-1 -1.6927e+1 1.6670e+2
    endloop
  endfacet
  facet normal 1.8513e-2 7.0699e-1 -7.0699e-1
    outer loop
      vertex -7.3009e-1 -1.3931e+1 1.6670e+2
      vertex -2.9831e-1 -5.6922e+0 1.7495e+2
      vertex -2.5626e-15 -1.3950e+1 1.6670e+2
    endloop
  endfacet
  facet normal 1.8513e-2 7.0699e-1 -7.0699e-1
    outer loop
      vertex -2.5626e-15 -1.3950e+1 1.6670e+2
      vertex -2.9831e-1 -5.6922e+0 1.7495e+2
      vertex -1.0471e-15 -5.7000e+0 1.7495e+2
    endloop
  endfacet
  facet normal -1.8513e-2 -7.0699e-1 7.0699e-1
    outer loop
      vertex -8.8709e-1 -1.6927e+1 1.6670e+2
      vertex -3.1137e-15 -1.6950e+1 1.6670e+2
      vertex -4.5532e-1 -8.6881e+0 1.7495e+2
    endloop
  endfacet
  facet normal -1.8513e-2 -7.0699e-1 7.0699e-1
    outer loop
      vertex -3.1137e-15 -1.6950e+1 1.6670e+2
      vertex -1.5982e-15 -8.7000e+0 1.7495e+2
      vertex -4.5532e-1 -8.6881e+0 1.7495e+2
    endloop
  endfacet
  facet normal 2.5286e-2 9.6562e-1 2.5874e-1
    outer loop
      vertex -2.9831e-1 -5.6922e+0 1.7495e+2
      vertex -4.2130e-1 -8.0390e+0 1.8372e+2
      vertex -1.0471e-15 -5.7000e+0 1.7495e+2
    endloop
  endfacet
  facet normal 2.5286e-2 9.6562e-1 2.5874e-1
    outer loop
      vertex -1.0471e-15 -5.7000e+0 1.7495e+2
      vertex -4.2130e-1 -8.0390e+0 1.8372e+2
      vertex -1.4788e-15 -8.0500e+0 1.8372e+2
    endloop
  endfacet
  facet normal -2.5286e-2 -9.6562e-1 -2.5874e-1
    outer loop
      vertex -4.5532e-1 -8.6881e+0 1.7495e+2
      vertex -1.5982e-15 -8.7000e+0 1.7495e+2
      vertex -5.7831e-1 -1.1035e+1 1.8372e+2
    endloop
  endfacet
  facet normal -2.5286e-2 -9.6562e-1 -2.5874e-1
    outer loop
      vertex -1.5982e-15 -8.7000e+0 1.7495e+2
      vertex -2.0299e-15 -1.1050e+1 1.8372e+2
      vertex -5.7831e-1 -1.1035e+1 1.8372e+2
    endloop
  endfacet
  facet normal 0.0000e+0 0.0000e+0 -1.0000e+0
    outer loop
      vertex -7.3009e-1 -1.3931e+1 0.0000e+0
      vertex -2.5626e-15 -1.3950e+1 0.0000e+0
      vertex -8.8709e-1 -1.6927e+1 0.0000e+0
    endloop
  endfacet
  facet normal 0.0000e+0 0.0000e+0 -1.0000e+0
    outer loop
      vertex -2.5626e-15 -1.3950e+1 0.0000e+0
      vertex -3.1137e-15 -1.6950e+1 0.0000e+0
      vertex -8.8709e-1 -1.6927e+1 0.0000e+0
    endloop
  endfacet
  facet normal 0.0000e+0 0.0000e+0 1.0000e+0
    outer loop
      vertex -4.2130e-1 -8.0390e+0 1.8372e+2
      vertex -5.7831e-1 -1.1035e+1 1.8372e+2
      vertex -1.4788e-15 -8.0500e+0 1.8372e+2
    endloop
  endfacet
  facet normal 0.0000e+0 0.0000e+0 1.0000e+0
    outer loop
      vertex -1.4788e-15 -8.0500e+0 1.8372e+2
      vertex -5.7831e-1 -1.1035e+1 1.8372e+2
      vertex -2.0299e-15 -1.1050e+1 1.8372e+2
    endloop
  endfacet
  facet normal -2.6177e-2 9.9966e-1 0.0000e+0
    outer loop
      vertex -2.5626e-15 -1.3950e+1 0.0000e+0
      vertex -2.5626e-15 -1.3950e+1 1.6670e+2
      vertex 7.3009e-1 -1.3931e+1 0.0000e+0
    endloop
  endfacet
  facet normal -2.6177e-2 9.9966e-1 0.0000e+0
    outer loop
      vertex 7.3009e-1 -1.3931e+1 0.0000e+0
      vertex -2.5626e-15 -1.3950e+1 1.6670e+2
      vertex 7.3009e-1 -1.3931e+1 1.6670e+2
    endloop
  endfacet
  facet normal 2.6177e-2 -9.9966e-1 0.0000e+0
    outer loop
      vertex -3.1137e-15 -1.6950e+1 0.0000e+0
      vertex 8.8709e-1 -1.6927e+1 0.0000e+0
      vertex -3.1137e-15 -1.6950e+1 1.6670e+2
    endloop
  endfacet
  facet normal 2.6177e-2 -9.9966e-1 0.0000e+0
    outer loop
      vertex 8.8709e-1 -1.6927e+1 0.0000e+0
      vertex 8.8709e-1 -1.6927e+1 1.6670e+2
      vertex -3.1137e-15 -1.6950e+1 1.6670e+2
    endloop
  endfacet
  facet normal -1.8513e-2 7.0699e-1 -7.0699e-1
    outer loop
      vertex -2.5626e-15 -1.3950e+1 1.6670e+2
      vertex -1.0471e-15 -5.7000e+0 1.7495e+2
      vertex 7.3009e-1 -1.3931e+1 1.6670e+2
    endloop
  endfacet
  facet normal -1.8513e-2 7.0699e-1 -7.0699e-1
    outer loop
      vertex 7.3009e-1 -1.3931e+1 1.6670e+2
      vertex -1.0471e-15 -5.7000e+0 1.7495e+2
      vertex 2.9831e-1 -5.6922e+0 1.7495e+2
    endloop
  endfacet
  facet normal 1.8513e-2 -7.0699e-1 7.0699e-1
    outer loop
      vertex -3.1137e-15 -1.6950e+1 1.6670e+2
      vertex 8.8709e-1 -1.6927e+1 1.6670e+2
      vertex -1.5982e-15 -8.7000e+0 1.7495e+2
    endloop
  endfacet
  facet normal 1.8513e-2 -7.0699e-1 7.0699e-1
    outer loop
      vertex 8.8709e-1 -1.6927e+1 1.6670e+2
      vertex 4.5532e-1 -8.6881e+0 1.7495e+2
      vertex -1.5982e-15 -8.7000e+0 1.7495e+2
    endloop
  endfacet
  facet normal -2.5286e-2 9.6562e-1 2.5874e-1
    outer loop
      vertex -1.0471e-15 -5.7000e+0 1.7495e+2
      vertex -1.4788e-15 -8.0500e+0 1.8372e+2
      vertex 2.9831e-1 -5.6922e+0 1.7495e+2
    endloop
  endfacet
  facet normal -2.5286e-2 9.6562e-1 2.5874e-1
    outer loop
      vertex 2.9831e-1 -5.6922e+0 1.7495e+2
      vertex -1.4788e-15 -8.0500e+0 1.8372e+2
      vertex 4.2130e-1 -8.0390e+0 1.8372e+2
    endloop
  endfacet
  facet normal 2.5286e-2 -9.6562e-1 -2.5874e-1
    outer loop
      vertex -1.5982e-15 -8.7000e+0 1.7495e+2
      vertex 4.5532e-1 -8.6881e+0 1.7495e+2
      vertex -2.0299e-15 -1.1050e+1 1.8372e+2
    endloop
  endfacet
  facet normal 2.5286e-2 -9.6562e-1 -2.5874e-1
    outer loop
      vertex 4.5532e-1 -8.6881e+0 1.7495e+2
      vertex 5.7831e-1 -1.1035e+1 1.8372e+2
      vertex -2.0299e-15 -1.1050e+1 1.8372e+2
    endloop
  endfacet
  facet normal 0.0000e+0 0.0000e+0 -1.0000e+0
    outer loop
      vertex -2.5626e-15 -1.3950e+1 0.0000e+0
      vertex 7.3009e-1 -1.3931e+1 0.0000e+0
      vertex -3.1137e-15 -1.6950e+1 0.0000e+0
    endloop
  endfacet
  facet normal 0.0000e+0 0.0000e+0 -1.0000e+0
    outer loop
      vertex 7.3009e-1 -1.3931e+1 0.0000e+0
      vertex 8.8709e-1 -1.6927e+1 0.0000e+0
      vertex -3.1137e-15 -1.6950e+1 0.0000e+0
    endloop
  endfacet
  facet normal 0.0000e+0 0.0000e+0 1.0000e+0
    outer loop
      vertex -1.4788e-15 -8.0500e+0 1.8372e+2
      vertex -2.0299e-15 -1.1050e+1 1.8372e+2
      vertex 4.2130e-1 -8.0390e+0 1.8372e+2
    endloop
  endfacet
  facet normal 0.0000e+0 0.0000e+0 1.0000e+0
    outer loop
      vertex 4.2130e-1 -8.0390e+0 1.8372e+2
      vertex -2.0299e-15 -1.1050e+1 1.8372e+2
      vertex 5.7831e-1 -1.1035e+1 1.8372e+2
    endloop
  endfacet
  facet normal -7.8459e-2 9.9692e-1 0.0000e+0
    outer loop
      vertex 7.3009e-1 -1.3931e+1 0.0000e+0
      vertex 7.3009e-1 -1.3931e+1 1.6670e+2
      vertex 1.4582e+0 -1.3874e+1 0.0000e+0
    endloop
  endfacet
  facet normal -7.8459e-2 9.9692e-1 0.0000e+0
    outer loop
      vertex 1.4582e+0 -1.3874e+1 0.0000e+0
      vertex 7.3009e-1 -1.3931e+1 1.6670e+2
      vertex 1.4582e+0 -1.3874e+1 1.6670e+2
    endloop
  endfacet
  facet normal 7.8459e-2 -9.9692e-1 0.0000e+0
    outer loop
      vertex 8.8709e-1 -1.6927e+1 0.0000e+0
      vertex 1.7718e+0 -1.6857e+1 0.0000e+0
      vertex 8.8709e-1 -1.6927e+1 1.6670e+2
    endloop
  endfacet
  facet normal 7.8459e-2 -9.9692e-1 0.0000e+0
    outer loop
      vertex 1.7718e+0 -1.6857e+1 0.0000e+0
      vertex 1.7718e+0 -1.6857e+1 1.6670e+2
      vertex 8.8709e-1 -1.6927e+1 1.6670e+2
    endloop
  endfacet
  facet normal -5.5488e-2 7.0505e-1 -7.0699e-1
    outer loop
      vertex 7.3009e-1 -1.3931e+1 1.6670e+2
      vertex 2.9831e-1 -5.6922e+0 1.7495e+2
      vertex 1.4582e+0 -1.3874e+1 1.6670e+2
    endloop
  endfacet
  facet normal -5.5488e-2 7.0505e-1 -7.0699e-1
    outer loop
      vertex 1.4582e+0 -1.3874e+1 1.6670e+2
      vertex 2.9831e-1 -5.6922e+0 1.7495e+2
      vertex 5.9581e-1 -5.6688e+0 1.7495e+2
    endloop
  endfacet
  facet normal 5.5488e-2 -7.0505e-1 7.0699e-1
    outer loop
      vertex 8.8709e-1 -1.6927e+1 1.6670e+2
      vertex 1.7718e+0 -1.6857e+1 1.6670e+2
      vertex 4.5532e-1 -8.6881e+0 1.7495e+2
    endloop
  endfacet
  facet normal 5.5488e-2 -7.0505e-1 7.0699e-1
    outer loop
      vertex 1.7718e+0 -1.6857e+1 1.6670e+2
      vertex 9.0940e-1 -8.6523e+0 1.7495e+2
      vertex 4.5532e-1 -8.6881e+0 1.7495e+2
    endloop
  endfacet
  facet normal -7.5787e-2 9.6297e-1 2.5874e-1
    outer loop
      vertex 2.9831e-1 -5.6922e+0 1.7495e+2
      vertex 4.2130e-1 -8.0390e+0 1.8372e+2
      vertex 5.9581e-1 -5.6688e+0 1.7495e+2
    endloop
  endfacet
  facet normal -7.5787e-2 9.6297e-1 2.5874e-1
    outer loop
      vertex 5.9581e-1 -5.6688e+0 1.7495e+2
      vertex 4.2130e-1 -8.0390e+0 1.8372e+2
      vertex 8.4145e-1 -8.0059e+0 1.8372e+2
    endloop
  endfacet
  facet normal 7.5787e-2 -9.6297e-1 -2.5874e-1
    outer loop
      vertex 4.5532e-1 -8.6881e+0 1.7495e+2
      vertex 9.0940e-1 -8.6523e+0 1.7495e+2
      vertex 5.7831e-1 -1.1035e+1 1.8372e+2
    endloop
  endfacet
  facet normal 7.5787e-2 -9.6297e-1 -2.5874e-1
    outer loop
      vertex 9.0940e-1 -8.6523e+0 1.7495e+2
      vertex 1.1550e+0 -1.0989e+1 1.8372e+2
      vertex 5.7831e-1 -1.1035e+1 1.8372e+2
    endloop
  endfacet
  facet normal 0.0000e+0 0.0000e+0 -1.0000e+0
    outer loop
      vertex 7.3009e-1 -1.3931e+1 0.0000e+0
      vertex 1.4582e+0 -1.3874e+1 0.0000e+0
      vertex 8.8709e-1 -1.6927e+1 0.0000e+0
    endloop
  endfacet
  facet normal 0.0000e+0 0.0000e+0 -1.0000e+0
    outer loop
      vertex 1.4582e+0 -1.3874e+1 0.0000e+0
      vertex 1.7718e+0 -1.6857e+1 0.0000e+0
      vertex 8.8709e-1 -1.6927e+1 0.0000e+0
    endloop
  endfacet
  facet normal 0.0000e+0 0.0000e+0 1.0000e+0
    outer loop
      vertex 4.2130e-1 -8.0390e+0 1.8372e+2
      vertex 5.7831e-1 -1.1035e+1 1.8372e+2
      vertex 8.4145e-1 -8.0059e+0 1.8372e+2
    endloop
  endfacet
  facet normal 0.0000e+0 0.0000e+0 1.0000e+0
    outer loop
      vertex 8.4145e-1 -8.0059e+0 1.8372e+2
      vertex 5.7831e-1 -1.1035e+1 1.8372e+2
      vertex 1.1550e+0 -1.0989e+1 1.8372e+2
    endloop
  endfacet
  facet normal -1.3053e-1 9.9144e-1 0.0000e+0
    outer loop
      vertex 1.4582e+0 -1.3874e+1 0.0000e+0
      vertex 1.4582e+0 -1.3874e+1 1.6670e+2
      vertex 2.1823e+0 -1.3778e+1 0.0000e+0
    endloop
  endfacet
  facet normal -1.3053e-1 9.9144e-1 0.0000e+0
    outer loop
      vertex 2.1823e+0 -1.3778e+1 0.0000e+0
      vertex 1.4582e+0 -1.3874e+1 1.6670e+2
      vertex 2.1823e+0 -1.3778e+1 1.6670e+2
    endloop
  endfacet
  facet normal 1.3053e-1 -9.9144e-1 0.0000e+0
    outer loop
      vertex 1.7718e+0 -1.6857e+1 0.0000e+0
      vertex 2.6516e+0 -1.6741e+1 0.0000e+0
      vertex 1.7718e+0 -1.6857e+1 1.6670e+2
    endloop
  endfacet
  facet normal 1.3053e-1 -9.9144e-1 0.0000e+0
    outer loop
      vertex 2.6516e+0 -1.6741e+1 0.0000e+0
      vertex 2.6516e+0 -1.6741e+1 1.6670e+2
      vertex 1.7718e+0 -1.6857e+1 1.6670e+2
    endloop
  endfacet
  facet normal -9.2312e-2 7.0118e-1 -7.0699e-1
    outer loop
      vertex 1.4582e+0 -1.3874e+1 1.6670e+2
      vertex 5.9581e-1 -5.6688e+0 1.7495e+2
      vertex 2.1823e+0 -1.3778e+1 1.6670e+2
    endloop
  endfacet
  facet normal -9.2312e-2 7.0118e-1 -7.0699e-1
    outer loop
      vertex 2.1823e+0 -1.3778e+1 1.6670e+2
      vertex 5.9581e-1 -5.6688e+0 1.7495e+2
      vertex 8.9168e-1 -5.6298e+0 1.7495e+2
    endloop
  endfacet
  facet normal 9.2312e-2 -7.0118e-1 7.0699e-1
    outer loop
      vertex 1.7718e+0 -1.6857e+1 1.6670e+2
      vertex 2.6516e+0 -1.6741e+1 1.6670e+2
      vertex 9.0940e-1 -8.6523e+0 1.7495e+2
    endloop
  endfacet
  facet normal 9.2312e-2 -7.0118e-1 7.0699e-1
    outer loop
      vertex 2.6516e+0 -1.6741e+1 1.6670e+2
      vertex 1.3610e+0 -8.5929e+0 1.7495e+2
      vertex 9.0940e-1 -8.6523e+0 1.7495e+2
    endloop
  endfacet
  facet normal -1.2608e-1 9.5768e-1 2.5874e-1
    outer loop
      vertex 5.9581e-1 -5.6688e+0 1.7495e+2
      vertex 8.4145e-1 -8.0059e+0 1.8372e+2
      vertex 8.9168e-1 -5.6298e+0 1.7495e+2
    endloop
  endfacet
  facet normal -1.2608e-1 9.5768e-1 2.5874e-1
    outer loop
      vertex 8.9168e-1 -5.6298e+0 1.7495e+2
      vertex 8.4145e-1 -8.0059e+0 1.8372e+2
      vertex 1.2593e+0 -7.9509e+0 1.8372e+2
    endloop
  endfacet
  facet normal 1.2608e-1 -9.5768e-1 -2.5874e-1
    outer loop
      vertex 9.0940e-1 -8.6523e+0 1.7495e+2
      vertex 1.3610e+0 -8.5929e+0 1.7495e+2
      vertex 1.1550e+0 -1.0989e+1 1.8372e+2
    endloop
  endfacet
  facet normal 1.2608e-1 -9.5768e-1 -2.5874e-1
    outer loop
      vertex 1.3610e+0 -8.5929e+0 1.7495e+2
      vertex 1.7286e+0 -1.0914e+1 1.8372e+2
      vertex 1.1550e+0 -1.0989e+1 1.8372e+2
    endloop
  endfacet
  facet normal 0.0000e+0 0.0000e+0 -1.0000e+0
    outer loop
      vertex 1.4582e+0 -1.3874e+1 0.0000e+0
      vertex 2.1823e+0 -1.3778e+1 0.0000e+0
      vertex 1.7718e+0 -1.6857e+1 0.0000e+0
    endloop
  endfacet
  facet normal 0.0000e+0 0.0000e+0 -1.0000e+0
    outer loop
      vertex 2.1823e+0 -1.3778e+1 0.0000e+0
      vertex 2.6516e+0 -1.6741e+1 0.0000e+0
      vertex 1.7718e+0 -1.6857e+1 0.0000e+0
    endloop
  endfacet
  facet normal 0.0000e+0 0.0000e+0 1.0000e+0
    outer loop
      vertex 8.4145e-1 -8.0059e+0 1.8372e+2
      vertex 1.1550e+0 -1.0989e+1 1.8372e+2
      vertex 1.2593e+0 -7.9509e+0 1.8372e+2
    endloop
  endfacet
  facet normal 0.0000e+0 0.0000e+0 1.0000e+0
    outer loop
      vertex 1.2593e+0 -7.9509e+0 1.8372e+2
      vertex 1.1550e+0 -1.0989e+1 1.8372e+2
      vertex 1.7286e+0 -1.0914e+1 1.8372e+2
    endloop
  endfacet
  facet normal -1.8224e-1 9.8325e-1 0.0000e+0
    outer loop
      vertex 2.1823e+0 -1.3778e+1 0.0000e+0
      vertex 2.1823e+0 -1.3778e+1 1.6670e+2
      vertex 2.9004e+0 -1.3645e+1 0.0000e+0
    endloop
  endfacet
  facet normal -1.8224e-1 9.8325e-1 0.0000e+0
    outer loop
      vertex 2.9004e+0 -1.3645e+1 0.0000e+0
      vertex 2.1823e+0 -1.3778e+1 1.6670e+2
      vertex 2.9004e+0 -1.3645e+1 1.6670e+2
    endloop
  endfacet
  facet normal 1.8224e-1 -9.8325e-1 0.0000e+0
    outer loop
      vertex 2.6516e+0 -1.6741e+1 0.0000e+0
      vertex 3.5241e+0 -1.6580e+1 0.0000e+0
      vertex 2.6516e+0 -1.6741e+1 1.6670e+2
    endloop
  endfacet
  facet normal 1.8224e-1 -9.8325e-1 0.0000e+0
    outer loop
      vertex 3.5241e+0 -1.6580e+1 0.0000e+0
      vertex 3.5241e+0 -1.6580e+1 1.6670e+2
      vertex 2.6516e+0 -1.6741e+1 1.6670e+2
    endloop
  endfacet
  facet normal -1.2888e-1 6.9539e-1 -7.0699e-1
    outer loop
      vertex 2.1823e+0 -1.3778e+1 1.6670e+2
      vertex 8.9168e-1 -5.6298e+0 1.7495e+2
      vertex 2.9004e+0 -1.3645e+1 1.6670e+2
    endloop
  endfacet
  facet normal -1.2888e-1 6.9539e-1 -7.0699e-1
    outer loop
      vertex 2.9004e+0 -1.3645e+1 1.6670e+2
      vertex 8.9168e-1 -5.6298e+0 1.7495e+2
      vertex 1.1851e+0 -5.5754e+0 1.7495e+2
    endloop
  endfacet
  facet normal 1.2888e-1 -6.9539e-1 7.0699e-1
    outer loop
      vertex 2.6516e+0 -1.6741e+1 1.6670e+2
      vertex 3.5241e+0 -1.6580e+1 1.6670e+2
      vertex 1.3610e+0 -8.5929e+0 1.7495e+2
    endloop
  endfacet
  facet normal 1.2888e-1 -6.9539e-1 7.0699e-1
    outer loop
      vertex 3.5241e+0 -1.6580e+1 1.6670e+2
      vertex 1.8088e+0 -8.5099e+0 1.7495e+2
      vertex 1.3610e+0 -8.5929e+0 1.7495e+2
    endloop
  endfacet
  facet normal -1.7603e-1 9.4977e-1 2.5874e-1
    outer loop
      vertex 8.9168e-1 -5.6298e+0 1.7495e+2
      vertex 1.2593e+0 -7.9509e+0 1.8372e+2
      vertex 1.1851e+0 -5.5754e+0 1.7495e+2
    endloop
  endfacet
  facet normal -1.7603e-1 9.4977e-1 2.5874e-1
    outer loop
      vertex 1.1851e+0 -5.5754e+0 1.7495e+2
      vertex 1.2593e+0 -7.9509e+0 1.8372e+2
      vertex 1.6737e+0 -7.8741e+0 1.8372e+2
    endloop
  endfacet
  facet normal 1.7603e-1 -9.4977e-1 -2.5874e-1
    outer loop
      vertex 1.3610e+0 -8.5929e+0 1.7495e+2
      vertex 1.8088e+0 -8.5099e+0 1.7495e+2
      vertex 1.7286e+0 -1.0914e+1 1.8372e+2
    endloop
  endfacet
  facet normal 1.7603e-1 -9.4977e-1 -2.5874e-1
    outer loop
      vertex 1.8088e+0 -8.5099e+0 1.7495e+2
      vertex 2.2974e+0 -1.0809e+1 1.8372e+2
      vertex 1.7286e+0 -1.0914e+1 1.8372e+2
    endloop
  endfacet
  facet normal 0.0000e+0 0.0000e+0 -1.0000e+0
    outer loop
      vertex 2.1823e+0 -1.3778e+1 0.0000e+0
      vertex 2.9004e+0 -1.3645e+1 0.0000e+0
      vertex 2.6516e+0 -1.6741e+1 0.0000e+0
    endloop
  endfacet
  facet normal 0.0000e+0 0.0000e+0 -1.0000e+0
    outer loop
      vertex 2.9004e+0 -1.3645e+1 0.0000e+0
      vertex 3.5241e+0 -1.6580e+1 0.0000e+0
      vertex 2.6516e+0 -1.6741e+1 0.0000e+0
    endloop
  endfacet
  facet normal 0.0000e+0 0.0000e+0 1.0000e+0
    outer loop
      vertex 1.2593e+0 -7.9509e+0 1.8372e+2
      vertex 1.7286e+0 -1.0914e+1 1.8372e+2
      vertex 1.6737e+0 -7.8741e+0 1.8372e+2
    endloop
  endfacet
  facet normal 0.0000e+0 0.0000e+0 1.0000e+0
    outer loop
      vertex 1.6737e+0 -7.8741e+0 1.8372e+2
      vertex 1.7286e+0 -1.0914e+1 1.8372e+2
      vertex 2.2974e+0 -1.0809e+1 1.8372e+2
    endloop
  endfacet
  facet normal -2.3345e-1 9.7237e-1 0.0000e+0
    outer loop
      vertex 2.9004e+0 -1.3645e+1 0.0000e+0
      vertex 2.9004e+0 -1.3645e+1 1.6670e+2
      vertex 3.6105e+0 -1.3475e+1 0.0000e+0
    endloop
  endfacet
  facet normal -2.3345e-1 9.7237e-1 0.0000e+0
    outer loop
      vertex 3.6105e+0 -1.3475e+1 0.0000e+0
      vertex 2.9004e+0 -1.3645e+1 1.6670e+2
      vertex 3.6105e+0 -1.3475e+1 1.6670e+2
    endloop
  endfacet
  facet normal 2.3345e-1 -9.7237e-1 0.0000e+0
    outer loop
      vertex 3.5241e+0 -1.6580e+1 0.0000e+0
      vertex 4.3870e+0 -1.6372e+1 0.0000e+0
      vertex 3.5241e+0 -1.6580e+1 1.6670e+2
    endloop
  endfacet
  facet normal 2.3345e-1 -9.7237e-1 0.0000e+0
    outer loop
      vertex 4.3870e+0 -1.6372e+1 0.0000e+0
      vertex 4.3870e+0 -1.6372e+1 1.6670e+2
      vertex 3.5241e+0 -1.6580e+1 1.6670e+2
    endloop
  endfacet
  facet normal -1.6510e-1 6.8769e-1 -7.0699e-1
    outer loop
      vertex 2.9004e+0 -1.3645e+1 1.6670e+2
      vertex 1.1851e+0 -5.5754e+0 1.7495e+2
      vertex 3.6105e+0 -1.3475e+1 1.6670e+2
    endloop
  endfacet
  facet normal -1.6510e-1 6.8769e-1 -7.0699e-1
    outer loop
      vertex 3.6105e+0 -1.3475e+1 1.6670e+2
      vertex 1.1851e+0 -5.5754e+0 1.7495e+2
      vertex 1.4753e+0 -5.5058e+0 1.7495e+2
    endloop
  endfacet
  facet normal 1.6510e-1 -6.8769e-1 7.0699e-1
    outer loop
      vertex 3.5241e+0 -1.6580e+1 1.6670e+2
      vertex 4.3870e+0 -1.6372e+1 1.6670e+2
      vertex 1.8088e+0 -8.5099e+0 1.7495e+2
    endloop
  endfacet
  facet normal 1.6510e-1 -6.8769e-1 7.0699e-1
    outer loop
      vertex 4.3870e+0 -1.6372e+1 1.6670e+2
      vertex 2.2517e+0 -8.4036e+0 1.7495e+2
      vertex 1.8088e+0 -8.5099e+0 1.7495e+2
    endloop
  endfacet
  facet normal -2.2550e-1 9.3926e-1 2.5874e-1
    outer loop
      vertex 1.1851e+0 -5.5754e+0 1.7495e+2
      vertex 1.6737e+0 -7.8741e+0 1.8372e+2
      vertex 1.4753e+0 -5.5058e+0 1.7495e+2
    endloop
  endfacet
  facet normal -2.2550e-1 9.3926e-1 2.5874e-1
    outer loop
      vertex 1.4753e+0 -5.5058e+0 1.7495e+2
      vertex 1.6737e+0 -7.8741e+0 1.8372e+2
      vertex 2.0835e+0 -7.7757e+0 1.8372e+2
    endloop
  endfacet
  facet normal 2.2550e-1 -9.3926e-1 -2.5874e-1
    outer loop
      vertex 1.8088e+0 -8.5099e+0 1.7495e+2
      vertex 2.2517e+0 -8.4036e+0 1.7495e+2
      vertex 2.2974e+0 -1.0809e+1 1.8372e+2
    endloop
  endfacet
  facet normal 2.2550e-1 -9.3926e-1 -2.5874e-1
    outer loop
      vertex 2.2517e+0 -8.4036e+0 1.7495e+2
      vertex 2.8600e+0 -1.0673e+1 1.8372e+2
      vertex 2.2974e+0 -1.0809e+1 1.8372e+2
    endloop
  endfacet
  facet normal 0.0000e+0 0.0000e+0 -1.0000e+0
    outer loop
      vertex 2.9004e+0 -1.3645e+1 0.0000e+0
      vertex 3.6105e+0 -1.3475e+1 0.0000e+0
      vertex 3.5241e+0 -1.6580e+1 0.0000e+0
    endloop
  endfacet
  facet normal 0.0000e+0 0.0000e+0 -1.0000e+0
    outer loop
      vertex 3.6105e+0 -1.3475e+1 0.0000e+0
      vertex 4.3870e+0 -1.6372e+1 0.0000e+0
      vertex 3.5241e+0 -1.6580e+1 0.0000e+0
    endloop
  endfacet
  facet normal 0.0000e+0 0.0000e+0 1.0000e+0
    outer loop
      vertex 1.6737e+0 -7.8741e+0 1.8372e+2
      vertex 2.2974e+0 -1.0809e+1 1.8372e+2
      vertex 2.0835e+0 -7.7757e+0 1.8372e+2
    endloop
  endfacet
  facet normal 0.0000e+0 0.0000e+0 1.0000e+0
    outer loop
      vertex 2.0835e+0 -7.7757e+0 1.8372e+2
      vertex 2.2974e+0 -1.0809e+1 1.8372e+2
      vertex 2.8600e+0 -1.0673e+1 1.8372e+2
    endloop
  endfacet
  facet normal -2.8402e-1 9.5882e-1 0.0000e+0
    outer loop
      vertex 3.6105e+0 -1.3475e+1 0.0000e+0
      vertex 3.6105e+0 -1.3475e+1 1.6670e+2
      vertex 4.3108e+0 -1.3267e+1 0.0000e+0
    endloop
  endfacet
  facet normal -2.8402e-1 9.5882e-1 0.0000e+0
    outer loop
      vertex 4.3108e+0 -1.3267e+1 0.0000e+0
      vertex 3.6105e+0 -1.3475e+1 1.6670e+2
      vertex 4.3108e+0 -1.3267e+1 1.6670e+2
    endloop
  endfacet
  facet normal 2.8402e-1 -9.5882e-1 0.0000e+0
    outer loop
      vertex 4.3870e+0 -1.6372e+1 0.0000e+0
      vertex 5.2378e+0 -1.6120e+1 0.0000e+0
      vertex 4.3870e+0 -1.6372e+1 1.6670e+2
    endloop
  endfacet
  facet normal 2.8402e-1 -9.5882e-1 0.0000e+0
    outer loop
      vertex 5.2378e+0 -1.6120e+1 0.0000e+0
      vertex 5.2378e+0 -1.6120e+1 1.6670e+2
      vertex 4.3870e+0 -1.6372e+1 1.6670e+2
    endloop
  endfacet
  facet normal -2.0086e-1 6.7810e-1 -7.0699e-1
    outer loop
      vertex 3.6105e+0 -1.3475e+1 1.6670e+2
      vertex 1.4753e+0 -5.5058e+0 1.7495e+2
      vertex 4.3108e+0 -1.3267e+1 1.6670e+2
    endloop
  endfacet
  facet normal -2.0086e-1 6.7810e-1 -7.0699e-1
    outer loop
      vertex 4.3108e+0 -1.3267e+1 1.6670e+2
      vertex 1.4753e+0 -5.5058e+0 1.7495e+2
      vertex 1.7614e+0 -5.4210e+0 1.7495e+2
    endloop
  endfacet
  facet normal 2.0086e-1 -6.7810e-1 7.0699e-1
    outer loop
      vertex 4.3870e+0 -1.6372e+1 1.6670e+2
      vertex 5.2378e+0 -1.6120e+1 1.6670e+2
      vertex 2.2517e+0 -8.4036e+0 1.7495e+2
    endloop
  endfacet
  facet normal 2.0086e-1 -6.7810e-1 7.0699e-1
    outer loop
      vertex 5.2378e+0 -1.6120e+1 1.6670e+2
      vertex 2.6884e+0 -8.2742e+0 1.7495e+2
      vertex 2.2517e+0 -8.4036e+0 1.7495e+2
    endloop
  endfacet
  facet normal -2.7434e-1 9.2617e-1 2.5874e-1
    outer loop
      vertex 1.4753e+0 -5.5058e+0 1.7495e+2
      vertex 2.0835e+0 -7.7757e+0 1.8372e+2
      vertex 1.7614e+0 -5.4210e+0 1.7495e+2
    endloop
  endfacet
  facet normal -2.7434e-1 9.2617e-1 2.5874e-1
    outer loop
      vertex 1.7614e+0 -5.4210e+0 1.7495e+2
      vertex 2.0835e+0 -7.7757e+0 1.8372e+2
      vertex 2.4876e+0 -7.6560e+0 1.8372e+2
    endloop
  endfacet
  facet normal 2.7434e-1 -9.2617e-1 -2.5874e-1
    outer loop
      vertex 2.2517e+0 -8.4036e+0 1.7495e+2
      vertex 2.6884e+0 -8.2742e+0 1.7495e+2
      vertex 2.8600e+0 -1.0673e+1 1.8372e+2
    endloop
  endfacet
  facet normal 2.7434e-1 -9.2617e-1 -2.5874e-1
    outer loop
      vertex 2.6884e+0 -8.2742e+0 1.7495e+2
      vertex 3.4146e+0 -1.0509e+1 1.8372e+2
      vertex 2.8600e+0 -1.0673e+1 1.8372e+2
    endloop
  endfacet
  facet normal 0.0000e+0 0.0000e+0 -1.0000e+0
    outer loop
      vertex 3.6105e+0 -1.3475e+1 0.0000e+0
      vertex 4.3108e+0 -1.3267e+1 0.0000e+0
      vertex 4.3870e+0 -1.6372e+1 0.0000e+0
    endloop
  endfacet
  facet normal 0.0000e+0 0.0000e+0 -1.0000e+0
    outer loop
      vertex 4.3108e+0 -1.3267e+1 0.0000e+0
      vertex 5.2378e+0 -1.6120e+1 0.0000e+0
      vertex 4.3870e+0 -1.6372e+1 0.0000e+0
    endloop
  endfacet
  facet normal 0.0000e+0 0.0000e+0 1.0000e+0
    outer loop
      vertex 2.0835e+0 -7.7757e+0 1.8372e+2
      vertex 2.8600e+0 -1.0673e+1 1.8372e+2
      vertex 2.4876e+0 -7.6560e+0 1.8372e+2
    endloop
  endfacet
  facet normal 0.0000e+0 0.0000e+0 1.0000e+0
    outer loop
      vertex 2.4876e+0 -7.6560e+0 1.8372e+2
      vertex 2.8600e+0 -1.0673e+1 1.8372e+2
      vertex 3.4146e+0 -1.0509e+1 1.8372e+2
    endloop
  endfacet
  facet normal -3.3381e-1 9.4264e-1 0.0000e+0
    outer loop
      vertex 4.3108e+0 -1.3267e+1 0.0000e+0
      vertex 4.3108e+0 -1.3267e+1 1.6670e+2
      vertex 4.9992e+0 -1.3023e+1 0.0000e+0
    endloop
  endfacet
  facet normal -3.3381e-1 9.4264e-1 0.0000e+0
    outer loop
      vertex 4.9992e+0 -1.3023e+1 0.0000e+0
      vertex 4.3108e+0 -1.3267e+1 1.6670e+2
      vertex 4.9992e+0 -1.3023e+1 1.6670e+2
    endloop
  endfacet
  facet normal 3.3381e-1 -9.4264e-1 0.0000e+0
    outer loop
      vertex 5.2378e+0 -1.6120e+1 0.0000e+0
      vertex 6.0743e+0 -1.5824e+1 0.0000e+0
      vertex 5.2378e+0 -1.6120e+1 1.6670e+2
    endloop
  endfacet
  facet normal 3.3381e-1 -9.4264e-1 0.0000e+0
    outer loop
      vertex 6.0743e+0 -1.5824e+1 0.0000e+0
      vertex 6.0743e+0 -1.5824e+1 1.6670e+2
      vertex 5.2378e+0 -1.6120e+1 1.6670e+2
    endloop
  endfacet
  facet normal -2.3608e-1 6.6666e-1 -7.0699e-1
    outer loop
      vertex 4.3108e+0 -1.3267e+1 1.6670e+2
      vertex 1.7614e+0 -5.4210e+0 1.7495e+2
      vertex 4.9992e+0 -1.3023e+1 1.6670e+2
    endloop
  endfacet
  facet normal -2.3608e-1 6.6666e-1 -7.0699e-1
    outer loop
      vertex 4.9992e+0 -1.3023e+1 1.6670e+2
      vertex 1.7614e+0 -5.4210e+0 1.7495e+2
      vertex 2.0427e+0 -5.3214e+0 1.7495e+2
    endloop
  endfacet
  facet normal 2.3608e-1 -6.6666e-1 7.0699e-1
    outer loop
      vertex 5.2378e+0 -1.6120e+1 1.6670e+2
      vertex 6.0743e+0 -1.5824e+1 1.6670e+2
      vertex 2.6884e+0 -8.2742e+0 1.7495e+2
    endloop
  endfacet
  facet normal 2.3608e-1 -6.6666e-1 7.0699e-1
    outer loop
      vertex 6.0743e+0 -1.5824e+1 1.6670e+2
      vertex 3.1178e+0 -8.1221e+0 1.7495e+2
      vertex 2.6884e+0 -8.2742e+0 1.7495e+2
    endloop
  endfacet
  facet normal -3.2244e-1 9.1054e-1 2.5874e-1
    outer loop
      vertex 1.7614e+0 -5.4210e+0 1.7495e+2
      vertex 2.4876e+0 -7.6560e+0 1.8372e+2
      vertex 2.0427e+0 -5.3214e+0 1.7495e+2
    endloop
  endfacet
  facet normal -3.2244e-1 9.1054e-1 2.5874e-1
    outer loop
      vertex 2.0427e+0 -5.3214e+0 1.7495e+2
      vertex 2.4876e+0 -7.6560e+0 1.8372e+2
      vertex 2.8849e+0 -7.5153e+0 1.8372e+2
    endloop
  endfacet
  facet normal 3.2244e-1 -9.1054e-1 -2.5874e-1
    outer loop
      vertex 2.6884e+0 -8.2742e+0 1.7495e+2
      vertex 3.1178e+0 -8.1221e+0 1.7495e+2
      vertex 3.4146e+0 -1.0509e+1 1.8372e+2
    endloop
  endfacet
  facet normal 3.2244e-1 -9.1054e-1 -2.5874e-1
    outer loop
      vertex 3.1178e+0 -8.1221e+0 1.7495e+2
      vertex 3.9600e+0 -1.0316e+1 1.8372e+2
      vertex 3.4146e+0 -1.0509e+1 1.8372e+2
    endloop
  endfacet
  facet normal 0.0000e+0 0.0000e+0 -1.0000e+0
    outer loop
      vertex 4.3108e+0 -1.3267e+1 0.0000e+0
      vertex 4.9992e+0 -1.3023e+1 0.0000e+0
      vertex 5.2378e+0 -1.6120e+1 0.0000e+0
    endloop
  endfacet
  facet normal 0.0000e+0 0.0000e+0 -1.0000e+0
    outer loop
      vertex 4.9992e+0 -1.3023e+1 0.0000e+0
      vertex 6.0743e+0 -1.5824e+1 0.0000e+0
      vertex 5.2378e+0 -1.6120e+1 0.0000e+0
    endloop
  endfacet
  facet normal 0.0000e+0 0.0000e+0 1.0000e+0
    outer loop
      vertex 2.4876e+0 -7.6560e+0 1.8372e+2
      vertex 3.4146e+0 -1.0509e+1 1.8372e+2
      vertex 2.8849e+0 -7.5153e+0 1.8372e+2
    endloop
  endfacet
  facet normal 0.0000e+0 0.0000e+0 1.0000e+0
    outer loop
      vertex 2.8849e+0 -7.5153e+0 1.8372e+2
      vertex 3.4146e+0 -1.0509e+1 1.8372e+2
      vertex 3.9600e+0 -1.0316e+1 1.8372e+2
    endloop
  endfacet
  facet normal -3.8268e-1 9.2388e-1 0.0000e+0
    outer loop
      vertex 4.9992e+0 -1.3023e+1 0.0000e+0
      vertex 4.9992e+0 -1.3023e+1 1.6670e+2
      vertex 5.6740e+0 -1.2744e+1 0.0000e+0
    endloop
  endfacet
  facet normal -3.8268e-1 9.2388e-1 0.0000e+0
    outer loop
      vertex 5.6740e+0 -1.2744e+1 0.0000e+0
      vertex 4.9992e+0 -1.3023e+1 1.6670e+2
      vertex 5.6740e+0 -1.2744e+1 1.6670e+2
    endloop
  endfacet
  facet normal 3.8268e-1 -9.2388e-1 0.0000e+0
    outer loop
      vertex 6.0743e+0 -1.5824e+1 0.0000e+0
      vertex 6.8942e+0 -1.5485e+1 0.0000e+0
      vertex 6.0743e+0 -1.5824e+1 1.6670e+2
    endloop
  endfacet
  facet normal 3.8268e-1 -9.2388e-1 0.0000e+0
    outer loop
      vertex 6.8942e+0 -1.5485e+1 0.0000e+0
      vertex 6.8942e+0 -1.5485e+1 1.6670e+2
      vertex 6.0743e+0 -1.5824e+1 1.6670e+2
    endloop
  endfacet
  facet normal -2.7064e-1 6.5339e-1 -7.0699e-1
    outer loop
      vertex 4.9992e+0 -1.3023e+1 1.6670e+2
      vertex 2.0427e+0 -5.3214e+0 1.7495e+2
      vertex 5.6740e+0 -1.2744e+1 1.6670e+2
    endloop
  endfacet
  facet normal -2.7064e-1 6.5339e-1 -7.0699e-1
    outer loop
      vertex 5.6740e+0 -1.2744e+1 1.6670e+2
      vertex 2.0427e+0 -5.3214e+0 1.7495e+2
      vertex 2.3184e+0 -5.2072e+0 1.7495e+2
    endloop
  endfacet
  facet normal 2.7064e-1 -6.5339e-1 7.0699e-1
    outer loop
      vertex 6.0743e+0 -1.5824e+1 1.6670e+2
      vertex 6.8942e+0 -1.5485e+1 1.6670e+2
      vertex 3.1178e+0 -8.1221e+0 1.7495e+2
    endloop
  endfacet
  facet normal 2.7064e-1 -6.5339e-1 7.0699e-1
    outer loop
      vertex 6.8942e+0 -1.5485e+1 1.6670e+2
      vertex 3.5386e+0 -7.9478e+0 1.7495e+2
      vertex 3.1178e+0 -8.1221e+0 1.7495e+2
    endloop
  endfacet
  facet normal -3.6965e-1 8.9242e-1 2.5874e-1
    outer loop
      vertex 2.0427e+0 -5.3214e+0 1.7495e+2
      vertex 2.8849e+0 -7.5153e+0 1.8372e+2
      vertex 2.3184e+0 -5.2072e+0 1.7495e+2
    endloop
  endfacet
  facet normal -3.6965e-1 8.9242e-1 2.5874e-1
    outer loop
      vertex 2.3184e+0 -5.2072e+0 1.7495e+2
      vertex 2.8849e+0 -7.5153e+0 1.8372e+2
      vertex 3.2742e+0 -7.3540e+0 1.8372e+2
    endloop
  endfacet
  facet normal 3.6965e-1 -8.9242e-1 -2.5874e-1
    outer loop
      vertex 3.1178e+0 -8.1221e+0 1.7495e+2
      vertex 3.5386e+0 -7.9478e+0 1.7495e+2
      vertex 3.9600e+0 -1.0316e+1 1.8372e+2
    endloop
  endfacet
  facet normal 3.6965e-1 -8.9242e-1 -2.5874e-1
    outer loop
      vertex 3.5386e+0 -7.9478e+0 1.7495e+2
      vertex 4.4944e+0 -1.0095e+1 1.8372e+2
      vertex 3.9600e+0 -1.0316e+1 1.8372e+2
    endloop
  endfacet
  facet normal 0.0000e+0 0.0000e+0 -1.0000e+0
    outer loop
      vertex 4.9992e+0 -1.3023e+1 0.0000e+0
      vertex 5.6740e+0 -1.2744e+1 0.0000e+0
      vertex 6.0743e+0 -1.5824e+1 0.0000e+0
    endloop
  endfacet
  facet normal 0.0000e+0 0.0000e+0 -1.0000e+0
    outer loop
      vertex 5.6740e+0 -1.2744e+1 0.0000e+0
      vertex 6.8942e+0 -1.5485e+1 0.0000e+0
      vertex 6.0743e+0 -1.5824e+1 0.0000e+0
    endloop
  endfacet
  facet normal 0.0000e+0 0.0000e+0 1.0000e+0
    outer loop
      vertex 2.8849e+0 -7.5153e+0 1.8372e+2
      vertex 3.9600e+0 -1.0316e+1 1.8372e+2
      vertex 3.2742e+0 -7.3540e+0 1.8372e+2
    endloop
  endfacet
  facet normal 0.0000e+0 0.0000e+0 1.0000e+0
    outer loop
      vertex 3.2742e+0 -7.3540e+0 1.8372e+2
      vertex 3.9600e+0 -1.0316e+1 1.8372e+2
      vertex 4.4944e+0 -1.0095e+1 1.8372e+2
    endloop
  endfacet
  facet normal -4.3051e-1 9.0259e-1 0.0000e+0
    outer loop
      vertex 5.6740e+0 -1.2744e+1 0.0000e+0
      vertex 5.6740e+0 -1.2744e+1 1.6670e+2
      vertex 6.3332e+0 -1.2430e+1 0.0000e+0
    endloop
  endfacet
  facet normal -4.3051e-1 9.0259e-1 0.0000e+0
    outer loop
      vertex 6.3332e+0 -1.2430e+1 0.0000e+0
      vertex 5.6740e+0 -1.2744e+1 1.6670e+2
      vertex 6.3332e+0 -1.2430e+1 1.6670e+2
    endloop
  endfacet
  facet normal 4.3051e-1 -9.0259e-1 0.0000e+0
    outer loop
      vertex 6.8942e+0 -1.5485e+1 0.0000e+0
      vertex 7.6951e+0 -1.5103e+1 0.0000e+0
      vertex 6.8942e+0 -1.5485e+1 1.6670e+2
    endloop
  endfacet
  facet normal 4.3051e-1 -9.0259e-1 0.0000e+0
    outer loop
      vertex 7.6951e+0 -1.5103e+1 0.0000e+0
      vertex 7.6951e+0 -1.5103e+1 1.6670e+2
      vertex 6.8942e+0 -1.5485e+1 1.6670e+2
    endloop
  endfacet
  facet normal -3.0447e-1 6.3833e-1 -7.0699e-1
    outer loop
      vertex 5.6740e+0 -1.2744e+1 1.6670e+2
      vertex 2.3184e+0 -5.2072e+0 1.7495e+2
      vertex 6.3332e+0 -1.2430e+1 1.6670e+2
    endloop
  endfacet
  facet normal -3.0447e-1 6.3833e-1 -7.0699e-1
    outer loop
      vertex 6.3332e+0 -1.2430e+1 1.6670e+2
      vertex 2.3184e+0 -5.2072e+0 1.7495e+2
      vertex 2.5877e+0 -5.0787e+0 1.7495e+2
    endloop
  endfacet
  facet normal 3.0447e-1 -6.3833e-1 7.0699e-1
    outer loop
      vertex 6.8942e+0 -1.5485e+1 1.6670e+2
      vertex 7.6951e+0 -1.5103e+1 1.6670e+2
      vertex 3.5386e+0 -7.9478e+0 1.7495e+2
    endloop
  endfacet
  facet normal 3.0447e-1 -6.3833e-1 7.0699e-1
    outer loop
      vertex 7.6951e+0 -1.5103e+1 1.6670e+2
      vertex 3.9497e+0 -7.7518e+0 1.7495e+2
      vertex 3.5386e+0 -7.9478e+0 1.7495e+2
    endloop
  endfacet
  facet normal -4.1585e-1 8.7185e-1 2.5874e-1
    outer loop
      vertex 2.3184e+0 -5.2072e+0 1.7495e+2
      vertex 3.2742e+0 -7.3540e+0 1.8372e+2
      vertex 2.5877e+0 -5.0787e+0 1.7495e+2
    endloop
  endfacet
  facet normal -4.1585e-1 8.7185e-1 2.5874e-1
    outer loop
      vertex 2.5877e+0 -5.0787e+0 1.7495e+2
      vertex 3.2742e+0 -7.3540e+0 1.8372e+2
      vertex 3.6546e+0 -7.1726e+0 1.8372e+2
    endloop
  endfacet
  facet normal 4.1585e-1 -8.7185e-1 -2.5874e-1
    outer loop
      vertex 3.5386e+0 -7.9478e+0 1.7495e+2
      vertex 3.9497e+0 -7.7518e+0 1.7495e+2
      vertex 4.4944e+0 -1.0095e+1 1.8372e+2
    endloop
  endfacet
  facet normal 4.1585e-1 -8.7185e-1 -2.5874e-1
    outer loop
      vertex 3.9497e+0 -7.7518e+0 1.7495e+2
      vertex 5.0166e+0 -9.8456e+0 1.8372e+2
      vertex 4.4944e+0 -1.0095e+1 1.8372e+2
    endloop
  endfacet
  facet normal 0.0000e+0 0.0000e+0 -1.0000e+0
    outer loop
      vertex 5.6740e+0 -1.2744e+1 0.0000e+0
      vertex 6.3332e+0 -1.2430e+1 0.0000e+0
      vertex 6.8942e+0 -1.5485e+1 0.0000e+0
    endloop
  endfacet
  facet normal 0.0000e+0 0.0000e+0 -1.0000e+0
    outer loop
      vertex 6.3332e+0 -1.2430e+1 0.0000e+0
      vertex 7.6951e+0 -1.5103e+1 0.0000e+0
      vertex 6.8942e+0 -1.5485e+1 0.0000e+0
    endloop
  endfacet
  facet normal 0.0000e+0 0.0000e+0 1.0000e+0
    outer loop
      vertex 3.2742e+0 -7.3540e+0 1.8372e+2
      vertex 4.4944e+0 -1.0095e+1 1.8372e+2
      vertex 3.6546e+0 -7.1726e+0 1.8372e+2
    endloop
  endfacet
  facet normal 0.0000e+0 0.0000e+0 1.0000e+0
    outer loop
      vertex 3.6546e+0 -7.1726e+0 1.8372e+2
      vertex 4.4944e+0 -1.0095e+1 1.8372e+2
      vertex 5.0166e+0 -9.8456e+0 1.8372e+2
    endloop
  endfacet
  facet normal -4.7716e-1 8.7882e-1 0.0000e+0
    outer loop
      vertex 6.3332e+0 -1.2430e+1 0.0000e+0
      vertex 6.3332e+0 -1.2430e+1 1.6670e+2
      vertex 6.9750e+0 -1.2081e+1 0.0000e+0
    endloop
  endfacet
  facet normal -4.7716e-1 8.7882e-1 0.0000e+0
    outer loop
      vertex 6.9750e+0 -1.2081e+1 0.0000e+0
      vertex 6.3332e+0 -1.2430e+1 1.6670e+2
      vertex 6.9750e+0 -1.2081e+1 1.6670e+2
    endloop
  endfacet
  facet normal 4.7716e-1 -8.7882e-1 0.0000e+0
    outer loop
      vertex 7.6951e+0 -1.5103e+1 0.0000e+0
      vertex 8.4750e+0 -1.4679e+1 0.0000e+0
      vertex 7.6951e+0 -1.5103e+1 1.6670e+2
    endloop
  endfacet
  facet normal 4.7716e-1 -8.7882e-1 0.0000e+0
    outer loop
      vertex 8.4750e+0 -1.4679e+1 0.0000e+0
      vertex 8.4750e+0 -1.4679e+1 1.6670e+2
      vertex 7.6951e+0 -1.5103e+1 1.6670e+2
    endloop
  endfacet
  facet normal -3.3746e-1 6.2152e-1 -7.0699e-1
    outer loop
      vertex 6.3332e+0 -1.2430e+1 1.6670e+2
      vertex 2.5877e+0 -5.0787e+0 1.7495e+2
      vertex 6.9750e+0 -1.2081e+1 1.6670e+2
    endloop
  endfacet
  facet normal -3.3746e-1 6.2152e-1 -7.0699e-1
    outer loop
      vertex 6.9750e+0 -1.2081e+1 1.6670e+2
      vertex 2.5877e+0 -5.0787e+0 1.7495e+2
      vertex 2.8500e+0 -4.9363e+0 1.7495e+2
    endloop
  endfacet
  facet normal 3.3746e-1 -6.2152e-1 7.0699e-1
    outer loop
      vertex 7.6951e+0 -1.5103e+1 1.6670e+2
      vertex 8.4750e+0 -1.4679e+1 1.6670e+2
      vertex 3.9497e+0 -7.7518e+0 1.7495e+2
    endloop
  endfacet
  facet normal 3.3746e-1 -6.2152e-1 7.0699e-1
    outer loop
      vertex 8.4750e+0 -1.4679e+1 1.6670e+2
      vertex 4.3500e+0 -7.5344e+0 1.7495e+2
      vertex 3.9497e+0 -7.7518e+0 1.7495e+2
    endloop
  endfacet
  facet normal -4.6091e-1 8.4889e-1 2.5874e-1
    outer loop
      vertex 2.5877e+0 -5.0787e+0 1.7495e+2
      vertex 3.6546e+0 -7.1726e+0 1.8372e+2
      vertex 2.8500e+0 -4.9363e+0 1.7495e+2
    endloop
  endfacet
  facet normal -4.6091e-1 8.4889e-1 2.5874e-1
    outer loop
      vertex 2.8500e+0 -4.9363e+0 1.7495e+2
      vertex 3.6546e+0 -7.1726e+0 1.8372e+2
      vertex 4.0250e+0 -6.9715e+0 1.8372e+2
    endloop
  endfacet
  facet normal 4.6091e-1 -8.4889e-1 -2.5874e-1
    outer loop
      vertex 3.9497e+0 -7.7518e+0 1.7495e+2
      vertex 4.3500e+0 -7.5344e+0 1.7495e+2
      vertex 5.0166e+0 -9.8456e+0 1.8372e+2
    endloop
  endfacet
  facet normal 4.6091e-1 -8.4889e-1 -2.5874e-1
    outer loop
      vertex 4.3500e+0 -7.5344e+0 1.7495e+2
      vertex 5.5250e+0 -9.5696e+0 1.8372e+2
      vertex 5.0166e+0 -9.8456e+0 1.8372e+2
    endloop
  endfacet
  facet normal 0.0000e+0 0.0000e+0 -1.0000e+0
    outer loop
      vertex 6.3332e+0 -1.2430e+1 0.0000e+0
      vertex 6.9750e+0 -1.2081e+1 0.0000e+0
      vertex 7.6951e+0 -1.5103e+1 0.0000e+0
    endloop
  endfacet
  facet normal 0.0000e+0 0.0000e+0 -1.0000e+0
    outer loop
      vertex 6.9750e+0 -1.2081e+1 0.0000e+0
      vertex 8.4750e+0 -1.4679e+1 0.0000e+0
      vertex 7.6951e+0 -1.5103e+1 0.0000e+0
    endloop
  endfacet
  facet normal 0.0000e+0 0.0000e+0 1.0000e+0
    outer loop
      vertex 3.6546e+0 -7.1726e+0 1.8372e+2
      vertex 5.0166e+0 -9.8456e+0 1.8372e+2
      vertex 4.0250e+0 -6.9715e+0 1.8372e+2
    endloop
  endfacet
  facet normal 0.0000e+0 0.0000e+0 1.0000e+0
    outer loop
      vertex 4.0250e+0 -6.9715e+0 1.8372e+2
      vertex 5.0166e+0 -9.8456e+0 1.8372e+2
      vertex 5.5250e+0 -9.5696e+0 1.8372e+2
    endloop
  endfacet
  facet normal -5.2250e-1 8.5264e-1 0.0000e+0
    outer loop
      vertex 6.9750e+0 -1.2081e+1 0.0000e+0
      vertex 6.9750e+0 -1.2081e+1 1.6670e+2
      vertex 7.5977e+0 -1.1699e+1 0.0000e+0
    endloop
  endfacet
  facet normal -5.2250e-1 8.5264e-1 0.0000e+0
    outer loop
      vertex 7.5977e+0 -1.1699e+1 0.0000e+0
      vertex 6.9750e+0 -1.2081e+1 1.6670e+2
      vertex 7.5977e+0 -1.1699e+1 1.6670e+2
    endloop
  endfacet
  facet normal 5.2250e-1 -8.5264e-1 0.0000e+0
    outer loop
      vertex 8.4750e+0 -1.4679e+1 0.0000e+0
      vertex 9.2316e+0 -1.4215e+1 0.0000e+0
      vertex 8.4750e+0 -1.4679e+1 1.6670e+2
    endloop
  endfacet
  facet normal 5.2250e-1 -8.5264e-1 0.0000e+0
    outer loop
      vertex 9.2316e+0 -1.4215e+1 0.0000e+0
      vertex 9.2316e+0 -1.4215e+1 1.6670e+2
      vertex 8.4750e+0 -1.4679e+1 1.6670e+2
    endloop
  endfacet
  facet normal -3.6953e-1 6.0301e-1 -7.0699e-1
    outer loop
      vertex 6.9750e+0 -1.2081e+1 1.6670e+2
      vertex 2.8500e+0 -4.9363e+0 1.7495e+2
      vertex 7.5977e+0 -1.1699e+1 1.6670e+2
    endloop
  endfacet
  facet normal -3.6953e-1 6.0301e-1 -7.0699e-1
    outer loop
      vertex 7.5977e+0 -1.1699e+1 1.6670e+2
      vertex 2.8500e+0 -4.9363e+0 1.7495e+2
      vertex 3.1044e+0 -4.7804e+0 1.7495e+2
    endloop
  endfacet
  facet normal 3.6953e-1 -6.0301e-1 7.0699e-1
    outer loop
      vertex 8.4750e+0 -1.4679e+1 1.6670e+2
      vertex 9.2316e+0 -1.4215e+1 1.6670e+2
      vertex 4.3500e+0 -7.5344e+0 1.7495e+2
    endloop
  endfacet
  facet normal 3.6953e-1 -6.0301e-1 7.0699e-1
    outer loop
      vertex 9.2316e+0 -1.4215e+1 1.6670e+2
      vertex 4.7384e+0 -7.2964e+0 1.7495e+2
      vertex 4.3500e+0 -7.5344e+0 1.7495e+2
    endloop
  endfacet
  facet normal -5.0471e-1 8.2361e-1 2.5874e-1
    outer loop
      vertex 2.8500e+0 -4.9363e+0 1.7495e+2
      vertex 4.0250e+0 -6.9715e+0 1.8372e+2
      vertex 3.1044e+0 -4.7804e+0 1.7495e+2
    endloop
  endfacet
  facet normal -5.0471e-1 8.2361e-1 2.5874e-1
    outer loop
      vertex 3.1044e+0 -4.7804e+0 1.7495e+2
      vertex 4.0250e+0 -6.9715e+0 1.8372e+2
      vertex 4.3843e+0 -6.7513e+0 1.8372e+2
    endloop
  endfacet
  facet normal 5.0471e-1 -8.2361e-1 -2.5874e-1
    outer loop
      vertex 4.3500e+0 -7.5344e+0 1.7495e+2
      vertex 4.7384e+0 -7.2964e+0 1.7495e+2
      vertex 5.5250e+0 -9.5696e+0 1.8372e+2
    endloop
  endfacet
  facet normal 5.0471e-1 -8.2361e-1 -2.5874e-1
    outer loop
      vertex 4.7384e+0 -7.2964e+0 1.7495e+2
      vertex 6.0183e+0 -9.2673e+0 1.8372e+2
      vertex 5.5250e+0 -9.5696e+0 1.8372e+2
    endloop
  endfacet
  facet normal 0.0000e+0 0.0000e+0 -1.0000e+0
    outer loop
      vertex 6.9750e+0 -1.2081e+1 0.0000e+0
      vertex 7.5977e+0 -1.1699e+1 0.0000e+0
      vertex 8.4750e+0 -1.4679e+1 0.0000e+0
    endloop
  endfacet
  facet normal 0.0000e+0 0.0000e+0 -1.0000e+0
    outer loop
      vertex 7.5977e+0 -1.1699e+1 0.0000e+0
      vertex 9.2316e+0 -1.4215e+1 0.0000e+0
      vertex 8.4750e+0 -1.4679e+1 0.0000e+0
    endloop
  endfacet
  facet normal 0.0000e+0 0.0000e+0 1.0000e+0
    outer loop
      vertex 4.0250e+0 -6.9715e+0 1.8372e+2
      vertex 5.5250e+0 -9.5696e+0 1.8372e+2
      vertex 4.3843e+0 -6.7513e+0 1.8372e+2
    endloop
  endfacet
  facet normal 0.0000e+0 0.0000e+0 1.0000e+0
    outer loop
      vertex 4.3843e+0 -6.7513e+0 1.8372e+2
      vertex 5.5250e+0 -9.5696e+0 1.8372e+2
      vertex 6.0183e+0 -9.2673e+0 1.8372e+2
    endloop
  endfacet
  facet normal -5.6641e-1 8.2413e-1 0.0000e+0
    outer loop
      vertex 7.5977e+0 -1.1699e+1 0.0000e+0
      vertex 7.5977e+0 -1.1699e+1 1.6670e+2
      vertex 8.1996e+0 -1.1286e+1 0.0000e+0
    endloop
  endfacet
  facet normal -5.6641e-1 8.2413e-1 0.0000e+0
    outer loop
      vertex 8.1996e+0 -1.1286e+1 0.0000e+0
      vertex 7.5977e+0 -1.1699e+1 1.6670e+2
      vertex 8.1996e+0 -1.1286e+1 1.6670e+2
    endloop
  endfacet
  facet normal 5.6641e-1 -8.2413e-1 0.0000e+0
    outer loop
      vertex 9.2316e+0 -1.4215e+1 0.0000e+0
      vertex 9.9630e+0 -1.3713e+1 0.0000e+0
      vertex 9.2316e+0 -1.4215e+1 1.6670e+2
    endloop
  endfacet
  facet normal 5.6641e-1 -8.2413e-1 0.0000e+0
    outer loop
      vertex 9.9630e+0 -1.3713e+1 0.0000e+0
      vertex 9.9630e+0 -1.3713e+1 1.6670e+2
      vertex 9.2316e+0 -1.4215e+1 1.6670e+2
    endloop
  endfacet
  facet normal -4.0058e-1 5.8285e-1 -7.0699e-1
    outer loop
      vertex 7.5977e+0 -1.1699e+1 1.6670e+2
      vertex 3.1044e+0 -4.7804e+0 1.7495e+2
      vertex 8.1996e+0 -1.1286e+1 1.6670e+2
    endloop
  endfacet
  facet normal -4.0058e-1 5.8285e-1 -7.0699e-1
    outer loop
      vertex 8.1996e+0 -1.1286e+1 1.6670e+2
      vertex 3.1044e+0 -4.7804e+0 1.7495e+2
      vertex 3.3504e+0 -4.6114e+0 1.7495e+2
    endloop
  endfacet
  facet normal 4.0058e-1 -5.8285e-1 7.0699e-1
    outer loop
      vertex 9.2316e+0 -1.4215e+1 1.6670e+2
      vertex 9.9630e+0 -1.3713e+1 1.6670e+2
      vertex 4.7384e+0 -7.2964e+0 1.7495e+2
    endloop
  endfacet
  facet normal 4.0058e-1 -5.8285e-1 7.0699e-1
    outer loop
      vertex 9.9630e+0 -1.3713e+1 1.6670e+2
      vertex 5.1137e+0 -7.0384e+0 1.7495e+2
      vertex 4.7384e+0 -7.2964e+0 1.7495e+2
    endloop
  endfacet
  facet normal -5.4712e-1 7.9606e-1 2.5874e-1
    outer loop
      vertex 3.1044e+0 -4.7804e+0 1.7495e+2
      vertex 4.3843e+0 -6.7513e+0 1.8372e+2
      vertex 3.3504e+0 -4.6114e+0 1.7495e+2
    endloop
  endfacet
  facet normal -5.4712e-1 7.9606e-1 2.5874e-1
    outer loop
      vertex 3.3504e+0 -4.6114e+0 1.7495e+2
      vertex 4.3843e+0 -6.7513e+0 1.8372e+2
      vertex 4.7317e+0 -6.5126e+0 1.8372e+2
    endloop
  endfacet
  facet normal 5.4712e-1 -7.9606e-1 -2.5874e-1
    outer loop
      vertex 4.7384e+0 -7.2964e+0 1.7495e+2
      vertex 5.1137e+0 -7.0384e+0 1.7495e+2
      vertex 6.0183e+0 -9.2673e+0 1.8372e+2
    endloop
  endfacet
  facet normal 5.4712e-1 -7.9606e-1 -2.5874e-1
    outer loop
      vertex 5.1137e+0 -7.0384e+0 1.7495e+2
      vertex 6.4950e+0 -8.9396e+0 1.8372e+2
      vertex 6.0183e+0 -9.2673e+0 1.8372e+2
    endloop
  endfacet
  facet normal 0.0000e+0 0.0000e+0 -1.0000e+0
    outer loop
      vertex 7.5977e+0 -1.1699e+1 0.0000e+0
      vertex 8.1996e+0 -1.1286e+1 0.0000e+0
      vertex 9.2316e+0 -1.4215e+1 0.0000e+0
    endloop
  endfacet
  facet normal 0.0000e+0 0.0000e+0 -1.0000e+0
    outer loop
      vertex 8.1996e+0 -1.1286e+1 0.0000e+0
      vertex 9.9630e+0 -1.3713e+1 0.0000e+0
      vertex 9.2316e+0 -1.4215e+1 0.0000e+0
    endloop
  endfacet
  facet normal 0.0000e+0 0.0000e+0 1.0000e+0
    outer loop
      vertex 4.3843e+0 -6.7513e+0 1.8372e+2
      vertex 6.0183e+0 -9.2673e+0 1.8372e+2
      vertex 4.7317e+0 -6.5126e+0 1.8372e+2
    endloop
  endfacet
  facet normal 0.0000e+0 0.0000e+0 1.0000e+0
    outer loop
      vertex 4.7317e+0 -6.5126e+0 1.8372e+2
      vertex 6.0183e+0 -9.2673e+0 1.8372e+2
      vertex 6.4950e+0 -8.9396e+0 1.8372e+2
    endloop
  endfacet
  facet normal -6.0876e-1 7.9335e-1 0.0000e+0
    outer loop
      vertex 8.1996e+0 -1.1286e+1 0.0000e+0
      vertex 8.1996e+0 -1.1286e+1 1.6670e+2
      vertex 8.7790e+0 -1.0841e+1 0.0000e+0
    endloop
  endfacet
  facet normal -6.0876e-1 7.9335e-1 0.0000e+0
    outer loop
      vertex 8.7790e+0 -1.0841e+1 0.0000e+0
      vertex 8.1996e+0 -1.1286e+1 1.6670e+2
      vertex 8.7790e+0 -1.0841e+1 1.6670e+2
    endloop
  endfacet
  facet normal 6.0876e-1 -7.9335e-1 0.0000e+0
    outer loop
      vertex 9.9630e+0 -1.3713e+1 0.0000e+0
      vertex 1.0667e+1 -1.3173e+1 0.0000e+0
      vertex 9.9630e+0 -1.3713e+1 1.6670e+2
    endloop
  endfacet
  facet normal 6.0876e-1 -7.9335e-1 0.0000e+0
    outer loop
      vertex 1.0667e+1 -1.3173e+1 0.0000e+0
      vertex 1.0667e+1 -1.3173e+1 1.6670e+2
      vertex 9.9630e+0 -1.3713e+1 1.6670e+2
    endloop
  endfacet
  facet normal -4.3053e-1 5.6108e-1 -7.0699e-1
    outer loop
      vertex 8.1996e+0 -1.1286e+1 1.6670e+2
      vertex 3.3504e+0 -4.6114e+0 1.7495e+2
      vertex 8.7790e+0 -1.0841e+1 1.6670e+2
    endloop
  endfacet
  facet normal -4.3053e-1 5.6108e-1 -7.0699e-1
    outer loop
      vertex 8.7790e+0 -1.0841e+1 1.6670e+2
      vertex 3.3504e+0 -4.6114e+0 1.7495e+2
      vertex 3.5871e+0 -4.4297e+0 1.7495e+2
    endloop
  endfacet
  facet normal 4.3053e-1 -5.6108e-1 7.0699e-1
    outer loop
      vertex 9.9630e+0 -1.3713e+1 1.6670e+2
      vertex 1.0667e+1 -1.3173e+1 1.6670e+2
      vertex 5.1137e+0 -7.0384e+0 1.7495e+2
    endloop
  endfacet
  facet normal 4.3053e-1 -5.6108e-1 7.0699e-1
    outer loop
      vertex 1.0667e+1 -1.3173e+1 1.6670e+2
      vertex 5.4751e+0 -6.7612e+0 1.7495e+2
      vertex 5.1137e+0 -7.0384e+0 1.7495e+2
    endloop
  endfacet
  facet normal -5.8803e-1 7.6634e-1 2.5874e-1
    outer loop
      vertex 3.3504e+0 -4.6114e+0 1.7495e+2
      vertex 4.7317e+0 -6.5126e+0 1.8372e+2
      vertex 3.5871e+0 -4.4297e+0 1.7495e+2
    endloop
  endfacet
  facet normal -5.8803e-1 7.6634e-1 2.5874e-1
    outer loop
      vertex 3.5871e+0 -4.4297e+0 1.7495e+2
      vertex 4.7317e+0 -6.5126e+0 1.8372e+2
      vertex 5.0660e+0 -6.2560e+0 1.8372e+2
    endloop
  endfacet
  facet normal 5.8803e-1 -7.6634e-1 -2.5874e-1
    outer loop
      vertex 5.1137e+0 -7.0384e+0 1.7495e+2
      vertex 5.4751e+0 -6.7612e+0 1.7495e+2
      vertex 6.4950e+0 -8.9396e+0 1.8372e+2
    endloop
  endfacet
  facet normal 5.8803e-1 -7.6634e-1 -2.5874e-1
    outer loop
      vertex 5.4751e+0 -6.7612e+0 1.7495e+2
      vertex 6.9540e+0 -8.5875e+0 1.8372e+2
      vertex 6.4950e+0 -8.9396e+0 1.8372e+2
    endloop
  endfacet
  facet normal 0.0000e+0 0.0000e+0 -1.0000e+0
    outer loop
      vertex 8.1996e+0 -1.1286e+1 0.0000e+0
      vertex 8.7790e+0 -1.0841e+1 0.0000e+0
      vertex 9.9630e+0 -1.3713e+1 0.0000e+0
    endloop
  endfacet
  facet normal 0.0000e+0 0.0000e+0 -1.0000e+0
    outer loop
      vertex 8.7790e+0 -1.0841e+1 0.0000e+0
      vertex 1.0667e+1 -1.3173e+1 0.0000e+0
      vertex 9.9630e+0 -1.3713e+1 0.0000e+0
    endloop
  endfacet
  facet normal 0.0000e+0 0.0000e+0 1.0000e+0
    outer loop
      vertex 4.7317e+0 -6.5126e+0 1.8372e+2
      vertex 6.4950e+0 -8.9396e+0 1.8372e+2
      vertex 5.0660e+0 -6.2560e+0 1.8372e+2
    endloop
  endfacet
  facet normal 0.0000e+0 0.0000e+0 1.0000e+0
    outer loop
      vertex 5.0660e+0 -6.2560e+0 1.8372e+2
      vertex 6.4950e+0 -8.9396e+0 1.8372e+2
      vertex 6.9540e+0 -8.5875e+0 1.8372e+2
    endloop
  endfacet
  facet normal -6.4945e-1 7.6041e-1 0.0000e+0
    outer loop
      vertex 8.7790e+0 -1.0841e+1 0.0000e+0
      vertex 8.7790e+0 -1.0841e+1 1.6670e+2
      vertex 9.3344e+0 -1.0367e+1 0.0000e+0
    endloop
  endfacet
  facet normal -6.4945e-1 7.6041e-1 0.0000e+0
    outer loop
      vertex 9.3344e+0 -1.0367e+1 0.0000e+0
      vertex 8.7790e+0 -1.0841e+1 1.6670e+2
      vertex 9.3344e+0 -1.0367e+1 1.6670e+2
    endloop
  endfacet
  facet normal 6.4945e-1 -7.6041e-1 0.0000e+0
    outer loop
      vertex 1.0667e+1 -1.3173e+1 0.0000e+0
      vertex 1.1342e+1 -1.2596e+1 0.0000e+0
      vertex 1.0667e+1 -1.3173e+1 1.6670e+2
    endloop
  endfacet
  facet normal 6.4945e-1 -7.6041e-1 0.0000e+0
    outer loop
      vertex 1.1342e+1 -1.2596e+1 0.0000e+0
      vertex 1.1342e+1 -1.2596e+1 1.6670e+2
      vertex 1.0667e+1 -1.3173e+1 1.6670e+2
    endloop
  endfacet
  facet normal -4.5931e-1 5.3778e-1 -7.0699e-1
    outer loop
      vertex 8.7790e+0 -1.0841e+1 1.6670e+2
      vertex 3.5871e+0 -4.4297e+0 1.7495e+2
      vertex 9.3344e+0 -1.0367e+1 1.6670e+2
    endloop
  endfacet
  facet normal -4.5931e-1 5.3778e-1 -7.0699e-1
    outer loop
      vertex 9.3344e+0 -1.0367e+1 1.6670e+2
      vertex 3.5871e+0 -4.4297e+0 1.7495e+2
      vertex 3.8140e+0 -4.2359e+0 1.7495e+2
    endloop
  endfacet
  facet normal 4.5931e-1 -5.3778e-1 7.0699e-1
    outer loop
      vertex 1.0667e+1 -1.3173e+1 1.6670e+2
      vertex 1.1342e+1 -1.2596e+1 1.6670e+2
      vertex 5.4751e+0 -6.7612e+0 1.7495e+2
    endloop
  endfacet
  facet normal 4.5931e-1 -5.3778e-1 7.0699e-1
    outer loop
      vertex 1.1342e+1 -1.2596e+1 1.6670e+2
      vertex 5.8214e+0 -6.4654e+0 1.7495e+2
      vertex 5.4751e+0 -6.7612e+0 1.7495e+2
    endloop
  endfacet
  facet normal -6.2733e-1 7.3451e-1 2.5874e-1
    outer loop
      vertex 3.5871e+0 -4.4297e+0 1.7495e+2
      vertex 5.0660e+0 -6.2560e+0 1.8372e+2
      vertex 3.8140e+0 -4.2359e+0 1.7495e+2
    endloop
  endfacet
  facet normal -6.2733e-1 7.3451e-1 2.5874e-1
    outer loop
      vertex 3.8140e+0 -4.2359e+0 1.7495e+2
      vertex 5.0660e+0 -6.2560e+0 1.8372e+2
      vertex 5.3865e+0 -5.9823e+0 1.8372e+2
    endloop
  endfacet
  facet normal 6.2733e-1 -7.3451e-1 -2.5874e-1
    outer loop
      vertex 5.4751e+0 -6.7612e+0 1.7495e+2
      vertex 5.8214e+0 -6.4654e+0 1.7495e+2
      vertex 6.9540e+0 -8.5875e+0 1.8372e+2
    endloop
  endfacet
  facet normal 6.2733e-1 -7.3451e-1 -2.5874e-1
    outer loop
      vertex 5.8214e+0 -6.4654e+0 1.7495e+2
      vertex 7.3939e+0 -8.2118e+0 1.8372e+2
      vertex 6.9540e+0 -8.5875e+0 1.8372e+2
    endloop
  endfacet
  facet normal 0.0000e+0 0.0000e+0 -1.0000e+0
    outer loop
      vertex 8.7790e+0 -1.0841e+1 0.0000e+0
      vertex 9.3344e+0 -1.0367e+1 0.0000e+0
      vertex 1.0667e+1 -1.3173e+1 0.0000e+0
    endloop
  endfacet
  facet normal 0.0000e+0 0.0000e+0 -1.0000e+0
    outer loop
      vertex 9.3344e+0 -1.0367e+1 0.0000e+0
      vertex 1.1342e+1 -1.2596e+1 0.0000e+0
      vertex 1.0667e+1 -1.3173e+1 0.0000e+0
    endloop
  endfacet
  facet normal 0.0000e+0 0.0000e+0 1.0000e+0
    outer loop
      vertex 5.0660e+0 -6.2560e+0 1.8372e+2
      vertex 6.9540e+0 -8.5875e+0 1.8372e+2
      vertex 5.3865e+0 -5.9823e+0 1.8372e+2
    endloop
  endfacet
  facet normal 0.0000e+0 0.0000e+0 1.0000e+0
    outer loop
      vertex 5.3865e+0 -5.9823e+0 1.8372e+2
      vertex 6.9540e+0 -8.5875e+0 1.8372e+2
      vertex 7.3939e+0 -8.2118e+0 1.8372e+2
    endloop
  endfacet
  facet normal -6.8835e-1 7.2537e-1 0.0000e+0
    outer loop
      vertex 9.3344e+0 -1.0367e+1 0.0000e+0
      vertex 9.3344e+0 -1.0367e+1 1.6670e+2
      vertex 9.8641e+0 -9.8641e+0 0.0000e+0
    endloop
  endfacet
  facet normal -6.8835e-1 7.2537e-1 0.0000e+0
    outer loop
      vertex 9.8641e+0 -9.8641e+0 0.0000e+0
      vertex 9.3344e+0 -1.0367e+1 1.6670e+2
      vertex 9.8641e+0 -9.8641e+0 1.6670e+2
    endloop
  endfacet
  facet normal 6.8835e-1 -7.2537e-1 0.0000e+0
    outer loop
      vertex 1.1342e+1 -1.2596e+1 0.0000e+0
      vertex 1.1985e+1 -1.1985e+1 0.0000e+0
      vertex 1.1342e+1 -1.2596e+1 1.6670e+2
    endloop
  endfacet
  facet normal 6.8835e-1 -7.2537e-1 0.0000e+0
    outer loop
      vertex 1.1985e+1 -1.1985e+1 0.0000e+0
      vertex 1.1985e+1 -1.1985e+1 1.6670e+2
      vertex 1.1342e+1 -1.2596e+1 1.6670e+2
    endloop
  endfacet
  facet normal -4.8682e-1 5.1301e-1 -7.0699e-1
    outer loop
      vertex 9.3344e+0 -1.0367e+1 1.6670e+2
      vertex 3.8140e+0 -4.2359e+0 1.7495e+2
      vertex 9.8641e+0 -9.8641e+0 1.6670e+2
    endloop
  endfacet
  facet normal -4.8682e-1 5.1301e-1 -7.0699e-1
    outer loop
      vertex 9.8641e+0 -9.8641e+0 1.6670e+2
      vertex 3.8140e+0 -4.2359e+0 1.7495e+2
      vertex 4.0305e+0 -4.0305e+0 1.7495e+2
    endloop
  endfacet
  facet normal 4.8682e-1 -5.1301e-1 7.0699e-1
    outer loop
      vertex 1.1342e+1 -1.2596e+1 1.6670e+2
      vertex 1.1985e+1 -1.1985e+1 1.6670e+2
      vertex 5.8214e+0 -6.4654e+0 1.7495e+2
    endloop
  endfacet
  facet normal 4.8682e-1 -5.1301e-1 7.0699e-1
    outer loop
      vertex 1.1985e+1 -1.1985e+1 1.6670e+2
      vertex 6.1518e+0 -6.1518e+0 1.7495e+2
      vertex 5.8214e+0 -6.4654e+0 1.7495e+2
    endloop
  endfacet
  facet normal -6.6491e-1 7.0067e-1 2.5874e-1
    outer loop
      vertex 3.8140e+0 -4.2359e+0 1.7495e+2
      vertex 5.3865e+0 -5.9823e+0 1.8372e+2
      vertex 4.0305e+0 -4.0305e+0 1.7495e+2
    endloop
  endfacet
  facet normal -6.6491e-1 7.0067e-1 2.5874e-1
    outer loop
      vertex 4.0305e+0 -4.0305e+0 1.7495e+2
      vertex 5.3865e+0 -5.9823e+0 1.8372e+2
      vertex 5.6922e+0 -5.6922e+0 1.8372e+2
    endloop
  endfacet
  facet normal 6.6491e-1 -7.0067e-1 -2.5874e-1
    outer loop
      vertex 5.8214e+0 -6.4654e+0 1.7495e+2
      vertex 6.1518e+0 -6.1518e+0 1.7495e+2
      vertex 7.3939e+0 -8.2118e+0 1.8372e+2
    endloop
  endfacet
  facet normal 6.6491e-1 -7.0067e-1 -2.5874e-1
    outer loop
      vertex 6.1518e+0 -6.1518e+0 1.7495e+2
      vertex 7.8135e+0 -7.8135e+0 1.8372e+2
      vertex 7.3939e+0 -8.2118e+0 1.8372e+2
    endloop
  endfacet
  facet normal 0.0000e+0 0.0000e+0 -1.0000e+0
    outer loop
      vertex 9.3344e+0 -1.0367e+1 0.0000e+0
      vertex 9.8641e+0 -9.8641e+0 0.0000e+0
      vertex 1.1342e+1 -1.2596e+1 0.0000e+0
    endloop
  endfacet
  facet normal 0.0000e+0 0.0000e+0 -1.0000e+0
    outer loop
      vertex 9.8641e+0 -9.8641e+0 0.0000e+0
      vertex 1.1985e+1 -1.1985e+1 0.0000e+0
      vertex 1.1342e+1 -1.2596e+1 0.0000e+0
    endloop
  endfacet
  facet normal 0.0000e+0 0.0000e+0 1.0000e+0
    outer loop
      vertex 5.3865e+0 -5.9823e+0 1.8372e+2
      vertex 7.3939e+0 -8.2118e+0 1.8372e+2
      vertex 5.6922e+0 -5.6922e+0 1.8372e+2
    endloop
  endfacet
  facet normal 0.0000e+0 0.0000e+0 1.0000e+0
    outer loop
      vertex 5.6922e+0 -5.6922e+0 1.8372e+2
      vertex 7.3939e+0 -8.2118e+0 1.8372e+2
      vertex 7.8135e+0 -7.8135e+0 1.8372e+2
    endloop
  endfacet
  facet normal -7.2537e-1 6.8835e-1 0.0000e+0
    outer loop
      vertex 9.8641e+0 -9.8641e+0 0.0000e+0
      vertex 9.8641e+0 -9.8641e+0 1.6670e+2
      vertex 1.0367e+1 -9.3344e+0 0.0000e+0
    endloop
  endfacet
  facet normal -7.2537e-1 6.8835e-1 0.0000e+0
    outer loop
      vertex 1.0367e+1 -9.3344e+0 0.0000e+0
      vertex 9.8641e+0 -9.8641e+0 1.6670e+2
      vertex 1.0367e+1 -9.3344e+0 1.6670e+2
    endloop
  endfacet
  facet normal 7.2537e-1 -6.8835e-1 0.0000e+0
    outer loop
      vertex 1.1985e+1 -1.1985e+1 0.0000e+0
      vertex 1.2596e+1 -1.1342e+1 0.0000e+0
      vertex 1.1985e+1 -1.1985e+1 1.6670e+2
    endloop
  endfacet
  facet normal 7.2537e-1 -6.8835e-1 0.0000e+0
    outer loop
      vertex 1.2596e+1 -1.1342e+1 0.0000e+0
      vertex 1.2596e+1 -1.1342e+1 1.6670e+2
      vertex 1.1985e+1 -1.1985e+1 1.6670e+2
    endloop
  endfacet
  facet normal -5.1301e-1 4.8682e-1 -7.0699e-1
    outer loop
      vertex 9.8641e+0 -9.8641e+0 1.6670e+2
      vertex 4.0305e+0 -4.0305e+0 1.7495e+2
      vertex 1.0367e+1 -9.3344e+0 1.6670e+2
    endloop
  endfacet
  facet normal -5.1301e-1 4.8682e-1 -7.0699e-1
    outer loop
      vertex 1.0367e+1 -9.3344e+0 1.6670e+2
      vertex 4.0305e+0 -4.0305e+0 1.7495e+2
      vertex 4.2359e+0 -3.8140e+0 1.7495e+2
    endloop
  endfacet
  facet normal 5.1301e-1 -4.8682e-1 7.0699e-1
    outer loop
      vertex 1.1985e+1 -1.1985e+1 1.6670e+2
      vertex 1.2596e+1 -1.1342e+1 1.6670e+2
      vertex 6.1518e+0 -6.1518e+0 1.7495e+2
    endloop
  endfacet
  facet normal 5.1301e-1 -4.8682e-1 7.0699e-1
    outer loop
      vertex 1.2596e+1 -1.1342e+1 1.6670e+2
      vertex 6.4654e+0 -5.8214e+0 1.7495e+2
      vertex 6.1518e+0 -6.1518e+0 1.7495e+2
    endloop
  endfacet
  facet normal -7.0067e-1 6.6491e-1 2.5874e-1
    outer loop
      vertex 4.0305e+0 -4.0305e+0 1.7495e+2
      vertex 5.6922e+0 -5.6922e+0 1.8372e+2
      vertex 4.2359e+0 -3.8140e+0 1.7495e+2
    endloop
  endfacet
  facet normal -7.0067e-1 6.6491e-1 2.5874e-1
    outer loop
      vertex 4.2359e+0 -3.8140e+0 1.7495e+2
      vertex 5.6922e+0 -5.6922e+0 1.8372e+2
      vertex 5.9823e+0 -5.3865e+0 1.8372e+2
    endloop
  endfacet
  facet normal 7.0067e-1 -6.6491e-1 -2.5874e-1
    outer loop
      vertex 6.1518e+0 -6.1518e+0 1.7495e+2
      vertex 6.4654e+0 -5.8214e+0 1.7495e+2
      vertex 7.8135e+0 -7.8135e+0 1.8372e+2
    endloop
  endfacet
  facet normal 7.0067e-1 -6.6491e-1 -2.5874e-1
    outer loop
      vertex 6.4654e+0 -5.8214e+0 1.7495e+2
      vertex 8.2118e+0 -7.3939e+0 1.8372e+2
      vertex 7.8135e+0 -7.8135e+0 1.8372e+2
    endloop
  endfacet
  facet normal 0.0000e+0 0.0000e+0 -1.0000e+0
    outer loop
      vertex 9.8641e+0 -9.8641e+0 0.0000e+0
      vertex 1.0367e+1 -9.3344e+0 0.0000e+0
      vertex 1.1985e+1 -1.1985e+1 0.0000e+0
    endloop
  endfacet
  facet normal 0.0000e+0 0.0000e+0 -1.0000e+0
    outer loop
      vertex 1.0367e+1 -9.3344e+0 0.0000e+0
      vertex 1.2596e+1 -1.1342e+1 0.0000e+0
      vertex 1.1985e+1 -1.1985e+1 0.0000e+0
    endloop
  endfacet
  facet normal 0.0000e+0 0.0000e+0 1.0000e+0
    outer loop
      vertex 5.6922e+0 -5.6922e+0 1.8372e+2
      vertex 7.8135e+0 -7.8135e+0 1.8372e+2
      vertex 5.9823e+0 -5.3865e+0 1.8372e+2
    endloop
  endfacet
  facet normal 0.0000e+0 0.0000e+0 1.0000e+0
    outer loop
      vertex 5.9823e+0 -5.3865e+0 1.8372e+2
      vertex 7.8135e+0 -7.8135e+0 1.8372e+2
      vertex 8.2118e+0 -7.3939e+0 1.8372e+2
    endloop
  endfacet
  facet normal -7.6041e-1 6.4945e-1 0.0000e+0
    outer loop
      vertex 1.0367e+1 -9.3344e+0 0.0000e+0
      vertex 1.0367e+1 -9.3344e+0 1.6670e+2
      vertex 1.0841e+1 -8.7790e+0 0.0000e+0
    endloop
  endfacet
  facet normal -7.6041e-1 6.4945e-1 0.0000e+0
    outer loop
      vertex 1.0841e+1 -8.7790e+0 0.0000e+0
      vertex 1.0367e+1 -9.3344e+0 1.6670e+2
      vertex 1.0841e+1 -8.7790e+0 1.6670e+2
    endloop
  endfacet
  facet normal 7.6041e-1 -6.4945e-1 0.0000e+0
    outer loop
      vertex 1.2596e+1 -1.1342e+1 0.0000e+0
      vertex 1.3173e+1 -1.0667e+1 0.0000e+0
      vertex 1.2596e+1 -1.1342e+1 1.6670e+2
    endloop
  endfacet
  facet normal 7.6041e-1 -6.4945e-1 0.0000e+0
    outer loop
      vertex 1.3173e+1 -1.0667e+1 0.0000e+0
      vertex 1.3173e+1 -1.0667e+1 1.6670e+2
      vertex 1.2596e+1 -1.1342e+1 1.6670e+2
    endloop
  endfacet
  facet normal -5.3778e-1 4.5931e-1 -7.0699e-1
    outer loop
      vertex 1.0367e+1 -9.3344e+0 1.6670e+2
      vertex 4.2359e+0 -3.8140e+0 1.7495e+2
      vertex 1.0841e+1 -8.7790e+0 1.6670e+2
    endloop
  endfacet
  facet normal -5.3778e-1 4.5931e-1 -7.0699e-1
    outer loop
      vertex 1.0841e+1 -8.7790e+0 1.6670e+2
      vertex 4.2359e+0 -3.8140e+0 1.7495e+2
      vertex 4.4297e+0 -3.5871e+0 1.7495e+2
    endloop
  endfacet
  facet normal 5.3778e-1 -4.5931e-1 7.0699e-1
    outer loop
      vertex 1.2596e+1 -1.1342e+1 1.6670e+2
      vertex 1.3173e+1 -1.0667e+1 1.6670e+2
      vertex 6.4654e+0 -5.8214e+0 1.7495e+2
    endloop
  endfacet
  facet normal 5.3778e-1 -4.5931e-1 7.0699e-1
    outer loop
      vertex 1.3173e+1 -1.0667e+1 1.6670e+2
      vertex 6.7612e+0 -5.4751e+0 1.7495e+2
      vertex 6.4654e+0 -5.8214e+0 1.7495e+2
    endloop
  endfacet
  facet normal -7.3451e-1 6.2733e-1 2.5874e-1
    outer loop
      vertex 4.2359e+0 -3.8140e+0 1.7495e+2
      vertex 5.9823e+0 -5.3865e+0 1.8372e+2
      vertex 4.4297e+0 -3.5871e+0 1.7495e+2
    endloop
  endfacet
  facet normal -7.3451e-1 6.2733e-1 2.5874e-1
    outer loop
      vertex 4.4297e+0 -3.5871e+0 1.7495e+2
      vertex 5.9823e+0 -5.3865e+0 1.8372e+2
      vertex 6.2560e+0 -5.0660e+0 1.8372e+2
    endloop
  endfacet
  facet normal 7.3451e-1 -6.2733e-1 -2.5874e-1
    outer loop
      vertex 6.4654e+0 -5.8214e+0 1.7495e+2
      vertex 6.7612e+0 -5.4751e+0 1.7495e+2
      vertex 8.2118e+0 -7.3939e+0 1.8372e+2
    endloop
  endfacet
  facet normal 7.3451e-1 -6.2733e-1 -2.5874e-1
    outer loop
      vertex 6.7612e+0 -5.4751e+0 1.7495e+2
      vertex 8.5875e+0 -6.9540e+0 1.8372e+2
      vertex 8.2118e+0 -7.3939e+0 1.8372e+2
    endloop
  endfacet
  facet normal 0.0000e+0 0.0000e+0 -1.0000e+0
    outer loop
      vertex 1.0367e+1 -9.3344e+0 0.0000e+0
      vertex 1.0841e+1 -8.7790e+0 0.0000e+0
      vertex 1.2596e+1 -1.1342e+1 0.0000e+0
    endloop
  endfacet
  facet normal 0.0000e+0 0.0000e+0 -1.0000e+0
    outer loop
      vertex 1.0841e+1 -8.7790e+0 0.0000e+0
      vertex 1.3173e+1 -1.0667e+1 0.0000e+0
      vertex 1.2596e+1 -1.1342e+1 0.0000e+0
    endloop
  endfacet
  facet normal 0.0000e+0 0.0000e+0 1.0000e+0
    outer loop
      vertex 5.9823e+0 -5.3865e+0 1.8372e+2
      vertex 8.2118e+0 -7.3939e+0 1.8372e+2
      vertex 6.2560e+0 -5.0660e+0 1.8372e+2
    endloop
  endfacet
  facet normal 0.0000e+0 0.0000e+0 1.0000e+0
    outer loop
      vertex 6.2560e+0 -5.0660e+0 1.8372e+2
      vertex 8.2118e+0 -7.3939e+0 1.8372e+2
      vertex 8.5875e+0 -6.9540e+0 1.8372e+2
    endloop
  endfacet
  facet normal -7.9335e-1 6.0876e-1 0.0000e+0
    outer loop
      vertex 1.0841e+1 -8.7790e+0 0.0000e+0
      vertex 1.0841e+1 -8.7790e+0 1.6670e+2
      vertex 1.1286e+1 -8.1996e+0 0.0000e+0
    endloop
  endfacet
  facet normal -7.9335e-1 6.0876e-1 0.0000e+0
    outer loop
      vertex 1.1286e+1 -8.1996e+0 0.0000e+0
      vertex 1.0841e+1 -8.7790e+0 1.6670e+2
      vertex 1.1286e+1 -8.1996e+0 1.6670e+2
    endloop
  endfacet
  facet normal 7.9335e-1 -6.0876e-1 0.0000e+0
    outer loop
      vertex 1.3173e+1 -1.0667e+1 0.0000e+0
      vertex 1.3713e+1 -9.9630e+0 0.0000e+0
      vertex 1.3173e+1 -1.0667e+1 1.6670e+2
    endloop
  endfacet
  facet normal 7.9335e-1 -6.0876e-1 0.0000e+0
    outer loop
      vertex 1.3713e+1 -9.9630e+0 0.0000e+0
      vertex 1.3713e+1 -9.9630e+0 1.6670e+2
      vertex 1.3173e+1 -1.0667e+1 1.6670e+2
    endloop
  endfacet
  facet normal -5.6108e-1 4.3053e-1 -7.0699e-1
    outer loop
      vertex 1.0841e+1 -8.7790e+0 1.6670e+2
      vertex 4.4297e+0 -3.5871e+0 1.7495e+2
      vertex 1.1286e+1 -8.1996e+0 1.6670e+2
    endloop
  endfacet
  facet normal -5.6108e-1 4.3053e-1 -7.0699e-1
    outer loop
      vertex 1.1286e+1 -8.1996e+0 1.6670e+2
      vertex 4.4297e+0 -3.5871e+0 1.7495e+2
      vertex 4.6114e+0 -3.3504e+0 1.7495e+2
    endloop
  endfacet
  facet normal 5.6108e-1 -4.3053e-1 7.0699e-1
    outer loop
      vertex 1.3173e+1 -1.0667e+1 1.6670e+2
      vertex 1.3713e+1 -9.9630e+0 1.6670e+2
      vertex 6.7612e+0 -5.4751e+0 1.7495e+2
    endloop
  endfacet
  facet normal 5.6108e-1 -4.3053e-1 7.0699e-1
    outer loop
      vertex 1.3713e+1 -9.9630e+0 1.6670e+2
      vertex 7.0384e+0 -5.1137e+0 1.7495e+2
      vertex 6.7612e+0 -5.4751e+0 1.7495e+2
    endloop
  endfacet
  facet normal -7.6634e-1 5.8803e-1 2.5874e-1
    outer loop
      vertex 4.4297e+0 -3.5871e+0 1.7495e+2
      vertex 6.2560e+0 -5.0660e+0 1.8372e+2
      vertex 4.6114e+0 -3.3504e+0 1.7495e+2
    endloop
  endfacet
  facet normal -7.6634e-1 5.8803e-1 2.5874e-1
    outer loop
      vertex 4.6114e+0 -3.3504e+0 1.7495e+2
      vertex 6.2560e+0 -5.0660e+0 1.8372e+2
      vertex 6.5126e+0 -4.7317e+0 1.8372e+2
    endloop
  endfacet
  facet normal 7.6634e-1 -5.8803e-1 -2.5874e-1
    outer loop
      vertex 6.7612e+0 -5.4751e+0 1.7495e+2
      vertex 7.0384e+0 -5.1137e+0 1.7495e+2
      vertex 8.5875e+0 -6.9540e+0 1.8372e+2
    endloop
  endfacet
  facet normal 7.6634e-1 -5.8803e-1 -2.5874e-1
    outer loop
      vertex 7.0384e+0 -5.1137e+0 1.7495e+2
      vertex 8.9396e+0 -6.4950e+0 1.8372e+2
      vertex 8.5875e+0 -6.9540e+0 1.8372e+2
    endloop
  endfacet
  facet normal 0.0000e+0 0.0000e+0 -1.0000e+0
    outer loop
      vertex 1.0841e+1 -8.7790e+0 0.0000e+0
      vertex 1.1286e+1 -8.1996e+0 0.0000e+0
      vertex 1.3173e+1 -1.0667e+1 0.0000e+0
    endloop
  endfacet
  facet normal 0.0000e+0 0.0000e+0 -1.0000e+0
    outer loop
      vertex 1.1286e+1 -8.1996e+0 0.0000e+0
      vertex 1.3713e+1 -9.9630e+0 0.0000e+0
      vertex 1.3173e+1 -1.0667e+1 0.0000e+0
    endloop
  endfacet
  facet normal 0.0000e+0 0.0000e+0 1.0000e+0
    outer loop
      vertex 6.2560e+0 -5.0660e+0 1.8372e+2
      vertex 8.5875e+0 -6.9540e+0 1.8372e+2
      vertex 6.5126e+0 -4.7317e+0 1.8372e+2
    endloop
  endfacet
  facet normal 0.0000e+0 0.0000e+0 1.0000e+0
    outer loop
      vertex 6.5126e+0 -4.7317e+0 1.8372e+2
      vertex 8.5875e+0 -6.9540e+0 1.8372e+2
      vertex 8.9396e+0 -6.4950e+0 1.8372e+2
    endloop
  endfacet
  facet normal -8.2413e-1 5.6641e-1 0.0000e+0
    outer loop
      vertex 1.1286e+1 -8.1996e+0 0.0000e+0
      vertex 1.1286e+1 -8.1996e+0 1.6670e+2
      vertex 1.1699e+1 -7.5977e+0 0.0000e+0
    endloop
  endfacet
  facet normal -8.2413e-1 5.6641e-1 0.0000e+0
    outer loop
      vertex 1.1699e+1 -7.5977e+0 0.0000e+0
      vertex 1.1286e+1 -8.1996e+0 1.6670e+2
      vertex 1.1699e+1 -7.5977e+0 1.6670e+2
    endloop
  endfacet
  facet normal 8.2413e-1 -5.6641e-1 0.0000e+0
    outer loop
      vertex 1.3713e+1 -9.9630e+0 0.0000e+0
      vertex 1.4215e+1 -9.2316e+0 0.0000e+0
      vertex 1.3713e+1 -9.9630e+0 1.6670e+2
    endloop
  endfacet
  facet normal 8.2413e-1 -5.6641e-1 0.0000e+0
    outer loop
      vertex 1.4215e+1 -9.2316e+0 0.0000e+0
      vertex 1.4215e+1 -9.2316e+0 1.6670e+2
      vertex 1.3713e+1 -9.9630e+0 1.6670e+2
    endloop
  endfacet
  facet normal -5.8285e-1 4.0058e-1 -7.0699e-1
    outer loop
      vertex 1.1286e+1 -8.1996e+0 1.6670e+2
      vertex 4.6114e+0 -3.3504e+0 1.7495e+2
      vertex 1.1699e+1 -7.5977e+0 1.6670e+2
    endloop
  endfacet
  facet normal -5.8285e-1 4.0058e-1 -7.0699e-1
    outer loop
      vertex 1.1699e+1 -7.5977e+0 1.6670e+2
      vertex 4.6114e+0 -3.3504e+0 1.7495e+2
      vertex 4.7804e+0 -3.1044e+0 1.7495e+2
    endloop
  endfacet
  facet normal 5.8285e-1 -4.0058e-1 7.0699e-1
    outer loop
      vertex 1.3713e+1 -9.9630e+0 1.6670e+2
      vertex 1.4215e+1 -9.2316e+0 1.6670e+2
      vertex 7.0384e+0 -5.1137e+0 1.7495e+2
    endloop
  endfacet
  facet normal 5.8285e-1 -4.0058e-1 7.0699e-1
    outer loop
      vertex 1.4215e+1 -9.2316e+0 1.6670e+2
      vertex 7.2964e+0 -4.7384e+0 1.7495e+2
      vertex 7.0384e+0 -5.1137e+0 1.7495e+2
    endloop
  endfacet
  facet normal -7.9606e-1 5.4712e-1 2.5874e-1
    outer loop
      vertex 4.6114e+0 -3.3504e+0 1.7495e+2
      vertex 6.5126e+0 -4.7317e+0 1.8372e+2
      vertex 4.7804e+0 -3.1044e+0 1.7495e+2
    endloop
  endfacet
  facet normal -7.9606e-1 5.4712e-1 2.5874e-1
    outer loop
      vertex 4.7804e+0 -3.1044e+0 1.7495e+2
      vertex 6.5126e+0 -4.7317e+0 1.8372e+2
      vertex 6.7513e+0 -4.3843e+0 1.8372e+2
    endloop
  endfacet
  facet normal 7.9606e-1 -5.4712e-1 -2.5874e-1
    outer loop
      vertex 7.0384e+0 -5.1137e+0 1.7495e+2
      vertex 7.2964e+0 -4.7384e+0 1.7495e+2
      vertex 8.9396e+0 -6.4950e+0 1.8372e+2
    endloop
  endfacet
  facet normal 7.9606e-1 -5.4712e-1 -2.5874e-1
    outer loop
      vertex 7.2964e+0 -4.7384e+0 1.7495e+2
      vertex 9.2673e+0 -6.0183e+0 1.8372e+2
      vertex 8.9396e+0 -6.4950e+0 1.8372e+2
    endloop
  endfacet
  facet normal 0.0000e+0 0.0000e+0 -1.0000e+0
    outer loop
      vertex 1.1286e+1 -8.1996e+0 0.0000e+0
      vertex 1.1699e+1 -7.5977e+0 0.0000e+0
      vertex 1.3713e+1 -9.9630e+0 0.0000e+0
    endloop
  endfacet
  facet normal 0.0000e+0 0.0000e+0 -1.0000e+0
    outer loop
      vertex 1.1699e+1 -7.5977e+0 0.0000e+0
      vertex 1.4215e+1 -9.2316e+0 0.0000e+0
      vertex 1.3713e+1 -9.9630e+0 0.0000e+0
    endloop
  endfacet
  facet normal 0.0000e+0 0.0000e+0 1.0000e+0
    outer loop
      vertex 6.5126e+0 -4.7317e+0 1.8372e+2
      vertex 8.9396e+0 -6.4950e+0 1.8372e+2
      vertex 6.7513e+0 -4.3843e+0 1.8372e+2
    endloop
  endfacet
  facet normal 0.0000e+0 0.0000e+0 1.0000e+0
    outer loop
      vertex 6.7513e+0 -4.3843e+0 1.8372e+2
      vertex 8.9396e+0 -6.4950e+0 1.8372e+2
      vertex 9.2673e+0 -6.0183e+0 1.8372e+2
    endloop
  endfacet
  facet normal -8.5264e-1 5.2250e-1 0.0000e+0
    outer loop
      vertex 1.1699e+1 -7.5977e+0 0.0000e+0
      vertex 1.1699e+1 -7.5977e+0 1.6670e+2
      vertex 1.2081e+1 -6.9750e+0 0.0000e+0
    endloop
  endfacet
  facet normal -8.5264e-1 5.2250e-1 0.0000e+0
    outer loop
      vertex 1.2081e+1 -6.9750e+0 0.0000e+0
      vertex 1.1699e+1 -7.5977e+0 1.6670e+2
      vertex 1.2081e+1 -6.9750e+0 1.6670e+2
    endloop
  endfacet
  facet normal 8.5264e-1 -5.2250e-1 0.0000e+0
    outer loop
      vertex 1.4215e+1 -9.2316e+0 0.0000e+0
      vertex 1.4679e+1 -8.4750e+0 0.0000e+0
      vertex 1.4215e+1 -9.2316e+0 1.6670e+2
    endloop
  endfacet
  facet normal 8.5264e-1 -5.2250e-1 0.0000e+0
    outer loop
      vertex 1.4679e+1 -8.4750e+0 0.0000e+0
      vertex 1.4679e+1 -8.4750e+0 1.6670e+2
      vertex 1.4215e+1 -9.2316e+0 1.6670e+2
    endloop
  endfacet
  facet normal -6.0301e-1 3.6953e-1 -7.0699e-1
    outer loop
      vertex 1.1699e+1 -7.5977e+0 1.6670e+2
      vertex 4.7804e+0 -3.1044e+0 1.7495e+2
      vertex 1.2081e+1 -6.9750e+0 1.6670e+2
    endloop
  endfacet
  facet normal -6.0301e-1 3.6953e-1 -7.0699e-1
    outer loop
      vertex 1.2081e+1 -6.9750e+0 1.6670e+2
      vertex 4.7804e+0 -3.1044e+0 1.7495e+2
      vertex 4.9363e+0 -2.8500e+0 1.7495e+2
    endloop
  endfacet
  facet normal 6.0301e-1 -3.6953e-1 7.0699e-1
    outer loop
      vertex 1.4215e+1 -9.2316e+0 1.6670e+2
      vertex 1.4679e+1 -8.4750e+0 1.6670e+2
      vertex 7.2964e+0 -4.7384e+0 1.7495e+2
    endloop
  endfacet
  facet normal 6.0301e-1 -3.6953e-1 7.0699e-1
    outer loop
      vertex 1.4679e+1 -8.4750e+0 1.6670e+2
      vertex 7.5344e+0 -4.3500e+0 1.7495e+2
      vertex 7.2964e+0 -4.7384e+0 1.7495e+2
    endloop
  endfacet
  facet normal -8.2361e-1 5.0471e-1 2.5874e-1
    outer loop
      vertex 4.7804e+0 -3.1044e+0 1.7495e+2
      vertex 6.7513e+0 -4.3843e+0 1.8372e+2
      vertex 4.9363e+0 -2.8500e+0 1.7495e+2
    endloop
  endfacet
  facet normal -8.2361e-1 5.0471e-1 2.5874e-1
    outer loop
      vertex 4.9363e+0 -2.8500e+0 1.7495e+2
      vertex 6.7513e+0 -4.3843e+0 1.8372e+2
      vertex 6.9715e+0 -4.0250e+0 1.8372e+2
    endloop
  endfacet
  facet normal 8.2361e-1 -5.0471e-1 -2.5874e-1
    outer loop
      vertex 7.2964e+0 -4.7384e+0 1.7495e+2
      vertex 7.5344e+0 -4.3500e+0 1.7495e+2
      vertex 9.2673e+0 -6.0183e+0 1.8372e+2
    endloop
  endfacet
  facet normal 8.2361e-1 -5.0471e-1 -2.5874e-1
    outer loop
      vertex 7.5344e+0 -4.3500e+0 1.7495e+2
      vertex 9.5696e+0 -5.5250e+0 1.8372e+2
      vertex 9.2673e+0 -6.0183e+0 1.8372e+2
    endloop
  endfacet
  facet normal 0.0000e+0 0.0000e+0 -1.0000e+0
    outer loop
      vertex 1.1699e+1 -7.5977e+0 0.0000e+0
      vertex 1.2081e+1 -6.9750e+0 0.0000e+0
      vertex 1.4215e+1 -9.2316e+0 0.0000e+0
    endloop
  endfacet
  facet normal 0.0000e+0 0.0000e+0 -1.0000e+0
    outer loop
      vertex 1.2081e+1 -6.9750e+0 0.0000e+0
      vertex 1.4679e+1 -8.4750e+0 0.0000e+0
      vertex 1.4215e+1 -9.2316e+0 0.0000e+0
    endloop
  endfacet
  facet normal 0.0000e+0 0.0000e+0 1.0000e+0
    outer loop
      vertex 6.7513e+0 -4.3843e+0 1.8372e+2
      vertex 9.2673e+0 -6.0183e+0 1.8372e+2
      vertex 6.9715e+0 -4.0250e+0 1.8372e+2
    endloop
  endfacet
  facet normal 0.0000e+0 0.0000e+0 1.0000e+0
    outer loop
      vertex 6.9715e+0 -4.0250e+0 1.8372e+2
      vertex 9.2673e+0 -6.0183e+0 1.8372e+2
      vertex 9.5696e+0 -5.5250e+0 1.8372e+2
    endloop
  endfacet
  facet normal -8.7882e-1 4.7716e-1 0.0000e+0
    outer loop
      vertex 1.2081e+1 -6.9750e+0 0.0000e+0
      vertex 1.2081e+1 -6.9750e+0 1.6670e+2
      vertex 1.2430e+1 -6.3332e+0 0.0000e+0
    endloop
  endfacet
  facet normal -8.7882e-1 4.7716e-1 0.0000e+0
    outer loop
      vertex 1.2430e+1 -6.3332e+0 0.0000e+0
      vertex 1.2081e+1 -6.9750e+0 1.6670e+2
      vertex 1.2430e+1 -6.3332e+0 1.6670e+2
    endloop
  endfacet
  facet normal 8.7882e-1 -4.7716e-1 0.0000e+0
    outer loop
      vertex 1.4679e+1 -8.4750e+0 0.0000e+0
      vertex 1.5103e+1 -7.6951e+0 0.0000e+0
      vertex 1.4679e+1 -8.4750e+0 1.6670e+2
    endloop
  endfacet
  facet normal 8.7882e-1 -4.7716e-1 0.0000e+0
    outer loop
      vertex 1.5103e+1 -7.6951e+0 0.0000e+0
      vertex 1.5103e+1 -7.6951e+0 1.6670e+2
      vertex 1.4679e+1 -8.4750e+0 1.6670e+2
    endloop
  endfacet
  facet normal -6.2152e-1 3.3746e-1 -7.0699e-1
    outer loop
      vertex 1.2081e+1 -6.9750e+0 1.6670e+2
      vertex 4.9363e+0 -2.8500e+0 1.7495e+2
      vertex 1.2430e+1 -6.3332e+0 1.6670e+2
    endloop
  endfacet
  facet normal -6.2152e-1 3.3746e-1 -7.0699e-1
    outer loop
      vertex 1.2430e+1 -6.3332e+0 1.6670e+2
      vertex 4.9363e+0 -2.8500e+0 1.7495e+2
      vertex 5.0787e+0 -2.5877e+0 1.7495e+2
    endloop
  endfacet
  facet normal 6.2152e-1 -3.3746e-1 7.0699e-1
    outer loop
      vertex 1.4679e+1 -8.4750e+0 1.6670e+2
      vertex 1.5103e+1 -7.6951e+0 1.6670e+2
      vertex 7.5344e+0 -4.3500e+0 1.7495e+2
    endloop
  endfacet
  facet normal 6.2152e-1 -3.3746e-1 7.0699e-1
    outer loop
      vertex 1.5103e+1 -7.6951e+0 1.6670e+2
      vertex 7.7518e+0 -3.9497e+0 1.7495e+2
      vertex 7.5344e+0 -4.3500e+0 1.7495e+2
    endloop
  endfacet
  facet normal -8.4889e-1 4.6091e-1 2.5874e-1
    outer loop
      vertex 4.9363e+0 -2.8500e+0 1.7495e+2
      vertex 6.9715e+0 -4.0250e+0 1.8372e+2
      vertex 5.0787e+0 -2.5877e+0 1.7495e+2
    endloop
  endfacet
  facet normal -8.4889e-1 4.6091e-1 2.5874e-1
    outer loop
      vertex 5.0787e+0 -2.5877e+0 1.7495e+2
      vertex 6.9715e+0 -4.0250e+0 1.8372e+2
      vertex 7.1726e+0 -3.6546e+0 1.8372e+2
    endloop
  endfacet
  facet normal 8.4889e-1 -4.6091e-1 -2.5874e-1
    outer loop
      vertex 7.5344e+0 -4.3500e+0 1.7495e+2
      vertex 7.7518e+0 -3.9497e+0 1.7495e+2
      vertex 9.5696e+0 -5.5250e+0 1.8372e+2
    endloop
  endfacet
  facet normal 8.4889e-1 -4.6091e-1 -2.5874e-1
    outer loop
      vertex 7.7518e+0 -3.9497e+0 1.7495e+2
      vertex 9.8456e+0 -5.0166e+0 1.8372e+2
      vertex 9.5696e+0 -5.5250e+0 1.8372e+2
    endloop
  endfacet
  facet normal 0.0000e+0 0.0000e+0 -1.0000e+0
    outer loop
      vertex 1.2081e+1 -6.9750e+0 0.0000e+0
      vertex 1.2430e+1 -6.3332e+0 0.0000e+0
      vertex 1.4679e+1 -8.4750e+0 0.0000e+0
    endloop
  endfacet
  facet normal 0.0000e+0 0.0000e+0 -1.0000e+0
    outer loop
      vertex 1.2430e+1 -6.3332e+0 0.0000e+0
      vertex 1.5103e+1 -7.6951e+0 0.0000e+0
      vertex 1.4679e+1 -8.4750e+0 0.0000e+0
    endloop
  endfacet
  facet normal 0.0000e+0 0.0000e+0 1.0000e+0
    outer loop
      vertex 6.9715e+0 -4.0250e+0 1.8372e+2
      vertex 9.5696e+0 -5.5250e+0 1.8372e+2
      vertex 7.1726e+0 -3.6546e+0 1.8372e+2
    endloop
  endfacet
  facet normal 0.0000e+0 0.0000e+0 1.0000e+0
    outer loop
      vertex 7.1726e+0 -3.6546e+0 1.8372e+2
      vertex 9.5696e+0 -5.5250e+0 1.8372e+2
      vertex 9.8456e+0 -5.0166e+0 1.8372e+2
    endloop
  endfacet
  facet normal -9.0259e-1 4.3051e-1 0.0000e+0
    outer loop
      vertex 1.2430e+1 -6.3332e+0 0.0000e+0
      vertex 1.2430e+1 -6.3332e+0 1.6670e+2
      vertex 1.2744e+1 -5.6740e+0 0.0000e+0
    endloop
  endfacet
  facet normal -9.0259e-1 4.3051e-1 0.0000e+0
    outer loop
      vertex 1.2744e+1 -5.6740e+0 0.0000e+0
      vertex 1.2430e+1 -6.3332e+0 1.6670e+2
      vertex 1.2744e+1 -5.6740e+0 1.6670e+2
    endloop
  endfacet
  facet normal 9.0259e-1 -4.3051e-1 0.0000e+0
    outer loop
      vertex 1.5103e+1 -7.6951e+0 0.0000e+0
      vertex 1.5485e+1 -6.8942e+0 0.0000e+0
      vertex 1.5103e+1 -7.6951e+0 1.6670e+2
    endloop
  endfacet
  facet normal 9.0259e-1 -4.3051e-1 0.0000e+0
    outer loop
      vertex 1.5485e+1 -6.8942e+0 0.0000e+0
      vertex 1.5485e+1 -6.8942e+0 1.6670e+2
      vertex 1.5103e+1 -7.6951e+0 1.6670e+2
    endloop
  endfacet
  facet normal -6.3833e-1 3.0447e-1 -7.0699e-1
    outer loop
      vertex 1.2430e+1 -6.3332e+0 1.6670e+2
      vertex 5.0787e+0 -2.5877e+0 1.7495e+2
      vertex 1.2744e+1 -5.6740e+0 1.6670e+2
    endloop
  endfacet
  facet normal -6.3833e-1 3.0447e-1 -7.0699e-1
    outer loop
      vertex 1.2744e+1 -5.6740e+0 1.6670e+2
      vertex 5.0787e+0 -2.5877e+0 1.7495e+2
      vertex 5.2072e+0 -2.3184e+0 1.7495e+2
    endloop
  endfacet
  facet normal 6.3833e-1 -3.0447e-1 7.0699e-1
    outer loop
      vertex 1.5103e+1 -7.6951e+0 1.6670e+2
      vertex 1.5485e+1 -6.8942e+0 1.6670e+2
      vertex 7.7518e+0 -3.9497e+0 1.7495e+2
    endloop
  endfacet
  facet normal 6.3833e-1 -3.0447e-1 7.0699e-1
    outer loop
      vertex 1.5485e+1 -6.8942e+0 1.6670e+2
      vertex 7.9478e+0 -3.5386e+0 1.7495e+2
      vertex 7.7518e+0 -3.9497e+0 1.7495e+2
    endloop
  endfacet
  facet normal -8.7185e-1 4.1585e-1 2.5874e-1
    outer loop
      vertex 5.0787e+0 -2.5877e+0 1.7495e+2
      vertex 7.1726e+0 -3.6546e+0 1.8372e+2
      vertex 5.2072e+0 -2.3184e+0 1.7495e+2
    endloop
  endfacet
  facet normal -8.7185e-1 4.1585e-1 2.5874e-1
    outer loop
      vertex 5.2072e+0 -2.3184e+0 1.7495e+2
      vertex 7.1726e+0 -3.6546e+0 1.8372e+2
      vertex 7.3540e+0 -3.2742e+0 1.8372e+2
    endloop
  endfacet
  facet normal 8.7185e-1 -4.1585e-1 -2.5874e-1
    outer loop
      vertex 7.7518e+0 -3.9497e+0 1.7495e+2
      vertex 7.9478e+0 -3.5386e+0 1.7495e+2
      vertex 9.8456e+0 -5.0166e+0 1.8372e+2
    endloop
  endfacet
  facet normal 8.7185e-1 -4.1585e-1 -2.5874e-1
    outer loop
      vertex 7.9478e+0 -3.5386e+0 1.7495e+2
      vertex 1.0095e+1 -4.4944e+0 1.8372e+2
      vertex 9.8456e+0 -5.0166e+0 1.8372e+2
    endloop
  endfacet
  facet normal 0.0000e+0 0.0000e+0 -1.0000e+0
    outer loop
      vertex 1.2430e+1 -6.3332e+0 0.0000e+0
      vertex 1.2744e+1 -5.6740e+0 0.0000e+0
      vertex 1.5103e+1 -7.6951e+0 0.0000e+0
    endloop
  endfacet
  facet normal 0.0000e+0 0.0000e+0 -1.0000e+0
    outer loop
      vertex 1.2744e+1 -5.6740e+0 0.0000e+0
      vertex 1.5485e+1 -6.8942e+0 0.0000e+0
      vertex 1.5103e+1 -7.6951e+0 0.0000e+0
    endloop
  endfacet
  facet normal 0.0000e+0 0.0000e+0 1.0000e+0
    outer loop
      vertex 7.1726e+0 -3.6546e+0 1.8372e+2
      vertex 9.8456e+0 -5.0166e+0 1.8372e+2
      vertex 7.3540e+0 -3.2742e+0 1.8372e+2
    endloop
  endfacet
  facet normal 0.0000e+0 0.0000e+0 1.0000e+0
    outer loop
      vertex 7.3540e+0 -3.2742e+0 1.8372e+2
      vertex 9.8456e+0 -5.0166e+0 1.8372e+2
      vertex 1.0095e+1 -4.4944e+0 1.8372e+2
    endloop
  endfacet
  facet normal -9.2388e-1 3.8268e-1 0.0000e+0
    outer loop
      vertex 1.2744e+1 -5.6740e+0 0.0000e+0
      vertex 1.2744e+1 -5.6740e+0 1.6670e+2
      vertex 1.3023e+1 -4.9992e+0 0.0000e+0
    endloop
  endfacet
  facet normal -9.2388e-1 3.8268e-1 0.0000e+0
    outer loop
      vertex 1.3023e+1 -4.9992e+0 0.0000e+0
      vertex 1.2744e+1 -5.6740e+0 1.6670e+2
      vertex 1.3023e+1 -4.9992e+0 1.6670e+2
    endloop
  endfacet
  facet normal 9.2388e-1 -3.8268e-1 0.0000e+0
    outer loop
      vertex 1.5485e+1 -6.8942e+0 0.0000e+0
      vertex 1.5824e+1 -6.0743e+0 0.0000e+0
      vertex 1.5485e+1 -6.8942e+0 1.6670e+2
    endloop
  endfacet
  facet normal 9.2388e-1 -3.8268e-1 0.0000e+0
    outer loop
      vertex 1.5824e+1 -6.0743e+0 0.0000e+0
      vertex 1.5824e+1 -6.0743e+0 1.6670e+2
      vertex 1.5485e+1 -6.8942e+0 1.6670e+2
    endloop
  endfacet
  facet normal -6.5339e-1 2.7064e-1 -7.0699e-1
    outer loop
      vertex 1.2744e+1 -5.6740e+0 1.6670e+2
      vertex 5.2072e+0 -2.3184e+0 1.7495e+2
      vertex 1.3023e+1 -4.9992e+0 1.6670e+2
    endloop
  endfacet
  facet normal -6.5339e-1 2.7064e-1 -7.0699e-1
    outer loop
      vertex 1.3023e+1 -4.9992e+0 1.6670e+2
      vertex 5.2072e+0 -2.3184e+0 1.7495e+2
      vertex 5.3214e+0 -2.0427e+0 1.7495e+2
    endloop
  endfacet
  facet normal 6.5339e-1 -2.7064e-1 7.0699e-1
    outer loop
      vertex 1.5485e+1 -6.8942e+0 1.6670e+2
      vertex 1.5824e+1 -6.0743e+0 1.6670e+2
      vertex 7.9478e+0 -3.5386e+0 1.7495e+2
    endloop
  endfacet
  facet normal 6.5339e-1 -2.7064e-1 7.0699e-1
    outer loop
      vertex 1.5824e+1 -6.0743e+0 1.6670e+2
      vertex 8.1221e+0 -3.1178e+0 1.7495e+2
      vertex 7.9478e+0 -3.5386e+0 1.7495e+2
    endloop
  endfacet
  facet normal -8.9242e-1 3.6965e-1 2.5874e-1
    outer loop
      vertex 5.2072e+0 -2.3184e+0 1.7495e+2
      vertex 7.3540e+0 -3.2742e+0 1.8372e+2
      vertex 5.3214e+0 -2.0427e+0 1.7495e+2
    endloop
  endfacet
  facet normal -8.9242e-1 3.6965e-1 2.5874e-1
    outer loop
      vertex 5.3214e+0 -2.0427e+0 1.7495e+2
      vertex 7.3540e+0 -3.2742e+0 1.8372e+2
      vertex 7.5153e+0 -2.8849e+0 1.8372e+2
    endloop
  endfacet
  facet normal 8.9242e-1 -3.6965e-1 -2.5874e-1
    outer loop
      vertex 7.9478e+0 -3.5386e+0 1.7495e+2
      vertex 8.1221e+0 -3.1178e+0 1.7495e+2
      vertex 1.0095e+1 -4.4944e+0 1.8372e+2
    endloop
  endfacet
  facet normal 8.9242e-1 -3.6965e-1 -2.5874e-1
    outer loop
      vertex 8.1221e+0 -3.1178e+0 1.7495e+2
      vertex 1.0316e+1 -3.9600e+0 1.8372e+2
      vertex 1.0095e+1 -4.4944e+0 1.8372e+2
    endloop
  endfacet
  facet normal 0.0000e+0 0.0000e+0 -1.0000e+0
    outer loop
      vertex 1.2744e+1 -5.6740e+0 0.0000e+0
      vertex 1.3023e+1 -4.9992e+0 0.0000e+0
      vertex 1.5485e+1 -6.8942e+0 0.0000e+0
    endloop
  endfacet
  facet normal 0.0000e+0 0.0000e+0 -1.0000e+0
    outer loop
      vertex 1.3023e+1 -4.9992e+0 0.0000e+0
      vertex 1.5824e+1 -6.0743e+0 0.0000e+0
      vertex 1.5485e+1 -6.8942e+0 0.0000e+0
    endloop
  endfacet
  facet normal 0.0000e+0 0.0000e+0 1.0000e+0
    outer loop
      vertex 7.3540e+0 -3.2742e+0 1.8372e+2
      vertex 1.0095e+1 -4.4944e+0 1.8372e+2
      vertex 7.5153e+0 -2.8849e+0 1.8372e+2
    endloop
  endfacet
  facet normal 0.0000e+0 0.0000e+0 1.0000e+0
    outer loop
      vertex 7.5153e+0 -2.8849e+0 1.8372e+2
      vertex 1.0095e+1 -4.4944e+0 1.8372e+2
      vertex 1.0316e+1 -3.9600e+0 1.8372e+2
    endloop
  endfacet
  facet normal -9.4264e-1 3.3381e-1 0.0000e+0
    outer loop
      vertex 1.3023e+1 -4.9992e+0 0.0000e+0
      vertex 1.3023e+1 -4.9992e+0 1.6670e+2
      vertex 1.3267e+1 -4.3108e+0 0.0000e+0
    endloop
  endfacet
  facet normal -9.4264e-1 3.3381e-1 0.0000e+0
    outer loop
      vertex 1.3267e+1 -4.3108e+0 0.0000e+0
      vertex 1.3023e+1 -4.9992e+0 1.6670e+2
      vertex 1.3267e+1 -4.3108e+0 1.6670e+2
    endloop
  endfacet
  facet normal 9.4264e-1 -3.3381e-1 0.0000e+0
    outer loop
      vertex 1.5824e+1 -6.0743e+0 0.0000e+0
      vertex 1.6120e+1 -5.2378e+0 0.0000e+0
      vertex 1.5824e+1 -6.0743e+0 1.6670e+2
    endloop
  endfacet
  facet normal 9.4264e-1 -3.3381e-1 0.0000e+0
    outer loop
      vertex 1.6120e+1 -5.2378e+0 0.0000e+0
      vertex 1.6120e+1 -5.2378e+0 1.6670e+2
      vertex 1.5824e+1 -6.0743e+0 1.6670e+2
    endloop
  endfacet
  facet normal -6.6666e-1 2.3608e-1 -7.0699e-1
    outer loop
      vertex 1.3023e+1 -4.9992e+0 1.6670e+2
      vertex 5.3214e+0 -2.0427e+0 1.7495e+2
      vertex 1.3267e+1 -4.3108e+0 1.6670e+2
    endloop
  endfacet
  facet normal -6.6666e-1 2.3608e-1 -7.0699e-1
    outer loop
      vertex 1.3267e+1 -4.3108e+0 1.6670e+2
      vertex 5.3214e+0 -2.0427e+0 1.7495e+2
      vertex 5.4210e+0 -1.7614e+0 1.7495e+2
    endloop
  endfacet
  facet normal 6.6666e-1 -2.3608e-1 7.0699e-1
    outer loop
      vertex 1.5824e+1 -6.0743e+0 1.6670e+2
      vertex 1.6120e+1 -5.2378e+0 1.6670e+2
      vertex 8.1221e+0 -3.1178e+0 1.7495e+2
    endloop
  endfacet
  facet normal 6.6666e-1 -2.3608e-1 7.0699e-1
    outer loop
      vertex 1.6120e+1 -5.2378e+0 1.6670e+2
      vertex 8.2742e+0 -2.6884e+0 1.7495e+2
      vertex 8.1221e+0 -3.1178e+0 1.7495e+2
    endloop
  endfacet
  facet normal -9.1054e-1 3.2244e-1 2.5874e-1
    outer loop
      vertex 5.3214e+0 -2.0427e+0 1.7495e+2
      vertex 7.5153e+0 -2.8849e+0 1.8372e+2
      vertex 5.4210e+0 -1.7614e+0 1.7495e+2
    endloop
  endfacet
  facet normal -9.1054e-1 3.2244e-1 2.5874e-1
    outer loop
      vertex 5.4210e+0 -1.7614e+0 1.7495e+2
      vertex 7.5153e+0 -2.8849e+0 1.8372e+2
      vertex 7.6560e+0 -2.4876e+0 1.8372e+2
    endloop
  endfacet
  facet normal 9.1054e-1 -3.2244e-1 -2.5874e-1
    outer loop
      vertex 8.1221e+0 -3.1178e+0 1.7495e+2
      vertex 8.2742e+0 -2.6884e+0 1.7495e+2
      vertex 1.0316e+1 -3.9600e+0 1.8372e+2
    endloop
  endfacet
  facet normal 9.1054e-1 -3.2244e-1 -2.5874e-1
    outer loop
      vertex 8.2742e+0 -2.6884e+0 1.7495e+2
      vertex 1.0509e+1 -3.4146e+0 1.8372e+2
      vertex 1.0316e+1 -3.9600e+0 1.8372e+2
    endloop
  endfacet
  facet normal 0.0000e+0 0.0000e+0 -1.0000e+0
    outer loop
      vertex 1.3023e+1 -4.9992e+0 0.0000e+0
      vertex 1.3267e+1 -4.3108e+0 0.0000e+0
      vertex 1.5824e+1 -6.0743e+0 0.0000e+0
    endloop
  endfacet
  facet normal 0.0000e+0 0.0000e+0 -1.0000e+0
    outer loop
      vertex 1.3267e+1 -4.3108e+0 0.0000e+0
      vertex 1.6120e+1 -5.2378e+0 0.0000e+0
      vertex 1.5824e+1 -6.0743e+0 0.0000e+0
    endloop
  endfacet
  facet normal 0.0000e+0 0.0000e+0 1.0000e+0
    outer loop
      vertex 7.5153e+0 -2.8849e+0 1.8372e+2
      vertex 1.0316e+1 -3.9600e+0 1.8372e+2
      vertex 7.6560e+0 -2.4876e+0 1.8372e+2
    endloop
  endfacet
  facet normal 0.0000e+0 0.0000e+0 1.0000e+0
    outer loop
      vertex 7.6560e+0 -2.4876e+0 1.8372e+2
      vertex 1.0316e+1 -3.9600e+0 1.8372e+2
      vertex 1.0509e+1 -3.4146e+0 1.8372e+2
    endloop
  endfacet
  facet normal -9.5882e-1 2.8402e-1 0.0000e+0
    outer loop
      vertex 1.3267e+1 -4.3108e+0 0.0000e+0
      vertex 1.3267e+1 -4.3108e+0 1.6670e+2
      vertex 1.3475e+1 -3.6105e+0 0.0000e+0
    endloop
  endfacet
  facet normal -9.5882e-1 2.8402e-1 0.0000e+0
    outer loop
      vertex 1.3475e+1 -3.6105e+0 0.0000e+0
      vertex 1.3267e+1 -4.3108e+0 1.6670e+2
      vertex 1.3475e+1 -3.6105e+0 1.6670e+2
    endloop
  endfacet
  facet normal 9.5882e-1 -2.8402e-1 0.0000e+0
    outer loop
      vertex 1.6120e+1 -5.2378e+0 0.0000e+0
      vertex 1.6372e+1 -4.3870e+0 0.0000e+0
      vertex 1.6120e+1 -5.2378e+0 1.6670e+2
    endloop
  endfacet
  facet normal 9.5882e-1 -2.8402e-1 0.0000e+0
    outer loop
      vertex 1.6372e+1 -4.3870e+0 0.0000e+0
      vertex 1.6372e+1 -4.3870e+0 1.6670e+2
      vertex 1.6120e+1 -5.2378e+0 1.6670e+2
    endloop
  endfacet
  facet normal -6.7810e-1 2.0086e-1 -7.0699e-1
    outer loop
      vertex 1.3267e+1 -4.3108e+0 1.6670e+2
      vertex 5.4210e+0 -1.7614e+0 1.7495e+2
      vertex 1.3475e+1 -3.6105e+0 1.6670e+2
    endloop
  endfacet
  facet normal -6.7810e-1 2.0086e-1 -7.0699e-1
    outer loop
      vertex 1.3475e+1 -3.6105e+0 1.6670e+2
      vertex 5.4210e+0 -1.7614e+0 1.7495e+2
      vertex 5.5058e+0 -1.4753e+0 1.7495e+2
    endloop
  endfacet
  facet normal 6.7810e-1 -2.0086e-1 7.0699e-1
    outer loop
      vertex 1.6120e+1 -5.2378e+0 1.6670e+2
      vertex 1.6372e+1 -4.3870e+0 1.6670e+2
      vertex 8.2742e+0 -2.6884e+0 1.7495e+2
    endloop
  endfacet
  facet normal 6.7810e-1 -2.0086e-1 7.0699e-1
    outer loop
      vertex 1.6372e+1 -4.3870e+0 1.6670e+2
      vertex 8.4036e+0 -2.2517e+0 1.7495e+2
      vertex 8.2742e+0 -2.6884e+0 1.7495e+2
    endloop
  endfacet
  facet normal -9.2617e-1 2.7434e-1 2.5874e-1
    outer loop
      vertex 5.4210e+0 -1.7614e+0 1.7495e+2
      vertex 7.6560e+0 -2.4876e+0 1.8372e+2
      vertex 5.5058e+0 -1.4753e+0 1.7495e+2
    endloop
  endfacet
  facet normal -9.2617e-1 2.7434e-1 2.5874e-1
    outer loop
      vertex 5.5058e+0 -1.4753e+0 1.7495e+2
      vertex 7.6560e+0 -2.4876e+0 1.8372e+2
      vertex 7.7757e+0 -2.0835e+0 1.8372e+2
    endloop
  endfacet
  facet normal 9.2617e-1 -2.7434e-1 -2.5874e-1
    outer loop
      vertex 8.2742e+0 -2.6884e+0 1.7495e+2
      vertex 8.4036e+0 -2.2517e+0 1.7495e+2
      vertex 1.0509e+1 -3.4146e+0 1.8372e+2
    endloop
  endfacet
  facet normal 9.2617e-1 -2.7434e-1 -2.5874e-1
    outer loop
      vertex 8.4036e+0 -2.2517e+0 1.7495e+2
      vertex 1.0673e+1 -2.8600e+0 1.8372e+2
      vertex 1.0509e+1 -3.4146e+0 1.8372e+2
    endloop
  endfacet
  facet normal 0.0000e+0 0.0000e+0 -1.0000e+0
    outer loop
      vertex 1.3267e+1 -4.3108e+0 0.0000e+0
      vertex 1.3475e+1 -3.6105e+0 0.0000e+0
      vertex 1.6120e+1 -5.2378e+0 0.0000e+0
    endloop
  endfacet
  facet normal 0.0000e+0 0.0000e+0 -1.0000e+0
    outer loop
      vertex 1.3475e+1 -3.6105e+0 0.0000e+0
      vertex 1.6372e+1 -4.3870e+0 0.0000e+0
      vertex 1.6120e+1 -5.2378e+0 0.0000e+0
    endloop
  endfacet
  facet normal 0.0000e+0 0.0000e+0 1.0000e+0
    outer loop
      vertex 7.6560e+0 -2.4876e+0 1.8372e+2
      vertex 1.0509e+1 -3.4146e+0 1.8372e+2
      vertex 7.7757e+0 -2.0835e+0 1.8372e+2
    endloop
  endfacet
  facet normal 0.0000e+0 0.0000e+0 1.0000e+0
    outer loop
      vertex 7.7757e+0 -2.0835e+0 1.8372e+2
      vertex 1.0509e+1 -3.4146e+0 1.8372e+2
      vertex 1.0673e+1 -2.8600e+0 1.8372e+2
    endloop
  endfacet
  facet normal -9.7237e-1 2.3345e-1 0.0000e+0
    outer loop
      vertex 1.3475e+1 -3.6105e+0 0.0000e+0
      vertex 1.3475e+1 -3.6105e+0 1.6670e+2
      vertex 1.3645e+1 -2.9004e+0 0.0000e+0
    endloop
  endfacet
  facet normal -9.7237e-1 2.3345e-1 0.0000e+0
    outer loop
      vertex 1.3645e+1 -2.9004e+0 0.0000e+0
      vertex 1.3475e+1 -3.6105e+0 1.6670e+2
      vertex 1.3645e+1 -2.9004e+0 1.6670e+2
    endloop
  endfacet
  facet normal 9.7237e-1 -2.3345e-1 0.0000e+0
    outer loop
      vertex 1.6372e+1 -4.3870e+0 0.0000e+0
      vertex 1.6580e+1 -3.5241e+0 0.0000e+0
      vertex 1.6372e+1 -4.3870e+0 1.6670e+2
    endloop
  endfacet
  facet normal 9.7237e-1 -2.3345e-1 0.0000e+0
    outer loop
      vertex 1.6580e+1 -3.5241e+0 0.0000e+0
      vertex 1.6580e+1 -3.5241e+0 1.6670e+2
      vertex 1.6372e+1 -4.3870e+0 1.6670e+2
    endloop
  endfacet
  facet normal -6.8769e-1 1.6510e-1 -7.0699e-1
    outer loop
      vertex 1.3475e+1 -3.6105e+0 1.6670e+2
      vertex 5.5058e+0 -1.4753e+0 1.7495e+2
      vertex 1.3645e+1 -2.9004e+0 1.6670e+2
    endloop
  endfacet
  facet normal -6.8769e-1 1.6510e-1 -7.0699e-1
    outer loop
      vertex 1.3645e+1 -2.9004e+0 1.6670e+2
      vertex 5.5058e+0 -1.4753e+0 1.7495e+2
      vertex 5.5754e+0 -1.1851e+0 1.7495e+2
    endloop
  endfacet
  facet normal 6.8769e-1 -1.6510e-1 7.0699e-1
    outer loop
      vertex 1.6372e+1 -4.3870e+0 1.6670e+2
      vertex 1.6580e+1 -3.5241e+0 1.6670e+2
      vertex 8.4036e+0 -2.2517e+0 1.7495e+2
    endloop
  endfacet
  facet normal 6.8769e-1 -1.6510e-1 7.0699e-1
    outer loop
      vertex 1.6580e+1 -3.5241e+0 1.6670e+2
      vertex 8.5099e+0 -1.8088e+0 1.7495e+2
      vertex 8.4036e+0 -2.2517e+0 1.7495e+2
    endloop
  endfacet
  facet normal -9.3926e-1 2.2550e-1 2.5874e-1
    outer loop
      vertex 5.5058e+0 -1.4753e+0 1.7495e+2
      vertex 7.7757e+0 -2.0835e+0 1.8372e+2
      vertex 5.5754e+0 -1.1851e+0 1.7495e+2
    endloop
  endfacet
  facet normal -9.3926e-1 2.2550e-1 2.5874e-1
    outer loop
      vertex 5.5754e+0 -1.1851e+0 1.7495e+2
      vertex 7.7757e+0 -2.0835e+0 1.8372e+2
      vertex 7.8741e+0 -1.6737e+0 1.8372e+2
    endloop
  endfacet
  facet normal 9.3926e-1 -2.2550e-1 -2.5874e-1
    outer loop
      vertex 8.4036e+0 -2.2517e+0 1.7495e+2
      vertex 8.5099e+0 -1.8088e+0 1.7495e+2
      vertex 1.0673e+1 -2.8600e+0 1.8372e+2
    endloop
  endfacet
  facet normal 9.3926e-1 -2.2550e-1 -2.5874e-1
    outer loop
      vertex 8.5099e+0 -1.8088e+0 1.7495e+2
      vertex 1.0809e+1 -2.2974e+0 1.8372e+2
      vertex 1.0673e+1 -2.8600e+0 1.8372e+2
    endloop
  endfacet
  facet normal 0.0000e+0 0.0000e+0 -1.0000e+0
    outer loop
      vertex 1.3475e+1 -3.6105e+0 0.0000e+0
      vertex 1.3645e+1 -2.9004e+0 0.0000e+0
      vertex 1.6372e+1 -4.3870e+0 0.0000e+0
    endloop
  endfacet
  facet normal 0.0000e+0 0.0000e+0 -1.0000e+0
    outer loop
      vertex 1.3645e+1 -2.9004e+0 0.0000e+0
      vertex 1.6580e+1 -3.5241e+0 0.0000e+0
      vertex 1.6372e+1 -4.3870e+0 0.0000e+0
    endloop
  endfacet
  facet normal 0.0000e+0 0.0000e+0 1.0000e+0
    outer loop
      vertex 7.7757e+0 -2.0835e+0 1.8372e+2
      vertex 1.0673e+1 -2.8600e+0 1.8372e+2
      vertex 7.8741e+0 -1.6737e+0 1.8372e+2
    endloop
  endfacet
  facet normal 0.0000e+0 0.0000e+0 1.0000e+0
    outer loop
      vertex 7.8741e+0 -1.6737e+0 1.8372e+2
      vertex 1.0673e+1 -2.8600e+0 1.8372e+2
      vertex 1.0809e+1 -2.2974e+0 1.8372e+2
    endloop
  endfacet
  facet normal -9.8325e-1 1.8224e-1 0.0000e+0
    outer loop
      vertex 1.3645e+1 -2.9004e+0 0.0000e+0
      vertex 1.3645e+1 -2.9004e+0 1.6670e+2
      vertex 1.3778e+1 -2.1823e+0 0.0000e+0
    endloop
  endfacet
  facet normal -9.8325e-1 1.8224e-1 0.0000e+0
    outer loop
      vertex 1.3778e+1 -2.1823e+0 0.0000e+0
      vertex 1.3645e+1 -2.9004e+0 1.6670e+2
      vertex 1.3778e+1 -2.1823e+0 1.6670e+2
    endloop
  endfacet
  facet normal 9.8325e-1 -1.8224e-1 0.0000e+0
    outer loop
      vertex 1.6580e+1 -3.5241e+0 0.0000e+0
      vertex 1.6741e+1 -2.6516e+0 0.0000e+0
      vertex 1.6580e+1 -3.5241e+0 1.6670e+2
    endloop
  endfacet
  facet normal 9.8325e-1 -1.8224e-1 0.0000e+0
    outer loop
      vertex 1.6741e+1 -2.6516e+0 0.0000e+0
      vertex 1.6741e+1 -2.6516e+0 1.6670e+2
      vertex 1.6580e+1 -3.5241e+0 1.6670e+2
    endloop
  endfacet
  facet normal -6.9539e-1 1.2888e-1 -7.0699e-1
    outer loop
      vertex 1.3645e+1 -2.9004e+0 1.6670e+2
      vertex 5.5754e+0 -1.1851e+0 1.7495e+2
      vertex 1.3778e+1 -2.1823e+0 1.6670e+2
    endloop
  endfacet
  facet normal -6.9539e-1 1.2888e-1 -7.0699e-1
    outer loop
      vertex 1.3778e+1 -2.1823e+0 1.6670e+2
      vertex 5.5754e+0 -1.1851e+0 1.7495e+2
      vertex 5.6298e+0 -8.9168e-1 1.7495e+2
    endloop
  endfacet
  facet normal 6.9539e-1 -1.2888e-1 7.0699e-1
    outer loop
      vertex 1.6580e+1 -3.5241e+0 1.6670e+2
      vertex 1.6741e+1 -2.6516e+0 1.6670e+2
      vertex 8.5099e+0 -1.8088e+0 1.7495e+2
    endloop
  endfacet
  facet normal 6.9539e-1 -1.2888e-1 7.0699e-1
    outer loop
      vertex 1.6741e+1 -2.6516e+0 1.6670e+2
      vertex 8.5929e+0 -1.3610e+0 1.7495e+2
      vertex 8.5099e+0 -1.8088e+0 1.7495e+2
    endloop
  endfacet
  facet normal -9.4977e-1 1.7603e-1 2.5874e-1
    outer loop
      vertex 5.5754e+0 -1.1851e+0 1.7495e+2
      vertex 7.8741e+0 -1.6737e+0 1.8372e+2
      vertex 5.6298e+0 -8.9168e-1 1.7495e+2
    endloop
  endfacet
  facet normal -9.4977e-1 1.7603e-1 2.5874e-1
    outer loop
      vertex 5.6298e+0 -8.9168e-1 1.7495e+2
      vertex 7.8741e+0 -1.6737e+0 1.8372e+2
      vertex 7.9509e+0 -1.2593e+0 1.8372e+2
    endloop
  endfacet
  facet normal 9.4977e-1 -1.7603e-1 -2.5874e-1
    outer loop
      vertex 8.5099e+0 -1.8088e+0 1.7495e+2
      vertex 8.5929e+0 -1.3610e+0 1.7495e+2
      vertex 1.0809e+1 -2.2974e+0 1.8372e+2
    endloop
  endfacet
  facet normal 9.4977e-1 -1.7603e-1 -2.5874e-1
    outer loop
      vertex 8.5929e+0 -1.3610e+0 1.7495e+2
      vertex 1.0914e+1 -1.7286e+0 1.8372e+2
      vertex 1.0809e+1 -2.2974e+0 1.8372e+2
    endloop
  endfacet
  facet normal 0.0000e+0 0.0000e+0 -1.0000e+0
    outer loop
      vertex 1.3645e+1 -2.9004e+0 0.0000e+0
      vertex 1.3778e+1 -2.1823e+0 0.0000e+0
      vertex 1.6580e+1 -3.5241e+0 0.0000e+0
    endloop
  endfacet
  facet normal 0.0000e+0 0.0000e+0 -1.0000e+0
    outer loop
      vertex 1.3778e+1 -2.1823e+0 0.0000e+0
      vertex 1.6741e+1 -2.6516e+0 0.0000e+0
      vertex 1.6580e+1 -3.5241e+0 0.0000e+0
    endloop
  endfacet
  facet normal 0.0000e+0 0.0000e+0 1.0000e+0
    outer loop
      vertex 7.8741e+0 -1.6737e+0 1.8372e+2
      vertex 1.0809e+1 -2.2974e+0 1.8372e+2
      vertex 7.9509e+0 -1.2593e+0 1.8372e+2
    endloop
  endfacet
  facet normal 0.0000e+0 0.0000e+0 1.0000e+0
    outer loop
      vertex 7.9509e+0 -1.2593e+0 1.8372e+2
      vertex 1.0809e+1 -2.2974e+0 1.8372e+2
      vertex 1.0914e+1 -1.7286e+0 1.8372e+2
    endloop
  endfacet
  facet normal -9.9144e-1 1.3053e-1 0.0000e+0
    outer loop
      vertex 1.3778e+1 -2.1823e+0 0.0000e+0
      vertex 1.3778e+1 -2.1823e+0 1.6670e+2
      vertex 1.3874e+1 -1.4582e+0 0.0000e+0
    endloop
  endfacet
  facet normal -9.9144e-1 1.3053e-1 0.0000e+0
    outer loop
      vertex 1.3874e+1 -1.4582e+0 0.0000e+0
      vertex 1.3778e+1 -2.1823e+0 1.6670e+2
      vertex 1.3874e+1 -1.4582e+0 1.6670e+2
    endloop
  endfacet
  facet normal 9.9144e-1 -1.3053e-1 0.0000e+0
    outer loop
      vertex 1.6741e+1 -2.6516e+0 0.0000e+0
      vertex 1.6857e+1 -1.7718e+0 0.0000e+0
      vertex 1.6741e+1 -2.6516e+0 1.6670e+2
    endloop
  endfacet
  facet normal 9.9144e-1 -1.3053e-1 0.0000e+0
    outer loop
      vertex 1.6857e+1 -1.7718e+0 0.0000e+0
      vertex 1.6857e+1 -1.7718e+0 1.6670e+2
      vertex 1.6741e+1 -2.6516e+0 1.6670e+2
    endloop
  endfacet
  facet normal -7.0118e-1 9.2312e-2 -7.0699e-1
    outer loop
      vertex 1.3778e+1 -2.1823e+0 1.6670e+2
      vertex 5.6298e+0 -8.9168e-1 1.7495e+2
      vertex 1.3874e+1 -1.4582e+0 1.6670e+2
    endloop
  endfacet
  facet normal -7.0118e-1 9.2312e-2 -7.0699e-1
    outer loop
      vertex 1.3874e+1 -1.4582e+0 1.6670e+2
      vertex 5.6298e+0 -8.9168e-1 1.7495e+2
      vertex 5.6688e+0 -5.9581e-1 1.7495e+2
    endloop
  endfacet
  facet normal 7.0118e-1 -9.2312e-2 7.0699e-1
    outer loop
      vertex 1.6741e+1 -2.6516e+0 1.6670e+2
      vertex 1.6857e+1 -1.7718e+0 1.6670e+2
      vertex 8.5929e+0 -1.3610e+0 1.7495e+2
    endloop
  endfacet
  facet normal 7.0118e-1 -9.2312e-2 7.0699e-1
    outer loop
      vertex 1.6857e+1 -1.7718e+0 1.6670e+2
      vertex 8.6523e+0 -9.0940e-1 1.7495e+2
      vertex 8.5929e+0 -1.3610e+0 1.7495e+2
    endloop
  endfacet
  facet normal -9.5768e-1 1.2608e-1 2.5874e-1
    outer loop
      vertex 5.6298e+0 -8.9168e-1 1.7495e+2
      vertex 7.9509e+0 -1.2593e+0 1.8372e+2
      vertex 5.6688e+0 -5.9581e-1 1.7495e+2
    endloop
  endfacet
  facet normal -9.5768e-1 1.2608e-1 2.5874e-1
    outer loop
      vertex 5.6688e+0 -5.9581e-1 1.7495e+2
      vertex 7.9509e+0 -1.2593e+0 1.8372e+2
      vertex 8.0059e+0 -8.4145e-1 1.8372e+2
    endloop
  endfacet
  facet normal 9.5768e-1 -1.2608e-1 -2.5874e-1
    outer loop
      vertex 8.5929e+0 -1.3610e+0 1.7495e+2
      vertex 8.6523e+0 -9.0940e-1 1.7495e+2
      vertex 1.0914e+1 -1.7286e+0 1.8372e+2
    endloop
  endfacet
  facet normal 9.5768e-1 -1.2608e-1 -2.5874e-1
    outer loop
      vertex 8.6523e+0 -9.0940e-1 1.7495e+2
      vertex 1.0989e+1 -1.1550e+0 1.8372e+2
      vertex 1.0914e+1 -1.7286e+0 1.8372e+2
    endloop
  endfacet
  facet normal 0.0000e+0 0.0000e+0 -1.0000e+0
    outer loop
      vertex 1.3778e+1 -2.1823e+0 0.0000e+0
      vertex 1.3874e+1 -1.4582e+0 0.0000e+0
      vertex 1.6741e+1 -2.6516e+0 0.0000e+0
    endloop
  endfacet
  facet normal 0.0000e+0 0.0000e+0 -1.0000e+0
    outer loop
      vertex 1.3874e+1 -1.4582e+0 0.0000e+0
      vertex 1.6857e+1 -1.7718e+0 0.0000e+0
      vertex 1.6741e+1 -2.6516e+0 0.0000e+0
    endloop
  endfacet
  facet normal 0.0000e+0 0.0000e+0 1.0000e+0
    outer loop
      vertex 7.9509e+0 -1.2593e+0 1.8372e+2
      vertex 1.0914e+1 -1.7286e+0 1.8372e+2
      vertex 8.0059e+0 -8.4145e-1 1.8372e+2
    endloop
  endfacet
  facet normal 0.0000e+0 0.0000e+0 1.0000e+0
    outer loop
      vertex 8.0059e+0 -8.4145e-1 1.8372e+2
      vertex 1.0914e+1 -1.7286e+0 1.8372e+2
      vertex 1.0989e+1 -1.1550e+0 1.8372e+2
    endloop
  endfacet
  facet normal -9.9692e-1 7.8459e-2 0.0000e+0
    outer loop
      vertex 1.3874e+1 -1.4582e+0 0.0000e+0
      vertex 1.3874e+1 -1.4582e+0 1.6670e+2
      vertex 1.3931e+1 -7.3009e-1 0.0000e+0
    endloop
  endfacet
  facet normal -9.9692e-1 7.8459e-2 0.0000e+0
    outer loop
      vertex 1.3931e+1 -7.3009e-1 0.0000e+0
      vertex 1.3874e+1 -1.4582e+0 1.6670e+2
      vertex 1.3931e+1 -7.3009e-1 1.6670e+2
    endloop
  endfacet
  facet normal 9.9692e-1 -7.8459e-2 0.0000e+0
    outer loop
      vertex 1.6857e+1 -1.7718e+0 0.0000e+0
      vertex 1.6927e+1 -8.8709e-1 0.0000e+0
      vertex 1.6857e+1 -1.7718e+0 1.6670e+2
    endloop
  endfacet
  facet normal 9.9692e-1 -7.8459e-2 0.0000e+0
    outer loop
      vertex 1.6927e+1 -8.8709e-1 0.0000e+0
      vertex 1.6927e+1 -8.8709e-1 1.6670e+2
      vertex 1.6857e+1 -1.7718e+0 1.6670e+2
    endloop
  endfacet
  facet normal -7.0505e-1 5.5488e-2 -7.0699e-1
    outer loop
      vertex 1.3874e+1 -1.4582e+0 1.6670e+2
      vertex 5.6688e+0 -5.9581e-1 1.7495e+2
      vertex 1.3931e+1 -7.3009e-1 1.6670e+2
    endloop
  endfacet
  facet normal -7.0505e-1 5.5488e-2 -7.0699e-1
    outer loop
      vertex 1.3931e+1 -7.3009e-1 1.6670e+2
      vertex 5.6688e+0 -5.9581e-1 1.7495e+2
      vertex 5.6922e+0 -2.9831e-1 1.7495e+2
    endloop
  endfacet
  facet normal 7.0505e-1 -5.5488e-2 7.0699e-1
    outer loop
      vertex 1.6857e+1 -1.7718e+0 1.6670e+2
      vertex 1.6927e+1 -8.8709e-1 1.6670e+2
      vertex 8.6523e+0 -9.0940e-1 1.7495e+2
    endloop
  endfacet
  facet normal 7.0505e-1 -5.5488e-2 7.0699e-1
    outer loop
      vertex 1.6927e+1 -8.8709e-1 1.6670e+2
      vertex 8.6881e+0 -4.5532e-1 1.7495e+2
      vertex 8.6523e+0 -9.0940e-1 1.7495e+2
    endloop
  endfacet
  facet normal -9.6297e-1 7.5787e-2 2.5874e-1
    outer loop
      vertex 5.6688e+0 -5.9581e-1 1.7495e+2
      vertex 8.0059e+0 -8.4145e-1 1.8372e+2
      vertex 5.6922e+0 -2.9831e-1 1.7495e+2
    endloop
  endfacet
  facet normal -9.6297e-1 7.5787e-2 2.5874e-1
    outer loop
      vertex 5.6922e+0 -2.9831e-1 1.7495e+2
      vertex 8.0059e+0 -8.4145e-1 1.8372e+2
      vertex 8.0390e+0 -4.2130e-1 1.8372e+2
    endloop
  endfacet
  facet normal 9.6297e-1 -7.5787e-2 -2.5874e-1
    outer loop
      vertex 8.6523e+0 -9.0940e-1 1.7495e+2
      vertex 8.6881e+0 -4.5532e-1 1.7495e+2
      vertex 1.0989e+1 -1.1550e+0 1.8372e+2
    endloop
  endfacet
  facet normal 9.6297e-1 -7.5787e-2 -2.5874e-1
    outer loop
      vertex 8.6881e+0 -4.5532e-1 1.7495e+2
      vertex 1.1035e+1 -5.7831e-1 1.8372e+2
      vertex 1.0989e+1 -1.1550e+0 1.8372e+2
    endloop
  endfacet
  facet normal 0.0000e+0 0.0000e+0 -1.0000e+0
    outer loop
      vertex 1.3874e+1 -1.4582e+0 0.0000e+0
      vertex 1.3931e+1 -7.3009e-1 0.0000e+0
      vertex 1.6857e+1 -1.7718e+0 0.0000e+0
    endloop
  endfacet
  facet normal 0.0000e+0 0.0000e+0 -1.0000e+0
    outer loop
      vertex 1.3931e+1 -7.3009e-1 0.0000e+0
      vertex 1.6927e+1 -8.8709e-1 0.0000e+0
      vertex 1.6857e+1 -1.7718e+0 0.0000e+0
    endloop
  endfacet
  facet normal 0.0000e+0 0.0000e+0 1.0000e+0
    outer loop
      vertex 8.0059e+0 -8.4145e-1 1.8372e+2
      vertex 1.0989e+1 -1.1550e+0 1.8372e+2
      vertex 8.0390e+0 -4.2130e-1 1.8372e+2
    endloop
  endfacet
  facet normal 0.0000e+0 0.0000e+0 1.0000e+0
    outer loop
      vertex 8.0390e+0 -4.2130e-1 1.8372e+2
      vertex 1.0989e+1 -1.1550e+0 1.8372e+2
      vertex 1.1035e+1 -5.7831e-1 1.8372e+2
    endloop
  endfacet
  facet normal -9.9966e-1 2.6177e-2 0.0000e+0
    outer loop
      vertex 1.3931e+1 -7.3009e-1 0.0000e+0
      vertex 1.3931e+1 -7.3009e-1 1.6670e+2
      vertex 1.3950e+1 -3.4168e-15 0.0000e+0
    endloop
  endfacet
  facet normal -9.9966e-1 2.6177e-2 0.0000e+0
    outer loop
      vertex 1.3950e+1 -3.4168e-15 0.0000e+0
      vertex 1.3931e+1 -7.3009e-1 1.6670e+2
      vertex 1.3950e+1 -3.4168e-15 1.6670e+2
    endloop
  endfacet
  facet normal 9.9966e-1 -2.6177e-2 0.0000e+0
    outer loop
      vertex 1.6927e+1 -8.8709e-1 0.0000e+0
      vertex 1.6950e+1 -4.1516e-15 0.0000e+0
      vertex 1.6927e+1 -8.8709e-1 1.6670e+2
    endloop
  endfacet
  facet normal 9.9966e-1 -2.6177e-2 0.0000e+0
    outer loop
      vertex 1.6950e+1 -4.1516e-15 0.0000e+0
      vertex 1.6950e+1 -4.1516e-15 1.6670e+2
      vertex 1.6927e+1 -8.8709e-1 1.6670e+2
    endloop
  endfacet
  facet normal -7.0699e-1 1.8513e-2 -7.0699e-1
    outer loop
      vertex 1.3931e+1 -7.3009e-1 1.6670e+2
      vertex 5.6922e+0 -2.9831e-1 1.7495e+2
      vertex 1.3950e+1 -3.4168e-15 1.6670e+2
    endloop
  endfacet
  facet normal -7.0699e-1 1.8513e-2 -7.0699e-1
    outer loop
      vertex 1.3950e+1 -3.4168e-15 1.6670e+2
      vertex 5.6922e+0 -2.9831e-1 1.7495e+2
      vertex 5.7000e+0 -1.3961e-15 1.7495e+2
    endloop
  endfacet
  facet normal 7.0699e-1 -1.8513e-2 7.0699e-1
    outer loop
      vertex 1.6927e+1 -8.8709e-1 1.6670e+2
      vertex 1.6950e+1 -4.1516e-15 1.6670e+2
      vertex 8.6881e+0 -4.5532e-1 1.7495e+2
    endloop
  endfacet
  facet normal 7.0699e-1 -1.8513e-2 7.0699e-1
    outer loop
      vertex 1.6950e+1 -4.1516e-15 1.6670e+2
      vertex 8.7000e+0 -2.1309e-15 1.7495e+2
      vertex 8.6881e+0 -4.5532e-1 1.7495e+2
    endloop
  endfacet
  facet normal -9.6562e-1 2.5286e-2 2.5874e-1
    outer loop
      vertex 5.6922e+0 -2.9831e-1 1.7495e+2
      vertex 8.0390e+0 -4.2130e-1 1.8372e+2
      vertex 5.7000e+0 -1.3961e-15 1.7495e+2
    endloop
  endfacet
  facet normal -9.6562e-1 2.5286e-2 2.5874e-1
    outer loop
      vertex 5.7000e+0 -1.3961e-15 1.7495e+2
      vertex 8.0390e+0 -4.2130e-1 1.8372e+2
      vertex 8.0500e+0 -1.9717e-15 1.8372e+2
    endloop
  endfacet
  facet normal 9.6562e-1 -2.5286e-2 -2.5874e-1
    outer loop
      vertex 8.6881e+0 -4.5532e-1 1.7495e+2
      vertex 8.7000e+0 -2.1309e-15 1.7495e+2
      vertex 1.1035e+1 -5.7831e-1 1.8372e+2
    endloop
  endfacet
  facet normal 9.6562e-1 -2.5286e-2 -2.5874e-1
    outer loop
      vertex 8.7000e+0 -2.1309e-15 1.7495e+2
      vertex 1.1050e+1 -2.7065e-15 1.8372e+2
      vertex 1.1035e+1 -5.7831e-1 1.8372e+2
    endloop
  endfacet
  facet normal 0.0000e+0 0.0000e+0 -1.0000e+0
    outer loop
      vertex 1.3931e+1 -7.3009e-1 0.0000e+0
      vertex 1.3950e+1 -3.4168e-15 0.0000e+0
      vertex 1.6927e+1 -8.8709e-1 0.0000e+0
    endloop
  endfacet
  facet normal 0.0000e+0 0.0000e+0 -1.0000e+0
    outer loop
      vertex 1.3950e+1 -3.4168e-15 0.0000e+0
      vertex 1.6950e+1 -4.1516e-15 0.0000e+0
      vertex 1.6927e+1 -8.8709e-1 0.0000e+0
    endloop
  endfacet
  facet normal 0.0000e+0 0.0000e+0 1.0000e+0
    outer loop
      vertex 8.0390e+0 -4.2130e-1 1.8372e+2
      vertex 1.1035e+1 -5.7831e-1 1.8372e+2
      vertex 8.0500e+0 -1.9717e-15 1.8372e+2
    endloop
  endfacet
  facet normal 0.0000e+0 0.0000e+0 1.0000e+0
    outer loop
      vertex 8.0500e+0 -1.9717e-15 1.8372e+2
      vertex 1.1035e+1 -5.7831e-1 1.8372e+2
      vertex 1.1050e+1 -2.7065e-15 1.8372e+2
    endloop
  endfacet
endsolid RocketEngine_100N_Scale1to1