solid RocketEngine_550N_Scale1to1
  facet normal -9.9804e-1 -2.6135e-2 -5.6888e-2
    outer loop
      vertex 2.8500e+1 0.0000e+0 0.0000e+0
      vertex 1.4250e+1 0.0000e+0 2.5000e+2
      vertex 2.8461e+1 1.4916e+0 0.0000e+0
    endloop
  endfacet
  facet normal -9.9804e-1 -2.6135e-2 -5.6888e-2
    outer loop
      vertex 2.8461e+1 1.4916e+0 0.0000e+0
      vertex 1.4250e+1 0.0000e+0 2.5000e+2
      vertex 1.4230e+1 7.4579e-1 2.5000e+2
    endloop
  endfacet
  facet normal 9.9804e-1 2.6135e-2 5.6888e-2
    outer loop
      vertex 3.1500e+1 0.0000e+0 0.0000e+0
      vertex 3.1457e+1 1.6486e+0 0.0000e+0
      vertex 1.7250e+1 0.0000e+0 2.5000e+2
    endloop
  endfacet
  facet normal 9.9804e-1 2.6135e-2 5.6888e-2
    outer loop
      vertex 3.1457e+1 1.6486e+0 0.0000e+0
      vertex 1.7226e+1 9.0280e-1 2.5000e+2
      vertex 1.7250e+1 0.0000e+0 2.5000e+2
    endloop
  endfacet
  facet normal -9.8757e-1 -2.5860e-2 1.5503e-1
    outer loop
      vertex 1.4250e+1 0.0000e+0 2.5000e+2
      vertex 1.9650e+1 0.0000e+0 2.8440e+2
      vertex 1.4230e+1 7.4579e-1 2.5000e+2
    endloop
  endfacet
  facet normal -9.8757e-1 -2.5860e-2 1.5503e-1
    outer loop
      vertex 1.4230e+1 7.4579e-1 2.5000e+2
      vertex 1.9650e+1 0.0000e+0 2.8440e+2
      vertex 1.9623e+1 1.0284e+0 2.8440e+2
    endloop
  endfacet
  facet normal 9.8757e-1 2.5860e-2 -1.5503e-1
    outer loop
      vertex 1.7250e+1 0.0000e+0 2.5000e+2
      vertex 1.7226e+1 9.0280e-1 2.5000e+2
      vertex 2.2650e+1 0.0000e+0 2.8440e+2
    endloop
  endfacet
  facet normal 9.8757e-1 2.5860e-2 -1.5503e-1
    outer loop
      vertex 1.7226e+1 9.0280e-1 2.5000e+2
      vertex 2.2619e+1 1.1854e+0 2.8440e+2
      vertex 2.2650e+1 0.0000e+0 2.8440e+2
    endloop
  endfacet
  facet normal 0.0000e+0 0.0000e+0 -1.0000e+0
    outer loop
      vertex 2.8500e+1 0.0000e+0 0.0000e+0
      vertex 2.8461e+1 1.4916e+0 0.0000e+0
      vertex 3.1500e+1 0.0000e+0 0.0000e+0
    endloop
  endfacet
  facet normal 0.0000e+0 0.0000e+0 -1.0000e+0
    outer loop
      vertex 2.8461e+1 1.4916e+0 0.0000e+0
      vertex 3.1457e+1 1.6486e+0 0.0000e+0
      vertex 3.1500e+1 0.0000e+0 0.0000e+0
    endloop
  endfacet
  facet normal 0.0000e+0 0.0000e+0 1.0000e+0
    outer loop
      vertex 1.9650e+1 0.0000e+0 2.8440e+2
      vertex 2.2650e+1 0.0000e+0 2.8440e+2
      vertex 1.9623e+1 1.0284e+0 2.8440e+2
    endloop
  endfacet
  facet normal 0.0000e+0 0.0000e+0 1.0000e+0
    outer loop
      vertex 1.9623e+1 1.0284e+0 2.8440e+2
      vertex 2.2650e+1 0.0000e+0 2.8440e+2
      vertex 2.2619e+1 1.1854e+0 2.8440e+2
    endloop
  endfacet
  facet normal -9.9530e-1 -7.8332e-2 -5.6888e-2
    outer loop
      vertex 2.8461e+1 1.4916e+0 0.0000e+0
      vertex 1.4230e+1 7.4579e-1 2.5000e+2
      vertex 2.8344e+1 2.9791e+0 0.0000e+0
    endloop
  endfacet
  facet normal -9.9530e-1 -7.8332e-2 -5.6888e-2
    outer loop
      vertex 2.8344e+1 2.9791e+0 0.0000e+0
      vertex 1.4230e+1 7.4579e-1 2.5000e+2
      vertex 1.4172e+1 1.4895e+0 2.5000e+2
    endloop
  endfacet
  facet normal 9.9530e-1 7.8332e-2 5.6888e-2
    outer loop
      vertex 3.1457e+1 1.6486e+0 0.0000e+0
      vertex 3.1327e+1 3.2926e+0 0.0000e+0
      vertex 1.7226e+1 9.0280e-1 2.5000e+2
    endloop
  endfacet
  facet normal 9.9530e-1 7.8332e-2 5.6888e-2
    outer loop
      vertex 3.1327e+1 3.2926e+0 0.0000e+0
      vertex 1.7156e+1 1.8031e+0 2.5000e+2
      vertex 1.7226e+1 9.0280e-1 2.5000e+2
    endloop
  endfacet
  facet normal -9.8487e-1 -7.7511e-2 1.5503e-1
    outer loop
      vertex 1.4230e+1 7.4579e-1 2.5000e+2
      vertex 1.9623e+1 1.0284e+0 2.8440e+2
      vertex 1.4172e+1 1.4895e+0 2.5000e+2
    endloop
  endfacet
  facet normal -9.8487e-1 -7.7511e-2 1.5503e-1
    outer loop
      vertex 1.4172e+1 1.4895e+0 2.5000e+2
      vertex 1.9623e+1 1.0284e+0 2.8440e+2
      vertex 1.9542e+1 2.0540e+0 2.8440e+2
    endloop
  endfacet
  facet normal 9.8487e-1 7.7511e-2 -1.5503e-1
    outer loop
      vertex 1.7226e+1 9.0280e-1 2.5000e+2
      vertex 1.7156e+1 1.8031e+0 2.5000e+2
      vertex 2.2619e+1 1.1854e+0 2.8440e+2
    endloop
  endfacet
  facet normal 9.8487e-1 7.7511e-2 -1.5503e-1
    outer loop
      vertex 1.7156e+1 1.8031e+0 2.5000e+2
      vertex 2.2526e+1 2.3676e+0 2.8440e+2
      vertex 2.2619e+1 1.1854e+0 2.8440e+2
    endloop
  endfacet
  facet normal 0.0000e+0 0.0000e+0 -1.0000e+0
    outer loop
      vertex 2.8461e+1 1.4916e+0 0.0000e+0
      vertex 2.8344e+1 2.9791e+0 0.0000e+0
      vertex 3.1457e+1 1.6486e+0 0.0000e+0
    endloop
  endfacet
  facet normal 0.0000e+0 0.0000e+0 -1.0000e+0
    outer loop
      vertex 2.8344e+1 2.9791e+0 0.0000e+0
      vertex 3.1327e+1 3.2926e+0 0.0000e+0
      vertex 3.1457e+1 1.6486e+0 0.0000e+0
    endloop
  endfacet
  facet normal 0.0000e+0 0.0000e+0 1.0000e+0
    outer loop
      vertex 1.9623e+1 1.0284e+0 2.8440e+2
      vertex 2.2619e+1 1.1854e+0 2.8440e+2
      vertex 1.9542e+1 2.0540e+0 2.8440e+2
    endloop
  endfacet
  facet normal 0.0000e+0 0.0000e+0 1.0000e+0
    outer loop
      vertex 1.9542e+1 2.0540e+0 2.8440e+2
      vertex 2.2619e+1 1.1854e+0 2.8440e+2
      vertex 2.2526e+1 2.3676e+0 2.8440e+2
    endloop
  endfacet
  facet normal -9.8984e-1 -1.3031e-1 -5.6888e-2
    outer loop
      vertex 2.8344e+1 2.9791e+0 0.0000e+0
      vertex 1.4172e+1 1.4895e+0 2.5000e+2
      vertex 2.8149e+1 4.4584e+0 0.0000e+0
    endloop
  endfacet
  facet normal -9.8984e-1 -1.3031e-1 -5.6888e-2
    outer loop
      vertex 2.8149e+1 4.4584e+0 0.0000e+0
      vertex 1.4172e+1 1.4895e+0 2.5000e+2
      vertex 1.4075e+1 2.2292e+0 2.5000e+2
    endloop
  endfacet
  facet normal 9.8984e-1 1.3031e-1 5.6888e-2
    outer loop
      vertex 3.1327e+1 3.2926e+0 0.0000e+0
      vertex 3.1112e+1 4.9277e+0 0.0000e+0
      vertex 1.7156e+1 1.8031e+0 2.5000e+2
    endloop
  endfacet
  facet normal 9.8984e-1 1.3031e-1 5.6888e-2
    outer loop
      vertex 3.1112e+1 4.9277e+0 0.0000e+0
      vertex 1.7038e+1 2.6985e+0 2.5000e+2
      vertex 1.7156e+1 1.8031e+0 2.5000e+2
    endloop
  endfacet
  facet normal -9.7946e-1 -1.2895e-1 1.5503e-1
    outer loop
      vertex 1.4172e+1 1.4895e+0 2.5000e+2
      vertex 1.9542e+1 2.0540e+0 2.8440e+2
      vertex 1.4075e+1 2.2292e+0 2.5000e+2
    endloop
  endfacet
  facet normal -9.7946e-1 -1.2895e-1 1.5503e-1
    outer loop
      vertex 1.4075e+1 2.2292e+0 2.5000e+2
      vertex 1.9542e+1 2.0540e+0 2.8440e+2
      vertex 1.9408e+1 3.0739e+0 2.8440e+2
    endloop
  endfacet
  facet normal 9.7946e-1 1.2895e-1 -1.5503e-1
    outer loop
      vertex 1.7156e+1 1.8031e+0 2.5000e+2
      vertex 1.7038e+1 2.6985e+0 2.5000e+2
      vertex 2.2526e+1 2.3676e+0 2.8440e+2
    endloop
  endfacet
  facet normal 9.7946e-1 1.2895e-1 -1.5503e-1
    outer loop
      vertex 1.7038e+1 2.6985e+0 2.5000e+2
      vertex 2.2371e+1 3.5432e+0 2.8440e+2
      vertex 2.2526e+1 2.3676e+0 2.8440e+2
    endloop
  endfacet
  facet normal 0.0000e+0 0.0000e+0 -1.0000e+0
    outer loop
      vertex 2.8344e+1 2.9791e+0 0.0000e+0
      vertex 2.8149e+1 4.4584e+0 0.0000e+0
      vertex 3.1327e+1 3.2926e+0 0.0000e+0
    endloop
  endfacet
  facet normal 0.0000e+0 0.0000e+0 -1.0000e+0
    outer loop
      vertex 2.8149e+1 4.4584e+0 0.0000e+0
      vertex 3.1112e+1 4.9277e+0 0.0000e+0
      vertex 3.1327e+1 3.2926e+0 0.0000e+0
    endloop
  endfacet
  facet normal 0.0000e+0 0.0000e+0 1.0000e+0
    outer loop
      vertex 1.9542e+1 2.0540e+0 2.8440e+2
      vertex 2.2526e+1 2.3676e+0 2.8440e+2
      vertex 1.9408e+1 3.0739e+0 2.8440e+2
    endloop
  endfacet
  facet normal 0.0000e+0 0.0000e+0 1.0000e+0
    outer loop
      vertex 1.9408e+1 3.0739e+0 2.8440e+2
      vertex 2.2526e+1 2.3676e+0 2.8440e+2
      vertex 2.2371e+1 3.5432e+0 2.8440e+2
    endloop
  endfacet
  facet normal -9.8166e-1 -1.8194e-1 -5.6888e-2
    outer loop
      vertex 2.8149e+1 4.4584e+0 0.0000e+0
      vertex 1.4075e+1 2.2292e+0 2.5000e+2
      vertex 2.7877e+1 5.9255e+0 0.0000e+0
    endloop
  endfacet
  facet normal -9.8166e-1 -1.8194e-1 -5.6888e-2
    outer loop
      vertex 2.7877e+1 5.9255e+0 0.0000e+0
      vertex 1.4075e+1 2.2292e+0 2.5000e+2
      vertex 1.3939e+1 2.9627e+0 2.5000e+2
    endloop
  endfacet
  facet normal 9.8166e-1 1.8194e-1 5.6888e-2
    outer loop
      vertex 3.1112e+1 4.9277e+0 0.0000e+0
      vertex 3.0812e+1 6.5492e+0 0.0000e+0
      vertex 1.7038e+1 2.6985e+0 2.5000e+2
    endloop
  endfacet
  facet normal 9.8166e-1 1.8194e-1 5.6888e-2
    outer loop
      vertex 3.0812e+1 6.5492e+0 0.0000e+0
      vertex 1.6873e+1 3.5865e+0 2.5000e+2
      vertex 1.7038e+1 2.6985e+0 2.5000e+2
    endloop
  endfacet
  facet normal -9.7137e-1 -1.8003e-1 1.5503e-1
    outer loop
      vertex 1.4075e+1 2.2292e+0 2.5000e+2
      vertex 1.9408e+1 3.0739e+0 2.8440e+2
      vertex 1.3939e+1 2.9627e+0 2.5000e+2
    endloop
  endfacet
  facet normal -9.7137e-1 -1.8003e-1 1.5503e-1
    outer loop
      vertex 1.3939e+1 2.9627e+0 2.5000e+2
      vertex 1.9408e+1 3.0739e+0 2.8440e+2
      vertex 1.9221e+1 4.0855e+0 2.8440e+2
    endloop
  endfacet
  facet normal 9.7137e-1 1.8003e-1 -1.5503e-1
    outer loop
      vertex 1.7038e+1 2.6985e+0 2.5000e+2
      vertex 1.6873e+1 3.5865e+0 2.5000e+2
      vertex 2.2371e+1 3.5432e+0 2.8440e+2
    endloop
  endfacet
  facet normal 9.7137e-1 1.8003e-1 -1.5503e-1
    outer loop
      vertex 1.6873e+1 3.5865e+0 2.5000e+2
      vertex 2.2155e+1 4.7092e+0 2.8440e+2
      vertex 2.2371e+1 3.5432e+0 2.8440e+2
    endloop
  endfacet
  facet normal 0.0000e+0 0.0000e+0 -1.0000e+0
    outer loop
      vertex 2.8149e+1 4.4584e+0 0.0000e+0
      vertex 2.7877e+1 5.9255e+0 0.0000e+0
      vertex 3.1112e+1 4.9277e+0 0.0000e+0
    endloop
  endfacet
  facet normal 0.0000e+0 0.0000e+0 -1.0000e+0
    outer loop
      vertex 2.7877e+1 5.9255e+0 0.0000e+0
      vertex 3.0812e+1 6.5492e+0 0.0000e+0
      vertex 3.1112e+1 4.9277e+0 0.0000e+0
    endloop
  endfacet
  facet normal 0.0000e+0 0.0000e+0 1.0000e+0
    outer loop
      vertex 1.9408e+1 3.0739e+0 2.8440e+2
      vertex 2.2371e+1 3.5432e+0 2.8440e+2
      vertex 1.9221e+1 4.0855e+0 2.8440e+2
    endloop
  endfacet
  facet normal 0.0000e+0 0.0000e+0 1.0000e+0
    outer loop
      vertex 1.9221e+1 4.0855e+0 2.8440e+2
      vertex 2.2371e+1 3.5432e+0 2.8440e+2
      vertex 2.2155e+1 4.7092e+0 2.8440e+2
    endloop
  endfacet
  facet normal -9.7080e-1 -2.3307e-1 -5.6888e-2
    outer loop
      vertex 2.7877e+1 5.9255e+0 0.0000e+0
      vertex 1.3939e+1 2.9627e+0 2.5000e+2
      vertex 2.7529e+1 7.3763e+0 0.0000e+0
    endloop
  endfacet
  facet normal -9.7080e-1 -2.3307e-1 -5.6888e-2
    outer loop
      vertex 2.7529e+1 7.3763e+0 0.0000e+0
      vertex 1.3939e+1 2.9627e+0 2.5000e+2
      vertex 1.3764e+1 3.6882e+0 2.5000e+2
    endloop
  endfacet
  facet normal 9.7080e-1 2.3307e-1 5.6888e-2
    outer loop
      vertex 3.0812e+1 6.5492e+0 0.0000e+0
      vertex 3.0427e+1 8.1528e+0 0.0000e+0
      vertex 1.6873e+1 3.5865e+0 2.5000e+2
    endloop
  endfacet
  facet normal 9.7080e-1 2.3307e-1 5.6888e-2
    outer loop
      vertex 3.0427e+1 8.1528e+0 0.0000e+0
      vertex 1.6662e+1 4.4646e+0 2.5000e+2
      vertex 1.6873e+1 3.5865e+0 2.5000e+2
    endloop
  endfacet
  facet normal -9.6061e-1 -2.3062e-1 1.5503e-1
    outer loop
      vertex 1.3939e+1 2.9627e+0 2.5000e+2
      vertex 1.9221e+1 4.0855e+0 2.8440e+2
      vertex 1.3764e+1 3.6882e+0 2.5000e+2
    endloop
  endfacet
  facet normal -9.6061e-1 -2.3062e-1 1.5503e-1
    outer loop
      vertex 1.3764e+1 3.6882e+0 2.5000e+2
      vertex 1.9221e+1 4.0855e+0 2.8440e+2
      vertex 1.8980e+1 5.0858e+0 2.8440e+2
    endloop
  endfacet
  facet normal 9.6061e-1 2.3062e-1 -1.5503e-1
    outer loop
      vertex 1.6873e+1 3.5865e+0 2.5000e+2
      vertex 1.6662e+1 4.4646e+0 2.5000e+2
      vertex 2.2155e+1 4.7092e+0 2.8440e+2
    endloop
  endfacet
  facet normal 9.6061e-1 2.3062e-1 -1.5503e-1
    outer loop
      vertex 1.6662e+1 4.4646e+0 2.5000e+2
      vertex 2.1878e+1 5.8623e+0 2.8440e+2
      vertex 2.2155e+1 4.7092e+0 2.8440e+2
    endloop
  endfacet
  facet normal 0.0000e+0 0.0000e+0 -1.0000e+0
    outer loop
      vertex 2.7877e+1 5.9255e+0 0.0000e+0
      vertex 2.7529e+1 7.3763e+0 0.0000e+0
      vertex 3.0812e+1 6.5492e+0 0.0000e+0
    endloop
  endfacet
  facet normal 0.0000e+0 0.0000e+0 -1.0000e+0
    outer loop
      vertex 2.7529e+1 7.3763e+0 0.0000e+0
      vertex 3.0427e+1 8.1528e+0 0.0000e+0
      vertex 3.0812e+1 6.5492e+0 0.0000e+0
    endloop
  endfacet
  facet normal 0.0000e+0 0.0000e+0 1.0000e+0
    outer loop
      vertex 1.9221e+1 4.0855e+0 2.8440e+2
      vertex 2.2155e+1 4.7092e+0 2.8440e+2
      vertex 1.8980e+1 5.0858e+0 2.8440e+2
    endloop
  endfacet
  facet normal 0.0000e+0 0.0000e+0 1.0000e+0
    outer loop
      vertex 1.8980e+1 5.0858e+0 2.8440e+2
      vertex 2.2155e+1 4.7092e+0 2.8440e+2
      vertex 2.1878e+1 5.8623e+0 2.8440e+2
    endloop
  endfacet
  facet normal -9.5727e-1 -2.8356e-1 -5.6888e-2
    outer loop
      vertex 2.7529e+1 7.3763e+0 0.0000e+0
      vertex 1.3764e+1 3.6882e+0 2.5000e+2
      vertex 2.7105e+1 8.8070e+0 0.0000e+0
    endloop
  endfacet
  facet normal -9.5727e-1 -2.8356e-1 -5.6888e-2
    outer loop
      vertex 2.7105e+1 8.8070e+0 0.0000e+0
      vertex 1.3764e+1 3.6882e+0 2.5000e+2
      vertex 1.3553e+1 4.4035e+0 2.5000e+2
    endloop
  endfacet
  facet normal 9.5727e-1 2.8356e-1 5.6888e-2
    outer loop
      vertex 3.0427e+1 8.1528e+0 0.0000e+0
      vertex 2.9958e+1 9.7340e+0 0.0000e+0
      vertex 1.6662e+1 4.4646e+0 2.5000e+2
    endloop
  endfacet
  facet normal 9.5727e-1 2.8356e-1 5.6888e-2
    outer loop
      vertex 2.9958e+1 9.7340e+0 0.0000e+0
      vertex 1.6406e+1 5.3305e+0 2.5000e+2
      vertex 1.6662e+1 4.4646e+0 2.5000e+2
    endloop
  endfacet
  facet normal -9.4723e-1 -2.8058e-1 1.5503e-1
    outer loop
      vertex 1.3764e+1 3.6882e+0 2.5000e+2
      vertex 1.8980e+1 5.0858e+0 2.8440e+2
      vertex 1.3553e+1 4.4035e+0 2.5000e+2
    endloop
  endfacet
  facet normal -9.4723e-1 -2.8058e-1 1.5503e-1
    outer loop
      vertex 1.3553e+1 4.4035e+0 2.5000e+2
      vertex 1.8980e+1 5.0858e+0 2.8440e+2
      vertex 1.8688e+1 6.0722e+0 2.8440e+2
    endloop
  endfacet
  facet normal 9.4723e-1 2.8058e-1 -1.5503e-1
    outer loop
      vertex 1.6662e+1 4.4646e+0 2.5000e+2
      vertex 1.6406e+1 5.3305e+0 2.5000e+2
      vertex 2.1878e+1 5.8623e+0 2.8440e+2
    endloop
  endfacet
  facet normal 9.4723e-1 2.8058e-1 -1.5503e-1
    outer loop
      vertex 1.6406e+1 5.3305e+0 2.5000e+2
      vertex 2.1541e+1 6.9992e+0 2.8440e+2
      vertex 2.1878e+1 5.8623e+0 2.8440e+2
    endloop
  endfacet
  facet normal 0.0000e+0 0.0000e+0 -1.0000e+0
    outer loop
      vertex 2.7529e+1 7.3763e+0 0.0000e+0
      vertex 2.7105e+1 8.8070e+0 0.0000e+0
      vertex 3.0427e+1 8.1528e+0 0.0000e+0
    endloop
  endfacet
  facet normal 0.0000e+0 0.0000e+0 -1.0000e+0
    outer loop
      vertex 2.7105e+1 8.8070e+0 0.0000e+0
      vertex 2.9958e+1 9.7340e+0 0.0000e+0
      vertex 3.0427e+1 8.1528e+0 0.0000e+0
    endloop
  endfacet
  facet normal 0.0000e+0 0.0000e+0 1.0000e+0
    outer loop
      vertex 1.8980e+1 5.0858e+0 2.8440e+2
      vertex 2.1878e+1 5.8623e+0 2.8440e+2
      vertex 1.8688e+1 6.0722e+0 2.8440e+2
    endloop
  endfacet
  facet normal 0.0000e+0 0.0000e+0 1.0000e+0
    outer loop
      vertex 1.8688e+1 6.0722e+0 2.8440e+2
      vertex 2.1878e+1 5.8623e+0 2.8440e+2
      vertex 2.1541e+1 6.9992e+0 2.8440e+2
    endloop
  endfacet
  facet normal -9.4111e-1 -3.3327e-1 -5.6888e-2
    outer loop
      vertex 2.7105e+1 8.8070e+0 0.0000e+0
      vertex 1.3553e+1 4.4035e+0 2.5000e+2
      vertex 2.6607e+1 1.0213e+1 0.0000e+0
    endloop
  endfacet
  facet normal -9.4111e-1 -3.3327e-1 -5.6888e-2
    outer loop
      vertex 2.6607e+1 1.0213e+1 0.0000e+0
      vertex 1.3553e+1 4.4035e+0 2.5000e+2
      vertex 1.3304e+1 5.1067e+0 2.5000e+2
    endloop
  endfacet
  facet normal 9.4111e-1 3.3327e-1 5.6888e-2
    outer loop
      vertex 2.9958e+1 9.7340e+0 0.0000e+0
      vertex 2.9408e+1 1.1289e+1 0.0000e+0
      vertex 1.6406e+1 5.3305e+0 2.5000e+2
    endloop
  endfacet
  facet normal 9.4111e-1 3.3327e-1 5.6888e-2
    outer loop
      vertex 2.9408e+1 1.1289e+1 0.0000e+0
      vertex 1.6104e+1 6.1818e+0 2.5000e+2
      vertex 1.6406e+1 5.3305e+0 2.5000e+2
    endloop
  endfacet
  facet normal -9.3125e-1 -3.2977e-1 1.5503e-1
    outer loop
      vertex 1.3553e+1 4.4035e+0 2.5000e+2
      vertex 1.8688e+1 6.0722e+0 2.8440e+2
      vertex 1.3304e+1 5.1067e+0 2.5000e+2
    endloop
  endfacet
  facet normal -9.3125e-1 -3.2977e-1 1.5503e-1
    outer loop
      vertex 1.3304e+1 5.1067e+0 2.5000e+2
      vertex 1.8688e+1 6.0722e+0 2.8440e+2
      vertex 1.8345e+1 7.0419e+0 2.8440e+2
    endloop
  endfacet
  facet normal 9.3125e-1 3.2977e-1 -1.5503e-1
    outer loop
      vertex 1.6406e+1 5.3305e+0 2.5000e+2
      vertex 1.6104e+1 6.1818e+0 2.5000e+2
      vertex 2.1541e+1 6.9992e+0 2.8440e+2
    endloop
  endfacet
  facet normal 9.3125e-1 3.2977e-1 -1.5503e-1
    outer loop
      vertex 1.6104e+1 6.1818e+0 2.5000e+2
      vertex 2.1146e+1 8.1170e+0 2.8440e+2
      vertex 2.1541e+1 6.9992e+0 2.8440e+2
    endloop
  endfacet
  facet normal 0.0000e+0 0.0000e+0 -1.0000e+0
    outer loop
      vertex 2.7105e+1 8.8070e+0 0.0000e+0
      vertex 2.6607e+1 1.0213e+1 0.0000e+0
      vertex 2.9958e+1 9.7340e+0 0.0000e+0
    endloop
  endfacet
  facet normal 0.0000e+0 0.0000e+0 -1.0000e+0
    outer loop
      vertex 2.6607e+1 1.0213e+1 0.0000e+0
      vertex 2.9408e+1 1.1289e+1 0.0000e+0
      vertex 2.9958e+1 9.7340e+0 0.0000e+0
    endloop
  endfacet
  facet normal 0.0000e+0 0.0000e+0 1.0000e+0
    outer loop
      vertex 1.8688e+1 6.0722e+0 2.8440e+2
      vertex 2.1541e+1 6.9992e+0 2.8440e+2
      vertex 1.8345e+1 7.0419e+0 2.8440e+2
    endloop
  endfacet
  facet normal 0.0000e+0 0.0000e+0 1.0000e+0
    outer loop
      vertex 1.8345e+1 7.0419e+0 2.8440e+2
      vertex 2.1541e+1 6.9992e+0 2.8440e+2
      vertex 2.1146e+1 8.1170e+0 2.8440e+2
    endloop
  endfacet
  facet normal -9.2238e-1 -3.8206e-1 -5.6888e-2
    outer loop
      vertex 2.6607e+1 1.0213e+1 0.0000e+0
      vertex 1.3304e+1 5.1067e+0 2.5000e+2
      vertex 2.6036e+1 1.1592e+1 0.0000e+0
    endloop
  endfacet
  facet normal -9.2238e-1 -3.8206e-1 -5.6888e-2
    outer loop
      vertex 2.6036e+1 1.1592e+1 0.0000e+0
      vertex 1.3304e+1 5.1067e+0 2.5000e+2
      vertex 1.3018e+1 5.7960e+0 2.5000e+2
    endloop
  endfacet
  facet normal 9.2238e-1 3.8206e-1 5.6888e-2
    outer loop
      vertex 2.9408e+1 1.1289e+1 0.0000e+0
      vertex 2.8777e+1 1.2812e+1 0.0000e+0
      vertex 1.6104e+1 6.1818e+0 2.5000e+2
    endloop
  endfacet
  facet normal 9.2238e-1 3.8206e-1 5.6888e-2
    outer loop
      vertex 2.8777e+1 1.2812e+1 0.0000e+0
      vertex 1.5759e+1 7.0162e+0 2.5000e+2
      vertex 1.6104e+1 6.1818e+0 2.5000e+2
    endloop
  endfacet
  facet normal -9.1271e-1 -3.7806e-1 1.5503e-1
    outer loop
      vertex 1.3304e+1 5.1067e+0 2.5000e+2
      vertex 1.8345e+1 7.0419e+0 2.8440e+2
      vertex 1.3018e+1 5.7960e+0 2.5000e+2
    endloop
  endfacet
  facet normal -9.1271e-1 -3.7806e-1 1.5503e-1
    outer loop
      vertex 1.3018e+1 5.7960e+0 2.5000e+2
      vertex 1.8345e+1 7.0419e+0 2.8440e+2
      vertex 1.7951e+1 7.9924e+0 2.8440e+2
    endloop
  endfacet
  facet normal 9.1271e-1 3.7806e-1 -1.5503e-1
    outer loop
      vertex 1.6104e+1 6.1818e+0 2.5000e+2
      vertex 1.5759e+1 7.0162e+0 2.5000e+2
      vertex 2.1146e+1 8.1170e+0 2.8440e+2
    endloop
  endfacet
  facet normal 9.1271e-1 3.7806e-1 -1.5503e-1
    outer loop
      vertex 1.5759e+1 7.0162e+0 2.5000e+2
      vertex 2.0692e+1 9.2126e+0 2.8440e+2
      vertex 2.1146e+1 8.1170e+0 2.8440e+2
    endloop
  endfacet
  facet normal 0.0000e+0 0.0000e+0 -1.0000e+0
    outer loop
      vertex 2.6607e+1 1.0213e+1 0.0000e+0
      vertex 2.6036e+1 1.1592e+1 0.0000e+0
      vertex 2.9408e+1 1.1289e+1 0.0000e+0
    endloop
  endfacet
  facet normal 0.0000e+0 0.0000e+0 -1.0000e+0
    outer loop
      vertex 2.6036e+1 1.1592e+1 0.0000e+0
      vertex 2.8777e+1 1.2812e+1 0.0000e+0
      vertex 2.9408e+1 1.1289e+1 0.0000e+0
    endloop
  endfacet
  facet normal 0.0000e+0 0.0000e+0 1.0000e+0
    outer loop
      vertex 1.8345e+1 7.0419e+0 2.8440e+2
      vertex 2.1146e+1 8.1170e+0 2.8440e+2
      vertex 1.7951e+1 7.9924e+0 2.8440e+2
    endloop
  endfacet
  facet normal 0.0000e+0 0.0000e+0 1.0000e+0
    outer loop
      vertex 1.7951e+1 7.9924e+0 2.8440e+2
      vertex 2.1146e+1 8.1170e+0 2.8440e+2
      vertex 2.0692e+1 9.2126e+0 2.8440e+2
    endloop
  endfacet
  facet normal -9.0112e-1 -4.2981e-1 -5.6888e-2
    outer loop
      vertex 2.6036e+1 1.1592e+1 0.0000e+0
      vertex 1.3018e+1 5.7960e+0 2.5000e+2
      vertex 2.5394e+1 1.2939e+1 0.0000e+0
    endloop
  endfacet
  facet normal -9.0112e-1 -4.2981e-1 -5.6888e-2
    outer loop
      vertex 2.5394e+1 1.2939e+1 0.0000e+0
      vertex 1.3018e+1 5.7960e+0 2.5000e+2
      vertex 1.2697e+1 6.4694e+0 2.5000e+2
    endloop
  endfacet
  facet normal 9.0112e-1 4.2981e-1 5.6888e-2
    outer loop
      vertex 2.8777e+1 1.2812e+1 0.0000e+0
      vertex 2.8067e+1 1.4301e+1 0.0000e+0
      vertex 1.5759e+1 7.0162e+0 2.5000e+2
    endloop
  endfacet
  facet normal 9.0112e-1 4.2981e-1 5.6888e-2
    outer loop
      vertex 2.8067e+1 1.4301e+1 0.0000e+0
      vertex 1.5370e+1 7.8313e+0 2.5000e+2
      vertex 1.5759e+1 7.0162e+0 2.5000e+2
    endloop
  endfacet
  facet normal -8.9167e-1 -4.2531e-1 1.5503e-1
    outer loop
      vertex 1.3018e+1 5.7960e+0 2.5000e+2
      vertex 1.7951e+1 7.9924e+0 2.8440e+2
      vertex 1.2697e+1 6.4694e+0 2.5000e+2
    endloop
  endfacet
  facet normal -8.9167e-1 -4.2531e-1 1.5503e-1
    outer loop
      vertex 1.2697e+1 6.4694e+0 2.5000e+2
      vertex 1.7951e+1 7.9924e+0 2.8440e+2
      vertex 1.7508e+1 8.9209e+0 2.8440e+2
    endloop
  endfacet
  facet normal 8.9167e-1 4.2531e-1 -1.5503e-1
    outer loop
      vertex 1.5759e+1 7.0162e+0 2.5000e+2
      vertex 1.5370e+1 7.8313e+0 2.5000e+2
      vertex 2.0692e+1 9.2126e+0 2.8440e+2
    endloop
  endfacet
  facet normal 8.9167e-1 4.2531e-1 -1.5503e-1
    outer loop
      vertex 1.5370e+1 7.8313e+0 2.5000e+2
      vertex 2.0181e+1 1.0283e+1 2.8440e+2
      vertex 2.0692e+1 9.2126e+0 2.8440e+2
    endloop
  endfacet
  facet normal 0.0000e+0 0.0000e+0 -1.0000e+0
    outer loop
      vertex 2.6036e+1 1.1592e+1 0.0000e+0
      vertex 2.5394e+1 1.2939e+1 0.0000e+0
      vertex 2.8777e+1 1.2812e+1 0.0000e+0
    endloop
  endfacet
  facet normal 0.0000e+0 0.0000e+0 -1.0000e+0
    outer loop
      vertex 2.5394e+1 1.2939e+1 0.0000e+0
      vertex 2.8067e+1 1.4301e+1 0.0000e+0
      vertex 2.8777e+1 1.2812e+1 0.0000e+0
    endloop
  endfacet
  facet normal 0.0000e+0 0.0000e+0 1.0000e+0
    outer loop
      vertex 1.7951e+1 7.9924e+0 2.8440e+2
      vertex 2.0692e+1 9.2126e+0 2.8440e+2
      vertex 1.7508e+1 8.9209e+0 2.8440e+2
    endloop
  endfacet
  facet normal 0.0000e+0 0.0000e+0 1.0000e+0
    outer loop
      vertex 1.7508e+1 8.9209e+0 2.8440e+2
      vertex 2.0692e+1 9.2126e+0 2.8440e+2
      vertex 2.0181e+1 1.0283e+1 2.8440e+2
    endloop
  endfacet
  facet normal -8.7739e-1 -4.7639e-1 -5.6888e-2
    outer loop
      vertex 2.5394e+1 1.2939e+1 0.0000e+0
      vertex 1.2697e+1 6.4694e+0 2.5000e+2
      vertex 2.4682e+1 1.4250e+1 0.0000e+0
    endloop
  endfacet
  facet normal -8.7739e-1 -4.7639e-1 -5.6888e-2
    outer loop
      vertex 2.4682e+1 1.4250e+1 0.0000e+0
      vertex 1.2697e+1 6.4694e+0 2.5000e+2
      vertex 1.2341e+1 7.1250e+0 2.5000e+2
    endloop
  endfacet
  facet normal 8.7739e-1 4.7639e-1 5.6888e-2
    outer loop
      vertex 2.8067e+1 1.4301e+1 0.0000e+0
      vertex 2.7280e+1 1.5750e+1 0.0000e+0
      vertex 1.5370e+1 7.8313e+0 2.5000e+2
    endloop
  endfacet
  facet normal 8.7739e-1 4.7639e-1 5.6888e-2
    outer loop
      vertex 2.7280e+1 1.5750e+1 0.0000e+0
      vertex 1.4939e+1 8.6250e+0 2.5000e+2
      vertex 1.5370e+1 7.8313e+0 2.5000e+2
    endloop
  endfacet
  facet normal -8.6819e-1 -4.7139e-1 1.5503e-1
    outer loop
      vertex 1.2697e+1 6.4694e+0 2.5000e+2
      vertex 1.7508e+1 8.9209e+0 2.8440e+2
      vertex 1.2341e+1 7.1250e+0 2.5000e+2
    endloop
  endfacet
  facet normal -8.6819e-1 -4.7139e-1 1.5503e-1
    outer loop
      vertex 1.2341e+1 7.1250e+0 2.5000e+2
      vertex 1.7508e+1 8.9209e+0 2.8440e+2
      vertex 1.7017e+1 9.8250e+0 2.8440e+2
    endloop
  endfacet
  facet normal 8.6819e-1 4.7139e-1 -1.5503e-1
    outer loop
      vertex 1.5370e+1 7.8313e+0 2.5000e+2
      vertex 1.4939e+1 8.6250e+0 2.5000e+2
      vertex 2.0181e+1 1.0283e+1 2.8440e+2
    endloop
  endfacet
  facet normal 8.6819e-1 4.7139e-1 -1.5503e-1
    outer loop
      vertex 1.4939e+1 8.6250e+0 2.5000e+2
      vertex 1.9615e+1 1.1325e+1 2.8440e+2
      vertex 2.0181e+1 1.0283e+1 2.8440e+2
    endloop
  endfacet
  facet normal 0.0000e+0 0.0000e+0 -1.0000e+0
    outer loop
      vertex 2.5394e+1 1.2939e+1 0.0000e+0
      vertex 2.4682e+1 1.4250e+1 0.0000e+0
      vertex 2.8067e+1 1.4301e+1 0.0000e+0
    endloop
  endfacet
  facet normal 0.0000e+0 0.0000e+0 -1.0000e+0
    outer loop
      vertex 2.4682e+1 1.4250e+1 0.0000e+0
      vertex 2.7280e+1 1.5750e+1 0.0000e+0
      vertex 2.8067e+1 1.4301e+1 0.0000e+0
    endloop
  endfacet
  facet normal 0.0000e+0 0.0000e+0 1.0000e+0
    outer loop
      vertex 1.7508e+1 8.9209e+0 2.8440e+2
      vertex 2.0181e+1 1.0283e+1 2.8440e+2
      vertex 1.7017e+1 9.8250e+0 2.8440e+2
    endloop
  endfacet
  facet normal 0.0000e+0 0.0000e+0 1.0000e+0
    outer loop
      vertex 1.7017e+1 9.8250e+0 2.8440e+2
      vertex 2.0181e+1 1.0283e+1 2.8440e+2
      vertex 1.9615e+1 1.1325e+1 2.8440e+2
    endloop
  endfacet
  facet normal -8.5126e-1 -5.2165e-1 -5.6888e-2
    outer loop
      vertex 2.4682e+1 1.4250e+1 0.0000e+0
      vertex 1.2341e+1 7.1250e+0 2.5000e+2
      vertex 2.3902e+1 1.5522e+1 0.0000e+0
    endloop
  endfacet
  facet normal -8.5126e-1 -5.2165e-1 -5.6888e-2
    outer loop
      vertex 2.3902e+1 1.5522e+1 0.0000e+0
      vertex 1.2341e+1 7.1250e+0 2.5000e+2
      vertex 1.1951e+1 7.7611e+0 2.5000e+2
    endloop
  endfacet
  facet normal 8.5126e-1 5.2165e-1 5.6888e-2
    outer loop
      vertex 2.7280e+1 1.5750e+1 0.0000e+0
      vertex 2.6418e+1 1.7156e+1 0.0000e+0
      vertex 1.4939e+1 8.6250e+0 2.5000e+2
    endloop
  endfacet
  facet normal 8.5126e-1 5.2165e-1 5.6888e-2
    outer loop
      vertex 2.6418e+1 1.7156e+1 0.0000e+0
      vertex 1.4467e+1 9.3950e+0 2.5000e+2
      vertex 1.4939e+1 8.6250e+0 2.5000e+2
    endloop
  endfacet
  facet normal -8.4233e-1 -5.1618e-1 1.5503e-1
    outer loop
      vertex 1.2341e+1 7.1250e+0 2.5000e+2
      vertex 1.7017e+1 9.8250e+0 2.8440e+2
      vertex 1.1951e+1 7.7611e+0 2.5000e+2
    endloop
  endfacet
  facet normal -8.4233e-1 -5.1618e-1 1.5503e-1
    outer loop
      vertex 1.1951e+1 7.7611e+0 2.5000e+2
      vertex 1.7017e+1 9.8250e+0 2.8440e+2
      vertex 1.6480e+1 1.0702e+1 2.8440e+2
    endloop
  endfacet
  facet normal 8.4233e-1 5.1618e-1 -1.5503e-1
    outer loop
      vertex 1.4939e+1 8.6250e+0 2.5000e+2
      vertex 1.4467e+1 9.3950e+0 2.5000e+2
      vertex 1.9615e+1 1.1325e+1 2.8440e+2
    endloop
  endfacet
  facet normal 8.4233e-1 5.1618e-1 -1.5503e-1
    outer loop
      vertex 1.4467e+1 9.3950e+0 2.5000e+2
      vertex 1.8996e+1 1.2336e+1 2.8440e+2
      vertex 1.9615e+1 1.1325e+1 2.8440e+2
    endloop
  endfacet
  facet normal 0.0000e+0 0.0000e+0 -1.0000e+0
    outer loop
      vertex 2.4682e+1 1.4250e+1 0.0000e+0
      vertex 2.3902e+1 1.5522e+1 0.0000e+0
      vertex 2.7280e+1 1.5750e+1 0.0000e+0
    endloop
  endfacet
  facet normal 0.0000e+0 0.0000e+0 -1.0000e+0
    outer loop
      vertex 2.3902e+1 1.5522e+1 0.0000e+0
      vertex 2.6418e+1 1.7156e+1 0.0000e+0
      vertex 2.7280e+1 1.5750e+1 0.0000e+0
    endloop
  endfacet
  facet normal 0.0000e+0 0.0000e+0 1.0000e+0
    outer loop
      vertex 1.7017e+1 9.8250e+0 2.8440e+2
      vertex 1.9615e+1 1.1325e+1 2.8440e+2
      vertex 1.6480e+1 1.0702e+1 2.8440e+2
    endloop
  endfacet
  facet normal 0.0000e+0 0.0000e+0 1.0000e+0
    outer loop
      vertex 1.6480e+1 1.0702e+1 2.8440e+2
      vertex 1.9615e+1 1.1325e+1 2.8440e+2
      vertex 1.8996e+1 1.2336e+1 2.8440e+2
    endloop
  endfacet
  facet normal -8.2279e-1 -5.6549e-1 -5.6888e-2
    outer loop
      vertex 2.3902e+1 1.5522e+1 0.0000e+0
      vertex 1.1951e+1 7.7611e+0 2.5000e+2
      vertex 2.3057e+1 1.6752e+1 0.0000e+0
    endloop
  endfacet
  facet normal -8.2279e-1 -5.6549e-1 -5.6888e-2
    outer loop
      vertex 2.3057e+1 1.6752e+1 0.0000e+0
      vertex 1.1951e+1 7.7611e+0 2.5000e+2
      vertex 1.1528e+1 8.3759e+0 2.5000e+2
    endloop
  endfacet
  facet normal 8.2279e-1 5.6549e-1 5.6888e-2
    outer loop
      vertex 2.6418e+1 1.7156e+1 0.0000e+0
      vertex 2.5484e+1 1.8515e+1 0.0000e+0
      vertex 1.4467e+1 9.3950e+0 2.5000e+2
    endloop
  endfacet
  facet normal 8.2279e-1 5.6549e-1 5.6888e-2
    outer loop
      vertex 2.5484e+1 1.8515e+1 0.0000e+0
      vertex 1.3956e+1 1.0139e+1 2.5000e+2
      vertex 1.4467e+1 9.3950e+0 2.5000e+2
    endloop
  endfacet
  facet normal -8.1416e-1 -5.5956e-1 1.5503e-1
    outer loop
      vertex 1.1951e+1 7.7611e+0 2.5000e+2
      vertex 1.6480e+1 1.0702e+1 2.8440e+2
      vertex 1.1528e+1 8.3759e+0 2.5000e+2
    endloop
  endfacet
  facet normal -8.1416e-1 -5.5956e-1 1.5503e-1
    outer loop
      vertex 1.1528e+1 8.3759e+0 2.5000e+2
      vertex 1.6480e+1 1.0702e+1 2.8440e+2
      vertex 1.5897e+1 1.1550e+1 2.8440e+2
    endloop
  endfacet
  facet normal 8.1416e-1 5.5956e-1 -1.5503e-1
    outer loop
      vertex 1.4467e+1 9.3950e+0 2.5000e+2
      vertex 1.3956e+1 1.0139e+1 2.5000e+2
      vertex 1.8996e+1 1.2336e+1 2.8440e+2
    endloop
  endfacet
  facet normal 8.1416e-1 5.5956e-1 -1.5503e-1
    outer loop
      vertex 1.3956e+1 1.0139e+1 2.5000e+2
      vertex 1.8324e+1 1.3313e+1 2.8440e+2
      vertex 1.8996e+1 1.2336e+1 2.8440e+2
    endloop
  endfacet
  facet normal 0.0000e+0 0.0000e+0 -1.0000e+0
    outer loop
      vertex 2.3902e+1 1.5522e+1 0.0000e+0
      vertex 2.3057e+1 1.6752e+1 0.0000e+0
      vertex 2.6418e+1 1.7156e+1 0.0000e+0
    endloop
  endfacet
  facet normal 0.0000e+0 0.0000e+0 -1.0000e+0
    outer loop
      vertex 2.3057e+1 1.6752e+1 0.0000e+0
      vertex 2.5484e+1 1.8515e+1 0.0000e+0
      vertex 2.6418e+1 1.7156e+1 0.0000e+0
    endloop
  endfacet
  facet normal 0.0000e+0 0.0000e+0 1.0000e+0
    outer loop
      vertex 1.6480e+1 1.0702e+1 2.8440e+2
      vertex 1.8996e+1 1.2336e+1 2.8440e+2
      vertex 1.5897e+1 1.1550e+1 2.8440e+2
    endloop
  endfacet
  facet normal 0.0000e+0 0.0000e+0 1.0000e+0
    outer loop
      vertex 1.5897e+1 1.1550e+1 2.8440e+2
      vertex 1.8996e+1 1.2336e+1 2.8440e+2
      vertex 1.8324e+1 1.3313e+1 2.8440e+2
    endloop
  endfacet
  facet normal -7.9207e-1 -6.0778e-1 -5.6888e-2
    outer loop
      vertex 2.3057e+1 1.6752e+1 0.0000e+0
      vertex 1.1528e+1 8.3759e+0 2.5000e+2
      vertex 2.2149e+1 1.7936e+1 0.0000e+0
    endloop
  endfacet
  facet normal -7.9207e-1 -6.0778e-1 -5.6888e-2
    outer loop
      vertex 2.2149e+1 1.7936e+1 0.0000e+0
      vertex 1.1528e+1 8.3759e+0 2.5000e+2
      vertex 1.1074e+1 8.9678e+0 2.5000e+2
    endloop
  endfacet
  facet normal 7.9207e-1 6.0778e-1 5.6888e-2
    outer loop
      vertex 2.5484e+1 1.8515e+1 0.0000e+0
      vertex 2.4480e+1 1.9824e+1 0.0000e+0
      vertex 1.3956e+1 1.0139e+1 2.5000e+2
    endloop
  endfacet
  facet normal 7.9207e-1 6.0778e-1 5.6888e-2
    outer loop
      vertex 2.4480e+1 1.9824e+1 0.0000e+0
      vertex 1.3406e+1 1.0856e+1 2.5000e+2
      vertex 1.3956e+1 1.0139e+1 2.5000e+2
    endloop
  endfacet
  facet normal -7.8376e-1 -6.0140e-1 1.5503e-1
    outer loop
      vertex 1.1528e+1 8.3759e+0 2.5000e+2
      vertex 1.5897e+1 1.1550e+1 2.8440e+2
      vertex 1.1074e+1 8.9678e+0 2.5000e+2
    endloop
  endfacet
  facet normal -7.8376e-1 -6.0140e-1 1.5503e-1
    outer loop
      vertex 1.1074e+1 8.9678e+0 2.5000e+2
      vertex 1.5897e+1 1.1550e+1 2.8440e+2
      vertex 1.5271e+1 1.2366e+1 2.8440e+2
    endloop
  endfacet
  facet normal 7.8376e-1 6.0140e-1 -1.5503e-1
    outer loop
      vertex 1.3956e+1 1.0139e+1 2.5000e+2
      vertex 1.3406e+1 1.0856e+1 2.5000e+2
      vertex 1.8324e+1 1.3313e+1 2.8440e+2
    endloop
  endfacet
  facet normal 7.8376e-1 6.0140e-1 -1.5503e-1
    outer loop
      vertex 1.3406e+1 1.0856e+1 2.5000e+2
      vertex 1.7602e+1 1.4254e+1 2.8440e+2
      vertex 1.8324e+1 1.3313e+1 2.8440e+2
    endloop
  endfacet
  facet normal 0.0000e+0 0.0000e+0 -1.0000e+0
    outer loop
      vertex 2.3057e+1 1.6752e+1 0.0000e+0
      vertex 2.2149e+1 1.7936e+1 0.0000e+0
      vertex 2.5484e+1 1.8515e+1 0.0000e+0
    endloop
  endfacet
  facet normal 0.0000e+0 0.0000e+0 -1.0000e+0
    outer loop
      vertex 2.2149e+1 1.7936e+1 0.0000e+0
      vertex 2.4480e+1 1.9824e+1 0.0000e+0
      vertex 2.5484e+1 1.8515e+1 0.0000e+0
    endloop
  endfacet
  facet normal 0.0000e+0 0.0000e+0 1.0000e+0
    outer loop
      vertex 1.5897e+1 1.1550e+1 2.8440e+2
      vertex 1.8324e+1 1.3313e+1 2.8440e+2
      vertex 1.5271e+1 1.2366e+1 2.8440e+2
    endloop
  endfacet
  facet normal 0.0000e+0 0.0000e+0 1.0000e+0
    outer loop
      vertex 1.5271e+1 1.2366e+1 2.8440e+2
      vertex 1.8324e+1 1.3313e+1 2.8440e+2
      vertex 1.7602e+1 1.4254e+1 2.8440e+2
    endloop
  endfacet
  facet normal -7.5917e-1 -6.4840e-1 -5.6888e-2
    outer loop
      vertex 2.2149e+1 1.7936e+1 0.0000e+0
      vertex 1.1074e+1 8.9678e+0 2.5000e+2
      vertex 2.1180e+1 1.9070e+1 0.0000e+0
    endloop
  endfacet
  facet normal -7.5917e-1 -6.4840e-1 -5.6888e-2
    outer loop
      vertex 2.1180e+1 1.9070e+1 0.0000e+0
      vertex 1.1074e+1 8.9678e+0 2.5000e+2
      vertex 1.0590e+1 9.5351e+0 2.5000e+2
    endloop
  endfacet
  facet normal 7.5917e-1 6.4840e-1 5.6888e-2
    outer loop
      vertex 2.4480e+1 1.9824e+1 0.0000e+0
      vertex 2.3409e+1 2.1078e+1 0.0000e+0
      vertex 1.3406e+1 1.0856e+1 2.5000e+2
    endloop
  endfacet
  facet normal 7.5917e-1 6.4840e-1 5.6888e-2
    outer loop
      vertex 2.3409e+1 2.1078e+1 0.0000e+0
      vertex 1.2819e+1 1.1543e+1 2.5000e+2
      vertex 1.3406e+1 1.0856e+1 2.5000e+2
    endloop
  endfacet
  facet normal -7.5121e-1 -6.4160e-1 1.5503e-1
    outer loop
      vertex 1.1074e+1 8.9678e+0 2.5000e+2
      vertex 1.5271e+1 1.2366e+1 2.8440e+2
      vertex 1.0590e+1 9.5351e+0 2.5000e+2
    endloop
  endfacet
  facet normal -7.5121e-1 -6.4160e-1 1.5503e-1
    outer loop
      vertex 1.0590e+1 9.5351e+0 2.5000e+2
      vertex 1.5271e+1 1.2366e+1 2.8440e+2
      vertex 1.4603e+1 1.3148e+1 2.8440e+2
    endloop
  endfacet
  facet normal 7.5121e-1 6.4160e-1 -1.5503e-1
    outer loop
      vertex 1.3406e+1 1.0856e+1 2.5000e+2
      vertex 1.2819e+1 1.1543e+1 2.5000e+2
      vertex 1.7602e+1 1.4254e+1 2.8440e+2
    endloop
  endfacet
  facet normal 7.5121e-1 6.4160e-1 -1.5503e-1
    outer loop
      vertex 1.2819e+1 1.1543e+1 2.5000e+2
      vertex 1.6832e+1 1.5156e+1 2.8440e+2
      vertex 1.7602e+1 1.4254e+1 2.8440e+2
    endloop
  endfacet
  facet normal 0.0000e+0 0.0000e+0 -1.0000e+0
    outer loop
      vertex 2.2149e+1 1.7936e+1 0.0000e+0
      vertex 2.1180e+1 1.9070e+1 0.0000e+0
      vertex 2.4480e+1 1.9824e+1 0.0000e+0
    endloop
  endfacet
  facet normal 0.0000e+0 0.0000e+0 -1.0000e+0
    outer loop
      vertex 2.1180e+1 1.9070e+1 0.0000e+0
      vertex 2.3409e+1 2.1078e+1 0.0000e+0
      vertex 2.4480e+1 1.9824e+1 0.0000e+0
    endloop
  endfacet
  facet normal 0.0000e+0 0.0000e+0 1.0000e+0
    outer loop
      vertex 1.5271e+1 1.2366e+1 2.8440e+2
      vertex 1.7602e+1 1.4254e+1 2.8440e+2
      vertex 1.4603e+1 1.3148e+1 2.8440e+2
    endloop
  endfacet
  facet normal 0.0000e+0 0.0000e+0 1.0000e+0
    outer loop
      vertex 1.4603e+1 1.3148e+1 2.8440e+2
      vertex 1.7602e+1 1.4254e+1 2.8440e+2
      vertex 1.6832e+1 1.5156e+1 2.8440e+2
    endloop
  endfacet
  facet normal -7.2420e-1 -6.8724e-1 -5.6888e-2
    outer loop
      vertex 2.1180e+1 1.9070e+1 0.0000e+0
      vertex 1.0590e+1 9.5351e+0 2.5000e+2
      vertex 2.0153e+1 2.0153e+1 0.0000e+0
    endloop
  endfacet
  facet normal -7.2420e-1 -6.8724e-1 -5.6888e-2
    outer loop
      vertex 2.0153e+1 2.0153e+1 0.0000e+0
      vertex 1.0590e+1 9.5351e+0 2.5000e+2
      vertex 1.0076e+1 1.0076e+1 2.5000e+2
    endloop
  endfacet
  facet normal 7.2420e-1 6.8724e-1 5.6888e-2
    outer loop
      vertex 2.3409e+1 2.1078e+1 0.0000e+0
      vertex 2.2274e+1 2.2274e+1 0.0000e+0
      vertex 1.2819e+1 1.1543e+1 2.5000e+2
    endloop
  endfacet
  facet normal 7.2420e-1 6.8724e-1 5.6888e-2
    outer loop
      vertex 2.2274e+1 2.2274e+1 0.0000e+0
      vertex 1.2198e+1 1.2198e+1 2.5000e+2
      vertex 1.2819e+1 1.1543e+1 2.5000e+2
    endloop
  endfacet
  facet normal -7.1660e-1 -6.8003e-1 1.5503e-1
    outer loop
      vertex 1.0590e+1 9.5351e+0 2.5000e+2
      vertex 1.4603e+1 1.3148e+1 2.8440e+2
      vertex 1.0076e+1 1.0076e+1 2.5000e+2
    endloop
  endfacet
  facet normal -7.1660e-1 -6.8003e-1 1.5503e-1
    outer loop
      vertex 1.0076e+1 1.0076e+1 2.5000e+2
      vertex 1.4603e+1 1.3148e+1 2.8440e+2
      vertex 1.3895e+1 1.3895e+1 2.8440e+2
    endloop
  endfacet
  facet normal 7.1660e-1 6.8003e-1 -1.5503e-1
    outer loop
      vertex 1.2819e+1 1.1543e+1 2.5000e+2
      vertex 1.2198e+1 1.2198e+1 2.5000e+2
      vertex 1.6832e+1 1.5156e+1 2.8440e+2
    endloop
  endfacet
  facet normal 7.1660e-1 6.8003e-1 -1.5503e-1
    outer loop
      vertex 1.2198e+1 1.2198e+1 2.5000e+2
      vertex 1.6016e+1 1.6016e+1 2.8440e+2
      vertex 1.6832e+1 1.5156e+1 2.8440e+2
    endloop
  endfacet
  facet normal 0.0000e+0 0.0000e+0 -1.0000e+0
    outer loop
      vertex 2.1180e+1 1.9070e+1 0.0000e+0
      vertex 2.0153e+1 2.0153e+1 0.0000e+0
      vertex 2.3409e+1 2.1078e+1 0.0000e+0
    endloop
  endfacet
  facet normal 0.0000e+0 0.0000e+0 -1.0000e+0
    outer loop
      vertex 2.0153e+1 2.0153e+1 0.0000e+0
      vertex 2.2274e+1 2.2274e+1 0.0000e+0
      vertex 2.3409e+1 2.1078e+1 0.0000e+0
    endloop
  endfacet
  facet normal 0.0000e+0 0.0000e+0 1.0000e+0
    outer loop
      vertex 1.4603e+1 1.3148e+1 2.8440e+2
      vertex 1.6832e+1 1.5156e+1 2.8440e+2
      vertex 1.3895e+1 1.3895e+1 2.8440e+2
    endloop
  endfacet
  facet normal 0.0000e+0 0.0000e+0 1.0000e+0
    outer loop
      vertex 1.3895e+1 1.3895e+1 2.8440e+2
      vertex 1.6832e+1 1.5156e+1 2.8440e+2
      vertex 1.6016e+1 1.6016e+1 2.8440e+2
    endloop
  endfacet
  facet normal -6.8724e-1 -7.2420e-1 -5.6888e-2
    outer loop
      vertex 2.0153e+1 2.0153e+1 0.0000e+0
      vertex 1.0076e+1 1.0076e+1 2.5000e+2
      vertex 1.9070e+1 2.1180e+1 0.0000e+0
    endloop
  endfacet
  facet normal -6.8724e-1 -7.2420e-1 -5.6888e-2
    outer loop
      vertex 1.9070e+1 2.1180e+1 0.0000e+0
      vertex 1.0076e+1 1.0076e+1 2.5000e+2
      vertex 9.5351e+0 1.0590e+1 2.5000e+2
    endloop
  endfacet
  facet normal 6.8724e-1 7.2420e-1 5.6888e-2
    outer loop
      vertex 2.2274e+1 2.2274e+1 0.0000e+0
      vertex 2.1078e+1 2.3409e+1 0.0000e+0
      vertex 1.2198e+1 1.2198e+1 2.5000e+2
    endloop
  endfacet
  facet normal 6.8724e-1 7.2420e-1 5.6888e-2
    outer loop
      vertex 2.1078e+1 2.3409e+1 0.0000e+0
      vertex 1.1543e+1 1.2819e+1 2.5000e+2
      vertex 1.2198e+1 1.2198e+1 2.5000e+2
    endloop
  endfacet
  facet normal -6.8003e-1 -7.1660e-1 1.5503e-1
    outer loop
      vertex 1.0076e+1 1.0076e+1 2.5000e+2
      vertex 1.3895e+1 1.3895e+1 2.8440e+2
      vertex 9.5351e+0 1.0590e+1 2.5000e+2
    endloop
  endfacet
  facet normal -6.8003e-1 -7.1660e-1 1.5503e-1
    outer loop
      vertex 9.5351e+0 1.0590e+1 2.5000e+2
      vertex 1.3895e+1 1.3895e+1 2.8440e+2
      vertex 1.3148e+1 1.4603e+1 2.8440e+2
    endloop
  endfacet
  facet normal 6.8003e-1 7.1660e-1 -1.5503e-1
    outer loop
      vertex 1.2198e+1 1.2198e+1 2.5000e+2
      vertex 1.1543e+1 1.2819e+1 2.5000e+2
      vertex 1.6016e+1 1.6016e+1 2.8440e+2
    endloop
  endfacet
  facet normal 6.8003e-1 7.1660e-1 -1.5503e-1
    outer loop
      vertex 1.1543e+1 1.2819e+1 2.5000e+2
      vertex 1.5156e+1 1.6832e+1 2.8440e+2
      vertex 1.6016e+1 1.6016e+1 2.8440e+2
    endloop
  endfacet
  facet normal 0.0000e+0 0.0000e+0 -1.0000e+0
    outer loop
      vertex 2.0153e+1 2.0153e+1 0.0000e+0
      vertex 1.9070e+1 2.1180e+1 0.0000e+0
      vertex 2.2274e+1 2.2274e+1 0.0000e+0
    endloop
  endfacet
  facet normal 0.0000e+0 0.0000e+0 -1.0000e+0
    outer loop
      vertex 1.9070e+1 2.1180e+1 0.0000e+0
      vertex 2.1078e+1 2.3409e+1 0.0000e+0
      vertex 2.2274e+1 2.2274e+1 0.0000e+0
    endloop
  endfacet
  facet normal 0.0000e+0 0.0000e+0 1.0000e+0
    outer loop
      vertex 1.3895e+1 1.3895e+1 2.8440e+2
      vertex 1.6016e+1 1.6016e+1 2.8440e+2
      vertex 1.3148e+1 1.4603e+1 2.8440e+2
    endloop
  endfacet
  facet normal 0.0000e+0 0.0000e+0 1.0000e+0
    outer loop
      vertex 1.3148e+1 1.4603e+1 2.8440e+2
      vertex 1.6016e+1 1.6016e+1 2.8440e+2
      vertex 1.5156e+1 1.6832e+1 2.8440e+2
    endloop
  endfacet
  facet normal -6.4840e-1 -7.5917e-1 -5.6888e-2
    outer loop
      vertex 1.9070e+1 2.1180e+1 0.0000e+0
      vertex 9.5351e+0 1.0590e+1 2.5000e+2
      vertex 1.7936e+1 2.2149e+1 0.0000e+0
    endloop
  endfacet
  facet normal -6.4840e-1 -7.5917e-1 -5.6888e-2
    outer loop
      vertex 1.7936e+1 2.2149e+1 0.0000e+0
      vertex 9.5351e+0 1.0590e+1 2.5000e+2
      vertex 8.9678e+0 1.1074e+1 2.5000e+2
    endloop
  endfacet
  facet normal 6.4840e-1 7.5917e-1 5.6888e-2
    outer loop
      vertex 2.1078e+1 2.3409e+1 0.0000e+0
      vertex 1.9824e+1 2.4480e+1 0.0000e+0
      vertex 1.1543e+1 1.2819e+1 2.5000e+2
    endloop
  endfacet
  facet normal 6.4840e-1 7.5917e-1 5.6888e-2
    outer loop
      vertex 1.9824e+1 2.4480e+1 0.0000e+0
      vertex 1.0856e+1 1.3406e+1 2.5000e+2
      vertex 1.1543e+1 1.2819e+1 2.5000e+2
    endloop
  endfacet
  facet normal -6.4160e-1 -7.5121e-1 1.5503e-1
    outer loop
      vertex 9.5351e+0 1.0590e+1 2.5000e+2
      vertex 1.3148e+1 1.4603e+1 2.8440e+2
      vertex 8.9678e+0 1.1074e+1 2.5000e+2
    endloop
  endfacet
  facet normal -6.4160e-1 -7.5121e-1 1.5503e-1
    outer loop
      vertex 8.9678e+0 1.1074e+1 2.5000e+2
      vertex 1.3148e+1 1.4603e+1 2.8440e+2
      vertex 1.2366e+1 1.5271e+1 2.8440e+2
    endloop
  endfacet
  facet normal 6.4160e-1 7.5121e-1 -1.5503e-1
    outer loop
      vertex 1.1543e+1 1.2819e+1 2.5000e+2
      vertex 1.0856e+1 1.3406e+1 2.5000e+2
      vertex 1.5156e+1 1.6832e+1 2.8440e+2
    endloop
  endfacet
  facet normal 6.4160e-1 7.5121e-1 -1.5503e-1
    outer loop
      vertex 1.0856e+1 1.3406e+1 2.5000e+2
      vertex 1.4254e+1 1.7602e+1 2.8440e+2
      vertex 1.5156e+1 1.6832e+1 2.8440e+2
    endloop
  endfacet
  facet normal 0.0000e+0 0.0000e+0 -1.0000e+0
    outer loop
      vertex 1.9070e+1 2.1180e+1 0.0000e+0
      vertex 1.7936e+1 2.2149e+1 0.0000e+0
      vertex 2.1078e+1 2.3409e+1 0.0000e+0
    endloop
  endfacet
  facet normal 0.0000e+0 0.0000e+0 -1.0000e+0
    outer loop
      vertex 1.7936e+1 2.2149e+1 0.0000e+0
      vertex 1.9824e+1 2.4480e+1 0.0000e+0
      vertex 2.1078e+1 2.3409e+1 0.0000e+0
    endloop
  endfacet
  facet normal 0.0000e+0 0.0000e+0 1.0000e+0
    outer loop
      vertex 1.3148e+1 1.4603e+1 2.8440e+2
      vertex 1.5156e+1 1.6832e+1 2.8440e+2
      vertex 1.2366e+1 1.5271e+1 2.8440e+2
    endloop
  endfacet
  facet normal 0.0000e+0 0.0000e+0 1.0000e+0
    outer loop
      vertex 1.2366e+1 1.5271e+1 2.8440e+2
      vertex 1.5156e+1 1.6832e+1 2.8440e+2
      vertex 1.4254e+1 1.7602e+1 2.8440e+2
    endloop
  endfacet
  facet normal -6.0778e-1 -7.9207e-1 -5.6888e-2
    outer loop
      vertex 1.7936e+1 2.2149e+1 0.0000e+0
      vertex 8.9678e+0 1.1074e+1 2.5000e+2
      vertex 1.6752e+1 2.3057e+1 0.0000e+0
    endloop
  endfacet
  facet normal -6.0778e-1 -7.9207e-1 -5.6888e-2
    outer loop
      vertex 1.6752e+1 2.3057e+1 0.0000e+0
      vertex 8.9678e+0 1.1074e+1 2.5000e+2
      vertex 8.3759e+0 1.1528e+1 2.5000e+2
    endloop
  endfacet
  facet normal 6.0778e-1 7.9207e-1 5.6888e-2
    outer loop
      vertex 1.9824e+1 2.4480e+1 0.0000e+0
      vertex 1.8515e+1 2.5484e+1 0.0000e+0
      vertex 1.0856e+1 1.3406e+1 2.5000e+2
    endloop
  endfacet
  facet normal 6.0778e-1 7.9207e-1 5.6888e-2
    outer loop
      vertex 1.8515e+1 2.5484e+1 0.0000e+0
      vertex 1.0139e+1 1.3956e+1 2.5000e+2
      vertex 1.0856e+1 1.3406e+1 2.5000e+2
    endloop
  endfacet
  facet normal -6.0140e-1 -7.8376e-1 1.5503e-1
    outer loop
      vertex 8.9678e+0 1.1074e+1 2.5000e+2
      vertex 1.2366e+1 1.5271e+1 2.8440e+2
      vertex 8.3759e+0 1.1528e+1 2.5000e+2
    endloop
  endfacet
  facet normal -6.0140e-1 -7.8376e-1 1.5503e-1
    outer loop
      vertex 8.3759e+0 1.1528e+1 2.5000e+2
      vertex 1.2366e+1 1.5271e+1 2.8440e+2
      vertex 1.1550e+1 1.5897e+1 2.8440e+2
    endloop
  endfacet
  facet normal 6.0140e-1 7.8376e-1 -1.5503e-1
    outer loop
      vertex 1.0856e+1 1.3406e+1 2.5000e+2
      vertex 1.0139e+1 1.3956e+1 2.5000e+2
      vertex 1.4254e+1 1.7602e+1 2.8440e+2
    endloop
  endfacet
  facet normal 6.0140e-1 7.8376e-1 -1.5503e-1
    outer loop
      vertex 1.0139e+1 1.3956e+1 2.5000e+2
      vertex 1.3313e+1 1.8324e+1 2.8440e+2
      vertex 1.4254e+1 1.7602e+1 2.8440e+2
    endloop
  endfacet
  facet normal 0.0000e+0 0.0000e+0 -1.0000e+0
    outer loop
      vertex 1.7936e+1 2.2149e+1 0.0000e+0
      vertex 1.6752e+1 2.3057e+1 0.0000e+0
      vertex 1.9824e+1 2.4480e+1 0.0000e+0
    endloop
  endfacet
  facet normal 0.0000e+0 0.0000e+0 -1.0000e+0
    outer loop
      vertex 1.6752e+1 2.3057e+1 0.0000e+0
      vertex 1.8515e+1 2.5484e+1 0.0000e+0
      vertex 1.9824e+1 2.4480e+1 0.0000e+0
    endloop
  endfacet
  facet normal 0.0000e+0 0.0000e+0 1.0000e+0
    outer loop
      vertex 1.2366e+1 1.5271e+1 2.8440e+2
      vertex 1.4254e+1 1.7602e+1 2.8440e+2
      vertex 1.1550e+1 1.5897e+1 2.8440e+2
    endloop
  endfacet
  facet normal 0.0000e+0 0.0000e+0 1.0000e+0
    outer loop
      vertex 1.1550e+1 1.5897e+1 2.8440e+2
      vertex 1.4254e+1 1.7602e+1 2.8440e+2
      vertex 1.3313e+1 1.8324e+1 2.8440e+2
    endloop
  endfacet
  facet normal -5.6549e-1 -8.2279e-1 -5.6888e-2
    outer loop
      vertex 1.6752e+1 2.3057e+1 0.0000e+0
      vertex 8.3759e+0 1.1528e+1 2.5000e+2
      vertex 1.5522e+1 2.3902e+1 0.0000e+0
    endloop
  endfacet
  facet normal -5.6549e-1 -8.2279e-1 -5.6888e-2
    outer loop
      vertex 1.5522e+1 2.3902e+1 0.0000e+0
      vertex 8.3759e+0 1.1528e+1 2.5000e+2
      vertex 7.7611e+0 1.1951e+1 2.5000e+2
    endloop
  endfacet
  facet normal 5.6549e-1 8.2279e-1 5.6888e-2
    outer loop
      vertex 1.8515e+1 2.5484e+1 0.0000e+0
      vertex 1.7156e+1 2.6418e+1 0.0000e+0
      vertex 1.0139e+1 1.3956e+1 2.5000e+2
    endloop
  endfacet
  facet normal 5.6549e-1 8.2279e-1 5.6888e-2
    outer loop
      vertex 1.7156e+1 2.6418e+1 0.0000e+0
      vertex 9.3950e+0 1.4467e+1 2.5000e+2
      vertex 1.0139e+1 1.3956e+1 2.5000e+2
    endloop
  endfacet
  facet normal -5.5956e-1 -8.1416e-1 1.5503e-1
    outer loop
      vertex 8.3759e+0 1.1528e+1 2.5000e+2
      vertex 1.1550e+1 1.5897e+1 2.8440e+2
      vertex 7.7611e+0 1.1951e+1 2.5000e+2
    endloop
  endfacet
  facet normal -5.5956e-1 -8.1416e-1 1.5503e-1
    outer loop
      vertex 7.7611e+0 1.1951e+1 2.5000e+2
      vertex 1.1550e+1 1.5897e+1 2.8440e+2
      vertex 1.0702e+1 1.6480e+1 2.8440e+2
    endloop
  endfacet
  facet normal 5.5956e-1 8.1416e-1 -1.5503e-1
    outer loop
      vertex 1.0139e+1 1.3956e+1 2.5000e+2
      vertex 9.3950e+0 1.4467e+1 2.5000e+2
      vertex 1.3313e+1 1.8324e+1 2.8440e+2
    endloop
  endfacet
  facet normal 5.5956e-1 8.1416e-1 -1.5503e-1
    outer loop
      vertex 9.3950e+0 1.4467e+1 2.5000e+2
      vertex 1.2336e+1 1.8996e+1 2.8440e+2
      vertex 1.3313e+1 1.8324e+1 2.8440e+2
    endloop
  endfacet
  facet normal 0.0000e+0 0.0000e+0 -1.0000e+0
    outer loop
      vertex 1.6752e+1 2.3057e+1 0.0000e+0
      vertex 1.5522e+1 2.3902e+1 0.0000e+0
      vertex 1.8515e+1 2.5484e+1 0.0000e+0
    endloop
  endfacet
  facet normal 0.0000e+0 0.0000e+0 -1.0000e+0
    outer loop
      vertex 1.5522e+1 2.3902e+1 0.0000e+0
      vertex 1.7156e+1 2.6418e+1 0.0000e+0
      vertex 1.8515e+1 2.5484e+1 0.0000e+0
    endloop
  endfacet
  facet normal 0.0000e+0 0.0000e+0 1.0000e+0
    outer loop
      vertex 1.1550e+1 1.5897e+1 2.8440e+2
      vertex 1.3313e+1 1.8324e+1 2.8440e+2
      vertex 1.0702e+1 1.6480e+1 2.8440e+2
    endloop
  endfacet
  facet normal 0.0000e+0 0.0000e+0 1.0000e+0
    outer loop
      vertex 1.0702e+1 1.6480e+1 2.8440e+2
      vertex 1.3313e+1 1.8324e+1 2.8440e+2
      vertex 1.2336e+1 1.8996e+1 2.8440e+2
    endloop
  endfacet
  facet normal -5.2165e-1 -8.5126e-1 -5.6888e-2
    outer loop
      vertex 1.5522e+1 2.3902e+1 0.0000e+0
      vertex 7.7611e+0 1.1951e+1 2.5000e+2
      vertex 1.4250e+1 2.4682e+1 0.0000e+0
    endloop
  endfacet
  facet normal -5.2165e-1 -8.5126e-1 -5.6888e-2
    outer loop
      vertex 1.4250e+1 2.4682e+1 0.0000e+0
      vertex 7.7611e+0 1.1951e+1 2.5000e+2
      vertex 7.1250e+0 1.2341e+1 2.5000e+2
    endloop
  endfacet
  facet normal 5.2165e-1 8.5126e-1 5.6888e-2
    outer loop
      vertex 1.7156e+1 2.6418e+1 0.0000e+0
      vertex 1.5750e+1 2.7280e+1 0.0000e+0
      vertex 9.3950e+0 1.4467e+1 2.5000e+2
    endloop
  endfacet
  facet normal 5.2165e-1 8.5126e-1 5.6888e-2
    outer loop
      vertex 1.5750e+1 2.7280e+1 0.0000e+0
      vertex 8.6250e+0 1.4939e+1 2.5000e+2
      vertex 9.3950e+0 1.4467e+1 2.5000e+2
    endloop
  endfacet
  facet normal -5.1618e-1 -8.4233e-1 1.5503e-1
    outer loop
      vertex 7.7611e+0 1.1951e+1 2.5000e+2
      vertex 1.0702e+1 1.6480e+1 2.8440e+2
      vertex 7.1250e+0 1.2341e+1 2.5000e+2
    endloop
  endfacet
  facet normal -5.1618e-1 -8.4233e-1 1.5503e-1
    outer loop
      vertex 7.1250e+0 1.2341e+1 2.5000e+2
      vertex 1.0702e+1 1.6480e+1 2.8440e+2
      vertex 9.8250e+0 1.7017e+1 2.8440e+2
    endloop
  endfacet
  facet normal 5.1618e-1 8.4233e-1 -1.5503e-1
    outer loop
      vertex 9.3950e+0 1.4467e+1 2.5000e+2
      vertex 8.6250e+0 1.4939e+1 2.5000e+2
      vertex 1.2336e+1 1.8996e+1 2.8440e+2
    endloop
  endfacet
  facet normal 5.1618e-1 8.4233e-1 -1.5503e-1
    outer loop
      vertex 8.6250e+0 1.4939e+1 2.5000e+2
      vertex 1.1325e+1 1.9615e+1 2.8440e+2
      vertex 1.2336e+1 1.8996e+1 2.8440e+2
    endloop
  endfacet
  facet normal 0.0000e+0 0.0000e+0 -1.0000e+0
    outer loop
      vertex 1.5522e+1 2.3902e+1 0.0000e+0
      vertex 1.4250e+1 2.4682e+1 0.0000e+0
      vertex 1.7156e+1 2.6418e+1 0.0000e+0
    endloop
  endfacet
  facet normal 0.0000e+0 0.0000e+0 -1.0000e+0
    outer loop
      vertex 1.4250e+1 2.4682e+1 0.0000e+0
      vertex 1.5750e+1 2.7280e+1 0.0000e+0
      vertex 1.7156e+1 2.6418e+1 0.0000e+0
    endloop
  endfacet
  facet normal 0.0000e+0 0.0000e+0 1.0000e+0
    outer loop
      vertex 1.0702e+1 1.6480e+1 2.8440e+2
      vertex 1.2336e+1 1.8996e+1 2.8440e+2
      vertex 9.8250e+0 1.7017e+1 2.8440e+2
    endloop
  endfacet
  facet normal 0.0000e+0 0.0000e+0 1.0000e+0
    outer loop
      vertex 9.8250e+0 1.7017e+1 2.8440e+2
      vertex 1.2336e+1 1.8996e+1 2.8440e+2
      vertex 1.1325e+1 1.9615e+1 2.8440e+2
    endloop
  endfacet
  facet normal -4.7639e-1 -8.7739e-1 -5.6888e-2
    outer loop
      vertex 1.4250e+1 2.4682e+1 0.0000e+0
      vertex 7.1250e+0 1.2341e+1 2.5000e+2
      vertex 1.2939e+1 2.5394e+1 0.0000e+0
    endloop
  endfacet
  facet normal -4.7639e-1 -8.7739e-1 -5.6888e-2
    outer loop
      vertex 1.2939e+1 2.5394e+1 0.0000e+0
      vertex 7.1250e+0 1.2341e+1 2.5000e+2
      vertex 6.4694e+0 1.2697e+1 2.5000e+2
    endloop
  endfacet
  facet normal 4.7639e-1 8.7739e-1 5.6888e-2
    outer loop
      vertex 1.5750e+1 2.7280e+1 0.0000e+0
      vertex 1.4301e+1 2.8067e+1 0.0000e+0
      vertex 8.6250e+0 1.4939e+1 2.5000e+2
    endloop
  endfacet
  facet normal 4.7639e-1 8.7739e-1 5.6888e-2
    outer loop
      vertex 1.4301e+1 2.8067e+1 0.0000e+0
      vertex 7.8313e+0 1.5370e+1 2.5000e+2
      vertex 8.6250e+0 1.4939e+1 2.5000e+2
    endloop
  endfacet
  facet normal -4.7139e-1 -8.6819e-1 1.5503e-1
    outer loop
      vertex 7.1250e+0 1.2341e+1 2.5000e+2
      vertex 9.8250e+0 1.7017e+1 2.8440e+2
      vertex 6.4694e+0 1.2697e+1 2.5000e+2
    endloop
  endfacet
  facet normal -4.7139e-1 -8.6819e-1 1.5503e-1
    outer loop
      vertex 6.4694e+0 1.2697e+1 2.5000e+2
      vertex 9.8250e+0 1.7017e+1 2.8440e+2
      vertex 8.9209e+0 1.7508e+1 2.8440e+2
    endloop
  endfacet
  facet normal 4.7139e-1 8.6819e-1 -1.5503e-1
    outer loop
      vertex 8.6250e+0 1.4939e+1 2.5000e+2
      vertex 7.8313e+0 1.5370e+1 2.5000e+2
      vertex 1.1325e+1 1.9615e+1 2.8440e+2
    endloop
  endfacet
  facet normal 4.7139e-1 8.6819e-1 -1.5503e-1
    outer loop
      vertex 7.8313e+0 1.5370e+1 2.5000e+2
      vertex 1.0283e+1 2.0181e+1 2.8440e+2
      vertex 1.1325e+1 1.9615e+1 2.8440e+2
    endloop
  endfacet
  facet normal 0.0000e+0 0.0000e+0 -1.0000e+0
    outer loop
      vertex 1.4250e+1 2.4682e+1 0.0000e+0
      vertex 1.2939e+1 2.5394e+1 0.0000e+0
      vertex 1.5750e+1 2.7280e+1 0.0000e+0
    endloop
  endfacet
  facet normal 0.0000e+0 0.0000e+0 -1.0000e+0
    outer loop
      vertex 1.2939e+1 2.5394e+1 0.0000e+0
      vertex 1.4301e+1 2.8067e+1 0.0000e+0
      vertex 1.5750e+1 2.7280e+1 0.0000e+0
    endloop
  endfacet
  facet normal 0.0000e+0 0.0000e+0 1.0000e+0
    outer loop
      vertex 9.8250e+0 1.7017e+1 2.8440e+2
      vertex 1.1325e+1 1.9615e+1 2.8440e+2
      vertex 8.9209e+0 1.7508e+1 2.8440e+2
    endloop
  endfacet
  facet normal 0.0000e+0 0.0000e+0 1.0000e+0
    outer loop
      vertex 8.9209e+0 1.7508e+1 2.8440e+2
      vertex 1.1325e+1 1.9615e+1 2.8440e+2
      vertex 1.0283e+1 2.0181e+1 2.8440e+2
    endloop
  endfacet
  facet normal -4.2981e-1 -9.0112e-1 -5.6888e-2
    outer loop
      vertex 1.2939e+1 2.5394e+1 0.0000e+0
      vertex 6.4694e+0 1.2697e+1 2.5000e+2
      vertex 1.1592e+1 2.6036e+1 0.0000e+0
    endloop
  endfacet
  facet normal -4.2981e-1 -9.0112e-1 -5.6888e-2
    outer loop
      vertex 1.1592e+1 2.6036e+1 0.0000e+0
      vertex 6.4694e+0 1.2697e+1 2.5000e+2
      vertex 5.7960e+0 1.3018e+1 2.5000e+2
    endloop
  endfacet
  facet normal 4.2981e-1 9.0112e-1 5.6888e-2
    outer loop
      vertex 1.4301e+1 2.8067e+1 0.0000e+0
      vertex 1.2812e+1 2.8777e+1 0.0000e+0
      vertex 7.8313e+0 1.5370e+1 2.5000e+2
    endloop
  endfacet
  facet normal 4.2981e-1 9.0112e-1 5.6888e-2
    outer loop
      vertex 1.2812e+1 2.8777e+1 0.0000e+0
      vertex 7.0162e+0 1.5759e+1 2.5000e+2
      vertex 7.8313e+0 1.5370e+1 2.5000e+2
    endloop
  endfacet
  facet normal -4.2531e-1 -8.9167e-1 1.5503e-1
    outer loop
      vertex 6.4694e+0 1.2697e+1 2.5000e+2
      vertex 8.9209e+0 1.7508e+1 2.8440e+2
      vertex 5.7960e+0 1.3018e+1 2.5000e+2
    endloop
  endfacet
  facet normal -4.2531e-1 -8.9167e-1 1.5503e-1
    outer loop
      vertex 5.7960e+0 1.3018e+1 2.5000e+2
      vertex 8.9209e+0 1.7508e+1 2.8440e+2
      vertex 7.9924e+0 1.7951e+1 2.8440e+2
    endloop
  endfacet
  facet normal 4.2531e-1 8.9167e-1 -1.5503e-1
    outer loop
      vertex 7.8313e+0 1.5370e+1 2.5000e+2
      vertex 7.0162e+0 1.5759e+1 2.5000e+2
      vertex 1.0283e+1 2.0181e+1 2.8440e+2
    endloop
  endfacet
  facet normal 4.2531e-1 8.9167e-1 -1.5503e-1
    outer loop
      vertex 7.0162e+0 1.5759e+1 2.5000e+2
      vertex 9.2126e+0 2.0692e+1 2.8440e+2
      vertex 1.0283e+1 2.0181e+1 2.8440e+2
    endloop
  endfacet
  facet normal 0.0000e+0 0.0000e+0 -1.0000e+0
    outer loop
      vertex 1.2939e+1 2.5394e+1 0.0000e+0
      vertex 1.1592e+1 2.6036e+1 0.0000e+0
      vertex 1.4301e+1 2.8067e+1 0.0000e+0
    endloop
  endfacet
  facet normal 0.0000e+0 0.0000e+0 -1.0000e+0
    outer loop
      vertex 1.1592e+1 2.6036e+1 0.0000e+0
      vertex 1.2812e+1 2.8777e+1 0.0000e+0
      vertex 1.4301e+1 2.8067e+1 0.0000e+0
    endloop
  endfacet
  facet normal 0.0000e+0 0.0000e+0 1.0000e+0
    outer loop
      vertex 8.9209e+0 1.7508e+1 2.8440e+2
      vertex 1.0283e+1 2.0181e+1 2.8440e+2
      vertex 7.9924e+0 1.7951e+1 2.8440e+2
    endloop
  endfacet
  facet normal 0.0000e+0 0.0000e+0 1.0000e+0
    outer loop
      vertex 7.9924e+0 1.7951e+1 2.8440e+2
      vertex 1.0283e+1 2.0181e+1 2.8440e+2
      vertex 9.2126e+0 2.0692e+1 2.8440e+2
    endloop
  endfacet
  facet normal -3.8206e-1 -9.2238e-1 -5.6888e-2
    outer loop
      vertex 1.1592e+1 2.6036e+1 0.0000e+0
      vertex 5.7960e+0 1.3018e+1 2.5000e+2
      vertex 1.0213e+1 2.6607e+1 0.0000e+0
    endloop
  endfacet
  facet normal -3.8206e-1 -9.2238e-1 -5.6888e-2
    outer loop
      vertex 1.0213e+1 2.6607e+1 0.0000e+0
      vertex 5.7960e+0 1.3018e+1 2.5000e+2
      vertex 5.1067e+0 1.3304e+1 2.5000e+2
    endloop
  endfacet
  facet normal 3.8206e-1 9.2238e-1 5.6888e-2
    outer loop
      vertex 1.2812e+1 2.8777e+1 0.0000e+0
      vertex 1.1289e+1 2.9408e+1 0.0000e+0
      vertex 7.0162e+0 1.5759e+1 2.5000e+2
    endloop
  endfacet
  facet normal 3.8206e-1 9.2238e-1 5.6888e-2
    outer loop
      vertex 1.1289e+1 2.9408e+1 0.0000e+0
      vertex 6.1818e+0 1.6104e+1 2.5000e+2
      vertex 7.0162e+0 1.5759e+1 2.5000e+2
    endloop
  endfacet
  facet normal -3.7806e-1 -9.1271e-1 1.5503e-1
    outer loop
      vertex 5.7960e+0 1.3018e+1 2.5000e+2
      vertex 7.9924e+0 1.7951e+1 2.8440e+2
      vertex 5.1067e+0 1.3304e+1 2.5000e+2
    endloop
  endfacet
  facet normal -3.7806e-1 -9.1271e-1 1.5503e-1
    outer loop
      vertex 5.1067e+0 1.3304e+1 2.5000e+2
      vertex 7.9924e+0 1.7951e+1 2.8440e+2
      vertex 7.0419e+0 1.8345e+1 2.8440e+2
    endloop
  endfacet
  facet normal 3.7806e-1 9.1271e-1 -1.5503e-1
    outer loop
      vertex 7.0162e+0 1.5759e+1 2.5000e+2
      vertex 6.1818e+0 1.6104e+1 2.5000e+2
      vertex 9.2126e+0 2.0692e+1 2.8440e+2
    endloop
  endfacet
  facet normal 3.7806e-1 9.1271e-1 -1.5503e-1
    outer loop
      vertex 6.1818e+0 1.6104e+1 2.5000e+2
      vertex 8.1170e+0 2.1146e+1 2.8440e+2
      vertex 9.2126e+0 2.0692e+1 2.8440e+2
    endloop
  endfacet
  facet normal 0.0000e+0 0.0000e+0 -1.0000e+0
    outer loop
      vertex 1.1592e+1 2.6036e+1 0.0000e+0
      vertex 1.0213e+1 2.6607e+1 0.0000e+0
      vertex 1.2812e+1 2.8777e+1 0.0000e+0
    endloop
  endfacet
  facet normal 0.0000e+0 0.0000e+0 -1.0000e+0
    outer loop
      vertex 1.0213e+1 2.6607e+1 0.0000e+0
      vertex 1.1289e+1 2.9408e+1 0.0000e+0
      vertex 1.2812e+1 2.8777e+1 0.0000e+0
    endloop
  endfacet
  facet normal 0.0000e+0 0.0000e+0 1.0000e+0
    outer loop
      vertex 7.9924e+0 1.7951e+1 2.8440e+2
      vertex 9.2126e+0 2.0692e+1 2.8440e+2
      vertex 7.0419e+0 1.8345e+1 2.8440e+2
    endloop
  endfacet
  facet normal 0.0000e+0 0.0000e+0 1.0000e+0
    outer loop
      vertex 7.0419e+0 1.8345e+1 2.8440e+2
      vertex 9.2126e+0 2.0692e+1 2.8440e+2
      vertex 8.1170e+0 2.1146e+1 2.8440e+2
    endloop
  endfacet
  facet normal -3.3327e-1 -9.4111e-1 -5.6888e-2
    outer loop
      vertex 1.0213e+1 2.6607e+1 0.0000e+0
      vertex 5.1067e+0 1.3304e+1 2.5000e+2
      vertex 8.8070e+0 2.7105e+1 0.0000e+0
    endloop
  endfacet
  facet normal -3.3327e-1 -9.4111e-1 -5.6888e-2
    outer loop
      vertex 8.8070e+0 2.7105e+1 0.0000e+0
      vertex 5.1067e+0 1.3304e+1 2.5000e+2
      vertex 4.4035e+0 1.3553e+1 2.5000e+2
    endloop
  endfacet
  facet normal 3.3327e-1 9.4111e-1 5.6888e-2
    outer loop
      vertex 1.1289e+1 2.9408e+1 0.0000e+0
      vertex 9.7340e+0 2.9958e+1 0.0000e+0
      vertex 6.1818e+0 1.6104e+1 2.5000e+2
    endloop
  endfacet
  facet normal 3.3327e-1 9.4111e-1 5.6888e-2
    outer loop
      vertex 9.7340e+0 2.9958e+1 0.0000e+0
      vertex 5.3305e+0 1.6406e+1 2.5000e+2
      vertex 6.1818e+0 1.6104e+1 2.5000e+2
    endloop
  endfacet
  facet normal -3.2977e-1 -9.3125e-1 1.5503e-1
    outer loop
      vertex 5.1067e+0 1.3304e+1 2.5000e+2
      vertex 7.0419e+0 1.8345e+1 2.8440e+2
      vertex 4.4035e+0 1.3553e+1 2.5000e+2
    endloop
  endfacet
  facet normal -3.2977e-1 -9.3125e-1 1.5503e-1
    outer loop
      vertex 4.4035e+0 1.3553e+1 2.5000e+2
      vertex 7.0419e+0 1.8345e+1 2.8440e+2
      vertex 6.0722e+0 1.8688e+1 2.8440e+2
    endloop
  endfacet
  facet normal 3.2977e-1 9.3125e-1 -1.5503e-1
    outer loop
      vertex 6.1818e+0 1.6104e+1 2.5000e+2
      vertex 5.3305e+0 1.6406e+1 2.5000e+2
      vertex 8.1170e+0 2.1146e+1 2.8440e+2
    endloop
  endfacet
  facet normal 3.2977e-1 9.3125e-1 -1.5503e-1
    outer loop
      vertex 5.3305e+0 1.6406e+1 2.5000e+2
      vertex 6.9992e+0 2.1541e+1 2.8440e+2
      vertex 8.1170e+0 2.1146e+1 2.8440e+2
    endloop
  endfacet
  facet normal 0.0000e+0 0.0000e+0 -1.0000e+0
    outer loop
      vertex 1.0213e+1 2.6607e+1 0.0000e+0
      vertex 8.8070e+0 2.7105e+1 0.0000e+0
      vertex 1.1289e+1 2.9408e+1 0.0000e+0
    endloop
  endfacet
  facet normal 0.0000e+0 0.0000e+0 -1.0000e+0
    outer loop
      vertex 8.8070e+0 2.7105e+1 0.0000e+0
      vertex 9.7340e+0 2.9958e+1 0.0000e+0
      vertex 1.1289e+1 2.9408e+1 0.0000e+0
    endloop
  endfacet
  facet normal 0.0000e+0 0.0000e+0 1.0000e+0
    outer loop
      vertex 7.0419e+0 1.8345e+1 2.8440e+2
      vertex 8.1170e+0 2.1146e+1 2.8440e+2
      vertex 6.0722e+0 1.8688e+1 2.8440e+2
    endloop
  endfacet
  facet normal 0.0000e+0 0.0000e+0 1.0000e+0
    outer loop
      vertex 6.0722e+0 1.8688e+1 2.8440e+2
      vertex 8.1170e+0 2.1146e+1 2.8440e+2
      vertex 6.9992e+0 2.1541e+1 2.8440e+2
    endloop
  endfacet
  facet normal -2.8356e-1 -9.5727e-1 -5.6888e-2
    outer loop
      vertex 8.8070e+0 2.7105e+1 0.0000e+0
      vertex 4.4035e+0 1.3553e+1 2.5000e+2
      vertex 7.3763e+0 2.7529e+1 0.0000e+0
    endloop
  endfacet
  facet normal -2.8356e-1 -9.5727e-1 -5.6888e-2
    outer loop
      vertex 7.3763e+0 2.7529e+1 0.0000e+0
      vertex 4.4035e+0 1.3553e+1 2.5000e+2
      vertex 3.6882e+0 1.3764e+1 2.5000e+2
    endloop
  endfacet
  facet normal 2.8356e-1 9.5727e-1 5.6888e-2
    outer loop
      vertex 9.7340e+0 2.9958e+1 0.0000e+0
      vertex 8.1528e+0 3.0427e+1 0.0000e+0
      vertex 5.3305e+0 1.6406e+1 2.5000e+2
    endloop
  endfacet
  facet normal 2.8356e-1 9.5727e-1 5.6888e-2
    outer loop
      vertex 8.1528e+0 3.0427e+1 0.0000e+0
      vertex 4.4646e+0 1.6662e+1 2.5000e+2
      vertex 5.3305e+0 1.6406e+1 2.5000e+2
    endloop
  endfacet
  facet normal -2.8058e-1 -9.4723e-1 1.5503e-1
    outer loop
      vertex 4.4035e+0 1.3553e+1 2.5000e+2
      vertex 6.0722e+0 1.8688e+1 2.8440e+2
      vertex 3.6882e+0 1.3764e+1 2.5000e+2
    endloop
  endfacet
  facet normal -2.8058e-1 -9.4723e-1 1.5503e-1
    outer loop
      vertex 3.6882e+0 1.3764e+1 2.5000e+2
      vertex 6.0722e+0 1.8688e+1 2.8440e+2
      vertex 5.0858e+0 1.8980e+1 2.8440e+2
    endloop
  endfacet
  facet normal 2.8058e-1 9.4723e-1 -1.5503e-1
    outer loop
      vertex 5.3305e+0 1.6406e+1 2.5000e+2
      vertex 4.4646e+0 1.6662e+1 2.5000e+2
      vertex 6.9992e+0 2.1541e+1 2.8440e+2
    endloop
  endfacet
  facet normal 2.8058e-1 9.4723e-1 -1.5503e-1
    outer loop
      vertex 4.4646e+0 1.6662e+1 2.5000e+2
      vertex 5.8623e+0 2.1878e+1 2.8440e+2
      vertex 6.9992e+0 2.1541e+1 2.8440e+2
    endloop
  endfacet
  facet normal 0.0000e+0 0.0000e+0 -1.0000e+0
    outer loop
      vertex 8.8070e+0 2.7105e+1 0.0000e+0
      vertex 7.3763e+0 2.7529e+1 0.0000e+0
      vertex 9.7340e+0 2.9958e+1 0.0000e+0
    endloop
  endfacet
  facet normal 0.0000e+0 0.0000e+0 -1.0000e+0
    outer loop
      vertex 7.3763e+0 2.7529e+1 0.0000e+0
      vertex 8.1528e+0 3.0427e+1 0.0000e+0
      vertex 9.7340e+0 2.9958e+1 0.0000e+0
    endloop
  endfacet
  facet normal 0.0000e+0 0.0000e+0 1.0000e+0
    outer loop
      vertex 6.0722e+0 1.8688e+1 2.8440e+2
      vertex 6.9992e+0 2.1541e+1 2.8440e+2
      vertex 5.0858e+0 1.8980e+1 2.8440e+2
    endloop
  endfacet
  facet normal 0.0000e+0 0.0000e+0 1.0000e+0
    outer loop
      vertex 5.0858e+0 1.8980e+1 2.8440e+2
      vertex 6.9992e+0 2.1541e+1 2.8440e+2
      vertex 5.8623e+0 2.1878e+1 2.8440e+2
    endloop
  endfacet
  facet normal -2.3307e-1 -9.7080e-1 -5.6888e-2
    outer loop
      vertex 7.3763e+0 2.7529e+1 0.0000e+0
      vertex 3.6882e+0 1.3764e+1 2.5000e+2
      vertex 5.9255e+0 2.7877e+1 0.0000e+0
    endloop
  endfacet
  facet normal -2.3307e-1 -9.7080e-1 -5.6888e-2
    outer loop
      vertex 5.9255e+0 2.7877e+1 0.0000e+0
      vertex 3.6882e+0 1.3764e+1 2.5000e+2
      vertex 2.9627e+0 1.3939e+1 2.5000e+2
    endloop
  endfacet
  facet normal 2.3307e-1 9.7080e-1 5.6888e-2
    outer loop
      vertex 8.1528e+0 3.0427e+1 0.0000e+0
      vertex 6.5492e+0 3.0812e+1 0.0000e+0
      vertex 4.4646e+0 1.6662e+1 2.5000e+2
    endloop
  endfacet
  facet normal 2.3307e-1 9.7080e-1 5.6888e-2
    outer loop
      vertex 6.5492e+0 3.0812e+1 0.0000e+0
      vertex 3.5865e+0 1.6873e+1 2.5000e+2
      vertex 4.4646e+0 1.6662e+1 2.5000e+2
    endloop
  endfacet
  facet normal -2.3062e-1 -9.6061e-1 1.5503e-1
    outer loop
      vertex 3.6882e+0 1.3764e+1 2.5000e+2
      vertex 5.0858e+0 1.8980e+1 2.8440e+2
      vertex 2.9627e+0 1.3939e+1 2.5000e+2
    endloop
  endfacet
  facet normal -2.3062e-1 -9.6061e-1 1.5503e-1
    outer loop
      vertex 2.9627e+0 1.3939e+1 2.5000e+2
      vertex 5.0858e+0 1.8980e+1 2.8440e+2
      vertex 4.0855e+0 1.9221e+1 2.8440e+2
    endloop
  endfacet
  facet normal 2.3062e-1 9.6061e-1 -1.5503e-1
    outer loop
      vertex 4.4646e+0 1.6662e+1 2.5000e+2
      vertex 3.5865e+0 1.6873e+1 2.5000e+2
      vertex 5.8623e+0 2.1878e+1 2.8440e+2
    endloop
  endfacet
  facet normal 2.3062e-1 9.6061e-1 -1.5503e-1
    outer loop
      vertex 3.5865e+0 1.6873e+1 2.5000e+2
      vertex 4.7092e+0 2.2155e+1 2.8440e+2
      vertex 5.8623e+0 2.1878e+1 2.8440e+2
    endloop
  endfacet
  facet normal 0.0000e+0 0.0000e+0 -1.0000e+0
    outer loop
      vertex 7.3763e+0 2.7529e+1 0.0000e+0
      vertex 5.9255e+0 2.7877e+1 0.0000e+0
      vertex 8.1528e+0 3.0427e+1 0.0000e+0
    endloop
  endfacet
  facet normal 0.0000e+0 0.0000e+0 -1.0000e+0
    outer loop
      vertex 5.9255e+0 2.7877e+1 0.0000e+0
      vertex 6.5492e+0 3.0812e+1 0.0000e+0
      vertex 8.1528e+0 3.0427e+1 0.0000e+0
    endloop
  endfacet
  facet normal 0.0000e+0 0.0000e+0 1.0000e+0
    outer loop
      vertex 5.0858e+0 1.8980e+1 2.8440e+2
      vertex 5.8623e+0 2.1878e+1 2.8440e+2
      vertex 4.0855e+0 1.9221e+1 2.8440e+2
    endloop
  endfacet
  facet normal 0.0000e+0 0.0000e+0 1.0000e+0
    outer loop
      vertex 4.0855e+0 1.9221e+1 2.8440e+2
      vertex 5.8623e+0 2.1878e+1 2.8440e+2
      vertex 4.7092e+0 2.2155e+1 2.8440e+2
    endloop
  endfacet
  facet normal -1.8194e-1 -9.8166e-1 -5.6888e-2
    outer loop
      vertex 5.9255e+0 2.7877e+1 0.0000e+0
      vertex 2.9627e+0 1.3939e+1 2.5000e+2
      vertex 4.4584e+0 2.8149e+1 0.0000e+0
    endloop
  endfacet
  facet normal -1.8194e-1 -9.8166e-1 -5.6888e-2
    outer loop
      vertex 4.4584e+0 2.8149e+1 0.0000e+0
      vertex 2.9627e+0 1.3939e+1 2.5000e+2
      vertex 2.2292e+0 1.4075e+1 2.5000e+2
    endloop
  endfacet
  facet normal 1.8194e-1 9.8166e-1 5.6888e-2
    outer loop
      vertex 6.5492e+0 3.0812e+1 0.0000e+0
      vertex 4.9277e+0 3.1112e+1 0.0000e+0
      vertex 3.5865e+0 1.6873e+1 2.5000e+2
    endloop
  endfacet
  facet normal 1.8194e-1 9.8166e-1 5.6888e-2
    outer loop
      vertex 4.9277e+0 3.1112e+1 0.0000e+0
      vertex 2.6985e+0 1.7038e+1 2.5000e+2
      vertex 3.5865e+0 1.6873e+1 2.5000e+2
    endloop
  endfacet
  facet normal -1.8003e-1 -9.7137e-1 1.5503e-1
    outer loop
      vertex 2.9627e+0 1.3939e+1 2.5000e+2
      vertex 4.0855e+0 1.9221e+1 2.8440e+2
      vertex 2.2292e+0 1.4075e+1 2.5000e+2
    endloop
  endfacet
  facet normal -1.8003e-1 -9.7137e-1 1.5503e-1
    outer loop
      vertex 2.2292e+0 1.4075e+1 2.5000e+2
      vertex 4.0855e+0 1.9221e+1 2.8440e+2
      vertex 3.0739e+0 1.9408e+1 2.8440e+2
    endloop
  endfacet
  facet normal 1.8003e-1 9.7137e-1 -1.5503e-1
    outer loop
      vertex 3.5865e+0 1.6873e+1 2.5000e+2
      vertex 2.6985e+0 1.7038e+1 2.5000e+2
      vertex 4.7092e+0 2.2155e+1 2.8440e+2
    endloop
  endfacet
  facet normal 1.8003e-1 9.7137e-1 -1.5503e-1
    outer loop
      vertex 2.6985e+0 1.7038e+1 2.5000e+2
      vertex 3.5432e+0 2.2371e+1 2.8440e+2
      vertex 4.7092e+0 2.2155e+1 2.8440e+2
    endloop
  endfacet
  facet normal 0.0000e+0 0.0000e+0 -1.0000e+0
    outer loop
      vertex 5.9255e+0 2.7877e+1 0.0000e+0
      vertex 4.4584e+0 2.8149e+1 0.0000e+0
      vertex 6.5492e+0 3.0812e+1 0.0000e+0
    endloop
  endfacet
  facet normal 0.0000e+0 0.0000e+0 -1.0000e+0
    outer loop
      vertex 4.4584e+0 2.8149e+1 0.0000e+0
      vertex 4.9277e+0 3.1112e+1 0.0000e+0
      vertex 6.5492e+0 3.0812e+1 0.0000e+0
    endloop
  endfacet
  facet normal 0.0000e+0 0.0000e+0 1.0000e+0
    outer loop
      vertex 4.0855e+0 1.9221e+1 2.8440e+2
      vertex 4.7092e+0 2.2155e+1 2.8440e+2
      vertex 3.0739e+0 1.9408e+1 2.8440e+2
    endloop
  endfacet
  facet normal 0.0000e+0 0.0000e+0 1.0000e+0
    outer loop
      vertex 3.0739e+0 1.9408e+1 2.8440e+2
      vertex 4.7092e+0 2.2155e+1 2.8440e+2
      vertex 3.5432e+0 2.2371e+1 2.8440e+2
    endloop
  endfacet
  facet normal -1.3031e-1 -9.8984e-1 -5.6888e-2
    outer loop
      vertex 4.4584e+0 2.8149e+1 0.0000e+0
      vertex 2.2292e+0 1.4075e+1 2.5000e+2
      vertex 2.9791e+0 2.8344e+1 0.0000e+0
    endloop
  endfacet
  facet normal -1.3031e-1 -9.8984e-1 -5.6888e-2
    outer loop
      vertex 2.9791e+0 2.8344e+1 0.0000e+0
      vertex 2.2292e+0 1.4075e+1 2.5000e+2
      vertex 1.4895e+0 1.4172e+1 2.5000e+2
    endloop
  endfacet
  facet normal 1.3031e-1 9.8984e-1 5.6888e-2
    outer loop
      vertex 4.9277e+0 3.1112e+1 0.0000e+0
      vertex 3.2926e+0 3.1327e+1 0.0000e+0
      vertex 2.6985e+0 1.7038e+1 2.5000e+2
    endloop
  endfacet
  facet normal 1.3031e-1 9.8984e-1 5.6888e-2
    outer loop
      vertex 3.2926e+0 3.1327e+1 0.0000e+0
      vertex 1.8031e+0 1.7156e+1 2.5000e+2
      vertex 2.6985e+0 1.7038e+1 2.5000e+2
    endloop
  endfacet
  facet normal -1.2895e-1 -9.7946e-1 1.5503e-1
    outer loop
      vertex 2.2292e+0 1.4075e+1 2.5000e+2
      vertex 3.0739e+0 1.9408e+1 2.8440e+2
      vertex 1.4895e+0 1.4172e+1 2.5000e+2
    endloop
  endfacet
  facet normal -1.2895e-1 -9.7946e-1 1.5503e-1
    outer loop
      vertex 1.4895e+0 1.4172e+1 2.5000e+2
      vertex 3.0739e+0 1.9408e+1 2.8440e+2
      vertex 2.0540e+0 1.9542e+1 2.8440e+2
    endloop
  endfacet
  facet normal 1.2895e-1 9.7946e-1 -1.5503e-1
    outer loop
      vertex 2.6985e+0 1.7038e+1 2.5000e+2
      vertex 1.8031e+0 1.7156e+1 2.5000e+2
      vertex 3.5432e+0 2.2371e+1 2.8440e+2
    endloop
  endfacet
  facet normal 1.2895e-1 9.7946e-1 -1.5503e-1
    outer loop
      vertex 1.8031e+0 1.7156e+1 2.5000e+2
      vertex 2.3676e+0 2.2526e+1 2.8440e+2
      vertex 3.5432e+0 2.2371e+1 2.8440e+2
    endloop
  endfacet
  facet normal 0.0000e+0 0.0000e+0 -1.0000e+0
    outer loop
      vertex 4.4584e+0 2.8149e+1 0.0000e+0
      vertex 2.9791e+0 2.8344e+1 0.0000e+0
      vertex 4.9277e+0 3.1112e+1 0.0000e+0
    endloop
  endfacet
  facet normal 0.0000e+0 0.0000e+0 -1.0000e+0
    outer loop
      vertex 2.9791e+0 2.8344e+1 0.0000e+0
      vertex 3.2926e+0 3.1327e+1 0.0000e+0
      vertex 4.9277e+0 3.1112e+1 0.0000e+0
    endloop
  endfacet
  facet normal 0.0000e+0 0.0000e+0 1.0000e+0
    outer loop
      vertex 3.0739e+0 1.9408e+1 2.8440e+2
      vertex 3.5432e+0 2.2371e+1 2.8440e+2
      vertex 2.0540e+0 1.9542e+1 2.8440e+2
    endloop
  endfacet
  facet normal 0.0000e+0 0.0000e+0 1.0000e+0
    outer loop
      vertex 2.0540e+0 1.9542e+1 2.8440e+2
      vertex 3.5432e+0 2.2371e+1 2.8440e+2
      vertex 2.3676e+0 2.2526e+1 2.8440e+2
    endloop
  endfacet
  facet normal -7.8332e-2 -9.9530e-1 -5.6888e-2
    outer loop
      vertex 2.9791e+0 2.8344e+1 0.0000e+0
      vertex 1.4895e+0 1.4172e+1 2.5000e+2
      vertex 1.4916e+0 2.8461e+1 0.0000e+0
    endloop
  endfacet
  facet normal -7.8332e-2 -9.9530e-1 -5.6888e-2
    outer loop
      vertex 1.4916e+0 2.8461e+1 0.0000e+0
      vertex 1.4895e+0 1.4172e+1 2.5000e+2
      vertex 7.4579e-1 1.4230e+1 2.5000e+2
    endloop
  endfacet
  facet normal 7.8332e-2 9.9530e-1 5.6888e-2
    outer loop
      vertex 3.2926e+0 3.1327e+1 0.0000e+0
      vertex 1.6486e+0 3.1457e+1 0.0000e+0
      vertex 1.8031e+0 1.7156e+1 2.5000e+2
    endloop
  endfacet
  facet normal 7.8332e-2 9.9530e-1 5.6888e-2
    outer loop
      vertex 1.6486e+0 3.1457e+1 0.0000e+0
      vertex 9.0280e-1 1.7226e+1 2.5000e+2
      vertex 1.8031e+0 1.7156e+1 2.5000e+2
    endloop
  endfacet
  facet normal -7.7511e-2 -9.8487e-1 1.5503e-1
    outer loop
      vertex 1.4895e+0 1.4172e+1 2.5000e+2
      vertex 2.0540e+0 1.9542e+1 2.8440e+2
      vertex 7.4579e-1 1.4230e+1 2.5000e+2
    endloop
  endfacet
  facet normal -7.7511e-2 -9.8487e-1 1.5503e-1
    outer loop
      vertex 7.4579e-1 1.4230e+1 2.5000e+2
      vertex 2.0540e+0 1.9542e+1 2.8440e+2
      vertex 1.0284e+0 1.9623e+1 2.8440e+2
    endloop
  endfacet
  facet normal 7.7511e-2 9.8487e-1 -1.5503e-1
    outer loop
      vertex 1.8031e+0 1.7156e+1 2.5000e+2
      vertex 9.0280e-1 1.7226e+1 2.5000e+2
      vertex 2.3676e+0 2.2526e+1 2.8440e+2
    endloop
  endfacet
  facet normal 7.7511e-2 9.8487e-1 -1.5503e-1
    outer loop
      vertex 9.0280e-1 1.7226e+1 2.5000e+2
      vertex 1.1854e+0 2.2619e+1 2.8440e+2
      vertex 2.3676e+0 2.2526e+1 2.8440e+2
    endloop
  endfacet
  facet normal 0.0000e+0 0.0000e+0 -1.0000e+0
    outer loop
      vertex 2.9791e+0 2.8344e+1 0.0000e+0
      vertex 1.4916e+0 2.8461e+1 0.0000e+0
      vertex 3.2926e+0 3.1327e+1 0.0000e+0
    endloop
  endfacet
  facet normal 0.0000e+0 0.0000e+0 -1.0000e+0
    outer loop
      vertex 1.4916e+0 2.8461e+1 0.0000e+0
      vertex 1.6486e+0 3.1457e+1 0.0000e+0
      vertex 3.2926e+0 3.1327e+1 0.0000e+0
    endloop
  endfacet
  facet normal 0.0000e+0 0.0000e+0 1.0000e+0
    outer loop
      vertex 2.0540e+0 1.9542e+1 2.8440e+2
      vertex 2.3676e+0 2.2526e+1 2.8440e+2
      vertex 1.0284e+0 1.9623e+1 2.8440e+2
    endloop
  endfacet
  facet normal 0.0000e+0 0.0000e+0 1.0000e+0
    outer loop
      vertex 1.0284e+0 1.9623e+1 2.8440e+2
      vertex 2.3676e+0 2.2526e+1 2.8440e+2
      vertex 1.1854e+0 2.2619e+1 2.8440e+2
    endloop
  endfacet
  facet normal -2.6135e-2 -9.9804e-1 -5.6888e-2
    outer loop
      vertex 1.4916e+0 2.8461e+1 0.0000e+0
      vertex 7.4579e-1 1.4230e+1 2.5000e+2
      vertex 1.7451e-15 2.8500e+1 0.0000e+0
    endloop
  endfacet
  facet normal -2.6135e-2 -9.9804e-1 -5.6888e-2
    outer loop
      vertex 1.7451e-15 2.8500e+1 0.0000e+0
      vertex 7.4579e-1 1.4230e+1 2.5000e+2
      vertex 8.7256e-16 1.4250e+1 2.5000e+2
    endloop
  endfacet
  facet normal 2.6135e-2 9.9804e-1 5.6888e-2
    outer loop
      vertex 1.6486e+0 3.1457e+1 0.0000e+0
      vertex 1.9288e-15 3.1500e+1 0.0000e+0
      vertex 9.0280e-1 1.7226e+1 2.5000e+2
    endloop
  endfacet
  facet normal 2.6135e-2 9.9804e-1 5.6888e-2
    outer loop
      vertex 1.9288e-15 3.1500e+1 0.0000e+0
      vertex 1.0563e-15 1.7250e+1 2.5000e+2
      vertex 9.0280e-1 1.7226e+1 2.5000e+2
    endloop
  endfacet
  facet normal -2.5860e-2 -9.8757e-1 1.5503e-1
    outer loop
      vertex 7.4579e-1 1.4230e+1 2.5000e+2
      vertex 1.0284e+0 1.9623e+1 2.8440e+2
      vertex 8.7256e-16 1.4250e+1 2.5000e+2
    endloop
  endfacet
  facet normal -2.5860e-2 -9.8757e-1 1.5503e-1
    outer loop
      vertex 8.7256e-16 1.4250e+1 2.5000e+2
      vertex 1.0284e+0 1.9623e+1 2.8440e+2
      vertex 1.2032e-15 1.9650e+1 2.8440e+2
    endloop
  endfacet
  facet normal 2.5860e-2 9.8757e-1 -1.5503e-1
    outer loop
      vertex 9.0280e-1 1.7226e+1 2.5000e+2
      vertex 1.0563e-15 1.7250e+1 2.5000e+2
      vertex 1.1854e+0 2.2619e+1 2.8440e+2
    endloop
  endfacet
  facet normal 2.5860e-2 9.8757e-1 -1.5503e-1
    outer loop
      vertex 1.0563e-15 1.7250e+1 2.5000e+2
      vertex 1.3869e-15 2.2650e+1 2.8440e+2
      vertex 1.1854e+0 2.2619e+1 2.8440e+2
    endloop
  endfacet
  facet normal 0.0000e+0 0.0000e+0 -1.0000e+0
    outer loop
      vertex 1.4916e+0 2.8461e+1 0.0000e+0
      vertex 1.7451e-15 2.8500e+1 0.0000e+0
      vertex 1.6486e+0 3.1457e+1 0.0000e+0
    endloop
  endfacet
  facet normal 0.0000e+0 0.0000e+0 -1.0000e+0
    outer loop
      vertex 1.7451e-15 2.8500e+1 0.0000e+0
      vertex 1.9288e-15 3.1500e+1 0.0000e+0
      vertex 1.6486e+0 3.1457e+1 0.0000e+0
    endloop
  endfacet
  facet normal 0.0000e+0 0.0000e+0 1.0000e+0
    outer loop
      vertex 1.0284e+0 1.9623e+1 2.8440e+2
      vertex 1.1854e+0 2.2619e+1 2.8440e+2
      vertex 1.2032e-15 1.9650e+1 2.8440e+2
    endloop
  endfacet
  facet normal 0.0000e+0 0.0000e+0 1.0000e+0
    outer loop
      vertex 1.2032e-15 1.9650e+1 2.8440e+2
      vertex 1.1854e+0 2.2619e+1 2.8440e+2
      vertex 1.3869e-15 2.2650e+1 2.8440e+2
    endloop
  endfacet
  facet normal 2.6135e-2 -9.9804e-1 -5.6888e-2
    outer loop
      vertex 1.7451e-15 2.8500e+1 0.0000e+0
      vertex 8.7256e-16 1.4250e+1 2.5000e+2
      vertex -1.4916e+0 2.8461e+1 0.0000e+0
    endloop
  endfacet
  facet normal 2.6135e-2 -9.9804e-1 -5.6888e-2
    outer loop
      vertex -1.4916e+0 2.8461e+1 0.0000e+0
      vertex 8.7256e-16 1.4250e+1 2.5000e+2
      vertex -7.4579e-1 1.4230e+1 2.5000e+2
    endloop
  endfacet
  facet normal -2.6135e-2 9.9804e-1 5.6888e-2
    outer loop
      vertex 1.9288e-15 3.1500e+1 0.0000e+0
      vertex -1.6486e+0 3.1457e+1 0.0000e+0
      vertex 1.0563e-15 1.7250e+1 2.5000e+2
    endloop
  endfacet
  facet normal -2.6135e-2 9.9804e-1 5.6888e-2
    outer loop
      vertex -1.6486e+0 3.1457e+1 0.0000e+0
      vertex -9.0280e-1 1.7226e+1 2.5000e+2
      vertex 1.0563e-15 1.7250e+1 2.5000e+2
    endloop
  endfacet
  facet normal 2.5860e-2 -9.8757e-1 1.5503e-1
    outer loop
      vertex 8.7256e-16 1.4250e+1 2.5000e+2
      vertex 1.2032e-15 1.9650e+1 2.8440e+2
      vertex -7.4579e-1 1.4230e+1 2.5000e+2
    endloop
  endfacet
  facet normal 2.5860e-2 -9.8757e-1 1.5503e-1
    outer loop
      vertex -7.4579e-1 1.4230e+1 2.5000e+2
      vertex 1.2032e-15 1.9650e+1 2.8440e+2
      vertex -1.0284e+0 1.9623e+1 2.8440e+2
    endloop
  endfacet
  facet normal -2.5860e-2 9.8757e-1 -1.5503e-1
    outer loop
      vertex 1.0563e-15 1.7250e+1 2.5000e+2
      vertex -9.0280e-1 1.7226e+1 2.5000e+2
      vertex 1.3869e-15 2.2650e+1 2.8440e+2
    endloop
  endfacet
  facet normal -2.5860e-2 9.8757e-1 -1.5503e-1
    outer loop
      vertex -9.0280e-1 1.7226e+1 2.5000e+2
      vertex -1.1854e+0 2.2619e+1 2.8440e+2
      vertex 1.3869e-15 2.2650e+1 2.8440e+2
    endloop
  endfacet
  facet normal 0.0000e+0 0.0000e+0 -1.0000e+0
    outer loop
      vertex 1.7451e-15 2.8500e+1 0.0000e+0
      vertex -1.4916e+0 2.8461e+1 0.0000e+0
      vertex 1.9288e-15 3.1500e+1 0.0000e+0
    endloop
  endfacet
  facet normal 0.0000e+0 0.0000e+0 -1.0000e+0
    outer loop
      vertex -1.4916e+0 2.8461e+1 0.0000e+0
      vertex -1.6486e+0 3.1457e+1 0.0000e+0
      vertex 1.9288e-15 3.1500e+1 0.0000e+0
    endloop
  endfacet
  facet normal 0.0000e+0 0.0000e+0 1.0000e+0
    outer loop
      vertex 1.2032e-15 1.9650e+1 2.8440e+2
      vertex 1.3869e-15 2.2650e+1 2.8440e+2
      vertex -1.0284e+0 1.9623e+1 2.8440e+2
    endloop
  endfacet
  facet normal 0.0000e+0 0.0000e+0 1.0000e+0
    outer loop
      vertex -1.0284e+0 1.9623e+1 2.8440e+2
      vertex 1.3869e-15 2.2650e+1 2.8440e+2
      vertex -1.1854e+0 2.2619e+1 2.8440e+2
    endloop
  endfacet
  facet normal 7.8332e-2 -9.9530e-1 -5.6888e-2
    outer loop
      vertex -1.4916e+0 2.8461e+1 0.0000e+0
      vertex -7.4579e-1 1.4230e+1 2.5000e+2
      vertex -2.9791e+0 2.8344e+1 0.0000e+0
    endloop
  endfacet
  facet normal 7.8332e-2 -9.9530e-1 -5.6888e-2
    outer loop
      vertex -2.9791e+0 2.8344e+1 0.0000e+0
      vertex -7.4579e-1 1.4230e+1 2.5000e+2
      vertex -1.4895e+0 1.4172e+1 2.5000e+2
    endloop
  endfacet
  facet normal -7.8332e-2 9.9530e-1 5.6888e-2
    outer loop
      vertex -1.6486e+0 3.1457e+1 0.0000e+0
      vertex -3.2926e+0 3.1327e+1 0.0000e+0
      vertex -9.0280e-1 1.7226e+1 2.5000e+2
    endloop
  endfacet
  facet normal -7.8332e-2 9.9530e-1 5.6888e-2
    outer loop
      vertex -3.2926e+0 3.1327e+1 0.0000e+0
      vertex -1.8031e+0 1.7156e+1 2.5000e+2
      vertex -9.0280e-1 1.7226e+1 2.5000e+2
    endloop
  endfacet
  facet normal 7.7511e-2 -9.8487e-1 1.5503e-1
    outer loop
      vertex -7.4579e-1 1.4230e+1 2.5000e+2
      vertex -1.0284e+0 1.9623e+1 2.8440e+2
      vertex -1.4895e+0 1.4172e+1 2.5000e+2
    endloop
  endfacet
  facet normal 7.7511e-2 -9.8487e-1 1.5503e-1
    outer loop
      vertex -1.4895e+0 1.4172e+1 2.5000e+2
      vertex -1.0284e+0 1.9623e+1 2.8440e+2
      vertex -2.0540e+0 1.9542e+1 2.8440e+2
    endloop
  endfacet
  facet normal -7.7511e-2 9.8487e-1 -1.5503e-1
    outer loop
      vertex -9.0280e-1 1.7226e+1 2.5000e+2
      vertex -1.8031e+0 1.7156e+1 2.5000e+2
      vertex -1.1854e+0 2.2619e+1 2.8440e+2
    endloop
  endfacet
  facet normal -7.7511e-2 9.8487e-1 -1.5503e-1
    outer loop
      vertex -1.8031e+0 1.7156e+1 2.5000e+2
      vertex -2.3676e+0 2.2526e+1 2.8440e+2
      vertex -1.1854e+0 2.2619e+1 2.8440e+2
    endloop
  endfacet
  facet normal 0.0000e+0 0.0000e+0 -1.0000e+0
    outer loop
      vertex -1.4916e+0 2.8461e+1 0.0000e+0
      vertex -2.9791e+0 2.8344e+1 0.0000e+0
      vertex -1.6486e+0 3.1457e+1 0.0000e+0
    endloop
  endfacet
  facet normal 0.0000e+0 0.0000e+0 -1.0000e+0
    outer loop
      vertex -2.9791e+0 2.8344e+1 0.0000e+0
      vertex -3.2926e+0 3.1327e+1 0.0000e+0
      vertex -1.6486e+0 3.1457e+1 0.0000e+0
    endloop
  endfacet
  facet normal 0.0000e+0 0.0000e+0 1.0000e+0
    outer loop
      vertex -1.0284e+0 1.9623e+1 2.8440e+2
      vertex -1.1854e+0 2.2619e+1 2.8440e+2
      vertex -2.0540e+0 1.9542e+1 2.8440e+2
    endloop
  endfacet
  facet normal 0.0000e+0 0.0000e+0 1.0000e+0
    outer loop
      vertex -2.0540e+0 1.9542e+1 2.8440e+2
      vertex -1.1854e+0 2.2619e+1 2.8440e+2
      vertex -2.3676e+0 2.2526e+1 2.8440e+2
    endloop
  endfacet
  facet normal 1.3031e-1 -9.8984e-1 -5.6888e-2
    outer loop
      vertex -2.9791e+0 2.8344e+1 0.0000e+0
      vertex -1.4895e+0 1.4172e+1 2.5000e+2
      vertex -4.4584e+0 2.8149e+1 0.0000e+0
    endloop
  endfacet
  facet normal 1.3031e-1 -9.8984e-1 -5.6888e-2
    outer loop
      vertex -4.4584e+0 2.8149e+1 0.0000e+0
      vertex -1.4895e+0 1.4172e+1 2.5000e+2
      vertex -2.2292e+0 1.4075e+1 2.5000e+2
    endloop
  endfacet
  facet normal -1.3031e-1 9.8984e-1 5.6888e-2
    outer loop
      vertex -3.2926e+0 3.1327e+1 0.0000e+0
      vertex -4.9277e+0 3.1112e+1 0.0000e+0
      vertex -1.8031e+0 1.7156e+1 2.5000e+2
    endloop
  endfacet
  facet normal -1.3031e-1 9.8984e-1 5.6888e-2
    outer loop
      vertex -4.9277e+0 3.1112e+1 0.0000e+0
      vertex -2.6985e+0 1.7038e+1 2.5000e+2
      vertex -1.8031e+0 1.7156e+1 2.5000e+2
    endloop
  endfacet
  facet normal 1.2895e-1 -9.7946e-1 1.5503e-1
    outer loop
      vertex -1.4895e+0 1.4172e+1 2.5000e+2
      vertex -2.0540e+0 1.9542e+1 2.8440e+2
      vertex -2.2292e+0 1.4075e+1 2.5000e+2
    endloop
  endfacet
  facet normal 1.2895e-1 -9.7946e-1 1.5503e-1
    outer loop
      vertex -2.2292e+0 1.4075e+1 2.5000e+2
      vertex -2.0540e+0 1.9542e+1 2.8440e+2
      vertex -3.0739e+0 1.9408e+1 2.8440e+2
    endloop
  endfacet
  facet normal -1.2895e-1 9.7946e-1 -1.5503e-1
    outer loop
      vertex -1.8031e+0 1.7156e+1 2.5000e+2
      vertex -2.6985e+0 1.7038e+1 2.5000e+2
      vertex -2.3676e+0 2.2526e+1 2.8440e+2
    endloop
  endfacet
  facet normal -1.2895e-1 9.7946e-1 -1.5503e-1
    outer loop
      vertex -2.6985e+0 1.7038e+1 2.5000e+2
      vertex -3.5432e+0 2.2371e+1 2.8440e+2
      vertex -2.3676e+0 2.2526e+1 2.8440e+2
    endloop
  endfacet
  facet normal 0.0000e+0 0.0000e+0 -1.0000e+0
    outer loop
      vertex -2.9791e+0 2.8344e+1 0.0000e+0
      vertex -4.4584e+0 2.8149e+1 0.0000e+0
      vertex -3.2926e+0 3.1327e+1 0.0000e+0
    endloop
  endfacet
  facet normal 0.0000e+0 0.0000e+0 -1.0000e+0
    outer loop
      vertex -4.4584e+0 2.8149e+1 0.0000e+0
      vertex -4.9277e+0 3.1112e+1 0.0000e+0
      vertex -3.2926e+0 3.1327e+1 0.0000e+0
    endloop
  endfacet
  facet normal 0.0000e+0 0.0000e+0 1.0000e+0
    outer loop
      vertex -2.0540e+0 1.9542e+1 2.8440e+2
      vertex -2.3676e+0 2.2526e+1 2.8440e+2
      vertex -3.0739e+0 1.9408e+1 2.8440e+2
    endloop
  endfacet
  facet normal 0.0000e+0 0.0000e+0 1.0000e+0
    outer loop
      vertex -3.0739e+0 1.9408e+1 2.8440e+2
      vertex -2.3676e+0 2.2526e+1 2.8440e+2
      vertex -3.5432e+0 2.2371e+1 2.8440e+2
    endloop
  endfacet
  facet normal 1.8194e-1 -9.8166e-1 -5.6888e-2
    outer loop
      vertex -4.4584e+0 2.8149e+1 0.0000e+0
      vertex -2.2292e+0 1.4075e+1 2.5000e+2
      vertex -5.9255e+0 2.7877e+1 0.0000e+0
    endloop
  endfacet
  facet normal 1.8194e-1 -9.8166e-1 -5.6888e-2
    outer loop
      vertex -5.9255e+0 2.7877e+1 0.0000e+0
      vertex -2.2292e+0 1.4075e+1 2.5000e+2
      vertex -2.9627e+0 1.3939e+1 2.5000e+2
    endloop
  endfacet
  facet normal -1.8194e-1 9.8166e-1 5.6888e-2
    outer loop
      vertex -4.9277e+0 3.1112e+1 0.0000e+0
      vertex -6.5492e+0 3.0812e+1 0.0000e+0
      vertex -2.6985e+0 1.7038e+1 2.5000e+2
    endloop
  endfacet
  facet normal -1.8194e-1 9.8166e-1 5.6888e-2
    outer loop
      vertex -6.5492e+0 3.0812e+1 0.0000e+0
      vertex -3.5865e+0 1.6873e+1 2.5000e+2
      vertex -2.6985e+0 1.7038e+1 2.5000e+2
    endloop
  endfacet
  facet normal 1.8003e-1 -9.7137e-1 1.5503e-1
    outer loop
      vertex -2.2292e+0 1.4075e+1 2.5000e+2
      vertex -3.0739e+0 1.9408e+1 2.8440e+2
      vertex -2.9627e+0 1.3939e+1 2.5000e+2
    endloop
  endfacet
  facet normal 1.8003e-1 -9.7137e-1 1.5503e-1
    outer loop
      vertex -2.9627e+0 1.3939e+1 2.5000e+2
      vertex -3.0739e+0 1.9408e+1 2.8440e+2
      vertex -4.0855e+0 1.9221e+1 2.8440e+2
    endloop
  endfacet
  facet normal -1.8003e-1 9.7137e-1 -1.5503e-1
    outer loop
      vertex -2.6985e+0 1.7038e+1 2.5000e+2
      vertex -3.5865e+0 1.6873e+1 2.5000e+2
      vertex -3.5432e+0 2.2371e+1 2.8440e+2
    endloop
  endfacet
  facet normal -1.8003e-1 9.7137e-1 -1.5503e-1
    outer loop
      vertex -3.5865e+0 1.6873e+1 2.5000e+2
      vertex -4.7092e+0 2.2155e+1 2.8440e+2
      vertex -3.5432e+0 2.2371e+1 2.8440e+2
    endloop
  endfacet
  facet normal 0.0000e+0 0.0000e+0 -1.0000e+0
    outer loop
      vertex -4.4584e+0 2.8149e+1 0.0000e+0
      vertex -5.9255e+0 2.7877e+1 0.0000e+0
      vertex -4.9277e+0 3.1112e+1 0.0000e+0
    endloop
  endfacet
  facet normal 0.0000e+0 0.0000e+0 -1.0000e+0
    outer loop
      vertex -5.9255e+0 2.7877e+1 0.0000e+0
      vertex -6.5492e+0 3.0812e+1 0.0000e+0
      vertex -4.9277e+0 3.1112e+1 0.0000e+0
    endloop
  endfacet
  facet normal 0.0000e+0 0.0000e+0 1.0000e+0
    outer loop
      vertex -3.0739e+0 1.9408e+1 2.8440e+2
      vertex -3.5432e+0 2.2371e+1 2.8440e+2
      vertex -4.0855e+0 1.9221e+1 2.8440e+2
    endloop
  endfacet
  facet normal 0.0000e+0 0.0000e+0 1.0000e+0
    outer loop
      vertex -4.0855e+0 1.9221e+1 2.8440e+2
      vertex -3.5432e+0 2.2371e+1 2.8440e+2
      vertex -4.7092e+0 2.2155e+1 2.8440e+2
    endloop
  endfacet
  facet normal 2.3307e-1 -9.7080e-1 -5.6888e-2
    outer loop
      vertex -5.9255e+0 2.7877e+1 0.0000e+0
      vertex -2.9627e+0 1.3939e+1 2.5000e+2
      vertex -7.3763e+0 2.7529e+1 0.0000e+0
    endloop
  endfacet
  facet normal 2.3307e-1 -9.7080e-1 -5.6888e-2
    outer loop
      vertex -7.3763e+0 2.7529e+1 0.0000e+0
      vertex -2.9627e+0 1.3939e+1 2.5000e+2
      vertex -3.6882e+0 1.3764e+1 2.5000e+2
    endloop
  endfacet
  facet normal -2.3307e-1 9.7080e-1 5.6888e-2
    outer loop
      vertex -6.5492e+0 3.0812e+1 0.0000e+0
      vertex -8.1528e+0 3.0427e+1 0.0000e+0
      vertex -3.5865e+0 1.6873e+1 2.5000e+2
    endloop
  endfacet
  facet normal -2.3307e-1 9.7080e-1 5.6888e-2
    outer loop
      vertex -8.1528e+0 3.0427e+1 0.0000e+0
      vertex -4.4646e+0 1.6662e+1 2.5000e+2
      vertex -3.5865e+0 1.6873e+1 2.5000e+2
    endloop
  endfacet
  facet normal 2.3062e-1 -9.6061e-1 1.5503e-1
    outer loop
      vertex -2.9627e+0 1.3939e+1 2.5000e+2
      vertex -4.0855e+0 1.9221e+1 2.8440e+2
      vertex -3.6882e+0 1.3764e+1 2.5000e+2
    endloop
  endfacet
  facet normal 2.3062e-1 -9.6061e-1 1.5503e-1
    outer loop
      vertex -3.6882e+0 1.3764e+1 2.5000e+2
      vertex -4.0855e+0 1.9221e+1 2.8440e+2
      vertex -5.0858e+0 1.8980e+1 2.8440e+2
    endloop
  endfacet
  facet normal -2.3062e-1 9.6061e-1 -1.5503e-1
    outer loop
      vertex -3.5865e+0 1.6873e+1 2.5000e+2
      vertex -4.4646e+0 1.6662e+1 2.5000e+2
      vertex -4.7092e+0 2.2155e+1 2.8440e+2
    endloop
  endfacet
  facet normal -2.3062e-1 9.6061e-1 -1.5503e-1
    outer loop
      vertex -4.4646e+0 1.6662e+1 2.5000e+2
      vertex -5.8623e+0 2.1878e+1 2.8440e+2
      vertex -4.7092e+0 2.2155e+1 2.8440e+2
    endloop
  endfacet
  facet normal 0.0000e+0 0.0000e+0 -1.0000e+0
    outer loop
      vertex -5.9255e+0 2.7877e+1 0.0000e+0
      vertex -7.3763e+0 2.7529e+1 0.0000e+0
      vertex -6.5492e+0 3.0812e+1 0.0000e+0
    endloop
  endfacet
  facet normal 0.0000e+0 0.0000e+0 -1.0000e+0
    outer loop
      vertex -7.3763e+0 2.7529e+1 0.0000e+0
      vertex -8.1528e+0 3.0427e+1 0.0000e+0
      vertex -6.5492e+0 3.0812e+1 0.0000e+0
    endloop
  endfacet
  facet normal 0.0000e+0 0.0000e+0 1.0000e+0
    outer loop
      vertex -4.0855e+0 1.9221e+1 2.8440e+2
      vertex -4.7092e+0 2.2155e+1 2.8440e+2
      vertex -5.0858e+0 1.8980e+1 2.8440e+2
    endloop
  endfacet
  facet normal 0.0000e+0 0.0000e+0 1.0000e+0
    outer loop
      vertex -5.0858e+0 1.8980e+1 2.8440e+2
      vertex -4.7092e+0 2.2155e+1 2.8440e+2
      vertex -5.8623e+0 2.1878e+1 2.8440e+2
    endloop
  endfacet
  facet normal 2.8356e-1 -9.5727e-1 -5.6888e-2
    outer loop
      vertex -7.3763e+0 2.7529e+1 0.0000e+0
      vertex -3.6882e+0 1.3764e+1 2.5000e+2
      vertex -8.8070e+0 2.7105e+1 0.0000e+0
    endloop
  endfacet
  facet normal 2.8356e-1 -9.5727e-1 -5.6888e-2
    outer loop
      vertex -8.8070e+0 2.7105e+1 0.0000e+0
      vertex -3.6882e+0 1.3764e+1 2.5000e+2
      vertex -4.4035e+0 1.3553e+1 2.5000e+2
    endloop
  endfacet
  facet normal -2.8356e-1 9.5727e-1 5.6888e-2
    outer loop
      vertex -8.1528e+0 3.0427e+1 0.0000e+0
      vertex -9.7340e+0 2.9958e+1 0.0000e+0
      vertex -4.4646e+0 1.6662e+1 2.5000e+2
    endloop
  endfacet
  facet normal -2.8356e-1 9.5727e-1 5.6888e-2
    outer loop
      vertex -9.7340e+0 2.9958e+1 0.0000e+0
      vertex -5.3305e+0 1.6406e+1 2.5000e+2
      vertex -4.4646e+0 1.6662e+1 2.5000e+2
    endloop
  endfacet
  facet normal 2.8058e-1 -9.4723e-1 1.5503e-1
    outer loop
      vertex -3.6882e+0 1.3764e+1 2.5000e+2
      vertex -5.0858e+0 1.8980e+1 2.8440e+2
      vertex -4.4035e+0 1.3553e+1 2.5000e+2
    endloop
  endfacet
  facet normal 2.8058e-1 -9.4723e-1 1.5503e-1
    outer loop
      vertex -4.4035e+0 1.3553e+1 2.5000e+2
      vertex -5.0858e+0 1.8980e+1 2.8440e+2
      vertex -6.0722e+0 1.8688e+1 2.8440e+2
    endloop
  endfacet
  facet normal -2.8058e-1 9.4723e-1 -1.5503e-1
    outer loop
      vertex -4.4646e+0 1.6662e+1 2.5000e+2
      vertex -5.3305e+0 1.6406e+1 2.5000e+2
      vertex -5.8623e+0 2.1878e+1 2.8440e+2
    endloop
  endfacet
  facet normal -2.8058e-1 9.4723e-1 -1.5503e-1
    outer loop
      vertex -5.3305e+0 1.6406e+1 2.5000e+2
      vertex -6.9992e+0 2.1541e+1 2.8440e+2
      vertex -5.8623e+0 2.1878e+1 2.8440e+2
    endloop
  endfacet
  facet normal 0.0000e+0 0.0000e+0 -1.0000e+0
    outer loop
      vertex -7.3763e+0 2.7529e+1 0.0000e+0
      vertex -8.8070e+0 2.7105e+1 0.0000e+0
      vertex -8.1528e+0 3.0427e+1 0.0000e+0
    endloop
  endfacet
  facet normal 0.0000e+0 0.0000e+0 -1.0000e+0
    outer loop
      vertex -8.8070e+0 2.7105e+1 0.0000e+0
      vertex -9.7340e+0 2.9958e+1 0.0000e+0
      vertex -8.1528e+0 3.0427e+1 0.0000e+0
    endloop
  endfacet
  facet normal 0.0000e+0 0.0000e+0 1.0000e+0
    outer loop
      vertex -5.0858e+0 1.8980e+1 2.8440e+2
      vertex -5.8623e+0 2.1878e+1 2.8440e+2
      vertex -6.0722e+0 1.8688e+1 2.8440e+2
    endloop
  endfacet
  facet normal 0.0000e+0 0.0000e+0 1.0000e+0
    outer loop
      vertex -6.0722e+0 1.8688e+1 2.8440e+2
      vertex -5.8623e+0 2.1878e+1 2.8440e+2
      vertex -6.9992e+0 2.1541e+1 2.8440e+2
    endloop
  endfacet
  facet normal 3.3327e-1 -9.4111e-1 -5.6888e-2
    outer loop
      vertex -8.8070e+0 2.7105e+1 0.0000e+0
      vertex -4.4035e+0 1.3553e+1 2.5000e+2
      vertex -1.0213e+1 2.6607e+1 0.0000e+0
    endloop
  endfacet
  facet normal 3.3327e-1 -9.4111e-1 -5.6888e-2
    outer loop
      vertex -1.0213e+1 2.6607e+1 0.0000e+0
      vertex -4.4035e+0 1.3553e+1 2.5000e+2
      vertex -5.1067e+0 1.3304e+1 2.5000e+2
    endloop
  endfacet
  facet normal -3.3327e-1 9.4111e-1 5.6888e-2
    outer loop
      vertex -9.7340e+0 2.9958e+1 0.0000e+0
      vertex -1.1289e+1 2.9408e+1 0.0000e+0
      vertex -5.3305e+0 1.6406e+1 2.5000e+2
    endloop
  endfacet
  facet normal -3.3327e-1 9.4111e-1 5.6888e-2
    outer loop
      vertex -1.1289e+1 2.9408e+1 0.0000e+0
      vertex -6.1818e+0 1.6104e+1 2.5000e+2
      vertex -5.3305e+0 1.6406e+1 2.5000e+2
    endloop
  endfacet
  facet normal 3.2977e-1 -9.3125e-1 1.5503e-1
    outer loop
      vertex -4.4035e+0 1.3553e+1 2.5000e+2
      vertex -6.0722e+0 1.8688e+1 2.8440e+2
      vertex -5.1067e+0 1.3304e+1 2.5000e+2
    endloop
  endfacet
  facet normal 3.2977e-1 -9.3125e-1 1.5503e-1
    outer loop
      vertex -5.1067e+0 1.3304e+1 2.5000e+2
      vertex -6.0722e+0 1.8688e+1 2.8440e+2
      vertex -7.0419e+0 1.8345e+1 2.8440e+2
    endloop
  endfacet
  facet normal -3.2977e-1 9.3125e-1 -1.5503e-1
    outer loop
      vertex -5.3305e+0 1.6406e+1 2.5000e+2
      vertex -6.1818e+0 1.6104e+1 2.5000e+2
      vertex -6.9992e+0 2.1541e+1 2.8440e+2
    endloop
  endfacet
  facet normal -3.2977e-1 9.3125e-1 -1.5503e-1
    outer loop
      vertex -6.1818e+0 1.6104e+1 2.5000e+2
      vertex -8.1170e+0 2.1146e+1 2.8440e+2
      vertex -6.9992e+0 2.1541e+1 2.8440e+2
    endloop
  endfacet
  facet normal 0.0000e+0 0.0000e+0 -1.0000e+0
    outer loop
      vertex -8.8070e+0 2.7105e+1 0.0000e+0
      vertex -1.0213e+1 2.6607e+1 0.0000e+0
      vertex -9.7340e+0 2.9958e+1 0.0000e+0
    endloop
  endfacet
  facet normal 0.0000e+0 0.0000e+0 -1.0000e+0
    outer loop
      vertex -1.0213e+1 2.6607e+1 0.0000e+0
      vertex -1.1289e+1 2.9408e+1 0.0000e+0
      vertex -9.7340e+0 2.9958e+1 0.0000e+0
    endloop
  endfacet
  facet normal 0.0000e+0 0.0000e+0 1.0000e+0
    outer loop
      vertex -6.0722e+0 1.8688e+1 2.8440e+2
      vertex -6.9992e+0 2.1541e+1 2.8440e+2
      vertex -7.0419e+0 1.8345e+1 2.8440e+2
    endloop
  endfacet
  facet normal 0.0000e+0 0.0000e+0 1.0000e+0
    outer loop
      vertex -7.0419e+0 1.8345e+1 2.8440e+2
      vertex -6.9992e+0 2.1541e+1 2.8440e+2
      vertex -8.1170e+0 2.1146e+1 2.8440e+2
    endloop
  endfacet
  facet normal 3.8206e-1 -9.2238e-1 -5.6888e-2
    outer loop
      vertex -1.0213e+1 2.6607e+1 0.0000e+0
      vertex -5.1067e+0 1.3304e+1 2.5000e+2
      vertex -1.1592e+1 2.6036e+1 0.0000e+0
    endloop
  endfacet
  facet normal 3.8206e-1 -9.2238e-1 -5.6888e-2
    outer loop
      vertex -1.1592e+1 2.6036e+1 0.0000e+0
      vertex -5.1067e+0 1.3304e+1 2.5000e+2
      vertex -5.7960e+0 1.3018e+1 2.5000e+2
    endloop
  endfacet
  facet normal -3.8206e-1 9.2238e-1 5.6888e-2
    outer loop
      vertex -1.1289e+1 2.9408e+1 0.0000e+0
      vertex -1.2812e+1 2.8777e+1 0.0000e+0
      vertex -6.1818e+0 1.6104e+1 2.5000e+2
    endloop
  endfacet
  facet normal -3.8206e-1 9.2238e-1 5.6888e-2
    outer loop
      vertex -1.2812e+1 2.8777e+1 0.0000e+0
      vertex -7.0162e+0 1.5759e+1 2.5000e+2
      vertex -6.1818e+0 1.6104e+1 2.5000e+2
    endloop
  endfacet
  facet normal 3.7806e-1 -9.1271e-1 1.5503e-1
    outer loop
      vertex -5.1067e+0 1.3304e+1 2.5000e+2
      vertex -7.0419e+0 1.8345e+1 2.8440e+2
      vertex -5.7960e+0 1.3018e+1 2.5000e+2
    endloop
  endfacet
  facet normal 3.7806e-1 -9.1271e-1 1.5503e-1
    outer loop
      vertex -5.7960e+0 1.3018e+1 2.5000e+2
      vertex -7.0419e+0 1.8345e+1 2.8440e+2
      vertex -7.9924e+0 1.7951e+1 2.8440e+2
    endloop
  endfacet
  facet normal -3.7806e-1 9.1271e-1 -1.5503e-1
    outer loop
      vertex -6.1818e+0 1.6104e+1 2.5000e+2
      vertex -7.0162e+0 1.5759e+1 2.5000e+2
      vertex -8.1170e+0 2.1146e+1 2.8440e+2
    endloop
  endfacet
  facet normal -3.7806e-1 9.1271e-1 -1.5503e-1
    outer loop
      vertex -7.0162e+0 1.5759e+1 2.5000e+2
      vertex -9.2126e+0 2.0692e+1 2.8440e+2
      vertex -8.1170e+0 2.1146e+1 2.8440e+2
    endloop
  endfacet
  facet normal 0.0000e+0 0.0000e+0 -1.0000e+0
    outer loop
      vertex -1.0213e+1 2.6607e+1 0.0000e+0
      vertex -1.1592e+1 2.6036e+1 0.0000e+0
      vertex -1.1289e+1 2.9408e+1 0.0000e+0
    endloop
  endfacet
  facet normal 0.0000e+0 0.0000e+0 -1.0000e+0
    outer loop
      vertex -1.1592e+1 2.6036e+1 0.0000e+0
      vertex -1.2812e+1 2.8777e+1 0.0000e+0
      vertex -1.1289e+1 2.9408e+1 0.0000e+0
    endloop
  endfacet
  facet normal 0.0000e+0 0.0000e+0 1.0000e+0
    outer loop
      vertex -7.0419e+0 1.8345e+1 2.8440e+2
      vertex -8.1170e+0 2.1146e+1 2.8440e+2
      vertex -7.9924e+0 1.7951e+1 2.8440e+2
    endloop
  endfacet
  facet normal 0.0000e+0 0.0000e+0 1.0000e+0
    outer loop
      vertex -7.9924e+0 1.7951e+1 2.8440e+2
      vertex -8.1170e+0 2.1146e+1 2.8440e+2
      vertex -9.2126e+0 2.0692e+1 2.8440e+2
    endloop
  endfacet
  facet normal 4.2981e-1 -9.0112e-1 -5.6888e-2
    outer loop
      vertex -1.1592e+1 2.6036e+1 0.0000e+0
      vertex -5.7960e+0 1.3018e+1 2.5000e+2
      vertex -1.2939e+1 2.5394e+1 0.0000e+0
    endloop
  endfacet
  facet normal 4.2981e-1 -9.0112e-1 -5.6888e-2
    outer loop
      vertex -1.2939e+1 2.5394e+1 0.0000e+0
      vertex -5.7960e+0 1.3018e+1 2.5000e+2
      vertex -6.4694e+0 1.2697e+1 2.5000e+2
    endloop
  endfacet
  facet normal -4.2981e-1 9.0112e-1 5.6888e-2
    outer loop
      vertex -1.2812e+1 2.8777e+1 0.0000e+0
      vertex -1.4301e+1 2.8067e+1 0.0000e+0
      vertex -7.0162e+0 1.5759e+1 2.5000e+2
    endloop
  endfacet
  facet normal -4.2981e-1 9.0112e-1 5.6888e-2
    outer loop
      vertex -1.4301e+1 2.8067e+1 0.0000e+0
      vertex -7.8313e+0 1.5370e+1 2.5000e+2
      vertex -7.0162e+0 1.5759e+1 2.5000e+2
    endloop
  endfacet
  facet normal 4.2531e-1 -8.9167e-1 1.5503e-1
    outer loop
      vertex -5.7960e+0 1.3018e+1 2.5000e+2
      vertex -7.9924e+0 1.7951e+1 2.8440e+2
      vertex -6.4694e+0 1.2697e+1 2.5000e+2
    endloop
  endfacet
  facet normal 4.2531e-1 -8.9167e-1 1.5503e-1
    outer loop
      vertex -6.4694e+0 1.2697e+1 2.5000e+2
      vertex -7.9924e+0 1.7951e+1 2.8440e+2
      vertex -8.9209e+0 1.7508e+1 2.8440e+2
    endloop
  endfacet
  facet normal -4.2531e-1 8.9167e-1 -1.5503e-1
    outer loop
      vertex -7.0162e+0 1.5759e+1 2.5000e+2
      vertex -7.8313e+0 1.5370e+1 2.5000e+2
      vertex -9.2126e+0 2.0692e+1 2.8440e+2
    endloop
  endfacet
  facet normal -4.2531e-1 8.9167e-1 -1.5503e-1
    outer loop
      vertex -7.8313e+0 1.5370e+1 2.5000e+2
      vertex -1.0283e+1 2.0181e+1 2.8440e+2
      vertex -9.2126e+0 2.0692e+1 2.8440e+2
    endloop
  endfacet
  facet normal 0.0000e+0 0.0000e+0 -1.0000e+0
    outer loop
      vertex -1.1592e+1 2.6036e+1 0.0000e+0
      vertex -1.2939e+1 2.5394e+1 0.0000e+0
      vertex -1.2812e+1 2.8777e+1 0.0000e+0
    endloop
  endfacet
  facet normal 0.0000e+0 0.0000e+0 -1.0000e+0
    outer loop
      vertex -1.2939e+1 2.5394e+1 0.0000e+0
      vertex -1.4301e+1 2.8067e+1 0.0000e+0
      vertex -1.2812e+1 2.8777e+1 0.0000e+0
    endloop
  endfacet
  facet normal 0.0000e+0 0.0000e+0 1.0000e+0
    outer loop
      vertex -7.9924e+0 1.7951e+1 2.8440e+2
      vertex -9.2126e+0 2.0692e+1 2.8440e+2
      vertex -8.9209e+0 1.7508e+1 2.8440e+2
    endloop
  endfacet
  facet normal 0.0000e+0 0.0000e+0 1.0000e+0
    outer loop
      vertex -8.9209e+0 1.7508e+1 2.8440e+2
      vertex -9.2126e+0 2.0692e+1 2.8440e+2
      vertex -1.0283e+1 2.0181e+1 2.8440e+2
    endloop
  endfacet
  facet normal 4.7639e-1 -8.7739e-1 -5.6888e-2
    outer loop
      vertex -1.2939e+1 2.5394e+1 0.0000e+0
      vertex -6.4694e+0 1.2697e+1 2.5000e+2
      vertex -1.4250e+1 2.4682e+1 0.0000e+0
    endloop
  endfacet
  facet normal 4.7639e-1 -8.7739e-1 -5.6888e-2
    outer loop
      vertex -1.4250e+1 2.4682e+1 0.0000e+0
      vertex -6.4694e+0 1.2697e+1 2.5000e+2
      vertex -7.1250e+0 1.2341e+1 2.5000e+2
    endloop
  endfacet
  facet normal -4.7639e-1 8.7739e-1 5.6888e-2
    outer loop
      vertex -1.4301e+1 2.8067e+1 0.0000e+0
      vertex -1.5750e+1 2.7280e+1 0.0000e+0
      vertex -7.8313e+0 1.5370e+1 2.5000e+2
    endloop
  endfacet
  facet normal -4.7639e-1 8.7739e-1 5.6888e-2
    outer loop
      vertex -1.5750e+1 2.7280e+1 0.0000e+0
      vertex -8.6250e+0 1.4939e+1 2.5000e+2
      vertex -7.8313e+0 1.5370e+1 2.5000e+2
    endloop
  endfacet
  facet normal 4.7139e-1 -8.6819e-1 1.5503e-1
    outer loop
      vertex -6.4694e+0 1.2697e+1 2.5000e+2
      vertex -8.9209e+0 1.7508e+1 2.8440e+2
      vertex -7.1250e+0 1.2341e+1 2.5000e+2
    endloop
  endfacet
  facet normal 4.7139e-1 -8.6819e-1 1.5503e-1
    outer loop
      vertex -7.1250e+0 1.2341e+1 2.5000e+2
      vertex -8.9209e+0 1.7508e+1 2.8440e+2
      vertex -9.8250e+0 1.7017e+1 2.8440e+2
    endloop
  endfacet
  facet normal -4.7139e-1 8.6819e-1 -1.5503e-1
    outer loop
      vertex -7.8313e+0 1.5370e+1 2.5000e+2
      vertex -8.6250e+0 1.4939e+1 2.5000e+2
      vertex -1.0283e+1 2.0181e+1 2.8440e+2
    endloop
  endfacet
  facet normal -4.7139e-1 8.6819e-1 -1.5503e-1
    outer loop
      vertex -8.6250e+0 1.4939e+1 2.5000e+2
      vertex -1.1325e+1 1.9615e+1 2.8440e+2
      vertex -1.0283e+1 2.0181e+1 2.8440e+2
    endloop
  endfacet
  facet normal 0.0000e+0 0.0000e+0 -1.0000e+0
    outer loop
      vertex -1.2939e+1 2.5394e+1 0.0000e+0
      vertex -1.4250e+1 2.4682e+1 0.0000e+0
      vertex -1.4301e+1 2.8067e+1 0.0000e+0
    endloop
  endfacet
  facet normal 0.0000e+0 0.0000e+0 -1.0000e+0
    outer loop
      vertex -1.4250e+1 2.4682e+1 0.0000e+0
      vertex -1.5750e+1 2.7280e+1 0.0000e+0
      vertex -1.4301e+1 2.8067e+1 0.0000e+0
    endloop
  endfacet
  facet normal 0.0000e+0 0.0000e+0 1.0000e+0
    outer loop
      vertex -8.9209e+0 1.7508e+1 2.8440e+2
      vertex -1.0283e+1 2.0181e+1 2.8440e+2
      vertex -9.8250e+0 1.7017e+1 2.8440e+2
    endloop
  endfacet
  facet normal 0.0000e+0 0.0000e+0 1.0000e+0
    outer loop
      vertex -9.8250e+0 1.7017e+1 2.8440e+2
      vertex -1.0283e+1 2.0181e+1 2.8440e+2
      vertex -1.1325e+1 1.9615e+1 2.8440e+2
    endloop
  endfacet
  facet normal 5.2165e-1 -8.5126e-1 -5.6888e-2
    outer loop
      vertex -1.4250e+1 2.4682e+1 0.0000e+0
      vertex -7.1250e+0 1.2341e+1 2.5000e+2
      vertex -1.5522e+1 2.3902e+1 0.0000e+0
    endloop
  endfacet
  facet normal 5.2165e-1 -8.5126e-1 -5.6888e-2
    outer loop
      vertex -1.5522e+1 2.3902e+1 0.0000e+0
      vertex -7.1250e+0 1.2341e+1 2.5000e+2
      vertex -7.7611e+0 1.1951e+1 2.5000e+2
    endloop
  endfacet
  facet normal -5.2165e-1 8.5126e-1 5.6888e-2
    outer loop
      vertex -1.5750e+1 2.7280e+1 0.0000e+0
      vertex -1.7156e+1 2.6418e+1 0.0000e+0
      vertex -8.6250e+0 1.4939e+1 2.5000e+2
    endloop
  endfacet
  facet normal -5.2165e-1 8.5126e-1 5.6888e-2
    outer loop
      vertex -1.7156e+1 2.6418e+1 0.0000e+0
      vertex -9.3950e+0 1.4467e+1 2.5000e+2
      vertex -8.6250e+0 1.4939e+1 2.5000e+2
    endloop
  endfacet
  facet normal 5.1618e-1 -8.4233e-1 1.5503e-1
    outer loop
      vertex -7.1250e+0 1.2341e+1 2.5000e+2
      vertex -9.8250e+0 1.7017e+1 2.8440e+2
      vertex -7.7611e+0 1.1951e+1 2.5000e+2
    endloop
  endfacet
  facet normal 5.1618e-1 -8.4233e-1 1.5503e-1
    outer loop
      vertex -7.7611e+0 1.1951e+1 2.5000e+2
      vertex -9.8250e+0 1.7017e+1 2.8440e+2
      vertex -1.0702e+1 1.6480e+1 2.8440e+2
    endloop
  endfacet
  facet normal -5.1618e-1 8.4233e-1 -1.5503e-1
    outer loop
      vertex -8.6250e+0 1.4939e+1 2.5000e+2
      vertex -9.3950e+0 1.4467e+1 2.5000e+2
      vertex -1.1325e+1 1.9615e+1 2.8440e+2
    endloop
  endfacet
  facet normal -5.1618e-1 8.4233e-1 -1.5503e-1
    outer loop
      vertex -9.3950e+0 1.4467e+1 2.5000e+2
      vertex -1.2336e+1 1.8996e+1 2.8440e+2
      vertex -1.1325e+1 1.9615e+1 2.8440e+2
    endloop
  endfacet
  facet normal 0.0000e+0 0.0000e+0 -1.0000e+0
    outer loop
      vertex -1.4250e+1 2.4682e+1 0.0000e+0
      vertex -1.5522e+1 2.3902e+1 0.0000e+0
      vertex -1.5750e+1 2.7280e+1 0.0000e+0
    endloop
  endfacet
  facet normal 0.0000e+0 0.0000e+0 -1.0000e+0
    outer loop
      vertex -1.5522e+1 2.3902e+1 0.0000e+0
      vertex -1.7156e+1 2.6418e+1 0.0000e+0
      vertex -1.5750e+1 2.7280e+1 0.0000e+0
    endloop
  endfacet
  facet normal 0.0000e+0 0.0000e+0 1.0000e+0
    outer loop
      vertex -9.8250e+0 1.7017e+1 2.8440e+2
      vertex -1.1325e+1 1.9615e+1 2.8440e+2
      vertex -1.0702e+1 1.6480e+1 2.8440e+2
    endloop
  endfacet
  facet normal 0.0000e+0 0.0000e+0 1.0000e+0
    outer loop
      vertex -1.0702e+1 1.6480e+1 2.8440e+2
      vertex -1.1325e+1 1.9615e+1 2.8440e+2
      vertex -1.2336e+1 1.8996e+1 2.8440e+2
    endloop
  endfacet
  facet normal 5.6549e-1 -8.2279e-1 -5.6888e-2
    outer loop
      vertex -1.5522e+1 2.3902e+1 0.0000e+0
      vertex -7.7611e+0 1.1951e+1 2.5000e+2
      vertex -1.6752e+1 2.3057e+1 0.0000e+0
    endloop
  endfacet
  facet normal 5.6549e-1 -8.2279e-1 -5.6888e-2
    outer loop
      vertex -1.6752e+1 2.3057e+1 0.0000e+0
      vertex -7.7611e+0 1.1951e+1 2.5000e+2
      vertex -8.3759e+0 1.1528e+1 2.5000e+2
    endloop
  endfacet
  facet normal -5.6549e-1 8.2279e-1 5.6888e-2
    outer loop
      vertex -1.7156e+1 2.6418e+1 0.0000e+0
      vertex -1.8515e+1 2.5484e+1 0.0000e+0
      vertex -9.3950e+0 1.4467e+1 2.5000e+2
    endloop
  endfacet
  facet normal -5.6549e-1 8.2279e-1 5.6888e-2
    outer loop
      vertex -1.8515e+1 2.5484e+1 0.0000e+0
      vertex -1.0139e+1 1.3956e+1 2.5000e+2
      vertex -9.3950e+0 1.4467e+1 2.5000e+2
    endloop
  endfacet
  facet normal 5.5956e-1 -8.1416e-1 1.5503e-1
    outer loop
      vertex -7.7611e+0 1.1951e+1 2.5000e+2
      vertex -1.0702e+1 1.6480e+1 2.8440e+2
      vertex -8.3759e+0 1.1528e+1 2.5000e+2
    endloop
  endfacet
  facet normal 5.5956e-1 -8.1416e-1 1.5503e-1
    outer loop
      vertex -8.3759e+0 1.1528e+1 2.5000e+2
      vertex -1.0702e+1 1.6480e+1 2.8440e+2
      vertex -1.1550e+1 1.5897e+1 2.8440e+2
    endloop
  endfacet
  facet normal -5.5956e-1 8.1416e-1 -1.5503e-1
    outer loop
      vertex -9.3950e+0 1.4467e+1 2.5000e+2
      vertex -1.0139e+1 1.3956e+1 2.5000e+2
      vertex -1.2336e+1 1.8996e+1 2.8440e+2
    endloop
  endfacet
  facet normal -5.5956e-1 8.1416e-1 -1.5503e-1
    outer loop
      vertex -1.0139e+1 1.3956e+1 2.5000e+2
      vertex -1.3313e+1 1.8324e+1 2.8440e+2
      vertex -1.2336e+1 1.8996e+1 2.8440e+2
    endloop
  endfacet
  facet normal 0.0000e+0 0.0000e+0 -1.0000e+0
    outer loop
      vertex -1.5522e+1 2.3902e+1 0.0000e+0
      vertex -1.6752e+1 2.3057e+1 0.0000e+0
      vertex -1.7156e+1 2.6418e+1 0.0000e+0
    endloop
  endfacet
  facet normal 0.0000e+0 0.0000e+0 -1.0000e+0
    outer loop
      vertex -1.6752e+1 2.3057e+1 0.0000e+0
      vertex -1.8515e+1 2.5484e+1 0.0000e+0
      vertex -1.7156e+1 2.6418e+1 0.0000e+0
    endloop
  endfacet
  facet normal 0.0000e+0 0.0000e+0 1.0000e+0
    outer loop
      vertex -1.0702e+1 1.6480e+1 2.8440e+2
      vertex -1.2336e+1 1.8996e+1 2.8440e+2
      vertex -1.1550e+1 1.5897e+1 2.8440e+2
    endloop
  endfacet
  facet normal 0.0000e+0 0.0000e+0 1.0000e+0
    outer loop
      vertex -1.1550e+1 1.5897e+1 2.8440e+2
      vertex -1.2336e+1 1.8996e+1 2.8440e+2
      vertex -1.3313e+1 1.8324e+1 2.8440e+2
    endloop
  endfacet
  facet normal 6.0778e-1 -7.9207e-1 -5.6888e-2
    outer loop
      vertex -1.6752e+1 2.3057e+1 0.0000e+0
      vertex -8.3759e+0 1.1528e+1 2.5000e+2
      vertex -1.7936e+1 2.2149e+1 0.0000e+0
    endloop
  endfacet
  facet normal 6.0778e-1 -7.9207e-1 -5.6888e-2
    outer loop
      vertex -1.7936e+1 2.2149e+1 0.0000e+0
      vertex -8.3759e+0 1.1528e+1 2.5000e+2
      vertex -8.9678e+0 1.1074e+1 2.5000e+2
    endloop
  endfacet
  facet normal -6.0778e-1 7.9207e-1 5.6888e-2
    outer loop
      vertex -1.8515e+1 2.5484e+1 0.0000e+0
      vertex -1.9824e+1 2.4480e+1 0.0000e+0
      vertex -1.0139e+1 1.3956e+1 2.5000e+2
    endloop
  endfacet
  facet normal -6.0778e-1 7.9207e-1 5.6888e-2
    outer loop
      vertex -1.9824e+1 2.4480e+1 0.0000e+0
      vertex -1.0856e+1 1.3406e+1 2.5000e+2
      vertex -1.0139e+1 1.3956e+1 2.5000e+2
    endloop
  endfacet
  facet normal 6.0140e-1 -7.8376e-1 1.5503e-1
    outer loop
      vertex -8.3759e+0 1.1528e+1 2.5000e+2
      vertex -1.1550e+1 1.5897e+1 2.8440e+2
      vertex -8.9678e+0 1.1074e+1 2.5000e+2
    endloop
  endfacet
  facet normal 6.0140e-1 -7.8376e-1 1.5503e-1
    outer loop
      vertex -8.9678e+0 1.1074e+1 2.5000e+2
      vertex -1.1550e+1 1.5897e+1 2.8440e+2
      vertex -1.2366e+1 1.5271e+1 2.8440e+2
    endloop
  endfacet
  facet normal -6.0140e-1 7.8376e-1 -1.5503e-1
    outer loop
      vertex -1.0139e+1 1.3956e+1 2.5000e+2
      vertex -1.0856e+1 1.3406e+1 2.5000e+2
      vertex -1.3313e+1 1.8324e+1 2.8440e+2
    endloop
  endfacet
  facet normal -6.0140e-1 7.8376e-1 -1.5503e-1
    outer loop
      vertex -1.0856e+1 1.3406e+1 2.5000e+2
      vertex -1.4254e+1 1.7602e+1 2.8440e+2
      vertex -1.3313e+1 1.8324e+1 2.8440e+2
    endloop
  endfacet
  facet normal 0.0000e+0 0.0000e+0 -1.0000e+0
    outer loop
      vertex -1.6752e+1 2.3057e+1 0.0000e+0
      vertex -1.7936e+1 2.2149e+1 0.0000e+0
      vertex -1.8515e+1 2.5484e+1 0.0000e+0
    endloop
  endfacet
  facet normal 0.0000e+0 0.0000e+0 -1.0000e+0
    outer loop
      vertex -1.7936e+1 2.2149e+1 0.0000e+0
      vertex -1.9824e+1 2.4480e+1 0.0000e+0
      vertex -1.8515e+1 2.5484e+1 0.0000e+0
    endloop
  endfacet
  facet normal 0.0000e+0 0.0000e+0 1.0000e+0
    outer loop
      vertex -1.1550e+1 1.5897e+1 2.8440e+2
      vertex -1.3313e+1 1.8324e+1 2.8440e+2
      vertex -1.2366e+1 1.5271e+1 2.8440e+2
    endloop
  endfacet
  facet normal 0.0000e+0 0.0000e+0 1.0000e+0
    outer loop
      vertex -1.2366e+1 1.5271e+1 2.8440e+2
      vertex -1.3313e+1 1.8324e+1 2.8440e+2
      vertex -1.4254e+1 1.7602e+1 2.8440e+2
    endloop
  endfacet
  facet normal 6.4840e-1 -7.5917e-1 -5.6888e-2
    outer loop
      vertex -1.7936e+1 2.2149e+1 0.0000e+0
      vertex -8.9678e+0 1.1074e+1 2.5000e+2
      vertex -1.9070e+1 2.1180e+1 0.0000e+0
    endloop
  endfacet
  facet normal 6.4840e-1 -7.5917e-1 -5.6888e-2
    outer loop
      vertex -1.9070e+1 2.1180e+1 0.0000e+0
      vertex -8.9678e+0 1.1074e+1 2.5000e+2
      vertex -9.5351e+0 1.0590e+1 2.5000e+2
    endloop
  endfacet
  facet normal -6.4840e-1 7.5917e-1 5.6888e-2
    outer loop
      vertex -1.9824e+1 2.4480e+1 0.0000e+0
      vertex -2.1078e+1 2.3409e+1 0.0000e+0
      vertex -1.0856e+1 1.3406e+1 2.5000e+2
    endloop
  endfacet
  facet normal -6.4840e-1 7.5917e-1 5.6888e-2
    outer loop
      vertex -2.1078e+1 2.3409e+1 0.0000e+0
      vertex -1.1543e+1 1.2819e+1 2.5000e+2
      vertex -1.0856e+1 1.3406e+1 2.5000e+2
    endloop
  endfacet
  facet normal 6.4160e-1 -7.5121e-1 1.5503e-1
    outer loop
      vertex -8.9678e+0 1.1074e+1 2.5000e+2
      vertex -1.2366e+1 1.5271e+1 2.8440e+2
      vertex -9.5351e+0 1.0590e+1 2.5000e+2
    endloop
  endfacet
  facet normal 6.4160e-1 -7.5121e-1 1.5503e-1
    outer loop
      vertex -9.5351e+0 1.0590e+1 2.5000e+2
      vertex -1.2366e+1 1.5271e+1 2.8440e+2
      vertex -1.3148e+1 1.4603e+1 2.8440e+2
    endloop
  endfacet
  facet normal -6.4160e-1 7.5121e-1 -1.5503e-1
    outer loop
      vertex -1.0856e+1 1.3406e+1 2.5000e+2
      vertex -1.1543e+1 1.2819e+1 2.5000e+2
      vertex -1.4254e+1 1.7602e+1 2.8440e+2
    endloop
  endfacet
  facet normal -6.4160e-1 7.5121e-1 -1.5503e-1
    outer loop
      vertex -1.1543e+1 1.2819e+1 2.5000e+2
      vertex -1.5156e+1 1.6832e+1 2.8440e+2
      vertex -1.4254e+1 1.7602e+1 2.8440e+2
    endloop
  endfacet
  facet normal 0.0000e+0 0.0000e+0 -1.0000e+0
    outer loop
      vertex -1.7936e+1 2.2149e+1 0.0000e+0
      vertex -1.9070e+1 2.1180e+1 0.0000e+0
      vertex -1.9824e+1 2.4480e+1 0.0000e+0
    endloop
  endfacet
  facet normal 0.0000e+0 0.0000e+0 -1.0000e+0
    outer loop
      vertex -1.9070e+1 2.1180e+1 0.0000e+0
      vertex -2.1078e+1 2.3409e+1 0.0000e+0
      vertex -1.9824e+1 2.4480e+1 0.0000e+0
    endloop
  endfacet
  facet normal 0.0000e+0 0.0000e+0 1.0000e+0
    outer loop
      vertex -1.2366e+1 1.5271e+1 2.8440e+2
      vertex -1.4254e+1 1.7602e+1 2.8440e+2
      vertex -1.3148e+1 1.4603e+1 2.8440e+2
    endloop
  endfacet
  facet normal 0.0000e+0 0.0000e+0 1.0000e+0
    outer loop
      vertex -1.3148e+1 1.4603e+1 2.8440e+2
      vertex -1.4254e+1 1.7602e+1 2.8440e+2
      vertex -1.5156e+1 1.6832e+1 2.8440e+2
    endloop
  endfacet
  facet normal 6.8724e-1 -7.2420e-1 -5.6888e-2
    outer loop
      vertex -1.9070e+1 2.1180e+1 0.0000e+0
      vertex -9.5351e+0 1.0590e+1 2.5000e+2
      vertex -2.0153e+1 2.0153e+1 0.0000e+0
    endloop
  endfacet
  facet normal 6.8724e-1 -7.2420e-1 -5.6888e-2
    outer loop
      vertex -2.0153e+1 2.0153e+1 0.0000e+0
      vertex -9.5351e+0 1.0590e+1 2.5000e+2
      vertex -1.0076e+1 1.0076e+1 2.5000e+2
    endloop
  endfacet
  facet normal -6.8724e-1 7.2420e-1 5.6888e-2
    outer loop
      vertex -2.1078e+1 2.3409e+1 0.0000e+0
      vertex -2.2274e+1 2.2274e+1 0.0000e+0
      vertex -1.1543e+1 1.2819e+1 2.5000e+2
    endloop
  endfacet
  facet normal -6.8724e-1 7.2420e-1 5.6888e-2
    outer loop
      vertex -2.2274e+1 2.2274e+1 0.0000e+0
      vertex -1.2198e+1 1.2198e+1 2.5000e+2
      vertex -1.1543e+1 1.2819e+1 2.5000e+2
    endloop
  endfacet
  facet normal 6.8003e-1 -7.1660e-1 1.5503e-1
    outer loop
      vertex -9.5351e+0 1.0590e+1 2.5000e+2
      vertex -1.3148e+1 1.4603e+1 2.8440e+2
      vertex -1.0076e+1 1.0076e+1 2.5000e+2
    endloop
  endfacet
  facet normal 6.8003e-1 -7.1660e-1 1.5503e-1
    outer loop
      vertex -1.0076e+1 1.0076e+1 2.5000e+2
      vertex -1.3148e+1 1.4603e+1 2.8440e+2
      vertex -1.3895e+1 1.3895e+1 2.8440e+2
    endloop
  endfacet
  facet normal -6.8003e-1 7.1660e-1 -1.5503e-1
    outer loop
      vertex -1.1543e+1 1.2819e+1 2.5000e+2
      vertex -1.2198e+1 1.2198e+1 2.5000e+2
      vertex -1.5156e+1 1.6832e+1 2.8440e+2
    endloop
  endfacet
  facet normal -6.8003e-1 7.1660e-1 -1.5503e-1
    outer loop
      vertex -1.2198e+1 1.2198e+1 2.5000e+2
      vertex -1.6016e+1 1.6016e+1 2.8440e+2
      vertex -1.5156e+1 1.6832e+1 2.8440e+2
    endloop
  endfacet
  facet normal 0.0000e+0 0.0000e+0 -1.0000e+0
    outer loop
      vertex -1.9070e+1 2.1180e+1 0.0000e+0
      vertex -2.0153e+1 2.0153e+1 0.0000e+0
      vertex -2.1078e+1 2.3409e+1 0.0000e+0
    endloop
  endfacet
  facet normal 0.0000e+0 0.0000e+0 -1.0000e+0
    outer loop
      vertex -2.0153e+1 2.0153e+1 0.0000e+0
      vertex -2.2274e+1 2.2274e+1 0.0000e+0
      vertex -2.1078e+1 2.3409e+1 0.0000e+0
    endloop
  endfacet
  facet normal 0.0000e+0 0.0000e+0 1.0000e+0
    outer loop
      vertex -1.3148e+1 1.4603e+1 2.8440e+2
      vertex -1.5156e+1 1.6832e+1 2.8440e+2
      vertex -1.3895e+1 1.3895e+1 2.8440e+2
    endloop
  endfacet
  facet normal 0.0000e+0 0.0000e+0 1.0000e+0
    outer loop
      vertex -1.3895e+1 1.3895e+1 2.8440e+2
      vertex -1.5156e+1 1.6832e+1 2.8440e+2
      vertex -1.6016e+1 1.6016e+1 2.8440e+2
    endloop
  endfacet
  facet normal 7.2420e-1 -6.8724e-1 -5.6888e-2
    outer loop
      vertex -2.0153e+1 2.0153e+1 0.0000e+0
      vertex -1.0076e+1 1.0076e+1 2.5000e+2
      vertex -2.1180e+1 1.9070e+1 0.0000e+0
    endloop
  endfacet
  facet normal 7.2420e-1 -6.8724e-1 -5.6888e-2
    outer loop
      vertex -2.1180e+1 1.9070e+1 0.0000e+0
      vertex -1.0076e+1 1.0076e+1 2.5000e+2
      vertex -1.0590e+1 9.5351e+0 2.5000e+2
    endloop
  endfacet
  facet normal -7.2420e-1 6.8724e-1 5.6888e-2
    outer loop
      vertex -2.2274e+1 2.2274e+1 0.0000e+0
      vertex -2.3409e+1 2.1078e+1 0.0000e+0
      vertex -1.2198e+1 1.2198e+1 2.5000e+2
    endloop
  endfacet
  facet normal -7.2420e-1 6.8724e-1 5.6888e-2
    outer loop
      vertex -2.3409e+1 2.1078e+1 0.0000e+0
      vertex -1.2819e+1 1.1543e+1 2.5000e+2
      vertex -1.2198e+1 1.2198e+1 2.5000e+2
    endloop
  endfacet
  facet normal 7.1660e-1 -6.8003e-1 1.5503e-1
    outer loop
      vertex -1.0076e+1 1.0076e+1 2.5000e+2
      vertex -1.3895e+1 1.3895e+1 2.8440e+2
      vertex -1.0590e+1 9.5351e+0 2.5000e+2
    endloop
  endfacet
  facet normal 7.1660e-1 -6.8003e-1 1.5503e-1
    outer loop
      vertex -1.0590e+1 9.5351e+0 2.5000e+2
      vertex -1.3895e+1 1.3895e+1 2.8440e+2
      vertex -1.4603e+1 1.3148e+1 2.8440e+2
    endloop
  endfacet
  facet normal -7.1660e-1 6.8003e-1 -1.5503e-1
    outer loop
      vertex -1.2198e+1 1.2198e+1 2.5000e+2
      vertex -1.2819e+1 1.1543e+1 2.5000e+2
      vertex -1.6016e+1 1.6016e+1 2.8440e+2
    endloop
  endfacet
  facet normal -7.1660e-1 6.8003e-1 -1.5503e-1
    outer loop
      vertex -1.2819e+1 1.1543e+1 2.5000e+2
      vertex -1.6832e+1 1.5156e+1 2.8440e+2
      vertex -1.6016e+1 1.6016e+1 2.8440e+2
    endloop
  endfacet
  facet normal 0.0000e+0 0.0000e+0 -1.0000e+0
    outer loop
      vertex -2.0153e+1 2.0153e+1 0.0000e+0
      vertex -2.1180e+1 1.9070e+1 0.0000e+0
      vertex -2.2274e+1 2.2274e+1 0.0000e+0
    endloop
  endfacet
  facet normal 0.0000e+0 0.0000e+0 -1.0000e+0
    outer loop
      vertex -2.1180e+1 1.9070e+1 0.0000e+0
      vertex -2.3409e+1 2.1078e+1 0.0000e+0
      vertex -2.2274e+1 2.2274e+1 0.0000e+0
    endloop
  endfacet
  facet normal 0.0000e+0 0.0000e+0 1.0000e+0
    outer loop
      vertex -1.3895e+1 1.3895e+1 2.8440e+2
      vertex -1.6016e+1 1.6016e+1 2.8440e+2
      vertex -1.4603e+1 1.3148e+1 2.8440e+2
    endloop
  endfacet
  facet normal 0.0000e+0 0.0000e+0 1.0000e+0
    outer loop
      vertex -1.4603e+1 1.3148e+1 2.8440e+2
      vertex -1.6016e+1 1.6016e+1 2.8440e+2
      vertex -1.6832e+1 1.5156e+1 2.8440e+2
    endloop
  endfacet
  facet normal 7.5917e-1 -6.4840e-1 -5.6888e-2
    outer loop
      vertex -2.1180e+1 1.9070e+1 0.0000e+0
      vertex -1.0590e+1 9.5351e+0 2.5000e+2
      vertex -2.2149e+1 1.7936e+1 0.0000e+0
    endloop
  endfacet
  facet normal 7.5917e-1 -6.4840e-1 -5.6888e-2
    outer loop
      vertex -2.2149e+1 1.7936e+1 0.0000e+0
      vertex -1.0590e+1 9.5351e+0 2.5000e+2
      vertex -1.1074e+1 8.9678e+0 2.5000e+2
    endloop
  endfacet
  facet normal -7.5917e-1 6.4840e-1 5.6888e-2
    outer loop
      vertex -2.3409e+1 2.1078e+1 0.0000e+0
      vertex -2.4480e+1 1.9824e+1 0.0000e+0
      vertex -1.2819e+1 1.1543e+1 2.5000e+2
    endloop
  endfacet
  facet normal -7.5917e-1 6.4840e-1 5.6888e-2
    outer loop
      vertex -2.4480e+1 1.9824e+1 0.0000e+0
      vertex -1.3406e+1 1.0856e+1 2.5000e+2
      vertex -1.2819e+1 1.1543e+1 2.5000e+2
    endloop
  endfacet
  facet normal 7.5121e-1 -6.4160e-1 1.5503e-1
    outer loop
      vertex -1.0590e+1 9.5351e+0 2.5000e+2
      vertex -1.4603e+1 1.3148e+1 2.8440e+2
      vertex -1.1074e+1 8.9678e+0 2.5000e+2
    endloop
  endfacet
  facet normal 7.5121e-1 -6.4160e-1 1.5503e-1
    outer loop
      vertex -1.1074e+1 8.9678e+0 2.5000e+2
      vertex -1.4603e+1 1.3148e+1 2.8440e+2
      vertex -1.5271e+1 1.2366e+1 2.8440e+2
    endloop
  endfacet
  facet normal -7.5121e-1 6.4160e-1 -1.5503e-1
    outer loop
      vertex -1.2819e+1 1.1543e+1 2.5000e+2
      vertex -1.3406e+1 1.0856e+1 2.5000e+2
      vertex -1.6832e+1 1.5156e+1 2.8440e+2
    endloop
  endfacet
  facet normal -7.5121e-1 6.4160e-1 -1.5503e-1
    outer loop
      vertex -1.3406e+1 1.0856e+1 2.5000e+2
      vertex -1.7602e+1 1.4254e+1 2.8440e+2
      vertex -1.6832e+1 1.5156e+1 2.8440e+2
    endloop
  endfacet
  facet normal 0.0000e+0 0.0000e+0 -1.0000e+0
    outer loop
      vertex -2.1180e+1 1.9070e+1 0.0000e+0
      vertex -2.2149e+1 1.7936e+1 0.0000e+0
      vertex -2.3409e+1 2.1078e+1 0.0000e+0
    endloop
  endfacet
  facet normal 0.0000e+0 0.0000e+0 -1.0000e+0
    outer loop
      vertex -2.2149e+1 1.7936e+1 0.0000e+0
      vertex -2.4480e+1 1.9824e+1 0.0000e+0
      vertex -2.3409e+1 2.1078e+1 0.0000e+0
    endloop
  endfacet
  facet normal 0.0000e+0 0.0000e+0 1.0000e+0
    outer loop
      vertex -1.4603e+1 1.3148e+1 2.8440e+2
      vertex -1.6832e+1 1.5156e+1 2.8440e+2
      vertex -1.5271e+1 1.2366e+1 2.8440e+2
    endloop
  endfacet
  facet normal 0.0000e+0 0.0000e+0 1.0000e+0
    outer loop
      vertex -1.5271e+1 1.2366e+1 2.8440e+2
      vertex -1.6832e+1 1.5156e+1 2.8440e+2
      vertex -1.7602e+1 1.4254e+1 2.8440e+2
    endloop
  endfacet
  facet normal 7.9207e-1 -6.0778e-1 -5.6888e-2
    outer loop
      vertex -2.2149e+1 1.7936e+1 0.0000e+0
      vertex -1.1074e+1 8.9678e+0 2.5000e+2
      vertex -2.3057e+1 1.6752e+1 0.0000e+0
    endloop
  endfacet
  facet normal 7.9207e-1 -6.0778e-1 -5.6888e-2
    outer loop
      vertex -2.3057e+1 1.6752e+1 0.0000e+0
      vertex -1.1074e+1 8.9678e+0 2.5000e+2
      vertex -1.1528e+1 8.3759e+0 2.5000e+2
    endloop
  endfacet
  facet normal -7.9207e-1 6.0778e-1 5.6888e-2
    outer loop
      vertex -2.4480e+1 1.9824e+1 0.0000e+0
      vertex -2.5484e+1 1.8515e+1 0.0000e+0
      vertex -1.3406e+1 1.0856e+1 2.5000e+2
    endloop
  endfacet
  facet normal -7.9207e-1 6.0778e-1 5.6888e-2
    outer loop
      vertex -2.5484e+1 1.8515e+1 0.0000e+0
      vertex -1.3956e+1 1.0139e+1 2.5000e+2
      vertex -1.3406e+1 1.0856e+1 2.5000e+2
    endloop
  endfacet
  facet normal 7.8376e-1 -6.0140e-1 1.5503e-1
    outer loop
      vertex -1.1074e+1 8.9678e+0 2.5000e+2
      vertex -1.5271e+1 1.2366e+1 2.8440e+2
      vertex -1.1528e+1 8.3759e+0 2.5000e+2
    endloop
  endfacet
  facet normal 7.8376e-1 -6.0140e-1 1.5503e-1
    outer loop
      vertex -1.1528e+1 8.3759e+0 2.5000e+2
      vertex -1.5271e+1 1.2366e+1 2.8440e+2
      vertex -1.5897e+1 1.1550e+1 2.8440e+2
    endloop
  endfacet
  facet normal -7.8376e-1 6.0140e-1 -1.5503e-1
    outer loop
      vertex -1.3406e+1 1.0856e+1 2.5000e+2
      vertex -1.3956e+1 1.0139e+1 2.5000e+2
      vertex -1.7602e+1 1.4254e+1 2.8440e+2
    endloop
  endfacet
  facet normal -7.8376e-1 6.0140e-1 -1.5503e-1
    outer loop
      vertex -1.3956e+1 1.0139e+1 2.5000e+2
      vertex -1.8324e+1 1.3313e+1 2.8440e+2
      vertex -1.7602e+1 1.4254e+1 2.8440e+2
    endloop
  endfacet
  facet normal 0.0000e+0 0.0000e+0 -1.0000e+0
    outer loop
      vertex -2.2149e+1 1.7936e+1 0.0000e+0
      vertex -2.3057e+1 1.6752e+1 0.0000e+0
      vertex -2.4480e+1 1.9824e+1 0.0000e+0
    endloop
  endfacet
  facet normal 0.0000e+0 0.0000e+0 -1.0000e+0
    outer loop
      vertex -2.3057e+1 1.6752e+1 0.0000e+0
      vertex -2.5484e+1 1.8515e+1 0.0000e+0
      vertex -2.4480e+1 1.9824e+1 0.0000e+0
    endloop
  endfacet
  facet normal 0.0000e+0 0.0000e+0 1.0000e+0
    outer loop
      vertex -1.5271e+1 1.2366e+1 2.8440e+2
      vertex -1.7602e+1 1.4254e+1 2.8440e+2
      vertex -1.5897e+1 1.1550e+1 2.8440e+2
    endloop
  endfacet
  facet normal 0.0000e+0 0.0000e+0 1.0000e+0
    outer loop
      vertex -1.5897e+1 1.1550e+1 2.8440e+2
      vertex -1.7602e+1 1.4254e+1 2.8440e+2
      vertex -1.8324e+1 1.3313e+1 2.8440e+2
    endloop
  endfacet
  facet normal 8.2279e-1 -5.6549e-1 -5.6888e-2
    outer loop
      vertex -2.3057e+1 1.6752e+1 0.0000e+0
      vertex -1.1528e+1 8.3759e+0 2.5000e+2
      vertex -2.3902e+1 1.5522e+1 0.0000e+0
    endloop
  endfacet
  facet normal 8.2279e-1 -5.6549e-1 -5.6888e-2
    outer loop
      vertex -2.3902e+1 1.5522e+1 0.0000e+0
      vertex -1.1528e+1 8.3759e+0 2.5000e+2
      vertex -1.1951e+1 7.7611e+0 2.5000e+2
    endloop
  endfacet
  facet normal -8.2279e-1 5.6549e-1 5.6888e-2
    outer loop
      vertex -2.5484e+1 1.8515e+1 0.0000e+0
      vertex -2.6418e+1 1.7156e+1 0.0000e+0
      vertex -1.3956e+1 1.0139e+1 2.5000e+2
    endloop
  endfacet
  facet normal -8.2279e-1 5.6549e-1 5.6888e-2
    outer loop
      vertex -2.6418e+1 1.7156e+1 0.0000e+0
      vertex -1.4467e+1 9.3950e+0 2.5000e+2
      vertex -1.3956e+1 1.0139e+1 2.5000e+2
    endloop
  endfacet
  facet normal 8.1416e-1 -5.5956e-1 1.5503e-1
    outer loop
      vertex -1.1528e+1 8.3759e+0 2.5000e+2
      vertex -1.5897e+1 1.1550e+1 2.8440e+2
      vertex -1.1951e+1 7.7611e+0 2.5000e+2
    endloop
  endfacet
  facet normal 8.1416e-1 -5.5956e-1 1.5503e-1
    outer loop
      vertex -1.1951e+1 7.7611e+0 2.5000e+2
      vertex -1.5897e+1 1.1550e+1 2.8440e+2
      vertex -1.6480e+1 1.0702e+1 2.8440e+2
    endloop
  endfacet
  facet normal -8.1416e-1 5.5956e-1 -1.5503e-1
    outer loop
      vertex -1.3956e+1 1.0139e+1 2.5000e+2
      vertex -1.4467e+1 9.3950e+0 2.5000e+2
      vertex -1.8324e+1 1.3313e+1 2.8440e+2
    endloop
  endfacet
  facet normal -8.1416e-1 5.5956e-1 -1.5503e-1
    outer loop
      vertex -1.4467e+1 9.3950e+0 2.5000e+2
      vertex -1.8996e+1 1.2336e+1 2.8440e+2
      vertex -1.8324e+1 1.3313e+1 2.8440e+2
    endloop
  endfacet
  facet normal 0.0000e+0 0.0000e+0 -1.0000e+0
    outer loop
      vertex -2.3057e+1 1.6752e+1 0.0000e+0
      vertex -2.3902e+1 1.5522e+1 0.0000e+0
      vertex -2.5484e+1 1.8515e+1 0.0000e+0
    endloop
  endfacet
  facet normal 0.0000e+0 0.0000e+0 -1.0000e+0
    outer loop
      vertex -2.3902e+1 1.5522e+1 0.0000e+0
      vertex -2.6418e+1 1.7156e+1 0.0000e+0
      vertex -2.5484e+1 1.8515e+1 0.0000e+0
    endloop
  endfacet
  facet normal 0.0000e+0 0.0000e+0 1.0000e+0
    outer loop
      vertex -1.5897e+1 1.1550e+1 2.8440e+2
      vertex -1.8324e+1 1.3313e+1 2.8440e+2
      vertex -1.6480e+1 1.0702e+1 2.8440e+2
    endloop
  endfacet
  facet normal 0.0000e+0 0.0000e+0 1.0000e+0
    outer loop
      vertex -1.6480e+1 1.0702e+1 2.8440e+2
      vertex -1.8324e+1 1.3313e+1 2.8440e+2
      vertex -1.8996e+1 1.2336e+1 2.8440e+2
    endloop
  endfacet
  facet normal 8.5126e-1 -5.2165e-1 -5.6888e-2
    outer loop
      vertex -2.3902e+1 1.5522e+1 0.0000e+0
      vertex -1.1951e+1 7.7611e+0 2.5000e+2
      vertex -2.4682e+1 1.4250e+1 0.0000e+0
    endloop
  endfacet
  facet normal 8.5126e-1 -5.2165e-1 -5.6888e-2
    outer loop
      vertex -2.4682e+1 1.4250e+1 0.0000e+0
      vertex -1.1951e+1 7.7611e+0 2.5000e+2
      vertex -1.2341e+1 7.1250e+0 2.5000e+2
    endloop
  endfacet
  facet normal -8.5126e-1 5.2165e-1 5.6888e-2
    outer loop
      vertex -2.6418e+1 1.7156e+1 0.0000e+0
      vertex -2.7280e+1 1.5750e+1 0.0000e+0
      vertex -1.4467e+1 9.3950e+0 2.5000e+2
    endloop
  endfacet
  facet normal -8.5126e-1 5.2165e-1 5.6888e-2
    outer loop
      vertex -2.7280e+1 1.5750e+1 0.0000e+0
      vertex -1.4939e+1 8.6250e+0 2.5000e+2
      vertex -1.4467e+1 9.3950e+0 2.5000e+2
    endloop
  endfacet
  facet normal 8.4233e-1 -5.1618e-1 1.5503e-1
    outer loop
      vertex -1.1951e+1 7.7611e+0 2.5000e+2
      vertex -1.6480e+1 1.0702e+1 2.8440e+2
      vertex -1.2341e+1 7.1250e+0 2.5000e+2
    endloop
  endfacet
  facet normal 8.4233e-1 -5.1618e-1 1.5503e-1
    outer loop
      vertex -1.2341e+1 7.1250e+0 2.5000e+2
      vertex -1.6480e+1 1.0702e+1 2.8440e+2
      vertex -1.7017e+1 9.8250e+0 2.8440e+2
    endloop
  endfacet
  facet normal -8.4233e-1 5.1618e-1 -1.5503e-1
    outer loop
      vertex -1.4467e+1 9.3950e+0 2.5000e+2
      vertex -1.4939e+1 8.6250e+0 2.5000e+2
      vertex -1.8996e+1 1.2336e+1 2.8440e+2
    endloop
  endfacet
  facet normal -8.4233e-1 5.1618e-1 -1.5503e-1
    outer loop
      vertex -1.4939e+1 8.6250e+0 2.5000e+2
      vertex -1.9615e+1 1.1325e+1 2.8440e+2
      vertex -1.8996e+1 1.2336e+1 2.8440e+2
    endloop
  endfacet
  facet normal 0.0000e+0 0.0000e+0 -1.0000e+0
    outer loop
      vertex -2.3902e+1 1.5522e+1 0.0000e+0
      vertex -2.4682e+1 1.4250e+1 0.0000e+0
      vertex -2.6418e+1 1.7156e+1 0.0000e+0
    endloop
  endfacet
  facet normal 0.0000e+0 0.0000e+0 -1.0000e+0
    outer loop
      vertex -2.4682e+1 1.4250e+1 0.0000e+0
      vertex -2.7280e+1 1.5750e+1 0.0000e+0
      vertex -2.6418e+1 1.7156e+1 0.0000e+0
    endloop
  endfacet
  facet normal 0.0000e+0 0.0000e+0 1.0000e+0
    outer loop
      vertex -1.6480e+1 1.0702e+1 2.8440e+2
      vertex -1.8996e+1 1.2336e+1 2.8440e+2
      vertex -1.7017e+1 9.8250e+0 2.8440e+2
    endloop
  endfacet
  facet normal 0.0000e+0 0.0000e+0 1.0000e+0
    outer loop
      vertex -1.7017e+1 9.8250e+0 2.8440e+2
      vertex -1.8996e+1 1.2336e+1 2.8440e+2
      vertex -1.9615e+1 1.1325e+1 2.8440e+2
    endloop
  endfacet
  facet normal 8.7739e-1 -4.7639e-1 -5.6888e-2
    outer loop
      vertex -2.4682e+1 1.4250e+1 0.0000e+0
      vertex -1.2341e+1 7.1250e+0 2.5000e+2
      vertex -2.5394e+1 1.2939e+1 0.0000e+0
    endloop
  endfacet
  facet normal 8.7739e-1 -4.7639e-1 -5.6888e-2
    outer loop
      vertex -2.5394e+1 1.2939e+1 0.0000e+0
      vertex -1.2341e+1 7.1250e+0 2.5000e+2
      vertex -1.2697e+1 6.4694e+0 2.5000e+2
    endloop
  endfacet
  facet normal -8.7739e-1 4.7639e-1 5.6888e-2
    outer loop
      vertex -2.7280e+1 1.5750e+1 0.0000e+0
      vertex -2.8067e+1 1.4301e+1 0.0000e+0
      vertex -1.4939e+1 8.6250e+0 2.5000e+2
    endloop
  endfacet
  facet normal -8.7739e-1 4.7639e-1 5.6888e-2
    outer loop
      vertex -2.8067e+1 1.4301e+1 0.0000e+0
      vertex -1.5370e+1 7.8313e+0 2.5000e+2
      vertex -1.4939e+1 8.6250e+0 2.5000e+2
    endloop
  endfacet
  facet normal 8.6819e-1 -4.7139e-1 1.5503e-1
    outer loop
      vertex -1.2341e+1 7.1250e+0 2.5000e+2
      vertex -1.7017e+1 9.8250e+0 2.8440e+2
      vertex -1.2697e+1 6.4694e+0 2.5000e+2
    endloop
  endfacet
  facet normal 8.6819e-1 -4.7139e-1 1.5503e-1
    outer loop
      vertex -1.2697e+1 6.4694e+0 2.5000e+2
      vertex -1.7017e+1 9.8250e+0 2.8440e+2
      vertex -1.7508e+1 8.9209e+0 2.8440e+2
    endloop
  endfacet
  facet normal -8.6819e-1 4.7139e-1 -1.5503e-1
    outer loop
      vertex -1.4939e+1 8.6250e+0 2.5000e+2
      vertex -1.5370e+1 7.8313e+0 2.5000e+2
      vertex -1.9615e+1 1.1325e+1 2.8440e+2
    endloop
  endfacet
  facet normal -8.6819e-1 4.7139e-1 -1.5503e-1
    outer loop
      vertex -1.5370e+1 7.8313e+0 2.5000e+2
      vertex -2.0181e+1 1.0283e+1 2.8440e+2
      vertex -1.9615e+1 1.1325e+1 2.8440e+2
    endloop
  endfacet
  facet normal 0.0000e+0 0.0000e+0 -1.0000e+0
    outer loop
      vertex -2.4682e+1 1.4250e+1 0.0000e+0
      vertex -2.5394e+1 1.2939e+1 0.0000e+0
      vertex -2.7280e+1 1.5750e+1 0.0000e+0
    endloop
  endfacet
  facet normal 0.0000e+0 0.0000e+0 -1.0000e+0
    outer loop
      vertex -2.5394e+1 1.2939e+1 0.0000e+0
      vertex -2.8067e+1 1.4301e+1 0.0000e+0
      vertex -2.7280e+1 1.5750e+1 0.0000e+0
    endloop
  endfacet
  facet normal 0.0000e+0 0.0000e+0 1.0000e+0
    outer loop
      vertex -1.7017e+1 9.8250e+0 2.8440e+2
      vertex -1.9615e+1 1.1325e+1 2.8440e+2
      vertex -1.7508e+1 8.9209e+0 2.8440e+2
    endloop
  endfacet
  facet normal 0.0000e+0 0.0000e+0 1.0000e+0
    outer loop
      vertex -1.7508e+1 8.9209e+0 2.8440e+2
      vertex -1.9615e+1 1.1325e+1 2.8440e+2
      vertex -2.0181e+1 1.0283e+1 2.8440e+2
    endloop
  endfacet
  facet normal 9.0112e-1 -4.2981e-1 -5.6888e-2
    outer loop
      vertex -2.5394e+1 1.2939e+1 0.0000e+0
      vertex -1.2697e+1 6.4694e+0 2.5000e+2
      vertex -2.6036e+1 1.1592e+1 0.0000e+0
    endloop
  endfacet
  facet normal 9.0112e-1 -4.2981e-1 -5.6888e-2
    outer loop
      vertex -2.6036e+1 1.1592e+1 0.0000e+0
      vertex -1.2697e+1 6.4694e+0 2.5000e+2
      vertex -1.3018e+1 5.7960e+0 2.5000e+2
    endloop
  endfacet
  facet normal -9.0112e-1 4.2981e-1 5.6888e-2
    outer loop
      vertex -2.8067e+1 1.4301e+1 0.0000e+0
      vertex -2.8777e+1 1.2812e+1 0.0000e+0
      vertex -1.5370e+1 7.8313e+0 2.5000e+2
    endloop
  endfacet
  facet normal -9.0112e-1 4.2981e-1 5.6888e-2
    outer loop
      vertex -2.8777e+1 1.2812e+1 0.0000e+0
      vertex -1.5759e+1 7.0162e+0 2.5000e+2
      vertex -1.5370e+1 7.8313e+0 2.5000e+2
    endloop
  endfacet
  facet normal 8.9167e-1 -4.2531e-1 1.5503e-1
    outer loop
      vertex -1.2697e+1 6.4694e+0 2.5000e+2
      vertex -1.7508e+1 8.9209e+0 2.8440e+2
      vertex -1.3018e+1 5.7960e+0 2.5000e+2
    endloop
  endfacet
  facet normal 8.9167e-1 -4.2531e-1 1.5503e-1
    outer loop
      vertex -1.3018e+1 5.7960e+0 2.5000e+2
      vertex -1.7508e+1 8.9209e+0 2.8440e+2
      vertex -1.7951e+1 7.9924e+0 2.8440e+2
    endloop
  endfacet
  facet normal -8.9167e-1 4.2531e-1 -1.5503e-1
    outer loop
      vertex -1.5370e+1 7.8313e+0 2.5000e+2
      vertex -1.5759e+1 7.0162e+0 2.5000e+2
      vertex -2.0181e+1 1.0283e+1 2.8440e+2
    endloop
  endfacet
  facet normal -8.9167e-1 4.2531e-1 -1.5503e-1
    outer loop
      vertex -1.5759e+1 7.0162e+0 2.5000e+2
      vertex -2.0692e+1 9.2126e+0 2.8440e+2
      vertex -2.0181e+1 1.0283e+1 2.8440e+2
    endloop
  endfacet
  facet normal 0.0000e+0 0.0000e+0 -1.0000e+0
    outer loop
      vertex -2.5394e+1 1.2939e+1 0.0000e+0
      vertex -2.6036e+1 1.1592e+1 0.0000e+0
      vertex -2.8067e+1 1.4301e+1 0.0000e+0
    endloop
  endfacet
  facet normal 0.0000e+0 0.0000e+0 -1.0000e+0
    outer loop
      vertex -2.6036e+1 1.1592e+1 0.0000e+0
      vertex -2.8777e+1 1.2812e+1 0.0000e+0
      vertex -2.8067e+1 1.4301e+1 0.0000e+0
    endloop
  endfacet
  facet normal 0.0000e+0 0.0000e+0 1.0000e+0
    outer loop
      vertex -1.7508e+1 8.9209e+0 2.8440e+2
      vertex -2.0181e+1 1.0283e+1 2.8440e+2
      vertex -1.7951e+1 7.9924e+0 2.8440e+2
    endloop
  endfacet
  facet normal 0.0000e+0 0.0000e+0 1.0000e+0
    outer loop
      vertex -1.7951e+1 7.9924e+0 2.8440e+2
      vertex -2.0181e+1 1.0283e+1 2.8440e+2
      vertex -2.0692e+1 9.2126e+0 2.8440e+2
    endloop
  endfacet
  facet normal 9.2238e-1 -3.8206e-1 -5.6888e-2
    outer loop
      vertex -2.6036e+1 1.1592e+1 0.0000e+0
      vertex -1.3018e+1 5.7960e+0 2.5000e+2
      vertex -2.6607e+1 1.0213e+1 0.0000e+0
    endloop
  endfacet
  facet normal 9.2238e-1 -3.8206e-1 -5.6888e-2
    outer loop
      vertex -2.6607e+1 1.0213e+1 0.0000e+0
      vertex -1.3018e+1 5.7960e+0 2.5000e+2
      vertex -1.3304e+1 5.1067e+0 2.5000e+2
    endloop
  endfacet
  facet normal -9.2238e-1 3.8206e-1 5.6888e-2
    outer loop
      vertex -2.8777e+1 1.2812e+1 0.0000e+0
      vertex -2.9408e+1 1.1289e+1 0.0000e+0
      vertex -1.5759e+1 7.0162e+0 2.5000e+2
    endloop
  endfacet
  facet normal -9.2238e-1 3.8206e-1 5.6888e-2
    outer loop
      vertex -2.9408e+1 1.1289e+1 0.0000e+0
      vertex -1.6104e+1 6.1818e+0 2.5000e+2
      vertex -1.5759e+1 7.0162e+0 2.5000e+2
    endloop
  endfacet
  facet normal 9.1271e-1 -3.7806e-1 1.5503e-1
    outer loop
      vertex -1.3018e+1 5.7960e+0 2.5000e+2
      vertex -1.7951e+1 7.9924e+0 2.8440e+2
      vertex -1.3304e+1 5.1067e+0 2.5000e+2
    endloop
  endfacet
  facet normal 9.1271e-1 -3.7806e-1 1.5503e-1
    outer loop
      vertex -1.3304e+1 5.1067e+0 2.5000e+2
      vertex -1.7951e+1 7.9924e+0 2.8440e+2
      vertex -1.8345e+1 7.0419e+0 2.8440e+2
    endloop
  endfacet
  facet normal -9.1271e-1 3.7806e-1 -1.5503e-1
    outer loop
      vertex -1.5759e+1 7.0162e+0 2.5000e+2
      vertex -1.6104e+1 6.1818e+0 2.5000e+2
      vertex -2.0692e+1 9.2126e+0 2.8440e+2
    endloop
  endfacet
  facet normal -9.1271e-1 3.7806e-1 -1.5503e-1
    outer loop
      vertex -1.6104e+1 6.1818e+0 2.5000e+2
      vertex -2.1146e+1 8.1170e+0 2.8440e+2
      vertex -2.0692e+1 9.2126e+0 2.8440e+2
    endloop
  endfacet
  facet normal 0.0000e+0 0.0000e+0 -1.0000e+0
    outer loop
      vertex -2.6036e+1 1.1592e+1 0.0000e+0
      vertex -2.6607e+1 1.0213e+1 0.0000e+0
      vertex -2.8777e+1 1.2812e+1 0.0000e+0
    endloop
  endfacet
  facet normal 0.0000e+0 0.0000e+0 -1.0000e+0
    outer loop
      vertex -2.6607e+1 1.0213e+1 0.0000e+0
      vertex -2.9408e+1 1.1289e+1 0.0000e+0
      vertex -2.8777e+1 1.2812e+1 0.0000e+0
    endloop
  endfacet
  facet normal 0.0000e+0 0.0000e+0 1.0000e+0
    outer loop
      vertex -1.7951e+1 7.9924e+0 2.8440e+2
      vertex -2.0692e+1 9.2126e+0 2.8440e+2
      vertex -1.8345e+1 7.0419e+0 2.8440e+2
    endloop
  endfacet
  facet normal 0.0000e+0 0.0000e+0 1.0000e+0
    outer loop
      vertex -1.8345e+1 7.0419e+0 2.8440e+2
      vertex -2.0692e+1 9.2126e+0 2.8440e+2
      vertex -2.1146e+1 8.1170e+0 2.8440e+2
    endloop
  endfacet
  facet normal 9.4111e-1 -3.3327e-1 -5.6888e-2
    outer loop
      vertex -2.6607e+1 1.0213e+1 0.0000e+0
      vertex -1.3304e+1 5.1067e+0 2.5000e+2
      vertex -2.7105e+1 8.8070e+0 0.0000e+0
    endloop
  endfacet
  facet normal 9.4111e-1 -3.3327e-1 -5.6888e-2
    outer loop
      vertex -2.7105e+1 8.8070e+0 0.0000e+0
      vertex -1.3304e+1 5.1067e+0 2.5000e+2
      vertex -1.3553e+1 4.4035e+0 2.5000e+2
    endloop
  endfacet
  facet normal -9.4111e-1 3.3327e-1 5.6888e-2
    outer loop
      vertex -2.9408e+1 1.1289e+1 0.0000e+0
      vertex -2.9958e+1 9.7340e+0 0.0000e+0
      vertex -1.6104e+1 6.1818e+0 2.5000e+2
    endloop
  endfacet
  facet normal -9.4111e-1 3.3327e-1 5.6888e-2
    outer loop
      vertex -2.9958e+1 9.7340e+0 0.0000e+0
      vertex -1.6406e+1 5.3305e+0 2.5000e+2
      vertex -1.6104e+1 6.1818e+0 2.5000e+2
    endloop
  endfacet
  facet normal 9.3125e-1 -3.2977e-1 1.5503e-1
    outer loop
      vertex -1.3304e+1 5.1067e+0 2.5000e+2
      vertex -1.8345e+1 7.0419e+0 2.8440e+2
      vertex -1.3553e+1 4.4035e+0 2.5000e+2
    endloop
  endfacet
  facet normal 9.3125e-1 -3.2977e-1 1.5503e-1
    outer loop
      vertex -1.3553e+1 4.4035e+0 2.5000e+2
      vertex -1.8345e+1 7.0419e+0 2.8440e+2
      vertex -1.8688e+1 6.0722e+0 2.8440e+2
    endloop
  endfacet
  facet normal -9.3125e-1 3.2977e-1 -1.5503e-1
    outer loop
      vertex -1.6104e+1 6.1818e+0 2.5000e+2
      vertex -1.6406e+1 5.3305e+0 2.5000e+2
      vertex -2.1146e+1 8.1170e+0 2.8440e+2
    endloop
  endfacet
  facet normal -9.3125e-1 3.2977e-1 -1.5503e-1
    outer loop
      vertex -1.6406e+1 5.3305e+0 2.5000e+2
      vertex -2.1541e+1 6.9992e+0 2.8440e+2
      vertex -2.1146e+1 8.1170e+0 2.8440e+2
    endloop
  endfacet
  facet normal 0.0000e+0 0.0000e+0 -1.0000e+0
    outer loop
      vertex -2.6607e+1 1.0213e+1 0.0000e+0
      vertex -2.7105e+1 8.8070e+0 0.0000e+0
      vertex -2.9408e+1 1.1289e+1 0.0000e+0
    endloop
  endfacet
  facet normal 0.0000e+0 0.0000e+0 -1.0000e+0
    outer loop
      vertex -2.7105e+1 8.8070e+0 0.0000e+0
      vertex -2.9958e+1 9.7340e+0 0.0000e+0
      vertex -2.9408e+1 1.1289e+1 0.0000e+0
    endloop
  endfacet
  facet normal 0.0000e+0 0.0000e+0 1.0000e+0
    outer loop
      vertex -1.8345e+1 7.0419e+0 2.8440e+2
      vertex -2.1146e+1 8.1170e+0 2.8440e+2
      vertex -1.8688e+1 6.0722e+0 2.8440e+2
    endloop
  endfacet
  facet normal 0.0000e+0 0.0000e+0 1.0000e+0
    outer loop
      vertex -1.8688e+1 6.0722e+0 2.8440e+2
      vertex -2.1146e+1 8.1170e+0 2.8440e+2
      vertex -2.1541e+1 6.9992e+0 2.8440e+2
    endloop
  endfacet
  facet normal 9.5727e-1 -2.8356e-1 -5.6888e-2
    outer loop
      vertex -2.7105e+1 8.8070e+0 0.0000e+0
      vertex -1.3553e+1 4.4035e+0 2.5000e+2
      vertex -2.7529e+1 7.3763e+0 0.0000e+0
    endloop
  endfacet
  facet normal 9.5727e-1 -2.8356e-1 -5.6888e-2
    outer loop
      vertex -2.7529e+1 7.3763e+0 0.0000e+0
      vertex -1.3553e+1 4.4035e+0 2.5000e+2
      vertex -1.3764e+1 3.6882e+0 2.5000e+2
    endloop
  endfacet
  facet normal -9.5727e-1 2.8356e-1 5.6888e-2
    outer loop
      vertex -2.9958e+1 9.7340e+0 0.0000e+0
      vertex -3.0427e+1 8.1528e+0 0.0000e+0
      vertex -1.6406e+1 5.3305e+0 2.5000e+2
    endloop
  endfacet
  facet normal -9.5727e-1 2.8356e-1 5.6888e-2
    outer loop
      vertex -3.0427e+1 8.1528e+0 0.0000e+0
      vertex -1.6662e+1 4.4646e+0 2.5000e+2
      vertex -1.6406e+1 5.3305e+0 2.5000e+2
    endloop
  endfacet
  facet normal 9.4723e-1 -2.8058e-1 1.5503e-1
    outer loop
      vertex -1.3553e+1 4.4035e+0 2.5000e+2
      vertex -1.8688e+1 6.0722e+0 2.8440e+2
      vertex -1.3764e+1 3.6882e+0 2.5000e+2
    endloop
  endfacet
  facet normal 9.4723e-1 -2.8058e-1 1.5503e-1
    outer loop
      vertex -1.3764e+1 3.6882e+0 2.5000e+2
      vertex -1.8688e+1 6.0722e+0 2.8440e+2
      vertex -1.8980e+1 5.0858e+0 2.8440e+2
    endloop
  endfacet
  facet normal -9.4723e-1 2.8058e-1 -1.5503e-1
    outer loop
      vertex -1.6406e+1 5.3305e+0 2.5000e+2
      vertex -1.6662e+1 4.4646e+0 2.5000e+2
      vertex -2.1541e+1 6.9992e+0 2.8440e+2
    endloop
  endfacet
  facet normal -9.4723e-1 2.8058e-1 -1.5503e-1
    outer loop
      vertex -1.6662e+1 4.4646e+0 2.5000e+2
      vertex -2.1878e+1 5.8623e+0 2.8440e+2
      vertex -2.1541e+1 6.9992e+0 2.8440e+2
    endloop
  endfacet
  facet normal 0.0000e+0 0.0000e+0 -1.0000e+0
    outer loop
      vertex -2.7105e+1 8.8070e+0 0.0000e+0
      vertex -2.7529e+1 7.3763e+0 0.0000e+0
      vertex -2.9958e+1 9.7340e+0 0.0000e+0
    endloop
  endfacet
  facet normal 0.0000e+0 0.0000e+0 -1.0000e+0
    outer loop
      vertex -2.7529e+1 7.3763e+0 0.0000e+0
      vertex -3.0427e+1 8.1528e+0 0.0000e+0
      vertex -2.9958e+1 9.7340e+0 0.0000e+0
    endloop
  endfacet
  facet normal 0.0000e+0 0.0000e+0 1.0000e+0
    outer loop
      vertex -1.8688e+1 6.0722e+0 2.8440e+2
      vertex -2.1541e+1 6.9992e+0 2.8440e+2
      vertex -1.8980e+1 5.0858e+0 2.8440e+2
    endloop
  endfacet
  facet normal 0.0000e+0 0.0000e+0 1.0000e+0
    outer loop
      vertex -1.8980e+1 5.0858e+0 2.8440e+2
      vertex -2.1541e+1 6.9992e+0 2.8440e+2
      vertex -2.1878e+1 5.8623e+0 2.8440e+2
    endloop
  endfacet
  facet normal 9.7080e-1 -2.3307e-1 -5.6888e-2
    outer loop
      vertex -2.7529e+1 7.3763e+0 0.0000e+0
      vertex -1.3764e+1 3.6882e+0 2.5000e+2
      vertex -2.7877e+1 5.9255e+0 0.0000e+0
    endloop
  endfacet
  facet normal 9.7080e-1 -2.3307e-1 -5.6888e-2
    outer loop
      vertex -2.7877e+1 5.9255e+0 0.0000e+0
      vertex -1.3764e+1 3.6882e+0 2.5000e+2
      vertex -1.3939e+1 2.9627e+0 2.5000e+2
    endloop
  endfacet
  facet normal -9.7080e-1 2.3307e-1 5.6888e-2
    outer loop
      vertex -3.0427e+1 8.1528e+0 0.0000e+0
      vertex -3.0812e+1 6.5492e+0 0.0000e+0
      vertex -1.6662e+1 4.4646e+0 2.5000e+2
    endloop
  endfacet
  facet normal -9.7080e-1 2.3307e-1 5.6888e-2
    outer loop
      vertex -3.0812e+1 6.5492e+0 0.0000e+0
      vertex -1.6873e+1 3.5865e+0 2.5000e+2
      vertex -1.6662e+1 4.4646e+0 2.5000e+2
    endloop
  endfacet
  facet normal 9.6061e-1 -2.3062e-1 1.5503e-1
    outer loop
      vertex -1.3764e+1 3.6882e+0 2.5000e+2
      vertex -1.8980e+1 5.0858e+0 2.8440e+2
      vertex -1.3939e+1 2.9627e+0 2.5000e+2
    endloop
  endfacet
  facet normal 9.6061e-1 -2.3062e-1 1.5503e-1
    outer loop
      vertex -1.3939e+1 2.9627e+0 2.5000e+2
      vertex -1.8980e+1 5.0858e+0 2.8440e+2
      vertex -1.9221e+1 4.0855e+0 2.8440e+2
    endloop
  endfacet
  facet normal -9.6061e-1 2.3062e-1 -1.5503e-1
    outer loop
      vertex -1.6662e+1 4.4646e+0 2.5000e+2
      vertex -1.6873e+1 3.5865e+0 2.5000e+2
      vertex -2.1878e+1 5.8623e+0 2.8440e+2
    endloop
  endfacet
  facet normal -9.6061e-1 2.3062e-1 -1.5503e-1
    outer loop
      vertex -1.6873e+1 3.5865e+0 2.5000e+2
      vertex -2.2155e+1 4.7092e+0 2.8440e+2
      vertex -2.1878e+1 5.8623e+0 2.8440e+2
    endloop
  endfacet
  facet normal 0.0000e+0 0.0000e+0 -1.0000e+0
    outer loop
      vertex -2.7529e+1 7.3763e+0 0.0000e+0
      vertex -2.7877e+1 5.9255e+0 0.0000e+0
      vertex -3.0427e+1 8.1528e+0 0.0000e+0
    endloop
  endfacet
  facet normal 0.0000e+0 0.0000e+0 -1.0000e+0
    outer loop
      vertex -2.7877e+1 5.9255e+0 0.0000e+0
      vertex -3.0812e+1 6.5492e+0 0.0000e+0
      vertex -3.0427e+1 8.1528e+0 0.0000e+0
    endloop
  endfacet
  facet normal 0.0000e+0 0.0000e+0 1.0000e+0
    outer loop
      vertex -1.8980e+1 5.0858e+0 2.8440e+2
      vertex -2.1878e+1 5.8623e+0 2.8440e+2
      vertex -1.9221e+1 4.0855e+0 2.8440e+2
    endloop
  endfacet
  facet normal 0.0000e+0 0.0000e+0 1.0000e+0
    outer loop
      vertex -1.9221e+1 4.0855e+0 2.8440e+2
      vertex -2.1878e+1 5.8623e+0 2.8440e+2
      vertex -2.2155e+1 4.7092e+0 2.8440e+2
    endloop
  endfacet
  facet normal 9.8166e-1 -1.8194e-1 -5.6888e-2
    outer loop
      vertex -2.7877e+1 5.9255e+0 0.0000e+0
      vertex -1.3939e+1 2.9627e+0 2.5000e+2
      vertex -2.8149e+1 4.4584e+0 0.0000e+0
    endloop
  endfacet
  facet normal 9.8166e-1 -1.8194e-1 -5.6888e-2
    outer loop
      vertex -2.8149e+1 4.4584e+0 0.0000e+0
      vertex -1.3939e+1 2.9627e+0 2.5000e+2
      vertex -1.4075e+1 2.2292e+0 2.5000e+2
    endloop
  endfacet
  facet normal -9.8166e-1 1.8194e-1 5.6888e-2
    outer loop
      vertex -3.0812e+1 6.5492e+0 0.0000e+0
      vertex -3.1112e+1 4.9277e+0 0.0000e+0
      vertex -1.6873e+1 3.5865e+0 2.5000e+2
    endloop
  endfacet
  facet normal -9.8166e-1 1.8194e-1 5.6888e-2
    outer loop
      vertex -3.1112e+1 4.9277e+0 0.0000e+0
      vertex -1.7038e+1 2.6985e+0 2.5000e+2
      vertex -1.6873e+1 3.5865e+0 2.5000e+2
    endloop
  endfacet
  facet normal 9.7137e-1 -1.8003e-1 1.5503e-1
    outer loop
      vertex -1.3939e+1 2.9627e+0 2.5000e+2
      vertex -1.9221e+1 4.0855e+0 2.8440e+2
      vertex -1.4075e+1 2.2292e+0 2.5000e+2
    endloop
  endfacet
  facet normal 9.7137e-1 -1.8003e-1 1.5503e-1
    outer loop
      vertex -1.4075e+1 2.2292e+0 2.5000e+2
      vertex -1.9221e+1 4.0855e+0 2.8440e+2
      vertex -1.9408e+1 3.0739e+0 2.8440e+2
    endloop
  endfacet
  facet normal -9.7137e-1 1.8003e-1 -1.5503e-1
    outer loop
      vertex -1.6873e+1 3.5865e+0 2.5000e+2
      vertex -1.7038e+1 2.6985e+0 2.5000e+2
      vertex -2.2155e+1 4.7092e+0 2.8440e+2
    endloop
  endfacet
  facet normal -9.7137e-1 1.8003e-1 -1.5503e-1
    outer loop
      vertex -1.7038e+1 2.6985e+0 2.5000e+2
      vertex -2.2371e+1 3.5432e+0 2.8440e+2
      vertex -2.2155e+1 4.7092e+0 2.8440e+2
    endloop
  endfacet
  facet normal 0.0000e+0 0.0000e+0 -1.0000e+0
    outer loop
      vertex -2.7877e+1 5.9255e+0 0.0000e+0
      vertex -2.8149e+1 4.4584e+0 0.0000e+0
      vertex -3.0812e+1 6.5492e+0 0.0000e+0
    endloop
  endfacet
  facet normal 0.0000e+0 0.0000e+0 -1.0000e+0
    outer loop
      vertex -2.8149e+1 4.4584e+0 0.0000e+0
      vertex -3.1112e+1 4.9277e+0 0.0000e+0
      vertex -3.0812e+1 6.5492e+0 0.0000e+0
    endloop
  endfacet
  facet normal 0.0000e+0 0.0000e+0 1.0000e+0
    outer loop
      vertex -1.9221e+1 4.0855e+0 2.8440e+2
      vertex -2.2155e+1 4.7092e+0 2.8440e+2
      vertex -1.9408e+1 3.0739e+0 2.8440e+2
    endloop
  endfacet
  facet normal 0.0000e+0 0.0000e+0 1.0000e+0
    outer loop
      vertex -1.9408e+1 3.0739e+0 2.8440e+2
      vertex -2.2155e+1 4.7092e+0 2.8440e+2
      vertex -2.2371e+1 3.5432e+0 2.8440e+2
    endloop
  endfacet
  facet normal 9.8984e-1 -1.3031e-1 -5.6888e-2
    outer loop
      vertex -2.8149e+1 4.4584e+0 0.0000e+0
      vertex -1.4075e+1 2.2292e+0 2.5000e+2
      vertex -2.8344e+1 2.9791e+0 0.0000e+0
    endloop
  endfacet
  facet normal 9.8984e-1 -1.3031e-1 -5.6888e-2
    outer loop
      vertex -2.8344e+1 2.9791e+0 0.0000e+0
      vertex -1.4075e+1 2.2292e+0 2.5000e+2
      vertex -1.4172e+1 1.4895e+0 2.5000e+2
    endloop
  endfacet
  facet normal -9.8984e-1 1.3031e-1 5.6888e-2
    outer loop
      vertex -3.1112e+1 4.9277e+0 0.0000e+0
      vertex -3.1327e+1 3.2926e+0 0.0000e+0
      vertex -1.7038e+1 2.6985e+0 2.5000e+2
    endloop
  endfacet
  facet normal -9.8984e-1 1.3031e-1 5.6888e-2
    outer loop
      vertex -3.1327e+1 3.2926e+0 0.0000e+0
      vertex -1.7156e+1 1.8031e+0 2.5000e+2
      vertex -1.7038e+1 2.6985e+0 2.5000e+2
    endloop
  endfacet
  facet normal 9.7946e-1 -1.2895e-1 1.5503e-1
    outer loop
      vertex -1.4075e+1 2.2292e+0 2.5000e+2
      vertex -1.9408e+1 3.0739e+0 2.8440e+2
      vertex -1.4172e+1 1.4895e+0 2.5000e+2
    endloop
  endfacet
  facet normal 9.7946e-1 -1.2895e-1 1.5503e-1
    outer loop
      vertex -1.4172e+1 1.4895e+0 2.5000e+2
      vertex -1.9408e+1 3.0739e+0 2.8440e+2
      vertex -1.9542e+1 2.0540e+0 2.8440e+2
    endloop
  endfacet
  facet normal -9.7946e-1 1.2895e-1 -1.5503e-1
    outer loop
      vertex -1.7038e+1 2.6985e+0 2.5000e+2
      vertex -1.7156e+1 1.8031e+0 2.5000e+2
      vertex -2.2371e+1 3.5432e+0 2.8440e+2
    endloop
  endfacet
  facet normal -9.7946e-1 1.2895e-1 -1.5503e-1
    outer loop
      vertex -1.7156e+1 1.8031e+0 2.5000e+2
      vertex -2.2526e+1 2.3676e+0 2.8440e+2
      vertex -2.2371e+1 3.5432e+0 2.8440e+2
    endloop
  endfacet
  facet normal 0.0000e+0 0.0000e+0 -1.0000e+0
    outer loop
      vertex -2.8149e+1 4.4584e+0 0.0000e+0
      vertex -2.8344e+1 2.9791e+0 0.0000e+0
      vertex -3.1112e+1 4.9277e+0 0.0000e+0
    endloop
  endfacet
  facet normal 0.0000e+0 0.0000e+0 -1.0000e+0
    outer loop
      vertex -2.8344e+1 2.9791e+0 0.0000e+0
      vertex -3.1327e+1 3.2926e+0 0.0000e+0
      vertex -3.1112e+1 4.9277e+0 0.0000e+0
    endloop
  endfacet
  facet normal 0.0000e+0 0.0000e+0 1.0000e+0
    outer loop
      vertex -1.9408e+1 3.0739e+0 2.8440e+2
      vertex -2.2371e+1 3.5432e+0 2.8440e+2
      vertex -1.9542e+1 2.0540e+0 2.8440e+2
    endloop
  endfacet
  facet normal 0.0000e+0 0.0000e+0 1.0000e+0
    outer loop
      vertex -1.9542e+1 2.0540e+0 2.8440e+2
      vertex -2.2371e+1 3.5432e+0 2.8440e+2
      vertex -2.2526e+1 2.3676e+0 2.8440e+2
    endloop
  endfacet
  facet normal 9.9530e-1 -7.8332e-2 -5.6888e-2
    outer loop
      vertex -2.8344e+1 2.9791e+0 0.0000e+0
      vertex -1.4172e+1 1.4895e+0 2.5000e+2
      vertex -2.8461e+1 1.4916e+0 0.0000e+0
    endloop
  endfacet
  facet normal 9.9530e-1 -7.8332e-2 -5.6888e-2
    outer loop
      vertex -2.8461e+1 1.4916e+0 0.0000e+0
      vertex -1.4172e+1 1.4895e+0 2.5000e+2
      vertex -1.4230e+1 7.4579e-1 2.5000e+2
    endloop
  endfacet
  facet normal -9.9530e-1 7.8332e-2 5.6888e-2
    outer loop
      vertex -3.1327e+1 3.2926e+0 0.0000e+0
      vertex -3.1457e+1 1.6486e+0 0.0000e+0
      vertex -1.7156e+1 1.8031e+0 2.5000e+2
    endloop
  endfacet
  facet normal -9.9530e-1 7.8332e-2 5.6888e-2
    outer loop
      vertex -3.1457e+1 1.6486e+0 0.0000e+0
      vertex -1.7226e+1 9.0280e-1 2.5000e+2
      vertex -1.7156e+1 1.8031e+0 2.5000e+2
    endloop
  endfacet
  facet normal 9.8487e-1 -7.7511e-2 1.5503e-1
    outer loop
      vertex -1.4172e+1 1.4895e+0 2.5000e+2
      vertex -1.9542e+1 2.0540e+0 2.8440e+2
      vertex -1.4230e+1 7.4579e-1 2.5000e+2
    endloop
  endfacet
  facet normal 9.8487e-1 -7.7511e-2 1.5503e-1
    outer loop
      vertex -1.4230e+1 7.4579e-1 2.5000e+2
      vertex -1.9542e+1 2.0540e+0 2.8440e+2
      vertex -1.9623e+1 1.0284e+0 2.8440e+2
    endloop
  endfacet
  facet normal -9.8487e-1 7.7511e-2 -1.5503e-1
    outer loop
      vertex -1.7156e+1 1.8031e+0 2.5000e+2
      vertex -1.7226e+1 9.0280e-1 2.5000e+2
      vertex -2.2526e+1 2.3676e+0 2.8440e+2
    endloop
  endfacet
  facet normal -9.8487e-1 7.7511e-2 -1.5503e-1
    outer loop
      vertex -1.7226e+1 9.0280e-1 2.5000e+2
      vertex -2.2619e+1 1.1854e+0 2.8440e+2
      vertex -2.2526e+1 2.3676e+0 2.8440e+2
    endloop
  endfacet
  facet normal 0.0000e+0 0.0000e+0 -1.0000e+0
    outer loop
      vertex -2.8344e+1 2.9791e+0 0.0000e+0
      vertex -2.8461e+1 1.4916e+0 0.0000e+0
      vertex -3.1327e+1 3.2926e+0 0.0000e+0
    endloop
  endfacet
  facet normal 0.0000e+0 0.0000e+0 -1.0000e+0
    outer loop
      vertex -2.8461e+1 1.4916e+0 0.0000e+0
      vertex -3.1457e+1 1.6486e+0 0.0000e+0
      vertex -3.1327e+1 3.2926e+0 0.0000e+0
    endloop
  endfacet
  facet normal 0.0000e+0 0.0000e+0 1.0000e+0
    outer loop
      vertex -1.9542e+1 2.0540e+0 2.8440e+2
      vertex -2.2526e+1 2.3676e+0 2.8440e+2
      vertex -1.9623e+1 1.0284e+0 2.8440e+2
    endloop
  endfacet
  facet normal 0.0000e+0 0.0000e+0 1.0000e+0
    outer loop
      vertex -1.9623e+1 1.0284e+0 2.8440e+2
      vertex -2.2526e+1 2.3676e+0 2.8440e+2
      vertex -2.2619e+1 1.1854e+0 2.8440e+2
    endloop
  endfacet
  facet normal 9.9804e-1 -2.6135e-2 -5.6888e-2
    outer loop
      vertex -2.8461e+1 1.4916e+0 0.0000e+0
      vertex -1.4230e+1 7.4579e-1 2.5000e+2
      vertex -2.8500e+1 3.4902e-15 0.0000e+0
    endloop
  endfacet
  facet normal 9.9804e-1 -2.6135e-2 -5.6888e-2
    outer loop
      vertex -2.8500e+1 3.4902e-15 0.0000e+0
      vertex -1.4230e+1 7.4579e-1 2.5000e+2
      vertex -1.4250e+1 1.7451e-15 2.5000e+2
    endloop
  endfacet
  facet normal -9.9804e-1 2.6135e-2 5.6888e-2
    outer loop
      vertex -3.1457e+1 1.6486e+0 0.0000e+0
      vertex -3.1500e+1 3.8576e-15 0.0000e+0
      vertex -1.7226e+1 9.0280e-1 2.5000e+2
    endloop
  endfacet
  facet normal -9.9804e-1 2.6135e-2 5.6888e-2
    outer loop
      vertex -3.1500e+1 3.8576e-15 0.0000e+0
      vertex -1.7250e+1 2.1125e-15 2.5000e+2
      vertex -1.7226e+1 9.0280e-1 2.5000e+2
    endloop
  endfacet
  facet normal 9.8757e-1 -2.5860e-2 1.5503e-1
    outer loop
      vertex -1.4230e+1 7.4579e-1 2.5000e+2
      vertex -1.9623e+1 1.0284e+0 2.8440e+2
      vertex -1.4250e+1 1.7451e-15 2.5000e+2
    endloop
  endfacet
  facet normal 9.8757e-1 -2.5860e-2 1.5503e-1
    outer loop
      vertex -1.4250e+1 1.7451e-15 2.5000e+2
      vertex -1.9623e+1 1.0284e+0 2.8440e+2
      vertex -1.9650e+1 2.4064e-15 2.8440e+2
    endloop
  endfacet
  facet normal -9.8757e-1 2.5860e-2 -1.5503e-1
    outer loop
      vertex -1.7226e+1 9.0280e-1 2.5000e+2
      vertex -1.7250e+1 2.1125e-15 2.5000e+2
      vertex -2.2619e+1 1.1854e+0 2.8440e+2
    endloop
  endfacet
  facet normal -9.8757e-1 2.5860e-2 -1.5503e-1
    outer loop
      vertex -1.7250e+1 2.1125e-15 2.5000e+2
      vertex -2.2650e+1 2.7738e-15 2.8440e+2
      vertex -2.2619e+1 1.1854e+0 2.8440e+2
    endloop
  endfacet
  facet normal 0.0000e+0 0.0000e+0 -1.0000e+0
    outer loop
      vertex -2.8461e+1 1.4916e+0 0.0000e+0
      vertex -2.8500e+1 3.4902e-15 0.0000e+0
      vertex -3.1457e+1 1.6486e+0 0.0000e+0
    endloop
  endfacet
  facet normal 0.0000e+0 0.0000e+0 -1.0000e+0
    outer loop
      vertex -2.8500e+1 3.4902e-15 0.0000e+0
      vertex -3.1500e+1 3.8576e-15 0.0000e+0
      vertex -3.1457e+1 1.6486e+0 0.0000e+0
    endloop
  endfacet
  facet normal 0.0000e+0 0.0000e+0 1.0000e+0
    outer loop
      vertex -1.9623e+1 1.0284e+0 2.8440e+2
      vertex -2.2619e+1 1.1854e+0 2.8440e+2
      vertex -1.9650e+1 2.4064e-15 2.8440e+2
    endloop
  endfacet
  facet normal 0.0000e+0 0.0000e+0 1.0000e+0
    outer loop
      vertex -1.9650e+1 2.4064e-15 2.8440e+2
      vertex -2.2619e+1 1.1854e+0 2.8440e+2
      vertex -2.2650e+1 2.7738e-15 2.8440e+2
    endloop
  endfacet
  facet normal 9.9804e-1 2.6135e-2 -5.6888e-2
    outer loop
      vertex -2.8500e+1 3.4902e-15 0.0000e+0
      vertex -1.4250e+1 1.7451e-15 2.5000e+2
      vertex -2.8461e+1 -1.4916e+0 0.0000e+0
    endloop
  endfacet
  facet normal 9.9804e-1 2.6135e-2 -5.6888e-2
    outer loop
      vertex -2.8461e+1 -1.4916e+0 0.0000e+0
      vertex -1.4250e+1 1.7451e-15 2.5000e+2
      vertex -1.4230e+1 -7.4579e-1 2.5000e+2
    endloop
  endfacet
  facet normal -9.9804e-1 -2.6135e-2 5.6888e-2
    outer loop
      vertex -3.1500e+1 3.8576e-15 0.0000e+0
      vertex -3.1457e+1 -1.6486e+0 0.0000e+0
      vertex -1.7250e+1 2.1125e-15 2.5000e+2
    endloop
  endfacet
  facet normal -9.9804e-1 -2.6135e-2 5.6888e-2
    outer loop
      vertex -3.1457e+1 -1.6486e+0 0.0000e+0
      vertex -1.7226e+1 -9.0280e-1 2.5000e+2
      vertex -1.7250e+1 2.1125e-15 2.5000e+2
    endloop
  endfacet
  facet normal 9.8757e-1 2.5860e-2 1.5503e-1
    outer loop
      vertex -1.4250e+1 1.7451e-15 2.5000e+2
      vertex -1.9650e+1 2.4064e-15 2.8440e+2
      vertex -1.4230e+1 -7.4579e-1 2.5000e+2
    endloop
  endfacet
  facet normal 9.8757e-1 2.5860e-2 1.5503e-1
    outer loop
      vertex -1.4230e+1 -7.4579e-1 2.5000e+2
      vertex -1.9650e+1 2.4064e-15 2.8440e+2
      vertex -1.9623e+1 -1.0284e+0 2.8440e+2
    endloop
  endfacet
  facet normal -9.8757e-1 -2.5860e-2 -1.5503e-1
    outer loop
      vertex -1.7250e+1 2.1125e-15 2.5000e+2
      vertex -1.7226e+1 -9.0280e-1 2.5000e+2
      vertex -2.2650e+1 2.7738e-15 2.8440e+2
    endloop
  endfacet
  facet normal -9.8757e-1 -2.5860e-2 -1.5503e-1
    outer loop
      vertex -1.7226e+1 -9.0280e-1 2.5000e+2
      vertex -2.2619e+1 -1.1854e+0 2.8440e+2
      vertex -2.2650e+1 2.7738e-15 2.8440e+2
    endloop
  endfacet
  facet normal 0.0000e+0 0.0000e+0 -1.0000e+0
    outer loop
      vertex -2.8500e+1 3.4902e-15 0.0000e+0
      vertex -2.8461e+1 -1.4916e+0 0.0000e+0
      vertex -3.1500e+1 3.8576e-15 0.0000e+0
    endloop
  endfacet
  facet normal 0.0000e+0 0.0000e+0 -1.0000e+0
    outer loop
      vertex -2.8461e+1 -1.4916e+0 0.0000e+0
      vertex -3.1457e+1 -1.6486e+0 0.0000e+0
      vertex -3.1500e+1 3.8576e-15 0.0000e+0
    endloop
  endfacet
  facet normal 0.0000e+0 0.0000e+0 1.0000e+0
    outer loop
      vertex -1.9650e+1 2.4064e-15 2.8440e+2
      vertex -2.2650e+1 2.7738e-15 2.8440e+2
      vertex -1.9623e+1 -1.0284e+0 2.8440e+2
    endloop
  endfacet
  facet normal 0.0000e+0 0.0000e+0 1.0000e+0
    outer loop
      vertex -1.9623e+1 -1.0284e+0 2.8440e+2
      vertex -2.2650e+1 2.7738e-15 2.8440e+2
      vertex -2.2619e+1 -1.1854e+0 2.8440e+2
    endloop
  endfacet
  facet normal 9.9530e-1 7.8332e-2 -5.6888e-2
    outer loop
      vertex -2.8461e+1 -1.4916e+0 0.0000e+0
      vertex -1.4230e+1 -7.4579e-1 2.5000e+2
      vertex -2.8344e+1 -2.9791e+0 0.0000e+0
    endloop
  endfacet
  facet normal 9.9530e-1 7.8332e-2 -5.6888e-2
    outer loop
      vertex -2.8344e+1 -2.9791e+0 0.0000e+0
      vertex -1.4230e+1 -7.4579e-1 2.5000e+2
      vertex -1.4172e+1 -1.4895e+0 2.5000e+2
    endloop
  endfacet
  facet normal -9.9530e-1 -7.8332e-2 5.6888e-2
    outer loop
      vertex -3.1457e+1 -1.6486e+0 0.0000e+0
      vertex -3.1327e+1 -3.2926e+0 0.0000e+0
      vertex -1.7226e+1 -9.0280e-1 2.5000e+2
    endloop
  endfacet
  facet normal -9.9530e-1 -7.8332e-2 5.6888e-2
    outer loop
      vertex -3.1327e+1 -3.2926e+0 0.0000e+0
      vertex -1.7156e+1 -1.8031e+0 2.5000e+2
      vertex -1.7226e+1 -9.0280e-1 2.5000e+2
    endloop
  endfacet
  facet normal 9.8487e-1 7.7511e-2 1.5503e-1
    outer loop
      vertex -1.4230e+1 -7.4579e-1 2.5000e+2
      vertex -1.9623e+1 -1.0284e+0 2.8440e+2
      vertex -1.4172e+1 -1.4895e+0 2.5000e+2
    endloop
  endfacet
  facet normal 9.8487e-1 7.7511e-2 1.5503e-1
    outer loop
      vertex -1.4172e+1 -1.4895e+0 2.5000e+2
      vertex -1.9623e+1 -1.0284e+0 2.8440e+2
      vertex -1.9542e+1 -2.0540e+0 2.8440e+2
    endloop
  endfacet
  facet normal -9.8487e-1 -7.7511e-2 -1.5503e-1
    outer loop
      vertex -1.7226e+1 -9.0280e-1 2.5000e+2
      vertex -1.7156e+1 -1.8031e+0 2.5000e+2
      vertex -2.2619e+1 -1.1854e+0 2.8440e+2
    endloop
  endfacet
  facet normal -9.8487e-1 -7.7511e-2 -1.5503e-1
    outer loop
      vertex -1.7156e+1 -1.8031e+0 2.5000e+2
      vertex -2.2526e+1 -2.3676e+0 2.8440e+2
      vertex -2.2619e+1 -1.1854e+0 2.8440e+2
    endloop
  endfacet
  facet normal 0.0000e+0 0.0000e+0 -1.0000e+0
    outer loop
      vertex -2.8461e+1 -1.4916e+0 0.0000e+0
      vertex -2.8344e+1 -2.9791e+0 0.0000e+0
      vertex -3.1457e+1 -1.6486e+0 0.0000e+0
    endloop
  endfacet
  facet normal 0.0000e+0 0.0000e+0 -1.0000e+0
    outer loop
      vertex -2.8344e+1 -2.9791e+0 0.0000e+0
      vertex -3.1327e+1 -3.2926e+0 0.0000e+0
      vertex -3.1457e+1 -1.6486e+0 0.0000e+0
    endloop
  endfacet
  facet normal 0.0000e+0 0.0000e+0 1.0000e+0
    outer loop
      vertex -1.9623e+1 -1.0284e+0 2.8440e+2
      vertex -2.2619e+1 -1.1854e+0 2.8440e+2
      vertex -1.9542e+1 -2.0540e+0 2.8440e+2
    endloop
  endfacet
  facet normal 0.0000e+0 0.0000e+0 1.0000e+0
    outer loop
      vertex -1.9542e+1 -2.0540e+0 2.8440e+2
      vertex -2.2619e+1 -1.1854e+0 2.8440e+2
      vertex -2.2526e+1 -2.3676e+0 2.8440e+2
    endloop
  endfacet
  facet normal 9.8984e-1 1.3031e-1 -5.6888e-2
    outer loop
      vertex -2.8344e+1 -2.9791e+0 0.0000e+0
      vertex -1.4172e+1 -1.4895e+0 2.5000e+2
      vertex -2.8149e+1 -4.4584e+0 0.0000e+0
    endloop
  endfacet
  facet normal 9.8984e-1 1.3031e-1 -5.6888e-2
    outer loop
      vertex -2.8149e+1 -4.4584e+0 0.0000e+0
      vertex -1.4172e+1 -1.4895e+0 2.5000e+2
      vertex -1.4075e+1 -2.2292e+0 2.5000e+2
    endloop
  endfacet
  facet normal -9.8984e-1 -1.3031e-1 5.6888e-2
    outer loop
      vertex -3.1327e+1 -3.2926e+0 0.0000e+0
      vertex -3.1112e+1 -4.9277e+0 0.0000e+0
      vertex -1.7156e+1 -1.8031e+0 2.5000e+2
    endloop
  endfacet
  facet normal -9.8984e-1 -1.3031e-1 5.6888e-2
    outer loop
      vertex -3.1112e+1 -4.9277e+0 0.0000e+0
      vertex -1.7038e+1 -2.6985e+0 2.5000e+2
      vertex -1.7156e+1 -1.8031e+0 2.5000e+2
    endloop
  endfacet
  facet normal 9.7946e-1 1.2895e-1 1.5503e-1
    outer loop
      vertex -1.4172e+1 -1.4895e+0 2.5000e+2
      vertex -1.9542e+1 -2.0540e+0 2.8440e+2
      vertex -1.4075e+1 -2.2292e+0 2.5000e+2
    endloop
  endfacet
  facet normal 9.7946e-1 1.2895e-1 1.5503e-1
    outer loop
      vertex -1.4075e+1 -2.2292e+0 2.5000e+2
      vertex -1.9542e+1 -2.0540e+0 2.8440e+2
      vertex -1.9408e+1 -3.0739e+0 2.8440e+2
    endloop
  endfacet
  facet normal -9.7946e-1 -1.2895e-1 -1.5503e-1
    outer loop
      vertex -1.7156e+1 -1.8031e+0 2.5000e+2
      vertex -1.7038e+1 -2.6985e+0 2.5000e+2
      vertex -2.2526e+1 -2.3676e+0 2.8440e+2
    endloop
  endfacet
  facet normal -9.7946e-1 -1.2895e-1 -1.5503e-1
    outer loop
      vertex -1.7038e+1 -2.6985e+0 2.5000e+2
      vertex -2.2371e+1 -3.5432e+0 2.8440e+2
      vertex -2.2526e+1 -2.3676e+0 2.8440e+2
    endloop
  endfacet
  facet normal 0.0000e+0 0.0000e+0 -1.0000e+0
    outer loop
      vertex -2.8344e+1 -2.9791e+0 0.0000e+0
      vertex -2.8149e+1 -4.4584e+0 0.0000e+0
      vertex -3.1327e+1 -3.2926e+0 0.0000e+0
    endloop
  endfacet
  facet normal 0.0000e+0 0.0000e+0 -1.0000e+0
    outer loop
      vertex -2.8149e+1 -4.4584e+0 0.0000e+0
      vertex -3.1112e+1 -4.9277e+0 0.0000e+0
      vertex -3.1327e+1 -3.2926e+0 0.0000e+0
    endloop
  endfacet
  facet normal 0.0000e+0 0.0000e+0 1.0000e+0
    outer loop
      vertex -1.9542e+1 -2.0540e+0 2.8440e+2
      vertex -2.2526e+1 -2.3676e+0 2.8440e+2
      vertex -1.9408e+1 -3.0739e+0 2.8440e+2
    endloop
  endfacet
  facet normal 0.0000e+0 0.0000e+0 1.0000e+0
    outer loop
      vertex -1.9408e+1 -3.0739e+0 2.8440e+2
      vertex -2.2526e+1 -2.3676e+0 2.8440e+2
      vertex -2.2371e+1 -3.5432e+0 2.8440e+2
    endloop
  endfacet
  facet normal 9.8166e-1 1.8194e-1 -5.6888e-2
    outer loop
      vertex -2.8149e+1 -4.4584e+0 0.0000e+0
      vertex -1.4075e+1 -2.2292e+0 2.5000e+2
      vertex -2.7877e+1 -5.9255e+0 0.0000e+0
    endloop
  endfacet
  facet normal 9.8166e-1 1.8194e-1 -5.6888e-2
    outer loop
      vertex -2.7877e+1 -5.9255e+0 0.0000e+0
      vertex -1.4075e+1 -2.2292e+0 2.5000e+2
      vertex -1.3939e+1 -2.9627e+0 2.5000e+2
    endloop
  endfacet
  facet normal -9.8166e-1 -1.8194e-1 5.6888e-2
    outer loop
      vertex -3.1112e+1 -4.9277e+0 0.0000e+0
      vertex -3.0812e+1 -6.5492e+0 0.0000e+0
      vertex -1.7038e+1 -2.6985e+0 2.5000e+2
    endloop
  endfacet
  facet normal -9.8166e-1 -1.8194e-1 5.6888e-2
    outer loop
      vertex -3.0812e+1 -6.5492e+0 0.0000e+0
      vertex -1.6873e+1 -3.5865e+0 2.5000e+2
      vertex -1.7038e+1 -2.6985e+0 2.5000e+2
    endloop
  endfacet
  facet normal 9.7137e-1 1.8003e-1 1.5503e-1
    outer loop
      vertex -1.4075e+1 -2.2292e+0 2.5000e+2
      vertex -1.9408e+1 -3.0739e+0 2.8440e+2
      vertex -1.3939e+1 -2.9627e+0 2.5000e+2
    endloop
  endfacet
  facet normal 9.7137e-1 1.8003e-1 1.5503e-1
    outer loop
      vertex -1.3939e+1 -2.9627e+0 2.5000e+2
      vertex -1.9408e+1 -3.0739e+0 2.8440e+2
      vertex -1.9221e+1 -4.0855e+0 2.8440e+2
    endloop
  endfacet
  facet normal -9.7137e-1 -1.8003e-1 -1.5503e-1
    outer loop
      vertex -1.7038e+1 -2.6985e+0 2.5000e+2
      vertex -1.6873e+1 -3.5865e+0 2.5000e+2
      vertex -2.2371e+1 -3.5432e+0 2.8440e+2
    endloop
  endfacet
  facet normal -9.7137e-1 -1.8003e-1 -1.5503e-1
    outer loop
      vertex -1.6873e+1 -3.5865e+0 2.5000e+2
      vertex -2.2155e+1 -4.7092e+0 2.8440e+2
      vertex -2.2371e+1 -3.5432e+0 2.8440e+2
    endloop
  endfacet
  facet normal 0.0000e+0 0.0000e+0 -1.0000e+0
    outer loop
      vertex -2.8149e+1 -4.4584e+0 0.0000e+0
      vertex -2.7877e+1 -5.9255e+0 0.0000e+0
      vertex -3.1112e+1 -4.9277e+0 0.0000e+0
    endloop
  endfacet
  facet normal 0.0000e+0 0.0000e+0 -1.0000e+0
    outer loop
      vertex -2.7877e+1 -5.9255e+0 0.0000e+0
      vertex -3.0812e+1 -6.5492e+0 0.0000e+0
      vertex -3.1112e+1 -4.9277e+0 0.0000e+0
    endloop
  endfacet
  facet normal 0.0000e+0 0.0000e+0 1.0000e+0
    outer loop
      vertex -1.9408e+1 -3.0739e+0 2.8440e+2
      vertex -2.2371e+1 -3.5432e+0 2.8440e+2
      vertex -1.9221e+1 -4.0855e+0 2.8440e+2
    endloop
  endfacet
  facet normal 0.0000e+0 0.0000e+0 1.0000e+0
    outer loop
      vertex -1.9221e+1 -4.0855e+0 2.8440e+2
      vertex -2.2371e+1 -3.5432e+0 2.8440e+2
      vertex -2.2155e+1 -4.7092e+0 2.8440e+2
    endloop
  endfacet
  facet normal 9.7080e-1 2.3307e-1 -5.6888e-2
    outer loop
      vertex -2.7877e+1 -5.9255e+0 0.0000e+0
      vertex -1.3939e+1 -2.9627e+0 2.5000e+2
      vertex -2.7529e+1 -7.3763e+0 0.0000e+0
    endloop
  endfacet
  facet normal 9.7080e-1 2.3307e-1 -5.6888e-2
    outer loop
      vertex -2.7529e+1 -7.3763e+0 0.0000e+0
      vertex -1.3939e+1 -2.9627e+0 2.5000e+2
      vertex -1.3764e+1 -3.6882e+0 2.5000e+2
    endloop
  endfacet
  facet normal -9.7080e-1 -2.3307e-1 5.6888e-2
    outer loop
      vertex -3.0812e+1 -6.5492e+0 0.0000e+0
      vertex -3.0427e+1 -8.1528e+0 0.0000e+0
      vertex -1.6873e+1 -3.5865e+0 2.5000e+2
    endloop
  endfacet
  facet normal -9.7080e-1 -2.3307e-1 5.6888e-2
    outer loop
      vertex -3.0427e+1 -8.1528e+0 0.0000e+0
      vertex -1.6662e+1 -4.4646e+0 2.5000e+2
      vertex -1.6873e+1 -3.5865e+0 2.5000e+2
    endloop
  endfacet
  facet normal 9.6061e-1 2.3062e-1 1.5503e-1
    outer loop
      vertex -1.3939e+1 -2.9627e+0 2.5000e+2
      vertex -1.9221e+1 -4.0855e+0 2.8440e+2
      vertex -1.3764e+1 -3.6882e+0 2.5000e+2
    endloop
  endfacet
  facet normal 9.6061e-1 2.3062e-1 1.5503e-1
    outer loop
      vertex -1.3764e+1 -3.6882e+0 2.5000e+2
      vertex -1.9221e+1 -4.0855e+0 2.8440e+2
      vertex -1.8980e+1 -5.0858e+0 2.8440e+2
    endloop
  endfacet
  facet normal -9.6061e-1 -2.3062e-1 -1.5503e-1
    outer loop
      vertex -1.6873e+1 -3.5865e+0 2.5000e+2
      vertex -1.6662e+1 -4.4646e+0 2.5000e+2
      vertex -2.2155e+1 -4.7092e+0 2.8440e+2
    endloop
  endfacet
  facet normal -9.6061e-1 -2.3062e-1 -1.5503e-1
    outer loop
      vertex -1.6662e+1 -4.4646e+0 2.5000e+2
      vertex -2.1878e+1 -5.8623e+0 2.8440e+2
      vertex -2.2155e+1 -4.7092e+0 2.8440e+2
    endloop
  endfacet
  facet normal 0.0000e+0 0.0000e+0 -1.0000e+0
    outer loop
      vertex -2.7877e+1 -5.9255e+0 0.0000e+0
      vertex -2.7529e+1 -7.3763e+0 0.0000e+0
      vertex -3.0812e+1 -6.5492e+0 0.0000e+0
    endloop
  endfacet
  facet normal 0.0000e+0 0.0000e+0 -1.0000e+0
    outer loop
      vertex -2.7529e+1 -7.3763e+0 0.0000e+0
      vertex -3.0427e+1 -8.1528e+0 0.0000e+0
      vertex -3.0812e+1 -6.5492e+0 0.0000e+0
    endloop
  endfacet
  facet normal 0.0000e+0 0.0000e+0 1.0000e+0
    outer loop
      vertex -1.9221e+1 -4.0855e+0 2.8440e+2
      vertex -2.2155e+1 -4.7092e+0 2.8440e+2
      vertex -1.8980e+1 -5.0858e+0 2.8440e+2
    endloop
  endfacet
  facet normal 0.0000e+0 0.0000e+0 1.0000e+0
    outer loop
      vertex -1.8980e+1 -5.0858e+0 2.8440e+2
      vertex -2.2155e+1 -4.7092e+0 2.8440e+2
      vertex -2.1878e+1 -5.8623e+0 2.8440e+2
    endloop
  endfacet
  facet normal 9.5727e-1 2.8356e-1 -5.6888e-2
    outer loop
      vertex -2.7529e+1 -7.3763e+0 0.0000e+0
      vertex -1.3764e+1 -3.6882e+0 2.5000e+2
      vertex -2.7105e+1 -8.8070e+0 0.0000e+0
    endloop
  endfacet
  facet normal 9.5727e-1 2.8356e-1 -5.6888e-2
    outer loop
      vertex -2.7105e+1 -8.8070e+0 0.0000e+0
      vertex -1.3764e+1 -3.6882e+0 2.5000e+2
      vertex -1.3553e+1 -4.4035e+0 2.5000e+2
    endloop
  endfacet
  facet normal -9.5727e-1 -2.8356e-1 5.6888e-2
    outer loop
      vertex -3.0427e+1 -8.1528e+0 0.0000e+0
      vertex -2.9958e+1 -9.7340e+0 0.0000e+0
      vertex -1.6662e+1 -4.4646e+0 2.5000e+2
    endloop
  endfacet
  facet normal -9.5727e-1 -2.8356e-1 5.6888e-2
    outer loop
      vertex -2.9958e+1 -9.7340e+0 0.0000e+0
      vertex -1.6406e+1 -5.3305e+0 2.5000e+2
      vertex -1.6662e+1 -4.4646e+0 2.5000e+2
    endloop
  endfacet
  facet normal 9.4723e-1 2.8058e-1 1.5503e-1
    outer loop
      vertex -1.3764e+1 -3.6882e+0 2.5000e+2
      vertex -1.8980e+1 -5.0858e+0 2.8440e+2
      vertex -1.3553e+1 -4.4035e+0 2.5000e+2
    endloop
  endfacet
  facet normal 9.4723e-1 2.8058e-1 1.5503e-1
    outer loop
      vertex -1.3553e+1 -4.4035e+0 2.5000e+2
      vertex -1.8980e+1 -5.0858e+0 2.8440e+2
      vertex -1.8688e+1 -6.0722e+0 2.8440e+2
    endloop
  endfacet
  facet normal -9.4723e-1 -2.8058e-1 -1.5503e-1
    outer loop
      vertex -1.6662e+1 -4.4646e+0 2.5000e+2
      vertex -1.6406e+1 -5.3305e+0 2.5000e+2
      vertex -2.1878e+1 -5.8623e+0 2.8440e+2
    endloop
  endfacet
  facet normal -9.4723e-1 -2.8058e-1 -1.5503e-1
    outer loop
      vertex -1.6406e+1 -5.3305e+0 2.5000e+2
      vertex -2.1541e+1 -6.9992e+0 2.8440e+2
      vertex -2.1878e+1 -5.8623e+0 2.8440e+2
    endloop
  endfacet
  facet normal 0.0000e+0 0.0000e+0 -1.0000e+0
    outer loop
      vertex -2.7529e+1 -7.3763e+0 0.0000e+0
      vertex -2.7105e+1 -8.8070e+0 0.0000e+0
      vertex -3.0427e+1 -8.1528e+0 0.0000e+0
    endloop
  endfacet
  facet normal 0.0000e+0 0.0000e+0 -1.0000e+0
    outer loop
      vertex -2.7105e+1 -8.8070e+0 0.0000e+0
      vertex -2.9958e+1 -9.7340e+0 0.0000e+0
      vertex -3.0427e+1 -8.1528e+0 0.0000e+0
    endloop
  endfacet
  facet normal 0.0000e+0 0.0000e+0 1.0000e+0
    outer loop
      vertex -1.8980e+1 -5.0858e+0 2.8440e+2
      vertex -2.1878e+1 -5.8623e+0 2.8440e+2
      vertex -1.8688e+1 -6.0722e+0 2.8440e+2
    endloop
  endfacet
  facet normal 0.0000e+0 0.0000e+0 1.0000e+0
    outer loop
      vertex -1.8688e+1 -6.0722e+0 2.8440e+2
      vertex -2.1878e+1 -5.8623e+0 2.8440e+2
      vertex -2.1541e+1 -6.9992e+0 2.8440e+2
    endloop
  endfacet
  facet normal 9.4111e-1 3.3327e-1 -5.6888e-2
    outer loop
      vertex -2.7105e+1 -8.8070e+0 0.0000e+0
      vertex -1.3553e+1 -4.4035e+0 2.5000e+2
      vertex -2.6607e+1 -1.0213e+1 0.0000e+0
    endloop
  endfacet
  facet normal 9.4111e-1 3.3327e-1 -5.6888e-2
    outer loop
      vertex -2.6607e+1 -1.0213e+1 0.0000e+0
      vertex -1.3553e+1 -4.4035e+0 2.5000e+2
      vertex -1.3304e+1 -5.1067e+0 2.5000e+2
    endloop
  endfacet
  facet normal -9.4111e-1 -3.3327e-1 5.6888e-2
    outer loop
      vertex -2.9958e+1 -9.7340e+0 0.0000e+0
      vertex -2.9408e+1 -1.1289e+1 0.0000e+0
      vertex -1.6406e+1 -5.3305e+0 2.5000e+2
    endloop
  endfacet
  facet normal -9.4111e-1 -3.3327e-1 5.6888e-2
    outer loop
      vertex -2.9408e+1 -1.1289e+1 0.0000e+0
      vertex -1.6104e+1 -6.1818e+0 2.5000e+2
      vertex -1.6406e+1 -5.3305e+0 2.5000e+2
    endloop
  endfacet
  facet normal 9.3125e-1 3.2977e-1 1.5503e-1
    outer loop
      vertex -1.3553e+1 -4.4035e+0 2.5000e+2
      vertex -1.8688e+1 -6.0722e+0 2.8440e+2
      vertex -1.3304e+1 -5.1067e+0 2.5000e+2
    endloop
  endfacet
  facet normal 9.3125e-1 3.2977e-1 1.5503e-1
    outer loop
      vertex -1.3304e+1 -5.1067e+0 2.5000e+2
      vertex -1.8688e+1 -6.0722e+0 2.8440e+2
      vertex -1.8345e+1 -7.0419e+0 2.8440e+2
    endloop
  endfacet
  facet normal -9.3125e-1 -3.2977e-1 -1.5503e-1
    outer loop
      vertex -1.6406e+1 -5.3305e+0 2.5000e+2
      vertex -1.6104e+1 -6.1818e+0 2.5000e+2
      vertex -2.1541e+1 -6.9992e+0 2.8440e+2
    endloop
  endfacet
  facet normal -9.3125e-1 -3.2977e-1 -1.5503e-1
    outer loop
      vertex -1.6104e+1 -6.1818e+0 2.5000e+2
      vertex -2.1146e+1 -8.1170e+0 2.8440e+2
      vertex -2.1541e+1 -6.9992e+0 2.8440e+2
    endloop
  endfacet
  facet normal 0.0000e+0 0.0000e+0 -1.0000e+0
    outer loop
      vertex -2.7105e+1 -8.8070e+0 0.0000e+0
      vertex -2.6607e+1 -1.0213e+1 0.0000e+0
      vertex -2.9958e+1 -9.7340e+0 0.0000e+0
    endloop
  endfacet
  facet normal 0.0000e+0 0.0000e+0 -1.0000e+0
    outer loop
      vertex -2.6607e+1 -1.0213e+1 0.0000e+0
      vertex -2.9408e+1 -1.1289e+1 0.0000e+0
      vertex -2.9958e+1 -9.7340e+0 0.0000e+0
    endloop
  endfacet
  facet normal 0.0000e+0 0.0000e+0 1.0000e+0
    outer loop
      vertex -1.8688e+1 -6.0722e+0 2.8440e+2
      vertex -2.1541e+1 -6.9992e+0 2.8440e+2
      vertex -1.8345e+1 -7.0419e+0 2.8440e+2
    endloop
  endfacet
  facet normal 0.0000e+0 0.0000e+0 1.0000e+0
    outer loop
      vertex -1.8345e+1 -7.0419e+0 2.8440e+2
      vertex -2.1541e+1 -6.9992e+0 2.8440e+2
      vertex -2.1146e+1 -8.1170e+0 2.8440e+2
    endloop
  endfacet
  facet normal 9.2238e-1 3.8206e-1 -5.6888e-2
    outer loop
      vertex -2.6607e+1 -1.0213e+1 0.0000e+0
      vertex -1.3304e+1 -5.1067e+0 2.5000e+2
      vertex -2.6036e+1 -1.1592e+1 0.0000e+0
    endloop
  endfacet
  facet normal 9.2238e-1 3.8206e-1 -5.6888e-2
    outer loop
      vertex -2.6036e+1 -1.1592e+1 0.0000e+0
      vertex -1.3304e+1 -5.1067e+0 2.5000e+2
      vertex -1.3018e+1 -5.7960e+0 2.5000e+2
    endloop
  endfacet
  facet normal -9.2238e-1 -3.8206e-1 5.6888e-2
    outer loop
      vertex -2.9408e+1 -1.1289e+1 0.0000e+0
      vertex -2.8777e+1 -1.2812e+1 0.0000e+0
      vertex -1.6104e+1 -6.1818e+0 2.5000e+2
    endloop
  endfacet
  facet normal -9.2238e-1 -3.8206e-1 5.6888e-2
    outer loop
      vertex -2.8777e+1 -1.2812e+1 0.0000e+0
      vertex -1.5759e+1 -7.0162e+0 2.5000e+2
      vertex -1.6104e+1 -6.1818e+0 2.5000e+2
    endloop
  endfacet
  facet normal 9.1271e-1 3.7806e-1 1.5503e-1
    outer loop
      vertex -1.3304e+1 -5.1067e+0 2.5000e+2
      vertex -1.8345e+1 -7.0419e+0 2.8440e+2
      vertex -1.3018e+1 -5.7960e+0 2.5000e+2
    endloop
  endfacet
  facet normal 9.1271e-1 3.7806e-1 1.5503e-1
    outer loop
      vertex -1.3018e+1 -5.7960e+0 2.5000e+2
      vertex -1.8345e+1 -7.0419e+0 2.8440e+2
      vertex -1.7951e+1 -7.9924e+0 2.8440e+2
    endloop
  endfacet
  facet normal -9.1271e-1 -3.7806e-1 -1.5503e-1
    outer loop
      vertex -1.6104e+1 -6.1818e+0 2.5000e+2
      vertex -1.5759e+1 -7.0162e+0 2.5000e+2
      vertex -2.1146e+1 -8.1170e+0 2.8440e+2
    endloop
  endfacet
  facet normal -9.1271e-1 -3.7806e-1 -1.5503e-1
    outer loop
      vertex -1.5759e+1 -7.0162e+0 2.5000e+2
      vertex -2.0692e+1 -9.2126e+0 2.8440e+2
      vertex -2.1146e+1 -8.1170e+0 2.8440e+2
    endloop
  endfacet
  facet normal 0.0000e+0 0.0000e+0 -1.0000e+0
    outer loop
      vertex -2.6607e+1 -1.0213e+1 0.0000e+0
      vertex -2.6036e+1 -1.1592e+1 0.0000e+0
      vertex -2.9408e+1 -1.1289e+1 0.0000e+0
    endloop
  endfacet
  facet normal 0.0000e+0 0.0000e+0 -1.0000e+0
    outer loop
      vertex -2.6036e+1 -1.1592e+1 0.0000e+0
      vertex -2.8777e+1 -1.2812e+1 0.0000e+0
      vertex -2.9408e+1 -1.1289e+1 0.0000e+0
    endloop
  endfacet
  facet normal 0.0000e+0 0.0000e+0 1.0000e+0
    outer loop
      vertex -1.8345e+1 -7.0419e+0 2.8440e+2
      vertex -2.1146e+1 -8.1170e+0 2.8440e+2
      vertex -1.7951e+1 -7.9924e+0 2.8440e+2
    endloop
  endfacet
  facet normal 0.0000e+0 0.0000e+0 1.0000e+0
    outer loop
      vertex -1.7951e+1 -7.9924e+0 2.8440e+2
      vertex -2.1146e+1 -8.1170e+0 2.8440e+2
      vertex -2.0692e+1 -9.2126e+0 2.8440e+2
    endloop
  endfacet
  facet normal 9.0112e-1 4.2981e-1 -5.6888e-2
    outer loop
      vertex -2.6036e+1 -1.1592e+1 0.0000e+0
      vertex -1.3018e+1 -5.7960e+0 2.5000e+2
      vertex -2.5394e+1 -1.2939e+1 0.0000e+0
    endloop
  endfacet
  facet normal 9.0112e-1 4.2981e-1 -5.6888e-2
    outer loop
      vertex -2.5394e+1 -1.2939e+1 0.0000e+0
      vertex -1.3018e+1 -5.7960e+0 2.5000e+2
      vertex -1.2697e+1 -6.4694e+0 2.5000e+2
    endloop
  endfacet
  facet normal -9.0112e-1 -4.2981e-1 5.6888e-2
    outer loop
      vertex -2.8777e+1 -1.2812e+1 0.0000e+0
      vertex -2.8067e+1 -1.4301e+1 0.0000e+0
      vertex -1.5759e+1 -7.0162e+0 2.5000e+2
    endloop
  endfacet
  facet normal -9.0112e-1 -4.2981e-1 5.6888e-2
    outer loop
      vertex -2.8067e+1 -1.4301e+1 0.0000e+0
      vertex -1.5370e+1 -7.8313e+0 2.5000e+2
      vertex -1.5759e+1 -7.0162e+0 2.5000e+2
    endloop
  endfacet
  facet normal 8.9167e-1 4.2531e-1 1.5503e-1
    outer loop
      vertex -1.3018e+1 -5.7960e+0 2.5000e+2
      vertex -1.7951e+1 -7.9924e+0 2.8440e+2
      vertex -1.2697e+1 -6.4694e+0 2.5000e+2
    endloop
  endfacet
  facet normal 8.9167e-1 4.2531e-1 1.5503e-1
    outer loop
      vertex -1.2697e+1 -6.4694e+0 2.5000e+2
      vertex -1.7951e+1 -7.9924e+0 2.8440e+2
      vertex -1.7508e+1 -8.9209e+0 2.8440e+2
    endloop
  endfacet
  facet normal -8.9167e-1 -4.2531e-1 -1.5503e-1
    outer loop
      vertex -1.5759e+1 -7.0162e+0 2.5000e+2
      vertex -1.5370e+1 -7.8313e+0 2.5000e+2
      vertex -2.0692e+1 -9.2126e+0 2.8440e+2
    endloop
  endfacet
  facet normal -8.9167e-1 -4.2531e-1 -1.5503e-1
    outer loop
      vertex -1.5370e+1 -7.8313e+0 2.5000e+2
      vertex -2.0181e+1 -1.0283e+1 2.8440e+2
      vertex -2.0692e+1 -9.2126e+0 2.8440e+2
    endloop
  endfacet
  facet normal 0.0000e+0 0.0000e+0 -1.0000e+0
    outer loop
      vertex -2.6036e+1 -1.1592e+1 0.0000e+0
      vertex -2.5394e+1 -1.2939e+1 0.0000e+0
      vertex -2.8777e+1 -1.2812e+1 0.0000e+0
    endloop
  endfacet
  facet normal 0.0000e+0 0.0000e+0 -1.0000e+0
    outer loop
      vertex -2.5394e+1 -1.2939e+1 0.0000e+0
      vertex -2.8067e+1 -1.4301e+1 0.0000e+0
      vertex -2.8777e+1 -1.2812e+1 0.0000e+0
    endloop
  endfacet
  facet normal 0.0000e+0 0.0000e+0 1.0000e+0
    outer loop
      vertex -1.7951e+1 -7.9924e+0 2.8440e+2
      vertex -2.0692e+1 -9.2126e+0 2.8440e+2
      vertex -1.7508e+1 -8.9209e+0 2.8440e+2
    endloop
  endfacet
  facet normal 0.0000e+0 0.0000e+0 1.0000e+0
    outer loop
      vertex -1.7508e+1 -8.9209e+0 2.8440e+2
      vertex -2.0692e+1 -9.2126e+0 2.8440e+2
      vertex -2.0181e+1 -1.0283e+1 2.8440e+2
    endloop
  endfacet
  facet normal 8.7739e-1 4.7639e-1 -5.6888e-2
    outer loop
      vertex -2.5394e+1 -1.2939e+1 0.0000e+0
      vertex -1.2697e+1 -6.4694e+0 2.5000e+2
      vertex -2.4682e+1 -1.4250e+1 0.0000e+0
    endloop
  endfacet
  facet normal 8.7739e-1 4.7639e-1 -5.6888e-2
    outer loop
      vertex -2.4682e+1 -1.4250e+1 0.0000e+0
      vertex -1.2697e+1 -6.4694e+0 2.5000e+2
      vertex -1.2341e+1 -7.1250e+0 2.5000e+2
    endloop
  endfacet
  facet normal -8.7739e-1 -4.7639e-1 5.6888e-2
    outer loop
      vertex -2.8067e+1 -1.4301e+1 0.0000e+0
      vertex -2.7280e+1 -1.5750e+1 0.0000e+0
      vertex -1.5370e+1 -7.8313e+0 2.5000e+2
    endloop
  endfacet
  facet normal -8.7739e-1 -4.7639e-1 5.6888e-2
    outer loop
      vertex -2.7280e+1 -1.5750e+1 0.0000e+0
      vertex -1.4939e+1 -8.6250e+0 2.5000e+2
      vertex -1.5370e+1 -7.8313e+0 2.5000e+2
    endloop
  endfacet
  facet normal 8.6819e-1 4.7139e-1 1.5503e-1
    outer loop
      vertex -1.2697e+1 -6.4694e+0 2.5000e+2
      vertex -1.7508e+1 -8.9209e+0 2.8440e+2
      vertex -1.2341e+1 -7.1250e+0 2.5000e+2
    endloop
  endfacet
  facet normal 8.6819e-1 4.7139e-1 1.5503e-1
    outer loop
      vertex -1.2341e+1 -7.1250e+0 2.5000e+2
      vertex -1.7508e+1 -8.9209e+0 2.8440e+2
      vertex -1.7017e+1 -9.8250e+0 2.8440e+2
    endloop
  endfacet
  facet normal -8.6819e-1 -4.7139e-1 -1.5503e-1
    outer loop
      vertex -1.5370e+1 -7.8313e+0 2.5000e+2
      vertex -1.4939e+1 -8.6250e+0 2.5000e+2
      vertex -2.0181e+1 -1.0283e+1 2.8440e+2
    endloop
  endfacet
  facet normal -8.6819e-1 -4.7139e-1 -1.5503e-1
    outer loop
      vertex -1.4939e+1 -8.6250e+0 2.5000e+2
      vertex -1.9615e+1 -1.1325e+1 2.8440e+2
      vertex -2.0181e+1 -1.0283e+1 2.8440e+2
    endloop
  endfacet
  facet normal 0.0000e+0 0.0000e+0 -1.0000e+0
    outer loop
      vertex -2.5394e+1 -1.2939e+1 0.0000e+0
      vertex -2.4682e+1 -1.4250e+1 0.0000e+0
      vertex -2.8067e+1 -1.4301e+1 0.0000e+0
    endloop
  endfacet
  facet normal 0.0000e+0 0.0000e+0 -1.0000e+0
    outer loop
      vertex -2.4682e+1 -1.4250e+1 0.0000e+0
      vertex -2.7280e+1 -1.5750e+1 0.0000e+0
      vertex -2.8067e+1 -1.4301e+1 0.0000e+0
    endloop
  endfacet
  facet normal 0.0000e+0 0.0000e+0 1.0000e+0
    outer loop
      vertex -1.7508e+1 -8.9209e+0 2.8440e+2
      vertex -2.0181e+1 -1.0283e+1 2.8440e+2
      vertex -1.7017e+1 -9.8250e+0 2.8440e+2
    endloop
  endfacet
  facet normal 0.0000e+0 0.0000e+0 1.0000e+0
    outer loop
      vertex -1.7017e+1 -9.8250e+0 2.8440e+2
      vertex -2.0181e+1 -1.0283e+1 2.8440e+2
      vertex -1.9615e+1 -1.1325e+1 2.8440e+2
    endloop
  endfacet
  facet normal 8.5126e-1 5.2165e-1 -5.6888e-2
    outer loop
      vertex -2.4682e+1 -1.4250e+1 0.0000e+0
      vertex -1.2341e+1 -7.1250e+0 2.5000e+2
      vertex -2.3902e+1 -1.5522e+1 0.0000e+0
    endloop
  endfacet
  facet normal 8.5126e-1 5.2165e-1 -5.6888e-2
    outer loop
      vertex -2.3902e+1 -1.5522e+1 0.0000e+0
      vertex -1.2341e+1 -7.1250e+0 2.5000e+2
      vertex -1.1951e+1 -7.7611e+0 2.5000e+2
    endloop
  endfacet
  facet normal -8.5126e-1 -5.2165e-1 5.6888e-2
    outer loop
      vertex -2.7280e+1 -1.5750e+1 0.0000e+0
      vertex -2.6418e+1 -1.7156e+1 0.0000e+0
      vertex -1.4939e+1 -8.6250e+0 2.5000e+2
    endloop
  endfacet
  facet normal -8.5126e-1 -5.2165e-1 5.6888e-2
    outer loop
      vertex -2.6418e+1 -1.7156e+1 0.0000e+0
      vertex -1.4467e+1 -9.3950e+0 2.5000e+2
      vertex -1.4939e+1 -8.6250e+0 2.5000e+2
    endloop
  endfacet
  facet normal 8.4233e-1 5.1618e-1 1.5503e-1
    outer loop
      vertex -1.2341e+1 -7.1250e+0 2.5000e+2
      vertex -1.7017e+1 -9.8250e+0 2.8440e+2
      vertex -1.1951e+1 -7.7611e+0 2.5000e+2
    endloop
  endfacet
  facet normal 8.4233e-1 5.1618e-1 1.5503e-1
    outer loop
      vertex -1.1951e+1 -7.7611e+0 2.5000e+2
      vertex -1.7017e+1 -9.8250e+0 2.8440e+2
      vertex -1.6480e+1 -1.0702e+1 2.8440e+2
    endloop
  endfacet
  facet normal -8.4233e-1 -5.1618e-1 -1.5503e-1
    outer loop
      vertex -1.4939e+1 -8.6250e+0 2.5000e+2
      vertex -1.4467e+1 -9.3950e+0 2.5000e+2
      vertex -1.9615e+1 -1.1325e+1 2.8440e+2
    endloop
  endfacet
  facet normal -8.4233e-1 -5.1618e-1 -1.5503e-1
    outer loop
      vertex -1.4467e+1 -9.3950e+0 2.5000e+2
      vertex -1.8996e+1 -1.2336e+1 2.8440e+2
      vertex -1.9615e+1 -1.1325e+1 2.8440e+2
    endloop
  endfacet
  facet normal 0.0000e+0 0.0000e+0 -1.0000e+0
    outer loop
      vertex -2.4682e+1 -1.4250e+1 0.0000e+0
      vertex -2.3902e+1 -1.5522e+1 0.0000e+0
      vertex -2.7280e+1 -1.5750e+1 0.0000e+0
    endloop
  endfacet
  facet normal 0.0000e+0 0.0000e+0 -1.0000e+0
    outer loop
      vertex -2.3902e+1 -1.5522e+1 0.0000e+0
      vertex -2.6418e+1 -1.7156e+1 0.0000e+0
      vertex -2.7280e+1 -1.5750e+1 0.0000e+0
    endloop
  endfacet
  facet normal 0.0000e+0 0.0000e+0 1.0000e+0
    outer loop
      vertex -1.7017e+1 -9.8250e+0 2.8440e+2
      vertex -1.9615e+1 -1.1325e+1 2.8440e+2
      vertex -1.6480e+1 -1.0702e+1 2.8440e+2
    endloop
  endfacet
  facet normal 0.0000e+0 0.0000e+0 1.0000e+0
    outer loop
      vertex -1.6480e+1 -1.0702e+1 2.8440e+2
      vertex -1.9615e+1 -1.1325e+1 2.8440e+2
      vertex -1.8996e+1 -1.2336e+1 2.8440e+2
    endloop
  endfacet
  facet normal 8.2279e-1 5.6549e-1 -5.6888e-2
    outer loop
      vertex -2.3902e+1 -1.5522e+1 0.0000e+0
      vertex -1.1951e+1 -7.7611e+0 2.5000e+2
      vertex -2.3057e+1 -1.6752e+1 0.0000e+0
    endloop
  endfacet
  facet normal 8.2279e-1 5.6549e-1 -5.6888e-2
    outer loop
      vertex -2.3057e+1 -1.6752e+1 0.0000e+0
      vertex -1.1951e+1 -7.7611e+0 2.5000e+2
      vertex -1.1528e+1 -8.3759e+0 2.5000e+2
    endloop
  endfacet
  facet normal -8.2279e-1 -5.6549e-1 5.6888e-2
    outer loop
      vertex -2.6418e+1 -1.7156e+1 0.0000e+0
      vertex -2.5484e+1 -1.8515e+1 0.0000e+0
      vertex -1.4467e+1 -9.3950e+0 2.5000e+2
    endloop
  endfacet
  facet normal -8.2279e-1 -5.6549e-1 5.6888e-2
    outer loop
      vertex -2.5484e+1 -1.8515e+1 0.0000e+0
      vertex -1.3956e+1 -1.0139e+1 2.5000e+2
      vertex -1.4467e+1 -9.3950e+0 2.5000e+2
    endloop
  endfacet
  facet normal 8.1416e-1 5.5956e-1 1.5503e-1
    outer loop
      vertex -1.1951e+1 -7.7611e+0 2.5000e+2
      vertex -1.6480e+1 -1.0702e+1 2.8440e+2
      vertex -1.1528e+1 -8.3759e+0 2.5000e+2
    endloop
  endfacet
  facet normal 8.1416e-1 5.5956e-1 1.5503e-1
    outer loop
      vertex -1.1528e+1 -8.3759e+0 2.5000e+2
      vertex -1.6480e+1 -1.0702e+1 2.8440e+2
      vertex -1.5897e+1 -1.1550e+1 2.8440e+2
    endloop
  endfacet
  facet normal -8.1416e-1 -5.5956e-1 -1.5503e-1
    outer loop
      vertex -1.4467e+1 -9.3950e+0 2.5000e+2
      vertex -1.3956e+1 -1.0139e+1 2.5000e+2
      vertex -1.8996e+1 -1.2336e+1 2.8440e+2
    endloop
  endfacet
  facet normal -8.1416e-1 -5.5956e-1 -1.5503e-1
    outer loop
      vertex -1.3956e+1 -1.0139e+1 2.5000e+2
      vertex -1.8324e+1 -1.3313e+1 2.8440e+2
      vertex -1.8996e+1 -1.2336e+1 2.8440e+2
    endloop
  endfacet
  facet normal 0.0000e+0 0.0000e+0 -1.0000e+0
    outer loop
      vertex -2.3902e+1 -1.5522e+1 0.0000e+0
      vertex -2.3057e+1 -1.6752e+1 0.0000e+0
      vertex -2.6418e+1 -1.7156e+1 0.0000e+0
    endloop
  endfacet
  facet normal 0.0000e+0 0.0000e+0 -1.0000e+0
    outer loop
      vertex -2.3057e+1 -1.6752e+1 0.0000e+0
      vertex -2.5484e+1 -1.8515e+1 0.0000e+0
      vertex -2.6418e+1 -1.7156e+1 0.0000e+0
    endloop
  endfacet
  facet normal 0.0000e+0 0.0000e+0 1.0000e+0
    outer loop
      vertex -1.6480e+1 -1.0702e+1 2.8440e+2
      vertex -1.8996e+1 -1.2336e+1 2.8440e+2
      vertex -1.5897e+1 -1.1550e+1 2.8440e+2
    endloop
  endfacet
  facet normal 0.0000e+0 0.0000e+0 1.0000e+0
    outer loop
      vertex -1.5897e+1 -1.1550e+1 2.8440e+2
      vertex -1.8996e+1 -1.2336e+1 2.8440e+2
      vertex -1.8324e+1 -1.3313e+1 2.8440e+2
    endloop
  endfacet
  facet normal 7.9207e-1 6.0778e-1 -5.6888e-2
    outer loop
      vertex -2.3057e+1 -1.6752e+1 0.0000e+0
      vertex -1.1528e+1 -8.3759e+0 2.5000e+2
      vertex -2.2149e+1 -1.7936e+1 0.0000e+0
    endloop
  endfacet
  facet normal 7.9207e-1 6.0778e-1 -5.6888e-2
    outer loop
      vertex -2.2149e+1 -1.7936e+1 0.0000e+0
      vertex -1.1528e+1 -8.3759e+0 2.5000e+2
      vertex -1.1074e+1 -8.9678e+0 2.5000e+2
    endloop
  endfacet
  facet normal -7.9207e-1 -6.0778e-1 5.6888e-2
    outer loop
      vertex -2.5484e+1 -1.8515e+1 0.0000e+0
      vertex -2.4480e+1 -1.9824e+1 0.0000e+0
      vertex -1.3956e+1 -1.0139e+1 2.5000e+2
    endloop
  endfacet
  facet normal -7.9207e-1 -6.0778e-1 5.6888e-2
    outer loop
      vertex -2.4480e+1 -1.9824e+1 0.0000e+0
      vertex -1.3406e+1 -1.0856e+1 2.5000e+2
      vertex -1.3956e+1 -1.0139e+1 2.5000e+2
    endloop
  endfacet
  facet normal 7.8376e-1 6.0140e-1 1.5503e-1
    outer loop
      vertex -1.1528e+1 -8.3759e+0 2.5000e+2
      vertex -1.5897e+1 -1.1550e+1 2.8440e+2
      vertex -1.1074e+1 -8.9678e+0 2.5000e+2
    endloop
  endfacet
  facet normal 7.8376e-1 6.0140e-1 1.5503e-1
    outer loop
      vertex -1.1074e+1 -8.9678e+0 2.5000e+2
      vertex -1.5897e+1 -1.1550e+1 2.8440e+2
      vertex -1.5271e+1 -1.2366e+1 2.8440e+2
    endloop
  endfacet
  facet normal -7.8376e-1 -6.0140e-1 -1.5503e-1
    outer loop
      vertex -1.3956e+1 -1.0139e+1 2.5000e+2
      vertex -1.3406e+1 -1.0856e+1 2.5000e+2
      vertex -1.8324e+1 -1.3313e+1 2.8440e+2
    endloop
  endfacet
  facet normal -7.8376e-1 -6.0140e-1 -1.5503e-1
    outer loop
      vertex -1.3406e+1 -1.0856e+1 2.5000e+2
      vertex -1.7602e+1 -1.4254e+1 2.8440e+2
      vertex -1.8324e+1 -1.3313e+1 2.8440e+2
    endloop
  endfacet
  facet normal 0.0000e+0 0.0000e+0 -1.0000e+0
    outer loop
      vertex -2.3057e+1 -1.6752e+1 0.0000e+0
      vertex -2.2149e+1 -1.7936e+1 0.0000e+0
      vertex -2.5484e+1 -1.8515e+1 0.0000e+0
    endloop
  endfacet
  facet normal 0.0000e+0 0.0000e+0 -1.0000e+0
    outer loop
      vertex -2.2149e+1 -1.7936e+1 0.0000e+0
      vertex -2.4480e+1 -1.9824e+1 0.0000e+0
      vertex -2.5484e+1 -1.8515e+1 0.0000e+0
    endloop
  endfacet
  facet normal 0.0000e+0 0.0000e+0 1.0000e+0
    outer loop
      vertex -1.5897e+1 -1.1550e+1 2.8440e+2
      vertex -1.8324e+1 -1.3313e+1 2.8440e+2
      vertex -1.5271e+1 -1.2366e+1 2.8440e+2
    endloop
  endfacet
  facet normal 0.0000e+0 0.0000e+0 1.0000e+0
    outer loop
      vertex -1.5271e+1 -1.2366e+1 2.8440e+2
      vertex -1.8324e+1 -1.3313e+1 2.8440e+2
      vertex -1.7602e+1 -1.4254e+1 2.8440e+2
    endloop
  endfacet
  facet normal 7.5917e-1 6.4840e-1 -5.6888e-2
    outer loop
      vertex -2.2149e+1 -1.7936e+1 0.0000e+0
      vertex -1.1074e+1 -8.9678e+0 2.5000e+2
      vertex -2.1180e+1 -1.9070e+1 0.0000e+0
    endloop
  endfacet
  facet normal 7.5917e-1 6.4840e-1 -5.6888e-2
    outer loop
      vertex -2.1180e+1 -1.9070e+1 0.0000e+0
      vertex -1.1074e+1 -8.9678e+0 2.5000e+2
      vertex -1.0590e+1 -9.5351e+0 2.5000e+2
    endloop
  endfacet
  facet normal -7.5917e-1 -6.4840e-1 5.6888e-2
    outer loop
      vertex -2.4480e+1 -1.9824e+1 0.0000e+0
      vertex -2.3409e+1 -2.1078e+1 0.0000e+0
      vertex -1.3406e+1 -1.0856e+1 2.5000e+2
    endloop
  endfacet
  facet normal -7.5917e-1 -6.4840e-1 5.6888e-2
    outer loop
      vertex -2.3409e+1 -2.1078e+1 0.0000e+0
      vertex -1.2819e+1 -1.1543e+1 2.5000e+2
      vertex -1.3406e+1 -1.0856e+1 2.5000e+2
    endloop
  endfacet
  facet normal 7.5121e-1 6.4160e-1 1.5503e-1
    outer loop
      vertex -1.1074e+1 -8.9678e+0 2.5000e+2
      vertex -1.5271e+1 -1.2366e+1 2.8440e+2
      vertex -1.0590e+1 -9.5351e+0 2.5000e+2
    endloop
  endfacet
  facet normal 7.5121e-1 6.4160e-1 1.5503e-1
    outer loop
      vertex -1.0590e+1 -9.5351e+0 2.5000e+2
      vertex -1.5271e+1 -1.2366e+1 2.8440e+2
      vertex -1.4603e+1 -1.3148e+1 2.8440e+2
    endloop
  endfacet
  facet normal -7.5121e-1 -6.4160e-1 -1.5503e-1
    outer loop
      vertex -1.3406e+1 -1.0856e+1 2.5000e+2
      vertex -1.2819e+1 -1.1543e+1 2.5000e+2
      vertex -1.7602e+1 -1.4254e+1 2.8440e+2
    endloop
  endfacet
  facet normal -7.5121e-1 -6.4160e-1 -1.5503e-1
    outer loop
      vertex -1.2819e+1 -1.1543e+1 2.5000e+2
      vertex -1.6832e+1 -1.5156e+1 2.8440e+2
      vertex -1.7602e+1 -1.4254e+1 2.8440e+2
    endloop
  endfacet
  facet normal 0.0000e+0 0.0000e+0 -1.0000e+0
    outer loop
      vertex -2.2149e+1 -1.7936e+1 0.0000e+0
      vertex -2.1180e+1 -1.9070e+1 0.0000e+0
      vertex -2.4480e+1 -1.9824e+1 0.0000e+0
    endloop
  endfacet
  facet normal 0.0000e+0 0.0000e+0 -1.0000e+0
    outer loop
      vertex -2.1180e+1 -1.9070e+1 0.0000e+0
      vertex -2.3409e+1 -2.1078e+1 0.0000e+0
      vertex -2.4480e+1 -1.9824e+1 0.0000e+0
    endloop
  endfacet
  facet normal 0.0000e+0 0.0000e+0 1.0000e+0
    outer loop
      vertex -1.5271e+1 -1.2366e+1 2.8440e+2
      vertex -1.7602e+1 -1.4254e+1 2.8440e+2
      vertex -1.4603e+1 -1.3148e+1 2.8440e+2
    endloop
  endfacet
  facet normal 0.0000e+0 0.0000e+0 1.0000e+0
    outer loop
      vertex -1.4603e+1 -1.3148e+1 2.8440e+2
      vertex -1.7602e+1 -1.4254e+1 2.8440e+2
      vertex -1.6832e+1 -1.5156e+1 2.8440e+2
    endloop
  endfacet
  facet normal 7.2420e-1 6.8724e-1 -5.6888e-2
    outer loop
      vertex -2.1180e+1 -1.9070e+1 0.0000e+0
      vertex -1.0590e+1 -9.5351e+0 2.5000e+2
      vertex -2.0153e+1 -2.0153e+1 0.0000e+0
    endloop
  endfacet
  facet normal 7.2420e-1 6.8724e-1 -5.6888e-2
    outer loop
      vertex -2.0153e+1 -2.0153e+1 0.0000e+0
      vertex -1.0590e+1 -9.5351e+0 2.5000e+2
      vertex -1.0076e+1 -1.0076e+1 2.5000e+2
    endloop
  endfacet
  facet normal -7.2420e-1 -6.8724e-1 5.6888e-2
    outer loop
      vertex -2.3409e+1 -2.1078e+1 0.0000e+0
      vertex -2.2274e+1 -2.2274e+1 0.0000e+0
      vertex -1.2819e+1 -1.1543e+1 2.5000e+2
    endloop
  endfacet
  facet normal -7.2420e-1 -6.8724e-1 5.6888e-2
    outer loop
      vertex -2.2274e+1 -2.2274e+1 0.0000e+0
      vertex -1.2198e+1 -1.2198e+1 2.5000e+2
      vertex -1.2819e+1 -1.1543e+1 2.5000e+2
    endloop
  endfacet
  facet normal 7.1660e-1 6.8003e-1 1.5503e-1
    outer loop
      vertex -1.0590e+1 -9.5351e+0 2.5000e+2
      vertex -1.4603e+1 -1.3148e+1 2.8440e+2
      vertex -1.0076e+1 -1.0076e+1 2.5000e+2
    endloop
  endfacet
  facet normal 7.1660e-1 6.8003e-1 1.5503e-1
    outer loop
      vertex -1.0076e+1 -1.0076e+1 2.5000e+2
      vertex -1.4603e+1 -1.3148e+1 2.8440e+2
      vertex -1.3895e+1 -1.3895e+1 2.8440e+2
    endloop
  endfacet
  facet normal -7.1660e-1 -6.8003e-1 -1.5503e-1
    outer loop
      vertex -1.2819e+1 -1.1543e+1 2.5000e+2
      vertex -1.2198e+1 -1.2198e+1 2.5000e+2
      vertex -1.6832e+1 -1.5156e+1 2.8440e+2
    endloop
  endfacet
  facet normal -7.1660e-1 -6.8003e-1 -1.5503e-1
    outer loop
      vertex -1.2198e+1 -1.2198e+1 2.5000e+2
      vertex -1.6016e+1 -1.6016e+1 2.8440e+2
      vertex -1.6832e+1 -1.5156e+1 2.8440e+2
    endloop
  endfacet
  facet normal 0.0000e+0 0.0000e+0 -1.0000e+0
    outer loop
      vertex -2.1180e+1 -1.9070e+1 0.0000e+0
      vertex -2.0153e+1 -2.0153e+1 0.0000e+0
      vertex -2.3409e+1 -2.1078e+1 0.0000e+0
    endloop
  endfacet
  facet normal 0.0000e+0 0.0000e+0 -1.0000e+0
    outer loop
      vertex -2.0153e+1 -2.0153e+1 0.0000e+0
      vertex -2.2274e+1 -2.2274e+1 0.0000e+0
      vertex -2.3409e+1 -2.1078e+1 0.0000e+0
    endloop
  endfacet
  facet normal 0.0000e+0 0.0000e+0 1.0000e+0
    outer loop
      vertex -1.4603e+1 -1.3148e+1 2.8440e+2
      vertex -1.6832e+1 -1.5156e+1 2.8440e+2
      vertex -1.3895e+1 -1.3895e+1 2.8440e+2
    endloop
  endfacet
  facet normal 0.0000e+0 0.0000e+0 1.0000e+0
    outer loop
      vertex -1.3895e+1 -1.3895e+1 2.8440e+2
      vertex -1.6832e+1 -1.5156e+1 2.8440e+2
      vertex -1.6016e+1 -1.6016e+1 2.8440e+2
    endloop
  endfacet
  facet normal 6.8724e-1 7.2420e-1 -5.6888e-2
    outer loop
      vertex -2.0153e+1 -2.0153e+1 0.0000e+0
      vertex -1.0076e+1 -1.0076e+1 2.5000e+2
      vertex -1.9070e+1 -2.1180e+1 0.0000e+0
    endloop
  endfacet
  facet normal 6.8724e-1 7.2420e-1 -5.6888e-2
    outer loop
      vertex -1.9070e+1 -2.1180e+1 0.0000e+0
      vertex -1.0076e+1 -1.0076e+1 2.5000e+2
      vertex -9.5351e+0 -1.0590e+1 2.5000e+2
    endloop
  endfacet
  facet normal -6.8724e-1 -7.2420e-1 5.6888e-2
    outer loop
      vertex -2.2274e+1 -2.2274e+1 0.0000e+0
      vertex -2.1078e+1 -2.3409e+1 0.0000e+0
      vertex -1.2198e+1 -1.2198e+1 2.5000e+2
    endloop
  endfacet
  facet normal -6.8724e-1 -7.2420e-1 5.6888e-2
    outer loop
      vertex -2.1078e+1 -2.3409e+1 0.0000e+0
      vertex -1.1543e+1 -1.2819e+1 2.5000e+2
      vertex -1.2198e+1 -1.2198e+1 2.5000e+2
    endloop
  endfacet
  facet normal 6.8003e-1 7.1660e-1 1.5503e-1
    outer loop
      vertex -1.0076e+1 -1.0076e+1 2.5000e+2
      vertex -1.3895e+1 -1.3895e+1 2.8440e+2
      vertex -9.5351e+0 -1.0590e+1 2.5000e+2
    endloop
  endfacet
  facet normal 6.8003e-1 7.1660e-1 1.5503e-1
    outer loop
      vertex -9.5351e+0 -1.0590e+1 2.5000e+2
      vertex -1.3895e+1 -1.3895e+1 2.8440e+2
      vertex -1.3148e+1 -1.4603e+1 2.8440e+2
    endloop
  endfacet
  facet normal -6.8003e-1 -7.1660e-1 -1.5503e-1
    outer loop
      vertex -1.2198e+1 -1.2198e+1 2.5000e+2
      vertex -1.1543e+1 -1.2819e+1 2.5000e+2
      vertex -1.6016e+1 -1.6016e+1 2.8440e+2
    endloop
  endfacet
  facet normal -6.8003e-1 -7.1660e-1 -1.5503e-1
    outer loop
      vertex -1.1543e+1 -1.2819e+1 2.5000e+2
      vertex -1.5156e+1 -1.6832e+1 2.8440e+2
      vertex -1.6016e+1 -1.6016e+1 2.8440e+2
    endloop
  endfacet
  facet normal 0.0000e+0 0.0000e+0 -1.0000e+0
    outer loop
      vertex -2.0153e+1 -2.0153e+1 0.0000e+0
      vertex -1.9070e+1 -2.1180e+1 0.0000e+0
      vertex -2.2274e+1 -2.2274e+1 0.0000e+0
    endloop
  endfacet
  facet normal 0.0000e+0 0.0000e+0 -1.0000e+0
    outer loop
      vertex -1.9070e+1 -2.1180e+1 0.0000e+0
      vertex -2.1078e+1 -2.3409e+1 0.0000e+0
      vertex -2.2274e+1 -2.2274e+1 0.0000e+0
    endloop
  endfacet
  facet normal 0.0000e+0 0.0000e+0 1.0000e+0
    outer loop
      vertex -1.3895e+1 -1.3895e+1 2.8440e+2
      vertex -1.6016e+1 -1.6016e+1 2.8440e+2
      vertex -1.3148e+1 -1.4603e+1 2.8440e+2
    endloop
  endfacet
  facet normal 0.0000e+0 0.0000e+0 1.0000e+0
    outer loop
      vertex -1.3148e+1 -1.4603e+1 2.8440e+2
      vertex -1.6016e+1 -1.6016e+1 2.8440e+2
      vertex -1.5156e+1 -1.6832e+1 2.8440e+2
    endloop
  endfacet
  facet normal 6.4840e-1 7.5917e-1 -5.6888e-2
    outer loop
      vertex -1.9070e+1 -2.1180e+1 0.0000e+0
      vertex -9.5351e+0 -1.0590e+1 2.5000e+2
      vertex -1.7936e+1 -2.2149e+1 0.0000e+0
    endloop
  endfacet
  facet normal 6.4840e-1 7.5917e-1 -5.6888e-2
    outer loop
      vertex -1.7936e+1 -2.2149e+1 0.0000e+0
      vertex -9.5351e+0 -1.0590e+1 2.5000e+2
      vertex -8.9678e+0 -1.1074e+1 2.5000e+2
    endloop
  endfacet
  facet normal -6.4840e-1 -7.5917e-1 5.6888e-2
    outer loop
      vertex -2.1078e+1 -2.3409e+1 0.0000e+0
      vertex -1.9824e+1 -2.4480e+1 0.0000e+0
      vertex -1.1543e+1 -1.2819e+1 2.5000e+2
    endloop
  endfacet
  facet normal -6.4840e-1 -7.5917e-1 5.6888e-2
    outer loop
      vertex -1.9824e+1 -2.4480e+1 0.0000e+0
      vertex -1.0856e+1 -1.3406e+1 2.5000e+2
      vertex -1.1543e+1 -1.2819e+1 2.5000e+2
    endloop
  endfacet
  facet normal 6.4160e-1 7.5121e-1 1.5503e-1
    outer loop
      vertex -9.5351e+0 -1.0590e+1 2.5000e+2
      vertex -1.3148e+1 -1.4603e+1 2.8440e+2
      vertex -8.9678e+0 -1.1074e+1 2.5000e+2
    endloop
  endfacet
  facet normal 6.4160e-1 7.5121e-1 1.5503e-1
    outer loop
      vertex -8.9678e+0 -1.1074e+1 2.5000e+2
      vertex -1.3148e+1 -1.4603e+1 2.8440e+2
      vertex -1.2366e+1 -1.5271e+1 2.8440e+2
    endloop
  endfacet
  facet normal -6.4160e-1 -7.5121e-1 -1.5503e-1
    outer loop
      vertex -1.1543e+1 -1.2819e+1 2.5000e+2
      vertex -1.0856e+1 -1.3406e+1 2.5000e+2
      vertex -1.5156e+1 -1.6832e+1 2.8440e+2
    endloop
  endfacet
  facet normal -6.4160e-1 -7.5121e-1 -1.5503e-1
    outer loop
      vertex -1.0856e+1 -1.3406e+1 2.5000e+2
      vertex -1.4254e+1 -1.7602e+1 2.8440e+2
      vertex -1.5156e+1 -1.6832e+1 2.8440e+2
    endloop
  endfacet
  facet normal 0.0000e+0 0.0000e+0 -1.0000e+0
    outer loop
      vertex -1.9070e+1 -2.1180e+1 0.0000e+0
      vertex -1.7936e+1 -2.2149e+1 0.0000e+0
      vertex -2.1078e+1 -2.3409e+1 0.0000e+0
    endloop
  endfacet
  facet normal 0.0000e+0 0.0000e+0 -1.0000e+0
    outer loop
      vertex -1.7936e+1 -2.2149e+1 0.0000e+0
      vertex -1.9824e+1 -2.4480e+1 0.0000e+0
      vertex -2.1078e+1 -2.3409e+1 0.0000e+0
    endloop
  endfacet
  facet normal 0.0000e+0 0.0000e+0 1.0000e+0
    outer loop
      vertex -1.3148e+1 -1.4603e+1 2.8440e+2
      vertex -1.5156e+1 -1.6832e+1 2.8440e+2
      vertex -1.2366e+1 -1.5271e+1 2.8440e+2
    endloop
  endfacet
  facet normal 0.0000e+0 0.0000e+0 1.0000e+0
    outer loop
      vertex -1.2366e+1 -1.5271e+1 2.8440e+2
      vertex -1.5156e+1 -1.6832e+1 2.8440e+2
      vertex -1.4254e+1 -1.7602e+1 2.8440e+2
    endloop
  endfacet
  facet normal 6.0778e-1 7.9207e-1 -5.6888e-2
    outer loop
      vertex -1.7936e+1 -2.2149e+1 0.0000e+0
      vertex -8.9678e+0 -1.1074e+1 2.5000e+2
      vertex -1.6752e+1 -2.3057e+1 0.0000e+0
    endloop
  endfacet
  facet normal 6.0778e-1 7.9207e-1 -5.6888e-2
    outer loop
      vertex -1.6752e+1 -2.3057e+1 0.0000e+0
      vertex -8.9678e+0 -1.1074e+1 2.5000e+2
      vertex -8.3759e+0 -1.1528e+1 2.5000e+2
    endloop
  endfacet
  facet normal -6.0778e-1 -7.9207e-1 5.6888e-2
    outer loop
      vertex -1.9824e+1 -2.4480e+1 0.0000e+0
      vertex -1.8515e+1 -2.5484e+1 0.0000e+0
      vertex -1.0856e+1 -1.3406e+1 2.5000e+2
    endloop
  endfacet
  facet normal -6.0778e-1 -7.9207e-1 5.6888e-2
    outer loop
      vertex -1.8515e+1 -2.5484e+1 0.0000e+0
      vertex -1.0139e+1 -1.3956e+1 2.5000e+2
      vertex -1.0856e+1 -1.3406e+1 2.5000e+2
    endloop
  endfacet
  facet normal 6.0140e-1 7.8376e-1 1.5503e-1
    outer loop
      vertex -8.9678e+0 -1.1074e+1 2.5000e+2
      vertex -1.2366e+1 -1.5271e+1 2.8440e+2
      vertex -8.3759e+0 -1.1528e+1 2.5000e+2
    endloop
  endfacet
  facet normal 6.0140e-1 7.8376e-1 1.5503e-1
    outer loop
      vertex -8.3759e+0 -1.1528e+1 2.5000e+2
      vertex -1.2366e+1 -1.5271e+1 2.8440e+2
      vertex -1.1550e+1 -1.5897e+1 2.8440e+2
    endloop
  endfacet
  facet normal -6.0140e-1 -7.8376e-1 -1.5503e-1
    outer loop
      vertex -1.0856e+1 -1.3406e+1 2.5000e+2
      vertex -1.0139e+1 -1.3956e+1 2.5000e+2
      vertex -1.4254e+1 -1.7602e+1 2.8440e+2
    endloop
  endfacet
  facet normal -6.0140e-1 -7.8376e-1 -1.5503e-1
    outer loop
      vertex -1.0139e+1 -1.3956e+1 2.5000e+2
      vertex -1.3313e+1 -1.8324e+1 2.8440e+2
      vertex -1.4254e+1 -1.7602e+1 2.8440e+2
    endloop
  endfacet
  facet normal 0.0000e+0 0.0000e+0 -1.0000e+0
    outer loop
      vertex -1.7936e+1 -2.2149e+1 0.0000e+0
      vertex -1.6752e+1 -2.3057e+1 0.0000e+0
      vertex -1.9824e+1 -2.4480e+1 0.0000e+0
    endloop
  endfacet
  facet normal 0.0000e+0 0.0000e+0 -1.0000e+0
    outer loop
      vertex -1.6752e+1 -2.3057e+1 0.0000e+0
      vertex -1.8515e+1 -2.5484e+1 0.0000e+0
      vertex -1.9824e+1 -2.4480e+1 0.0000e+0
    endloop
  endfacet
  facet normal 0.0000e+0 0.0000e+0 1.0000e+0
    outer loop
      vertex -1.2366e+1 -1.5271e+1 2.8440e+2
      vertex -1.4254e+1 -1.7602e+1 2.8440e+2
      vertex -1.1550e+1 -1.5897e+1 2.8440e+2
    endloop
  endfacet
  facet normal 0.0000e+0 0.0000e+0 1.0000e+0
    outer loop
      vertex -1.1550e+1 -1.5897e+1 2.8440e+2
      vertex -1.4254e+1 -1.7602e+1 2.8440e+2
      vertex -1.3313e+1 -1.8324e+1 2.8440e+2
    endloop
  endfacet
  facet normal 5.6549e-1 8.2279e-1 -5.6888e-2
    outer loop
      vertex -1.6752e+1 -2.3057e+1 0.0000e+0
      vertex -8.3759e+0 -1.1528e+1 2.5000e+2
      vertex -1.5522e+1 -2.3902e+1 0.0000e+0
    endloop
  endfacet
  facet normal 5.6549e-1 8.2279e-1 -5.6888e-2
    outer loop
      vertex -1.5522e+1 -2.3902e+1 0.0000e+0
      vertex -8.3759e+0 -1.1528e+1 2.5000e+2
      vertex -7.7611e+0 -1.1951e+1 2.5000e+2
    endloop
  endfacet
  facet normal -5.6549e-1 -8.2279e-1 5.6888e-2
    outer loop
      vertex -1.8515e+1 -2.5484e+1 0.0000e+0
      vertex -1.7156e+1 -2.6418e+1 0.0000e+0
      vertex -1.0139e+1 -1.3956e+1 2.5000e+2
    endloop
  endfacet
  facet normal -5.6549e-1 -8.2279e-1 5.6888e-2
    outer loop
      vertex -1.7156e+1 -2.6418e+1 0.0000e+0
      vertex -9.3950e+0 -1.4467e+1 2.5000e+2
      vertex -1.0139e+1 -1.3956e+1 2.5000e+2
    endloop
  endfacet
  facet normal 5.5956e-1 8.1416e-1 1.5503e-1
    outer loop
      vertex -8.3759e+0 -1.1528e+1 2.5000e+2
      vertex -1.1550e+1 -1.5897e+1 2.8440e+2
      vertex -7.7611e+0 -1.1951e+1 2.5000e+2
    endloop
  endfacet
  facet normal 5.5956e-1 8.1416e-1 1.5503e-1
    outer loop
      vertex -7.7611e+0 -1.1951e+1 2.5000e+2
      vertex -1.1550e+1 -1.5897e+1 2.8440e+2
      vertex -1.0702e+1 -1.6480e+1 2.8440e+2
    endloop
  endfacet
  facet normal -5.5956e-1 -8.1416e-1 -1.5503e-1
    outer loop
      vertex -1.0139e+1 -1.3956e+1 2.5000e+2
      vertex -9.3950e+0 -1.4467e+1 2.5000e+2
      vertex -1.3313e+1 -1.8324e+1 2.8440e+2
    endloop
  endfacet
  facet normal -5.5956e-1 -8.1416e-1 -1.5503e-1
    outer loop
      vertex -9.3950e+0 -1.4467e+1 2.5000e+2
      vertex -1.2336e+1 -1.8996e+1 2.8440e+2
      vertex -1.3313e+1 -1.8324e+1 2.8440e+2
    endloop
  endfacet
  facet normal 0.0000e+0 0.0000e+0 -1.0000e+0
    outer loop
      vertex -1.6752e+1 -2.3057e+1 0.0000e+0
      vertex -1.5522e+1 -2.3902e+1 0.0000e+0
      vertex -1.8515e+1 -2.5484e+1 0.0000e+0
    endloop
  endfacet
  facet normal 0.0000e+0 0.0000e+0 -1.0000e+0
    outer loop
      vertex -1.5522e+1 -2.3902e+1 0.0000e+0
      vertex -1.7156e+1 -2.6418e+1 0.0000e+0
      vertex -1.8515e+1 -2.5484e+1 0.0000e+0
    endloop
  endfacet
  facet normal 0.0000e+0 0.0000e+0 1.0000e+0
    outer loop
      vertex -1.1550e+1 -1.5897e+1 2.8440e+2
      vertex -1.3313e+1 -1.8324e+1 2.8440e+2
      vertex -1.0702e+1 -1.6480e+1 2.8440e+2
    endloop
  endfacet
  facet normal 0.0000e+0 0.0000e+0 1.0000e+0
    outer loop
      vertex -1.0702e+1 -1.6480e+1 2.8440e+2
      vertex -1.3313e+1 -1.8324e+1 2.8440e+2
      vertex -1.2336e+1 -1.8996e+1 2.8440e+2
    endloop
  endfacet
  facet normal 5.2165e-1 8.5126e-1 -5.6888e-2
    outer loop
      vertex -1.5522e+1 -2.3902e+1 0.0000e+0
      vertex -7.7611e+0 -1.1951e+1 2.5000e+2
      vertex -1.4250e+1 -2.4682e+1 0.0000e+0
    endloop
  endfacet
  facet normal 5.2165e-1 8.5126e-1 -5.6888e-2
    outer loop
      vertex -1.4250e+1 -2.4682e+1 0.0000e+0
      vertex -7.7611e+0 -1.1951e+1 2.5000e+2
      vertex -7.1250e+0 -1.2341e+1 2.5000e+2
    endloop
  endfacet
  facet normal -5.2165e-1 -8.5126e-1 5.6888e-2
    outer loop
      vertex -1.7156e+1 -2.6418e+1 0.0000e+0
      vertex -1.5750e+1 -2.7280e+1 0.0000e+0
      vertex -9.3950e+0 -1.4467e+1 2.5000e+2
    endloop
  endfacet
  facet normal -5.2165e-1 -8.5126e-1 5.6888e-2
    outer loop
      vertex -1.5750e+1 -2.7280e+1 0.0000e+0
      vertex -8.6250e+0 -1.4939e+1 2.5000e+2
      vertex -9.3950e+0 -1.4467e+1 2.5000e+2
    endloop
  endfacet
  facet normal 5.1618e-1 8.4233e-1 1.5503e-1
    outer loop
      vertex -7.7611e+0 -1.1951e+1 2.5000e+2
      vertex -1.0702e+1 -1.6480e+1 2.8440e+2
      vertex -7.1250e+0 -1.2341e+1 2.5000e+2
    endloop
  endfacet
  facet normal 5.1618e-1 8.4233e-1 1.5503e-1
    outer loop
      vertex -7.1250e+0 -1.2341e+1 2.5000e+2
      vertex -1.0702e+1 -1.6480e+1 2.8440e+2
      vertex -9.8250e+0 -1.7017e+1 2.8440e+2
    endloop
  endfacet
  facet normal -5.1618e-1 -8.4233e-1 -1.5503e-1
    outer loop
      vertex -9.3950e+0 -1.4467e+1 2.5000e+2
      vertex -8.6250e+0 -1.4939e+1 2.5000e+2
      vertex -1.2336e+1 -1.8996e+1 2.8440e+2
    endloop
  endfacet
  facet normal -5.1618e-1 -8.4233e-1 -1.5503e-1
    outer loop
      vertex -8.6250e+0 -1.4939e+1 2.5000e+2
      vertex -1.1325e+1 -1.9615e+1 2.8440e+2
      vertex -1.2336e+1 -1.8996e+1 2.8440e+2
    endloop
  endfacet
  facet normal 0.0000e+0 0.0000e+0 -1.0000e+0
    outer loop
      vertex -1.5522e+1 -2.3902e+1 0.0000e+0
      vertex -1.4250e+1 -2.4682e+1 0.0000e+0
      vertex -1.7156e+1 -2.6418e+1 0.0000e+0
    endloop
  endfacet
  facet normal 0.0000e+0 0.0000e+0 -1.0000e+0
    outer loop
      vertex -1.4250e+1 -2.4682e+1 0.0000e+0
      vertex -1.5750e+1 -2.7280e+1 0.0000e+0
      vertex -1.7156e+1 -2.6418e+1 0.0000e+0
    endloop
  endfacet
  facet normal 0.0000e+0 0.0000e+0 1.0000e+0
    outer loop
      vertex -1.0702e+1 -1.6480e+1 2.8440e+2
      vertex -1.2336e+1 -1.8996e+1 2.8440e+2
      vertex -9.8250e+0 -1.7017e+1 2.8440e+2
    endloop
  endfacet
  facet normal 0.0000e+0 0.0000e+0 1.0000e+0
    outer loop
      vertex -9.8250e+0 -1.7017e+1 2.8440e+2
      vertex -1.2336e+1 -1.8996e+1 2.8440e+2
      vertex -1.1325e+1 -1.9615e+1 2.8440e+2
    endloop
  endfacet
  facet normal 4.7639e-1 8.7739e-1 -5.6888e-2
    outer loop
      vertex -1.4250e+1 -2.4682e+1 0.0000e+0
      vertex -7.1250e+0 -1.2341e+1 2.5000e+2
      vertex -1.2939e+1 -2.5394e+1 0.0000e+0
    endloop
  endfacet
  facet normal 4.7639e-1 8.7739e-1 -5.6888e-2
    outer loop
      vertex -1.2939e+1 -2.5394e+1 0.0000e+0
      vertex -7.1250e+0 -1.2341e+1 2.5000e+2
      vertex -6.4694e+0 -1.2697e+1 2.5000e+2
    endloop
  endfacet
  facet normal -4.7639e-1 -8.7739e-1 5.6888e-2
    outer loop
      vertex -1.5750e+1 -2.7280e+1 0.0000e+0
      vertex -1.4301e+1 -2.8067e+1 0.0000e+0
      vertex -8.6250e+0 -1.4939e+1 2.5000e+2
    endloop
  endfacet
  facet normal -4.7639e-1 -8.7739e-1 5.6888e-2
    outer loop
      vertex -1.4301e+1 -2.8067e+1 0.0000e+0
      vertex -7.8313e+0 -1.5370e+1 2.5000e+2
      vertex -8.6250e+0 -1.4939e+1 2.5000e+2
    endloop
  endfacet
  facet normal 4.7139e-1 8.6819e-1 1.5503e-1
    outer loop
      vertex -7.1250e+0 -1.2341e+1 2.5000e+2
      vertex -9.8250e+0 -1.7017e+1 2.8440e+2
      vertex -6.4694e+0 -1.2697e+1 2.5000e+2
    endloop
  endfacet
  facet normal 4.7139e-1 8.6819e-1 1.5503e-1
    outer loop
      vertex -6.4694e+0 -1.2697e+1 2.5000e+2
      vertex -9.8250e+0 -1.7017e+1 2.8440e+2
      vertex -8.9209e+0 -1.7508e+1 2.8440e+2
    endloop
  endfacet
  facet normal -4.7139e-1 -8.6819e-1 -1.5503e-1
    outer loop
      vertex -8.6250e+0 -1.4939e+1 2.5000e+2
      vertex -7.8313e+0 -1.5370e+1 2.5000e+2
      vertex -1.1325e+1 -1.9615e+1 2.8440e+2
    endloop
  endfacet
  facet normal -4.7139e-1 -8.6819e-1 -1.5503e-1
    outer loop
      vertex -7.8313e+0 -1.5370e+1 2.5000e+2
      vertex -1.0283e+1 -2.0181e+1 2.8440e+2
      vertex -1.1325e+1 -1.9615e+1 2.8440e+2
    endloop
  endfacet
  facet normal 0.0000e+0 0.0000e+0 -1.0000e+0
    outer loop
      vertex -1.4250e+1 -2.4682e+1 0.0000e+0
      vertex -1.2939e+1 -2.5394e+1 0.0000e+0
      vertex -1.5750e+1 -2.7280e+1 0.0000e+0
    endloop
  endfacet
  facet normal 0.0000e+0 0.0000e+0 -1.0000e+0
    outer loop
      vertex -1.2939e+1 -2.5394e+1 0.0000e+0
      vertex -1.4301e+1 -2.8067e+1 0.0000e+0
      vertex -1.5750e+1 -2.7280e+1 0.0000e+0
    endloop
  endfacet
  facet normal 0.0000e+0 0.0000e+0 1.0000e+0
    outer loop
      vertex -9.8250e+0 -1.7017e+1 2.8440e+2
      vertex -1.1325e+1 -1.9615e+1 2.8440e+2
      vertex -8.9209e+0 -1.7508e+1 2.8440e+2
    endloop
  endfacet
  facet normal 0.0000e+0 0.0000e+0 1.0000e+0
    outer loop
      vertex -8.9209e+0 -1.7508e+1 2.8440e+2
      vertex -1.1325e+1 -1.9615e+1 2.8440e+2
      vertex -1.0283e+1 -2.0181e+1 2.8440e+2
    endloop
  endfacet
  facet normal 4.2981e-1 9.0112e-1 -5.6888e-2
    outer loop
      vertex -1.2939e+1 -2.5394e+1 0.0000e+0
      vertex -6.4694e+0 -1.2697e+1 2.5000e+2
      vertex -1.1592e+1 -2.6036e+1 0.0000e+0
    endloop
  endfacet
  facet normal 4.2981e-1 9.0112e-1 -5.6888e-2
    outer loop
      vertex -1.1592e+1 -2.6036e+1 0.0000e+0
      vertex -6.4694e+0 -1.2697e+1 2.5000e+2
      vertex -5.7960e+0 -1.3018e+1 2.5000e+2
    endloop
  endfacet
  facet normal -4.2981e-1 -9.0112e-1 5.6888e-2
    outer loop
      vertex -1.4301e+1 -2.8067e+1 0.0000e+0
      vertex -1.2812e+1 -2.8777e+1 0.0000e+0
      vertex -7.8313e+0 -1.5370e+1 2.5000e+2
    endloop
  endfacet
  facet normal -4.2981e-1 -9.0112e-1 5.6888e-2
    outer loop
      vertex -1.2812e+1 -2.8777e+1 0.0000e+0
      vertex -7.0162e+0 -1.5759e+1 2.5000e+2
      vertex -7.8313e+0 -1.5370e+1 2.5000e+2
    endloop
  endfacet
  facet normal 4.2531e-1 8.9167e-1 1.5503e-1
    outer loop
      vertex -6.4694e+0 -1.2697e+1 2.5000e+2
      vertex -8.9209e+0 -1.7508e+1 2.8440e+2
      vertex -5.7960e+0 -1.3018e+1 2.5000e+2
    endloop
  endfacet
  facet normal 4.2531e-1 8.9167e-1 1.5503e-1
    outer loop
      vertex -5.7960e+0 -1.3018e+1 2.5000e+2
      vertex -8.9209e+0 -1.7508e+1 2.8440e+2
      vertex -7.9924e+0 -1.7951e+1 2.8440e+2
    endloop
  endfacet
  facet normal -4.2531e-1 -8.9167e-1 -1.5503e-1
    outer loop
      vertex -7.8313e+0 -1.5370e+1 2.5000e+2
      vertex -7.0162e+0 -1.5759e+1 2.5000e+2
      vertex -1.0283e+1 -2.0181e+1 2.8440e+2
    endloop
  endfacet
  facet normal -4.2531e-1 -8.9167e-1 -1.5503e-1
    outer loop
      vertex -7.0162e+0 -1.5759e+1 2.5000e+2
      vertex -9.2126e+0 -2.0692e+1 2.8440e+2
      vertex -1.0283e+1 -2.0181e+1 2.8440e+2
    endloop
  endfacet
  facet normal 0.0000e+0 0.0000e+0 -1.0000e+0
    outer loop
      vertex -1.2939e+1 -2.5394e+1 0.0000e+0
      vertex -1.1592e+1 -2.6036e+1 0.0000e+0
      vertex -1.4301e+1 -2.8067e+1 0.0000e+0
    endloop
  endfacet
  facet normal 0.0000e+0 0.0000e+0 -1.0000e+0
    outer loop
      vertex -1.1592e+1 -2.6036e+1 0.0000e+0
      vertex -1.2812e+1 -2.8777e+1 0.0000e+0
      vertex -1.4301e+1 -2.8067e+1 0.0000e+0
    endloop
  endfacet
  facet normal 0.0000e+0 0.0000e+0 1.0000e+0
    outer loop
      vertex -8.9209e+0 -1.7508e+1 2.8440e+2
      vertex -1.0283e+1 -2.0181e+1 2.8440e+2
      vertex -7.9924e+0 -1.7951e+1 2.8440e+2
    endloop
  endfacet
  facet normal 0.0000e+0 0.0000e+0 1.0000e+0
    outer loop
      vertex -7.9924e+0 -1.7951e+1 2.8440e+2
      vertex -1.0283e+1 -2.0181e+1 2.8440e+2
      vertex -9.2126e+0 -2.0692e+1 2.8440e+2
    endloop
  endfacet
  facet normal 3.8206e-1 9.2238e-1 -5.6888e-2
    outer loop
      vertex -1.1592e+1 -2.6036e+1 0.0000e+0
      vertex -5.7960e+0 -1.3018e+1 2.5000e+2
      vertex -1.0213e+1 -2.6607e+1 0.0000e+0
    endloop
  endfacet
  facet normal 3.8206e-1 9.2238e-1 -5.6888e-2
    outer loop
      vertex -1.0213e+1 -2.6607e+1 0.0000e+0
      vertex -5.7960e+0 -1.3018e+1 2.5000e+2
      vertex -5.1067e+0 -1.3304e+1 2.5000e+2
    endloop
  endfacet
  facet normal -3.8206e-1 -9.2238e-1 5.6888e-2
    outer loop
      vertex -1.2812e+1 -2.8777e+1 0.0000e+0
      vertex -1.1289e+1 -2.9408e+1 0.0000e+0
      vertex -7.0162e+0 -1.5759e+1 2.5000e+2
    endloop
  endfacet
  facet normal -3.8206e-1 -9.2238e-1 5.6888e-2
    outer loop
      vertex -1.1289e+1 -2.9408e+1 0.0000e+0
      vertex -6.1818e+0 -1.6104e+1 2.5000e+2
      vertex -7.0162e+0 -1.5759e+1 2.5000e+2
    endloop
  endfacet
  facet normal 3.7806e-1 9.1271e-1 1.5503e-1
    outer loop
      vertex -5.7960e+0 -1.3018e+1 2.5000e+2
      vertex -7.9924e+0 -1.7951e+1 2.8440e+2
      vertex -5.1067e+0 -1.3304e+1 2.5000e+2
    endloop
  endfacet
  facet normal 3.7806e-1 9.1271e-1 1.5503e-1
    outer loop
      vertex -5.1067e+0 -1.3304e+1 2.5000e+2
      vertex -7.9924e+0 -1.7951e+1 2.8440e+2
      vertex -7.0419e+0 -1.8345e+1 2.8440e+2
    endloop
  endfacet
  facet normal -3.7806e-1 -9.1271e-1 -1.5503e-1
    outer loop
      vertex -7.0162e+0 -1.5759e+1 2.5000e+2
      vertex -6.1818e+0 -1.6104e+1 2.5000e+2
      vertex -9.2126e+0 -2.0692e+1 2.8440e+2
    endloop
  endfacet
  facet normal -3.7806e-1 -9.1271e-1 -1.5503e-1
    outer loop
      vertex -6.1818e+0 -1.6104e+1 2.5000e+2
      vertex -8.1170e+0 -2.1146e+1 2.8440e+2
      vertex -9.2126e+0 -2.0692e+1 2.8440e+2
    endloop
  endfacet
  facet normal 0.0000e+0 0.0000e+0 -1.0000e+0
    outer loop
      vertex -1.1592e+1 -2.6036e+1 0.0000e+0
      vertex -1.0213e+1 -2.6607e+1 0.0000e+0
      vertex -1.2812e+1 -2.8777e+1 0.0000e+0
    endloop
  endfacet
  facet normal 0.0000e+0 0.0000e+0 -1.0000e+0
    outer loop
      vertex -1.0213e+1 -2.6607e+1 0.0000e+0
      vertex -1.1289e+1 -2.9408e+1 0.0000e+0
      vertex -1.2812e+1 -2.8777e+1 0.0000e+0
    endloop
  endfacet
  facet normal 0.0000e+0 0.0000e+0 1.0000e+0
    outer loop
      vertex -7.9924e+0 -1.7951e+1 2.8440e+2
      vertex -9.2126e+0 -2.0692e+1 2.8440e+2
      vertex -7.0419e+0 -1.8345e+1 2.8440e+2
    endloop
  endfacet
  facet normal 0.0000e+0 0.0000e+0 1.0000e+0
    outer loop
      vertex -7.0419e+0 -1.8345e+1 2.8440e+2
      vertex -9.2126e+0 -2.0692e+1 2.8440e+2
      vertex -8.1170e+0 -2.1146e+1 2.8440e+2
    endloop
  endfacet
  facet normal 3.3327e-1 9.4111e-1 -5.6888e-2
    outer loop
      vertex -1.0213e+1 -2.6607e+1 0.0000e+0
      vertex -5.1067e+0 -1.3304e+1 2.5000e+2
      vertex -8.8070e+0 -2.7105e+1 0.0000e+0
    endloop
  endfacet
  facet normal 3.3327e-1 9.4111e-1 -5.6888e-2
    outer loop
      vertex -8.8070e+0 -2.7105e+1 0.0000e+0
      vertex -5.1067e+0 -1.3304e+1 2.5000e+2
      vertex -4.4035e+0 -1.3553e+1 2.5000e+2
    endloop
  endfacet
  facet normal -3.3327e-1 -9.4111e-1 5.6888e-2
    outer loop
      vertex -1.1289e+1 -2.9408e+1 0.0000e+0
      vertex -9.7340e+0 -2.9958e+1 0.0000e+0
      vertex -6.1818e+0 -1.6104e+1 2.5000e+2
    endloop
  endfacet
  facet normal -3.3327e-1 -9.4111e-1 5.6888e-2
    outer loop
      vertex -9.7340e+0 -2.9958e+1 0.0000e+0
      vertex -5.3305e+0 -1.6406e+1 2.5000e+2
      vertex -6.1818e+0 -1.6104e+1 2.5000e+2
    endloop
  endfacet
  facet normal 3.2977e-1 9.3125e-1 1.5503e-1
    outer loop
      vertex -5.1067e+0 -1.3304e+1 2.5000e+2
      vertex -7.0419e+0 -1.8345e+1 2.8440e+2
      vertex -4.4035e+0 -1.3553e+1 2.5000e+2
    endloop
  endfacet
  facet normal 3.2977e-1 9.3125e-1 1.5503e-1
    outer loop
      vertex -4.4035e+0 -1.3553e+1 2.5000e+2
      vertex -7.0419e+0 -1.8345e+1 2.8440e+2
      vertex -6.0722e+0 -1.8688e+1 2.8440e+2
    endloop
  endfacet
  facet normal -3.2977e-1 -9.3125e-1 -1.5503e-1
    outer loop
      vertex -6.1818e+0 -1.6104e+1 2.5000e+2
      vertex -5.3305e+0 -1.6406e+1 2.5000e+2
      vertex -8.1170e+0 -2.1146e+1 2.8440e+2
    endloop
  endfacet
  facet normal -3.2977e-1 -9.3125e-1 -1.5503e-1
    outer loop
      vertex -5.3305e+0 -1.6406e+1 2.5000e+2
      vertex -6.9992e+0 -2.1541e+1 2.8440e+2
      vertex -8.1170e+0 -2.1146e+1 2.8440e+2
    endloop
  endfacet
  facet normal 0.0000e+0 0.0000e+0 -1.0000e+0
    outer loop
      vertex -1.0213e+1 -2.6607e+1 0.0000e+0
      vertex -8.8070e+0 -2.7105e+1 0.0000e+0
      vertex -1.1289e+1 -2.9408e+1 0.0000e+0
    endloop
  endfacet
  facet normal 0.0000e+0 0.0000e+0 -1.0000e+0
    outer loop
      vertex -8.8070e+0 -2.7105e+1 0.0000e+0
      vertex -9.7340e+0 -2.9958e+1 0.0000e+0
      vertex -1.1289e+1 -2.9408e+1 0.0000e+0
    endloop
  endfacet
  facet normal 0.0000e+0 0.0000e+0 1.0000e+0
    outer loop
      vertex -7.0419e+0 -1.8345e+1 2.8440e+2
      vertex -8.1170e+0 -2.1146e+1 2.8440e+2
      vertex -6.0722e+0 -1.8688e+1 2.8440e+2
    endloop
  endfacet
  facet normal 0.0000e+0 0.0000e+0 1.0000e+0
    outer loop
      vertex -6.0722e+0 -1.8688e+1 2.8440e+2
      vertex -8.1170e+0 -2.1146e+1 2.8440e+2
      vertex -6.9992e+0 -2.1541e+1 2.8440e+2
    endloop
  endfacet
  facet normal 2.8356e-1 9.5727e-1 -5.6888e-2
    outer loop
      vertex -8.8070e+0 -2.7105e+1 0.0000e+0
      vertex -4.4035e+0 -1.3553e+1 2.5000e+2
      vertex -7.3763e+0 -2.7529e+1 0.0000e+0
    endloop
  endfacet
  facet normal 2.8356e-1 9.5727e-1 -5.6888e-2
    outer loop
      vertex -7.3763e+0 -2.7529e+1 0.0000e+0
      vertex -4.4035e+0 -1.3553e+1 2.5000e+2
      vertex -3.6882e+0 -1.3764e+1 2.5000e+2
    endloop
  endfacet
  facet normal -2.8356e-1 -9.5727e-1 5.6888e-2
    outer loop
      vertex -9.7340e+0 -2.9958e+1 0.0000e+0
      vertex -8.1528e+0 -3.0427e+1 0.0000e+0
      vertex -5.3305e+0 -1.6406e+1 2.5000e+2
    endloop
  endfacet
  facet normal -2.8356e-1 -9.5727e-1 5.6888e-2
    outer loop
      vertex -8.1528e+0 -3.0427e+1 0.0000e+0
      vertex -4.4646e+0 -1.6662e+1 2.5000e+2
      vertex -5.3305e+0 -1.6406e+1 2.5000e+2
    endloop
  endfacet
  facet normal 2.8058e-1 9.4723e-1 1.5503e-1
    outer loop
      vertex -4.4035e+0 -1.3553e+1 2.5000e+2
      vertex -6.0722e+0 -1.8688e+1 2.8440e+2
      vertex -3.6882e+0 -1.3764e+1 2.5000e+2
    endloop
  endfacet
  facet normal 2.8058e-1 9.4723e-1 1.5503e-1
    outer loop
      vertex -3.6882e+0 -1.3764e+1 2.5000e+2
      vertex -6.0722e+0 -1.8688e+1 2.8440e+2
      vertex -5.0858e+0 -1.8980e+1 2.8440e+2
    endloop
  endfacet
  facet normal -2.8058e-1 -9.4723e-1 -1.5503e-1
    outer loop
      vertex -5.3305e+0 -1.6406e+1 2.5000e+2
      vertex -4.4646e+0 -1.6662e+1 2.5000e+2
      vertex -6.9992e+0 -2.1541e+1 2.8440e+2
    endloop
  endfacet
  facet normal -2.8058e-1 -9.4723e-1 -1.5503e-1
    outer loop
      vertex -4.4646e+0 -1.6662e+1 2.5000e+2
      vertex -5.8623e+0 -2.1878e+1 2.8440e+2
      vertex -6.9992e+0 -2.1541e+1 2.8440e+2
    endloop
  endfacet
  facet normal 0.0000e+0 0.0000e+0 -1.0000e+0
    outer loop
      vertex -8.8070e+0 -2.7105e+1 0.0000e+0
      vertex -7.3763e+0 -2.7529e+1 0.0000e+0
      vertex -9.7340e+0 -2.9958e+1 0.0000e+0
    endloop
  endfacet
  facet normal 0.0000e+0 0.0000e+0 -1.0000e+0
    outer loop
      vertex -7.3763e+0 -2.7529e+1 0.0000e+0
      vertex -8.1528e+0 -3.0427e+1 0.0000e+0
      vertex -9.7340e+0 -2.9958e+1 0.0000e+0
    endloop
  endfacet
  facet normal 0.0000e+0 0.0000e+0 1.0000e+0
    outer loop
      vertex -6.0722e+0 -1.8688e+1 2.8440e+2
      vertex -6.9992e+0 -2.1541e+1 2.8440e+2
      vertex -5.0858e+0 -1.8980e+1 2.8440e+2
    endloop
  endfacet
  facet normal 0.0000e+0 0.0000e+0 1.0000e+0
    outer loop
      vertex -5.0858e+0 -1.8980e+1 2.8440e+2
      vertex -6.9992e+0 -2.1541e+1 2.8440e+2
      vertex -5.8623e+0 -2.1878e+1 2.8440e+2
    endloop
  endfacet
  facet normal 2.3307e-1 9.7080e-1 -5.6888e-2
    outer loop
      vertex -7.3763e+0 -2.7529e+1 0.0000e+0
      vertex -3.6882e+0 -1.3764e+1 2.5000e+2
      vertex -5.9255e+0 -2.7877e+1 0.0000e+0
    endloop
  endfacet
  facet normal 2.3307e-1 9.7080e-1 -5.6888e-2
    outer loop
      vertex -5.9255e+0 -2.7877e+1 0.0000e+0
      vertex -3.6882e+0 -1.3764e+1 2.5000e+2
      vertex -2.9627e+0 -1.3939e+1 2.5000e+2
    endloop
  endfacet
  facet normal -2.3307e-1 -9.7080e-1 5.6888e-2
    outer loop
      vertex -8.1528e+0 -3.0427e+1 0.0000e+0
      vertex -6.5492e+0 -3.0812e+1 0.0000e+0
      vertex -4.4646e+0 -1.6662e+1 2.5000e+2
    endloop
  endfacet
  facet normal -2.3307e-1 -9.7080e-1 5.6888e-2
    outer loop
      vertex -6.5492e+0 -3.0812e+1 0.0000e+0
      vertex -3.5865e+0 -1.6873e+1 2.5000e+2
      vertex -4.4646e+0 -1.6662e+1 2.5000e+2
    endloop
  endfacet
  facet normal 2.3062e-1 9.6061e-1 1.5503e-1
    outer loop
      vertex -3.6882e+0 -1.3764e+1 2.5000e+2
      vertex -5.0858e+0 -1.8980e+1 2.8440e+2
      vertex -2.9627e+0 -1.3939e+1 2.5000e+2
    endloop
  endfacet
  facet normal 2.3062e-1 9.6061e-1 1.5503e-1
    outer loop
      vertex -2.9627e+0 -1.3939e+1 2.5000e+2
      vertex -5.0858e+0 -1.8980e+1 2.8440e+2
      vertex -4.0855e+0 -1.9221e+1 2.8440e+2
    endloop
  endfacet
  facet normal -2.3062e-1 -9.6061e-1 -1.5503e-1
    outer loop
      vertex -4.4646e+0 -1.6662e+1 2.5000e+2
      vertex -3.5865e+0 -1.6873e+1 2.5000e+2
      vertex -5.8623e+0 -2.1878e+1 2.8440e+2
    endloop
  endfacet
  facet normal -2.3062e-1 -9.6061e-1 -1.5503e-1
    outer loop
      vertex -3.5865e+0 -1.6873e+1 2.5000e+2
      vertex -4.7092e+0 -2.2155e+1 2.8440e+2
      vertex -5.8623e+0 -2.1878e+1 2.8440e+2
    endloop
  endfacet
  facet normal 0.0000e+0 0.0000e+0 -1.0000e+0
    outer loop
      vertex -7.3763e+0 -2.7529e+1 0.0000e+0
      vertex -5.9255e+0 -2.7877e+1 0.0000e+0
      vertex -8.1528e+0 -3.0427e+1 0.0000e+0
    endloop
  endfacet
  facet normal 0.0000e+0 0.0000e+0 -1.0000e+0
    outer loop
      vertex -5.9255e+0 -2.7877e+1 0.0000e+0
      vertex -6.5492e+0 -3.0812e+1 0.0000e+0
      vertex -8.1528e+0 -3.0427e+1 0.0000e+0
    endloop
  endfacet
  facet normal 0.0000e+0 0.0000e+0 1.0000e+0
    outer loop
      vertex -5.0858e+0 -1.8980e+1 2.8440e+2
      vertex -5.8623e+0 -2.1878e+1 2.8440e+2
      vertex -4.0855e+0 -1.9221e+1 2.8440e+2
    endloop
  endfacet
  facet normal 0.0000e+0 0.0000e+0 1.0000e+0
    outer loop
      vertex -4.0855e+0 -1.9221e+1 2.8440e+2
      vertex -5.8623e+0 -2.1878e+1 2.8440e+2
      vertex -4.7092e+0 -2.2155e+1 2.8440e+2
    endloop
  endfacet
  facet normal 1.8194e-1 9.8166e-1 -5.6888e-2
    outer loop
      vertex -5.9255e+0 -2.7877e+1 0.0000e+0
      vertex -2.9627e+0 -1.3939e+1 2.5000e+2
      vertex -4.4584e+0 -2.8149e+1 0.0000e+0
    endloop
  endfacet
  facet normal 1.8194e-1 9.8166e-1 -5.6888e-2
    outer loop
      vertex -4.4584e+0 -2.8149e+1 0.0000e+0
      vertex -2.9627e+0 -1.3939e+1 2.5000e+2
      vertex -2.2292e+0 -1.4075e+1 2.5000e+2
    endloop
  endfacet
  facet normal -1.8194e-1 -9.8166e-1 5.6888e-2
    outer loop
      vertex -6.5492e+0 -3.0812e+1 0.0000e+0
      vertex -4.9277e+0 -3.1112e+1 0.0000e+0
      vertex -3.5865e+0 -1.6873e+1 2.5000e+2
    endloop
  endfacet
  facet normal -1.8194e-1 -9.8166e-1 5.6888e-2
    outer loop
      vertex -4.9277e+0 -3.1112e+1 0.0000e+0
      vertex -2.6985e+0 -1.7038e+1 2.5000e+2
      vertex -3.5865e+0 -1.6873e+1 2.5000e+2
    endloop
  endfacet
  facet normal 1.8003e-1 9.7137e-1 1.5503e-1
    outer loop
      vertex -2.9627e+0 -1.3939e+1 2.5000e+2
      vertex -4.0855e+0 -1.9221e+1 2.8440e+2
      vertex -2.2292e+0 -1.4075e+1 2.5000e+2
    endloop
  endfacet
  facet normal 1.8003e-1 9.7137e-1 1.5503e-1
    outer loop
      vertex -2.2292e+0 -1.4075e+1 2.5000e+2
      vertex -4.0855e+0 -1.9221e+1 2.8440e+2
      vertex -3.0739e+0 -1.9408e+1 2.8440e+2
    endloop
  endfacet
  facet normal -1.8003e-1 -9.7137e-1 -1.5503e-1
    outer loop
      vertex -3.5865e+0 -1.6873e+1 2.5000e+2
      vertex -2.6985e+0 -1.7038e+1 2.5000e+2
      vertex -4.7092e+0 -2.2155e+1 2.8440e+2
    endloop
  endfacet
  facet normal -1.8003e-1 -9.7137e-1 -1.5503e-1
    outer loop
      vertex -2.6985e+0 -1.7038e+1 2.5000e+2
      vertex -3.5432e+0 -2.2371e+1 2.8440e+2
      vertex -4.7092e+0 -2.2155e+1 2.8440e+2
    endloop
  endfacet
  facet normal 0.0000e+0 0.0000e+0 -1.0000e+0
    outer loop
      vertex -5.9255e+0 -2.7877e+1 0.0000e+0
      vertex -4.4584e+0 -2.8149e+1 0.0000e+0
      vertex -6.5492e+0 -3.0812e+1 0.0000e+0
    endloop
  endfacet
  facet normal 0.0000e+0 0.0000e+0 -1.0000e+0
    outer loop
      vertex -4.4584e+0 -2.8149e+1 0.0000e+0
      vertex -4.9277e+0 -3.1112e+1 0.0000e+0
      vertex -6.5492e+0 -3.0812e+1 0.0000e+0
    endloop
  endfacet
  facet normal 0.0000e+0 0.0000e+0 1.0000e+0
    outer loop
      vertex -4.0855e+0 -1.9221e+1 2.8440e+2
      vertex -4.7092e+0 -2.2155e+1 2.8440e+2
      vertex -3.0739e+0 -1.9408e+1 2.8440e+2
    endloop
  endfacet
  facet normal 0.0000e+0 0.0000e+0 1.0000e+0
    outer loop
      vertex -3.0739e+0 -1.9408e+1 2.8440e+2
      vertex -4.7092e+0 -2.2155e+1 2.8440e+2
      vertex -3.5432e+0 -2.2371e+1 2.8440e+2
    endloop
  endfacet
  facet normal 1.3031e-1 9.8984e-1 -5.6888e-2
    outer loop
      vertex -4.4584e+0 -2.8149e+1 0.0000e+0
      vertex -2.2292e+0 -1.4075e+1 2.5000e+2
      vertex -2.9791e+0 -2.8344e+1 0.0000e+0
    endloop
  endfacet
  facet normal 1.3031e-1 9.8984e-1 -5.6888e-2
    outer loop
      vertex -2.9791e+0 -2.8344e+1 0.0000e+0
      vertex -2.2292e+0 -1.4075e+1 2.5000e+2
      vertex -1.4895e+0 -1.4172e+1 2.5000e+2
    endloop
  endfacet
  facet normal -1.3031e-1 -9.8984e-1 5.6888e-2
    outer loop
      vertex -4.9277e+0 -3.1112e+1 0.0000e+0
      vertex -3.2926e+0 -3.1327e+1 0.0000e+0
      vertex -2.6985e+0 -1.7038e+1 2.5000e+2
    endloop
  endfacet
  facet normal -1.3031e-1 -9.8984e-1 5.6888e-2
    outer loop
      vertex -3.2926e+0 -3.1327e+1 0.0000e+0
      vertex -1.8031e+0 -1.7156e+1 2.5000e+2
      vertex -2.6985e+0 -1.7038e+1 2.5000e+2
    endloop
  endfacet
  facet normal 1.2895e-1 9.7946e-1 1.5503e-1
    outer loop
      vertex -2.2292e+0 -1.4075e+1 2.5000e+2
      vertex -3.0739e+0 -1.9408e+1 2.8440e+2
      vertex -1.4895e+0 -1.4172e+1 2.5000e+2
    endloop
  endfacet
  facet normal 1.2895e-1 9.7946e-1 1.5503e-1
    outer loop
      vertex -1.4895e+0 -1.4172e+1 2.5000e+2
      vertex -3.0739e+0 -1.9408e+1 2.8440e+2
      vertex -2.0540e+0 -1.9542e+1 2.8440e+2
    endloop
  endfacet
  facet normal -1.2895e-1 -9.7946e-1 -1.5503e-1
    outer loop
      vertex -2.6985e+0 -1.7038e+1 2.5000e+2
      vertex -1.8031e+0 -1.7156e+1 2.5000e+2
      vertex -3.5432e+0 -2.2371e+1 2.8440e+2
    endloop
  endfacet
  facet normal -1.2895e-1 -9.7946e-1 -1.5503e-1
    outer loop
      vertex -1.8031e+0 -1.7156e+1 2.5000e+2
      vertex -2.3676e+0 -2.2526e+1 2.8440e+2
      vertex -3.5432e+0 -2.2371e+1 2.8440e+2
    endloop
  endfacet
  facet normal 0.0000e+0 0.0000e+0 -1.0000e+0
    outer loop
      vertex -4.4584e+0 -2.8149e+1 0.0000e+0
      vertex -2.9791e+0 -2.8344e+1 0.0000e+0
      vertex -4.9277e+0 -3.1112e+1 0.0000e+0
    endloop
  endfacet
  facet normal 0.0000e+0 0.0000e+0 -1.0000e+0
    outer loop
      vertex -2.9791e+0 -2.8344e+1 0.0000e+0
      vertex -3.2926e+0 -3.1327e+1 0.0000e+0
      vertex -4.9277e+0 -3.1112e+1 0.0000e+0
    endloop
  endfacet
  facet normal 0.0000e+0 0.0000e+0 1.0000e+0
    outer loop
      vertex -3.0739e+0 -1.9408e+1 2.8440e+2
      vertex -3.5432e+0 -2.2371e+1 2.8440e+2
      vertex -2.0540e+0 -1.9542e+1 2.8440e+2
    endloop
  endfacet
  facet normal 0.0000e+0 0.0000e+0 1.0000e+0
    outer loop
      vertex -2.0540e+0 -1.9542e+1 2.8440e+2
      vertex -3.5432e+0 -2.2371e+1 2.8440e+2
      vertex -2.3676e+0 -2.2526e+1 2.8440e+2
    endloop
  endfacet
  facet normal 7.8332e-2 9.9530e-1 -5.6888e-2
    outer loop
      vertex -2.9791e+0 -2.8344e+1 0.0000e+0
      vertex -1.4895e+0 -1.4172e+1 2.5000e+2
      vertex -1.4916e+0 -2.8461e+1 0.0000e+0
    endloop
  endfacet
  facet normal 7.8332e-2 9.9530e-1 -5.6888e-2
    outer loop
      vertex -1.4916e+0 -2.8461e+1 0.0000e+0
      vertex -1.4895e+0 -1.4172e+1 2.5000e+2
      vertex -7.4579e-1 -1.4230e+1 2.5000e+2
    endloop
  endfacet
  facet normal -7.8332e-2 -9.9530e-1 5.6888e-2
    outer loop
      vertex -3.2926e+0 -3.1327e+1 0.0000e+0
      vertex -1.6486e+0 -3.1457e+1 0.0000e+0
      vertex -1.8031e+0 -1.7156e+1 2.5000e+2
    endloop
  endfacet
  facet normal -7.8332e-2 -9.9530e-1 5.6888e-2
    outer loop
      vertex -1.6486e+0 -3.1457e+1 0.0000e+0
      vertex -9.0280e-1 -1.7226e+1 2.5000e+2
      vertex -1.8031e+0 -1.7156e+1 2.5000e+2
    endloop
  endfacet
  facet normal 7.7511e-2 9.8487e-1 1.5503e-1
    outer loop
      vertex -1.4895e+0 -1.4172e+1 2.5000e+2
      vertex -2.0540e+0 -1.9542e+1 2.8440e+2
      vertex -7.4579e-1 -1.4230e+1 2.5000e+2
    endloop
  endfacet
  facet normal 7.7511e-2 9.8487e-1 1.5503e-1
    outer loop
      vertex -7.4579e-1 -1.4230e+1 2.5000e+2
      vertex -2.0540e+0 -1.9542e+1 2.8440e+2
      vertex -1.0284e+0 -1.9623e+1 2.8440e+2
    endloop
  endfacet
  facet normal -7.7511e-2 -9.8487e-1 -1.5503e-1
    outer loop
      vertex -1.8031e+0 -1.7156e+1 2.5000e+2
      vertex -9.0280e-1 -1.7226e+1 2.5000e+2
      vertex -2.3676e+0 -2.2526e+1 2.8440e+2
    endloop
  endfacet
  facet normal -7.7511e-2 -9.8487e-1 -1.5503e-1
    outer loop
      vertex -9.0280e-1 -1.7226e+1 2.5000e+2
      vertex -1.1854e+0 -2.2619e+1 2.8440e+2
      vertex -2.3676e+0 -2.2526e+1 2.8440e+2
    endloop
  endfacet
  facet normal 0.0000e+0 0.0000e+0 -1.0000e+0
    outer loop
      vertex -2.9791e+0 -2.8344e+1 0.0000e+0
      vertex -1.4916e+0 -2.8461e+1 0.0000e+0
      vertex -3.2926e+0 -3.1327e+1 0.0000e+0
    endloop
  endfacet
  facet normal 0.0000e+0 0.0000e+0 -1.0000e+0
    outer loop
      vertex -1.4916e+0 -2.8461e+1 0.0000e+0
      vertex -1.6486e+0 -3.1457e+1 0.0000e+0
      vertex -3.2926e+0 -3.1327e+1 0.0000e+0
    endloop
  endfacet
  facet normal 0.0000e+0 0.0000e+0 1.0000e+0
    outer loop
      vertex -2.0540e+0 -1.9542e+1 2.8440e+2
      vertex -2.3676e+0 -2.2526e+1 2.8440e+2
      vertex -1.0284e+0 -1.9623e+1 2.8440e+2
    endloop
  endfacet
  facet normal 0.0000e+0 0.0000e+0 1.0000e+0
    outer loop
      vertex -1.0284e+0 -1.9623e+1 2.8440e+2
      vertex -2.3676e+0 -2.2526e+1 2.8440e+2
      vertex -1.1854e+0 -2.2619e+1 2.8440e+2
    endloop
  endfacet
  facet normal 2.6135e-2 9.9804e-1 -5.6888e-2
    outer loop
      vertex -1.4916e+0 -2.8461e+1 0.0000e+0
      vertex -7.4579e-1 -1.4230e+1 2.5000e+2
      vertex -5.2354e-15 -2.8500e+1 0.0000e+0
    endloop
  endfacet
  facet normal 2.6135e-2 9.9804e-1 -5.6888e-2
    outer loop
      vertex -5.2354e-15 -2.8500e+1 0.0000e+0
      vertex -7.4579e-1 -1.4230e+1 2.5000e+2
      vertex -2.6177e-15 -1.4250e+1 2.5000e+2
    endloop
  endfacet
  facet normal -2.6135e-2 -9.9804e-1 5.6888e-2
    outer loop
      vertex -1.6486e+0 -3.1457e+1 0.0000e+0
      vertex -5.7865e-15 -3.1500e+1 0.0000e+0
      vertex -9.0280e-1 -1.7226e+1 2.5000e+2
    endloop
  endfacet
  facet normal -2.6135e-2 -9.9804e-1 5.6888e-2
    outer loop
      vertex -5.7865e-15 -3.1500e+1 0.0000e+0
      vertex -3.1688e-15 -1.7250e+1 2.5000e+2
      vertex -9.0280e-1 -1.7226e+1 2.5000e+2
    endloop
  endfacet
  facet normal 2.5860e-2 9.8757e-1 1.5503e-1
    outer loop
      vertex -7.4579e-1 -1.4230e+1 2.5000e+2
      vertex -1.0284e+0 -1.9623e+1 2.8440e+2
      vertex -2.6177e-15 -1.4250e+1 2.5000e+2
    endloop
  endfacet
  facet normal 2.5860e-2 9.8757e-1 1.5503e-1
    outer loop
      vertex -2.6177e-15 -1.4250e+1 2.5000e+2
      vertex -1.0284e+0 -1.9623e+1 2.8440e+2
      vertex -3.6096e-15 -1.9650e+1 2.8440e+2
    endloop
  endfacet
  facet normal -2.5860e-2 -9.8757e-1 -1.5503e-1
    outer loop
      vertex -9.0280e-1 -1.7226e+1 2.5000e+2
      vertex -3.1688e-15 -1.7250e+1 2.5000e+2
      vertex -1.1854e+0 -2.2619e+1 2.8440e+2
    endloop
  endfacet
  facet normal -2.5860e-2 -9.8757e-1 -1.5503e-1
    outer loop
      vertex -3.1688e-15 -1.7250e+1 2.5000e+2
      vertex -4.1607e-15 -2.2650e+1 2.8440e+2
      vertex -1.1854e+0 -2.2619e+1 2.8440e+2
    endloop
  endfacet
  facet normal 0.0000e+0 0.0000e+0 -1.0000e+0
    outer loop
      vertex -1.4916e+0 -2.8461e+1 0.0000e+0
      vertex -5.2354e-15 -2.8500e+1 0.0000e+0
      vertex -1.6486e+0 -3.1457e+1 0.0000e+0
    endloop
  endfacet
  facet normal 0.0000e+0 0.0000e+0 -1.0000e+0
    outer loop
      vertex -5.2354e-15 -2.8500e+1 0.0000e+0
      vertex -5.7865e-15 -3.1500e+1 0.0000e+0
      vertex -1.6486e+0 -3.1457e+1 0.0000e+0
    endloop
  endfacet
  facet normal 0.0000e+0 0.0000e+0 1.0000e+0
    outer loop
      vertex -1.0284e+0 -1.9623e+1 2.8440e+2
      vertex -1.1854e+0 -2.2619e+1 2.8440e+2
      vertex -3.6096e-15 -1.9650e+1 2.8440e+2
    endloop
  endfacet
  facet normal 0.0000e+0 0.0000e+0 1.0000e+0
    outer loop
      vertex -3.6096e-15 -1.9650e+1 2.8440e+2
      vertex -1.1854e+0 -2.2619e+1 2.8440e+2
      vertex -4.1607e-15 -2.2650e+1 2.8440e+2
    endloop
  endfacet
  facet normal -2.6135e-2 9.9804e-1 -5.6888e-2
    outer loop
      vertex -5.2354e-15 -2.8500e+1 0.0000e+0
      vertex -2.6177e-15 -1.4250e+1 2.5000e+2
      vertex 1.4916e+0 -2.8461e+1 0.0000e+0
    endloop
  endfacet
  facet normal -2.6135e-2 9.9804e-1 -5.6888e-2
    outer loop
      vertex 1.4916e+0 -2.8461e+1 0.0000e+0
      vertex -2.6177e-15 -1.4250e+1 2.5000e+2
      vertex 7.4579e-1 -1.4230e+1 2.5000e+2
    endloop
  endfacet
  facet normal 2.6135e-2 -9.9804e-1 5.6888e-2
    outer loop
      vertex -5.7865e-15 -3.1500e+1 0.0000e+0
      vertex 1.6486e+0 -3.1457e+1 0.0000e+0
      vertex -3.1688e-15 -1.7250e+1 2.5000e+2
    endloop
  endfacet
  facet normal 2.6135e-2 -9.9804e-1 5.6888e-2
    outer loop
      vertex 1.6486e+0 -3.1457e+1 0.0000e+0
      vertex 9.0280e-1 -1.7226e+1 2.5000e+2
      vertex -3.1688e-15 -1.7250e+1 2.5000e+2
    endloop
  endfacet
  facet normal -2.5860e-2 9.8757e-1 1.5503e-1
    outer loop
      vertex -2.6177e-15 -1.4250e+1 2.5000e+2
      vertex -3.6096e-15 -1.9650e+1 2.8440e+2
      vertex 7.4579e-1 -1.4230e+1 2.5000e+2
    endloop
  endfacet
  facet normal -2.5860e-2 9.8757e-1 1.5503e-1
    outer loop
      vertex 7.4579e-1 -1.4230e+1 2.5000e+2
      vertex -3.6096e-15 -1.9650e+1 2.8440e+2
      vertex 1.0284e+0 -1.9623e+1 2.8440e+2
    endloop
  endfacet
  facet normal 2.5860e-2 -9.8757e-1 -1.5503e-1
    outer loop
      vertex -3.1688e-15 -1.7250e+1 2.5000e+2
      vertex 9.0280e-1 -1.7226e+1 2.5000e+2
      vertex -4.1607e-15 -2.2650e+1 2.8440e+2
    endloop
  endfacet
  facet normal 2.5860e-2 -9.8757e-1 -1.5503e-1
    outer loop
      vertex 9.0280e-1 -1.7226e+1 2.5000e+2
      vertex 1.1854e+0 -2.2619e+1 2.8440e+2
      vertex -4.1607e-15 -2.2650e+1 2.8440e+2
    endloop
  endfacet
  facet normal 0.0000e+0 0.0000e+0 -1.0000e+0
    outer loop
      vertex -5.2354e-15 -2.8500e+1 0.0000e+0
      vertex 1.4916e+0 -2.8461e+1 0.0000e+0
      vertex -5.7865e-15 -3.1500e+1 0.0000e+0
    endloop
  endfacet
  facet normal 0.0000e+0 0.0000e+0 -1.0000e+0
    outer loop
      vertex 1.4916e+0 -2.8461e+1 0.0000e+0
      vertex 1.6486e+0 -3.1457e+1 0.0000e+0
      vertex -5.7865e-15 -3.1500e+1 0.0000e+0
    endloop
  endfacet
  facet normal 0.0000e+0 0.0000e+0 1.0000e+0
    outer loop
      vertex -3.6096e-15 -1.9650e+1 2.8440e+2
      vertex -4.1607e-15 -2.2650e+1 2.8440e+2
      vertex 1.0284e+0 -1.9623e+1 2.8440e+2
    endloop
  endfacet
  facet normal 0.0000e+0 0.0000e+0 1.0000e+0
    outer loop
      vertex 1.0284e+0 -1.9623e+1 2.8440e+2
      vertex -4.1607e-15 -2.2650e+1 2.8440e+2
      vertex 1.1854e+0 -2.2619e+1 2.8440e+2
    endloop
  endfacet
  facet normal -7.8332e-2 9.9530e-1 -5.6888e-2
    outer loop
      vertex 1.4916e+0 -2.8461e+1 0.0000e+0
      vertex 7.4579e-1 -1.4230e+1 2.5000e+2
      vertex 2.9791e+0 -2.8344e+1 0.0000e+0
    endloop
  endfacet
  facet normal -7.8332e-2 9.9530e-1 -5.6888e-2
    outer loop
      vertex 2.9791e+0 -2.8344e+1 0.0000e+0
      vertex 7.4579e-1 -1.4230e+1 2.5000e+2
      vertex 1.4895e+0 -1.4172e+1 2.5000e+2
    endloop
  endfacet
  facet normal 7.8332e-2 -9.9530e-1 5.6888e-2
    outer loop
      vertex 1.6486e+0 -3.1457e+1 0.0000e+0
      vertex 3.2926e+0 -3.1327e+1 0.0000e+0
      vertex 9.0280e-1 -1.7226e+1 2.5000e+2
    endloop
  endfacet
  facet normal 7.8332e-2 -9.9530e-1 5.6888e-2
    outer loop
      vertex 3.2926e+0 -3.1327e+1 0.0000e+0
      vertex 1.8031e+0 -1.7156e+1 2.5000e+2
      vertex 9.0280e-1 -1.7226e+1 2.5000e+2
    endloop
  endfacet
  facet normal -7.7511e-2 9.8487e-1 1.5503e-1
    outer loop
      vertex 7.4579e-1 -1.4230e+1 2.5000e+2
      vertex 1.0284e+0 -1.9623e+1 2.8440e+2
      vertex 1.4895e+0 -1.4172e+1 2.5000e+2
    endloop
  endfacet
  facet normal -7.7511e-2 9.8487e-1 1.5503e-1
    outer loop
      vertex 1.4895e+0 -1.4172e+1 2.5000e+2
      vertex 1.0284e+0 -1.9623e+1 2.8440e+2
      vertex 2.0540e+0 -1.9542e+1 2.8440e+2
    endloop
  endfacet
  facet normal 7.7511e-2 -9.8487e-1 -1.5503e-1
    outer loop
      vertex 9.0280e-1 -1.7226e+1 2.5000e+2
      vertex 1.8031e+0 -1.7156e+1 2.5000e+2
      vertex 1.1854e+0 -2.2619e+1 2.8440e+2
    endloop
  endfacet
  facet normal 7.7511e-2 -9.8487e-1 -1.5503e-1
    outer loop
      vertex 1.8031e+0 -1.7156e+1 2.5000e+2
      vertex 2.3676e+0 -2.2526e+1 2.8440e+2
      vertex 1.1854e+0 -2.2619e+1 2.8440e+2
    endloop
  endfacet
  facet normal 0.0000e+0 0.0000e+0 -1.0000e+0
    outer loop
      vertex 1.4916e+0 -2.8461e+1 0.0000e+0
      vertex 2.9791e+0 -2.8344e+1 0.0000e+0
      vertex 1.6486e+0 -3.1457e+1 0.0000e+0
    endloop
  endfacet
  facet normal 0.0000e+0 0.0000e+0 -1.0000e+0
    outer loop
      vertex 2.9791e+0 -2.8344e+1 0.0000e+0
      vertex 3.2926e+0 -3.1327e+1 0.0000e+0
      vertex 1.6486e+0 -3.1457e+1 0.0000e+0
    endloop
  endfacet
  facet normal 0.0000e+0 0.0000e+0 1.0000e+0
    outer loop
      vertex 1.0284e+0 -1.9623e+1 2.8440e+2
      vertex 1.1854e+0 -2.2619e+1 2.8440e+2
      vertex 2.0540e+0 -1.9542e+1 2.8440e+2
    endloop
  endfacet
  facet normal 0.0000e+0 0.0000e+0 1.0000e+0
    outer loop
      vertex 2.0540e+0 -1.9542e+1 2.8440e+2
      vertex 1.1854e+0 -2.2619e+1 2.8440e+2
      vertex 2.3676e+0 -2.2526e+1 2.8440e+2
    endloop
  endfacet
  facet normal -1.3031e-1 9.8984e-1 -5.6888e-2
    outer loop
      vertex 2.9791e+0 -2.8344e+1 0.0000e+0
      vertex 1.4895e+0 -1.4172e+1 2.5000e+2
      vertex 4.4584e+0 -2.8149e+1 0.0000e+0
    endloop
  endfacet
  facet normal -1.3031e-1 9.8984e-1 -5.6888e-2
    outer loop
      vertex 4.4584e+0 -2.8149e+1 0.0000e+0
      vertex 1.4895e+0 -1.4172e+1 2.5000e+2
      vertex 2.2292e+0 -1.4075e+1 2.5000e+2
    endloop
  endfacet
  facet normal 1.3031e-1 -9.8984e-1 5.6888e-2
    outer loop
      vertex 3.2926e+0 -3.1327e+1 0.0000e+0
      vertex 4.9277e+0 -3.1112e+1 0.0000e+0
      vertex 1.8031e+0 -1.7156e+1 2.5000e+2
    endloop
  endfacet
  facet normal 1.3031e-1 -9.8984e-1 5.6888e-2
    outer loop
      vertex 4.9277e+0 -3.1112e+1 0.0000e+0
      vertex 2.6985e+0 -1.7038e+1 2.5000e+2
      vertex 1.8031e+0 -1.7156e+1 2.5000e+2
    endloop
  endfacet
  facet normal -1.2895e-1 9.7946e-1 1.5503e-1
    outer loop
      vertex 1.4895e+0 -1.4172e+1 2.5000e+2
      vertex 2.0540e+0 -1.9542e+1 2.8440e+2
      vertex 2.2292e+0 -1.4075e+1 2.5000e+2
    endloop
  endfacet
  facet normal -1.2895e-1 9.7946e-1 1.5503e-1
    outer loop
      vertex 2.2292e+0 -1.4075e+1 2.5000e+2
      vertex 2.0540e+0 -1.9542e+1 2.8440e+2
      vertex 3.0739e+0 -1.9408e+1 2.8440e+2
    endloop
  endfacet
  facet normal 1.2895e-1 -9.7946e-1 -1.5503e-1
    outer loop
      vertex 1.8031e+0 -1.7156e+1 2.5000e+2
      vertex 2.6985e+0 -1.7038e+1 2.5000e+2
      vertex 2.3676e+0 -2.2526e+1 2.8440e+2
    endloop
  endfacet
  facet normal 1.2895e-1 -9.7946e-1 -1.5503e-1
    outer loop
      vertex 2.6985e+0 -1.7038e+1 2.5000e+2
      vertex 3.5432e+0 -2.2371e+1 2.8440e+2
      vertex 2.3676e+0 -2.2526e+1 2.8440e+2
    endloop
  endfacet
  facet normal 0.0000e+0 0.0000e+0 -1.0000e+0
    outer loop
      vertex 2.9791e+0 -2.8344e+1 0.0000e+0
      vertex 4.4584e+0 -2.8149e+1 0.0000e+0
      vertex 3.2926e+0 -3.1327e+1 0.0000e+0
    endloop
  endfacet
  facet normal 0.0000e+0 0.0000e+0 -1.0000e+0
    outer loop
      vertex 4.4584e+0 -2.8149e+1 0.0000e+0
      vertex 4.9277e+0 -3.1112e+1 0.0000e+0
      vertex 3.2926e+0 -3.1327e+1 0.0000e+0
    endloop
  endfacet
  facet normal 0.0000e+0 0.0000e+0 1.0000e+0
    outer loop
      vertex 2.0540e+0 -1.9542e+1 2.8440e+2
      vertex 2.3676e+0 -2.2526e+1 2.8440e+2
      vertex 3.0739e+0 -1.9408e+1 2.8440e+2
    endloop
  endfacet
  facet normal 0.0000e+0 0.0000e+0 1.0000e+0
    outer loop
      vertex 3.0739e+0 -1.9408e+1 2.8440e+2
      vertex 2.3676e+0 -2.2526e+1 2.8440e+2
      vertex 3.5432e+0 -2.2371e+1 2.8440e+2
    endloop
  endfacet
  facet normal -1.8194e-1 9.8166e-1 -5.6888e-2
    outer loop
      vertex 4.4584e+0 -2.8149e+1 0.0000e+0
      vertex 2.2292e+0 -1.4075e+1 2.5000e+2
      vertex 5.9255e+0 -2.7877e+1 0.0000e+0
    endloop
  endfacet
  facet normal -1.8194e-1 9.8166e-1 -5.6888e-2
    outer loop
      vertex 5.9255e+0 -2.7877e+1 0.0000e+0
      vertex 2.2292e+0 -1.4075e+1 2.5000e+2
      vertex 2.9627e+0 -1.3939e+1 2.5000e+2
    endloop
  endfacet
  facet normal 1.8194e-1 -9.8166e-1 5.6888e-2
    outer loop
      vertex 4.9277e+0 -3.1112e+1 0.0000e+0
      vertex 6.5492e+0 -3.0812e+1 0.0000e+0
      vertex 2.6985e+0 -1.7038e+1 2.5000e+2
    endloop
  endfacet
  facet normal 1.8194e-1 -9.8166e-1 5.6888e-2
    outer loop
      vertex 6.5492e+0 -3.0812e+1 0.0000e+0
      vertex 3.5865e+0 -1.6873e+1 2.5000e+2
      vertex 2.6985e+0 -1.7038e+1 2.5000e+2
    endloop
  endfacet
  facet normal -1.8003e-1 9.7137e-1 1.5503e-1
    outer loop
      vertex 2.2292e+0 -1.4075e+1 2.5000e+2
      vertex 3.0739e+0 -1.9408e+1 2.8440e+2
      vertex 2.9627e+0 -1.3939e+1 2.5000e+2
    endloop
  endfacet
  facet normal -1.8003e-1 9.7137e-1 1.5503e-1
    outer loop
      vertex 2.9627e+0 -1.3939e+1 2.5000e+2
      vertex 3.0739e+0 -1.9408e+1 2.8440e+2
      vertex 4.0855e+0 -1.9221e+1 2.8440e+2
    endloop
  endfacet
  facet normal 1.8003e-1 -9.7137e-1 -1.5503e-1
    outer loop
      vertex 2.6985e+0 -1.7038e+1 2.5000e+2
      vertex 3.5865e+0 -1.6873e+1 2.5000e+2
      vertex 3.5432e+0 -2.2371e+1 2.8440e+2
    endloop
  endfacet
  facet normal 1.8003e-1 -9.7137e-1 -1.5503e-1
    outer loop
      vertex 3.5865e+0 -1.6873e+1 2.5000e+2
      vertex 4.7092e+0 -2.2155e+1 2.8440e+2
      vertex 3.5432e+0 -2.2371e+1 2.8440e+2
    endloop
  endfacet
  facet normal 0.0000e+0 0.0000e+0 -1.0000e+0
    outer loop
      vertex 4.4584e+0 -2.8149e+1 0.0000e+0
      vertex 5.9255e+0 -2.7877e+1 0.0000e+0
      vertex 4.9277e+0 -3.1112e+1 0.0000e+0
    endloop
  endfacet
  facet normal 0.0000e+0 0.0000e+0 -1.0000e+0
    outer loop
      vertex 5.9255e+0 -2.7877e+1 0.0000e+0
      vertex 6.5492e+0 -3.0812e+1 0.0000e+0
      vertex 4.9277e+0 -3.1112e+1 0.0000e+0
    endloop
  endfacet
  facet normal 0.0000e+0 0.0000e+0 1.0000e+0
    outer loop
      vertex 3.0739e+0 -1.9408e+1 2.8440e+2
      vertex 3.5432e+0 -2.2371e+1 2.8440e+2
      vertex 4.0855e+0 -1.9221e+1 2.8440e+2
    endloop
  endfacet
  facet normal 0.0000e+0 0.0000e+0 1.0000e+0
    outer loop
      vertex 4.0855e+0 -1.9221e+1 2.8440e+2
      vertex 3.5432e+0 -2.2371e+1 2.8440e+2
      vertex 4.7092e+0 -2.2155e+1 2.8440e+2
    endloop
  endfacet
  facet normal -2.3307e-1 9.7080e-1 -5.6888e-2
    outer loop
      vertex 5.9255e+0 -2.7877e+1 0.0000e+0
      vertex 2.9627e+0 -1.3939e+1 2.5000e+2
      vertex 7.3763e+0 -2.7529e+1 0.0000e+0
    endloop
  endfacet
  facet normal -2.3307e-1 9.7080e-1 -5.6888e-2
    outer loop
      vertex 7.3763e+0 -2.7529e+1 0.0000e+0
      vertex 2.9627e+0 -1.3939e+1 2.5000e+2
      vertex 3.6882e+0 -1.3764e+1 2.5000e+2
    endloop
  endfacet
  facet normal 2.3307e-1 -9.7080e-1 5.6888e-2
    outer loop
      vertex 6.5492e+0 -3.0812e+1 0.0000e+0
      vertex 8.1528e+0 -3.0427e+1 0.0000e+0
      vertex 3.5865e+0 -1.6873e+1 2.5000e+2
    endloop
  endfacet
  facet normal 2.3307e-1 -9.7080e-1 5.6888e-2
    outer loop
      vertex 8.1528e+0 -3.0427e+1 0.0000e+0
      vertex 4.4646e+0 -1.6662e+1 2.5000e+2
      vertex 3.5865e+0 -1.6873e+1 2.5000e+2
    endloop
  endfacet
  facet normal -2.3062e-1 9.6061e-1 1.5503e-1
    outer loop
      vertex 2.9627e+0 -1.3939e+1 2.5000e+2
      vertex 4.0855e+0 -1.9221e+1 2.8440e+2
      vertex 3.6882e+0 -1.3764e+1 2.5000e+2
    endloop
  endfacet
  facet normal -2.3062e-1 9.6061e-1 1.5503e-1
    outer loop
      vertex 3.6882e+0 -1.3764e+1 2.5000e+2
      vertex 4.0855e+0 -1.9221e+1 2.8440e+2
      vertex 5.0858e+0 -1.8980e+1 2.8440e+2
    endloop
  endfacet
  facet normal 2.3062e-1 -9.6061e-1 -1.5503e-1
    outer loop
      vertex 3.5865e+0 -1.6873e+1 2.5000e+2
      vertex 4.4646e+0 -1.6662e+1 2.5000e+2
      vertex 4.7092e+0 -2.2155e+1 2.8440e+2
    endloop
  endfacet
  facet normal 2.3062e-1 -9.6061e-1 -1.5503e-1
    outer loop
      vertex 4.4646e+0 -1.6662e+1 2.5000e+2
      vertex 5.8623e+0 -2.1878e+1 2.8440e+2
      vertex 4.7092e+0 -2.2155e+1 2.8440e+2
    endloop
  endfacet
  facet normal 0.0000e+0 0.0000e+0 -1.0000e+0
    outer loop
      vertex 5.9255e+0 -2.7877e+1 0.0000e+0
      vertex 7.3763e+0 -2.7529e+1 0.0000e+0
      vertex 6.5492e+0 -3.0812e+1 0.0000e+0
    endloop
  endfacet
  facet normal 0.0000e+0 0.0000e+0 -1.0000e+0
    outer loop
      vertex 7.3763e+0 -2.7529e+1 0.0000e+0
      vertex 8.1528e+0 -3.0427e+1 0.0000e+0
      vertex 6.5492e+0 -3.0812e+1 0.0000e+0
    endloop
  endfacet
  facet normal 0.0000e+0 0.0000e+0 1.0000e+0
    outer loop
      vertex 4.0855e+0 -1.9221e+1 2.8440e+2
      vertex 4.7092e+0 -2.2155e+1 2.8440e+2
      vertex 5.0858e+0 -1.8980e+1 2.8440e+2
    endloop
  endfacet
  facet normal 0.0000e+0 0.0000e+0 1.0000e+0
    outer loop
      vertex 5.0858e+0 -1.8980e+1 2.8440e+2
      vertex 4.7092e+0 -2.2155e+1 2.8440e+2
      vertex 5.8623e+0 -2.1878e+1 2.8440e+2
    endloop
  endfacet
  facet normal -2.8356e-1 9.5727e-1 -5.6888e-2
    outer loop
      vertex 7.3763e+0 -2.7529e+1 0.0000e+0
      vertex 3.6882e+0 -1.3764e+1 2.5000e+2
      vertex 8.8070e+0 -2.7105e+1 0.0000e+0
    endloop
  endfacet
  facet normal -2.8356e-1 9.5727e-1 -5.6888e-2
    outer loop
      vertex 8.8070e+0 -2.7105e+1 0.0000e+0
      vertex 3.6882e+0 -1.3764e+1 2.5000e+2
      vertex 4.4035e+0 -1.3553e+1 2.5000e+2
    endloop
  endfacet
  facet normal 2.8356e-1 -9.5727e-1 5.6888e-2
    outer loop
      vertex 8.1528e+0 -3.0427e+1 0.0000e+0
      vertex 9.7340e+0 -2.9958e+1 0.0000e+0
      vertex 4.4646e+0 -1.6662e+1 2.5000e+2
    endloop
  endfacet
  facet normal 2.8356e-1 -9.5727e-1 5.6888e-2
    outer loop
      vertex 9.7340e+0 -2.9958e+1 0.0000e+0
      vertex 5.3305e+0 -1.6406e+1 2.5000e+2
      vertex 4.4646e+0 -1.6662e+1 2.5000e+2
    endloop
  endfacet
  facet normal -2.8058e-1 9.4723e-1 1.5503e-1
    outer loop
      vertex 3.6882e+0 -1.3764e+1 2.5000e+2
      vertex 5.0858e+0 -1.8980e+1 2.8440e+2
      vertex 4.4035e+0 -1.3553e+1 2.5000e+2
    endloop
  endfacet
  facet normal -2.8058e-1 9.4723e-1 1.5503e-1
    outer loop
      vertex 4.4035e+0 -1.3553e+1 2.5000e+2
      vertex 5.0858e+0 -1.8980e+1 2.8440e+2
      vertex 6.0722e+0 -1.8688e+1 2.8440e+2
    endloop
  endfacet
  facet normal 2.8058e-1 -9.4723e-1 -1.5503e-1
    outer loop
      vertex 4.4646e+0 -1.6662e+1 2.5000e+2
      vertex 5.3305e+0 -1.6406e+1 2.5000e+2
      vertex 5.8623e+0 -2.1878e+1 2.8440e+2
    endloop
  endfacet
  facet normal 2.8058e-1 -9.4723e-1 -1.5503e-1
    outer loop
      vertex 5.3305e+0 -1.6406e+1 2.5000e+2
      vertex 6.9992e+0 -2.1541e+1 2.8440e+2
      vertex 5.8623e+0 -2.1878e+1 2.8440e+2
    endloop
  endfacet
  facet normal 0.0000e+0 0.0000e+0 -1.0000e+0
    outer loop
      vertex 7.3763e+0 -2.7529e+1 0.0000e+0
      vertex 8.8070e+0 -2.7105e+1 0.0000e+0
      vertex 8.1528e+0 -3.0427e+1 0.0000e+0
    endloop
  endfacet
  facet normal 0.0000e+0 0.0000e+0 -1.0000e+0
    outer loop
      vertex 8.8070e+0 -2.7105e+1 0.0000e+0
      vertex 9.7340e+0 -2.9958e+1 0.0000e+0
      vertex 8.1528e+0 -3.0427e+1 0.0000e+0
    endloop
  endfacet
  facet normal 0.0000e+0 0.0000e+0 1.0000e+0
    outer loop
      vertex 5.0858e+0 -1.8980e+1 2.8440e+2
      vertex 5.8623e+0 -2.1878e+1 2.8440e+2
      vertex 6.0722e+0 -1.8688e+1 2.8440e+2
    endloop
  endfacet
  facet normal 0.0000e+0 0.0000e+0 1.0000e+0
    outer loop
      vertex 6.0722e+0 -1.8688e+1 2.8440e+2
      vertex 5.8623e+0 -2.1878e+1 2.8440e+2
      vertex 6.9992e+0 -2.1541e+1 2.8440e+2
    endloop
  endfacet
  facet normal -3.3327e-1 9.4111e-1 -5.6888e-2
    outer loop
      vertex 8.8070e+0 -2.7105e+1 0.0000e+0
      vertex 4.4035e+0 -1.3553e+1 2.5000e+2
      vertex 1.0213e+1 -2.6607e+1 0.0000e+0
    endloop
  endfacet
  facet normal -3.3327e-1 9.4111e-1 -5.6888e-2
    outer loop
      vertex 1.0213e+1 -2.6607e+1 0.0000e+0
      vertex 4.4035e+0 -1.3553e+1 2.5000e+2
      vertex 5.1067e+0 -1.3304e+1 2.5000e+2
    endloop
  endfacet
  facet normal 3.3327e-1 -9.4111e-1 5.6888e-2
    outer loop
      vertex 9.7340e+0 -2.9958e+1 0.0000e+0
      vertex 1.1289e+1 -2.9408e+1 0.0000e+0
      vertex 5.3305e+0 -1.6406e+1 2.5000e+2
    endloop
  endfacet
  facet normal 3.3327e-1 -9.4111e-1 5.6888e-2
    outer loop
      vertex 1.1289e+1 -2.9408e+1 0.0000e+0
      vertex 6.1818e+0 -1.6104e+1 2.5000e+2
      vertex 5.3305e+0 -1.6406e+1 2.5000e+2
    endloop
  endfacet
  facet normal -3.2977e-1 9.3125e-1 1.5503e-1
    outer loop
      vertex 4.4035e+0 -1.3553e+1 2.5000e+2
      vertex 6.0722e+0 -1.8688e+1 2.8440e+2
      vertex 5.1067e+0 -1.3304e+1 2.5000e+2
    endloop
  endfacet
  facet normal -3.2977e-1 9.3125e-1 1.5503e-1
    outer loop
      vertex 5.1067e+0 -1.3304e+1 2.5000e+2
      vertex 6.0722e+0 -1.8688e+1 2.8440e+2
      vertex 7.0419e+0 -1.8345e+1 2.8440e+2
    endloop
  endfacet
  facet normal 3.2977e-1 -9.3125e-1 -1.5503e-1
    outer loop
      vertex 5.3305e+0 -1.6406e+1 2.5000e+2
      vertex 6.1818e+0 -1.6104e+1 2.5000e+2
      vertex 6.9992e+0 -2.1541e+1 2.8440e+2
    endloop
  endfacet
  facet normal 3.2977e-1 -9.3125e-1 -1.5503e-1
    outer loop
      vertex 6.1818e+0 -1.6104e+1 2.5000e+2
      vertex 8.1170e+0 -2.1146e+1 2.8440e+2
      vertex 6.9992e+0 -2.1541e+1 2.8440e+2
    endloop
  endfacet
  facet normal 0.0000e+0 0.0000e+0 -1.0000e+0
    outer loop
      vertex 8.8070e+0 -2.7105e+1 0.0000e+0
      vertex 1.0213e+1 -2.6607e+1 0.0000e+0
      vertex 9.7340e+0 -2.9958e+1 0.0000e+0
    endloop
  endfacet
  facet normal 0.0000e+0 0.0000e+0 -1.0000e+0
    outer loop
      vertex 1.0213e+1 -2.6607e+1 0.0000e+0
      vertex 1.1289e+1 -2.9408e+1 0.0000e+0
      vertex 9.7340e+0 -2.9958e+1 0.0000e+0
    endloop
  endfacet
  facet normal 0.0000e+0 0.0000e+0 1.0000e+0
    outer loop
      vertex 6.0722e+0 -1.8688e+1 2.8440e+2
      vertex 6.9992e+0 -2.1541e+1 2.8440e+2
      vertex 7.0419e+0 -1.8345e+1 2.8440e+2
    endloop
  endfacet
  facet normal 0.0000e+0 0.0000e+0 1.0000e+0
    outer loop
      vertex 7.0419e+0 -1.8345e+1 2.8440e+2
      vertex 6.9992e+0 -2.1541e+1 2.8440e+2
      vertex 8.1170e+0 -2.1146e+1 2.8440e+2
    endloop
  endfacet
  facet normal -3.8206e-1 9.2238e-1 -5.6888e-2
    outer loop
      vertex 1.0213e+1 -2.6607e+1 0.0000e+0
      vertex 5.1067e+0 -1.3304e+1 2.5000e+2
      vertex 1.1592e+1 -2.6036e+1 0.0000e+0
    endloop
  endfacet
  facet normal -3.8206e-1 9.2238e-1 -5.6888e-2
    outer loop
      vertex 1.1592e+1 -2.6036e+1 0.0000e+0
      vertex 5.1067e+0 -1.3304e+1 2.5000e+2
      vertex 5.7960e+0 -1.3018e+1 2.5000e+2
    endloop
  endfacet
  facet normal 3.8206e-1 -9.2238e-1 5.6888e-2
    outer loop
      vertex 1.1289e+1 -2.9408e+1 0.0000e+0
      vertex 1.2812e+1 -2.8777e+1 0.0000e+0
      vertex 6.1818e+0 -1.6104e+1 2.5000e+2
    endloop
  endfacet
  facet normal 3.8206e-1 -9.2238e-1 5.6888e-2
    outer loop
      vertex 1.2812e+1 -2.8777e+1 0.0000e+0
      vertex 7.0162e+0 -1.5759e+1 2.5000e+2
      vertex 6.1818e+0 -1.6104e+1 2.5000e+2
    endloop
  endfacet
  facet normal -3.7806e-1 9.1271e-1 1.5503e-1
    outer loop
      vertex 5.1067e+0 -1.3304e+1 2.5000e+2
      vertex 7.0419e+0 -1.8345e+1 2.8440e+2
      vertex 5.7960e+0 -1.3018e+1 2.5000e+2
    endloop
  endfacet
  facet normal -3.7806e-1 9.1271e-1 1.5503e-1
    outer loop
      vertex 5.7960e+0 -1.3018e+1 2.5000e+2
      vertex 7.0419e+0 -1.8345e+1 2.8440e+2
      vertex 7.9924e+0 -1.7951e+1 2.8440e+2
    endloop
  endfacet
  facet normal 3.7806e-1 -9.1271e-1 -1.5503e-1
    outer loop
      vertex 6.1818e+0 -1.6104e+1 2.5000e+2
      vertex 7.0162e+0 -1.5759e+1 2.5000e+2
      vertex 8.1170e+0 -2.1146e+1 2.8440e+2
    endloop
  endfacet
  facet normal 3.7806e-1 -9.1271e-1 -1.5503e-1
    outer loop
      vertex 7.0162e+0 -1.5759e+1 2.5000e+2
      vertex 9.2126e+0 -2.0692e+1 2.8440e+2
      vertex 8.1170e+0 -2.1146e+1 2.8440e+2
    endloop
  endfacet
  facet normal 0.0000e+0 0.0000e+0 -1.0000e+0
    outer loop
      vertex 1.0213e+1 -2.6607e+1 0.0000e+0
      vertex 1.1592e+1 -2.6036e+1 0.0000e+0
      vertex 1.1289e+1 -2.9408e+1 0.0000e+0
    endloop
  endfacet
  facet normal 0.0000e+0 0.0000e+0 -1.0000e+0
    outer loop
      vertex 1.1592e+1 -2.6036e+1 0.0000e+0
      vertex 1.2812e+1 -2.8777e+1 0.0000e+0
      vertex 1.1289e+1 -2.9408e+1 0.0000e+0
    endloop
  endfacet
  facet normal 0.0000e+0 0.0000e+0 1.0000e+0
    outer loop
      vertex 7.0419e+0 -1.8345e+1 2.8440e+2
      vertex 8.1170e+0 -2.1146e+1 2.8440e+2
      vertex 7.9924e+0 -1.7951e+1 2.8440e+2
    endloop
  endfacet
  facet normal 0.0000e+0 0.0000e+0 1.0000e+0
    outer loop
      vertex 7.9924e+0 -1.7951e+1 2.8440e+2
      vertex 8.1170e+0 -2.1146e+1 2.8440e+2
      vertex 9.2126e+0 -2.0692e+1 2.8440e+2
    endloop
  endfacet
  facet normal -4.2981e-1 9.0112e-1 -5.6888e-2
    outer loop
      vertex 1.1592e+1 -2.6036e+1 0.0000e+0
      vertex 5.7960e+0 -1.3018e+1 2.5000e+2
      vertex 1.2939e+1 -2.5394e+1 0.0000e+0
    endloop
  endfacet
  facet normal -4.2981e-1 9.0112e-1 -5.6888e-2
    outer loop
      vertex 1.2939e+1 -2.5394e+1 0.0000e+0
      vertex 5.7960e+0 -1.3018e+1 2.5000e+2
      vertex 6.4694e+0 -1.2697e+1 2.5000e+2
    endloop
  endfacet
  facet normal 4.2981e-1 -9.0112e-1 5.6888e-2
    outer loop
      vertex 1.2812e+1 -2.8777e+1 0.0000e+0
      vertex 1.4301e+1 -2.8067e+1 0.0000e+0
      vertex 7.0162e+0 -1.5759e+1 2.5000e+2
    endloop
  endfacet
  facet normal 4.2981e-1 -9.0112e-1 5.6888e-2
    outer loop
      vertex 1.4301e+1 -2.8067e+1 0.0000e+0
      vertex 7.8313e+0 -1.5370e+1 2.5000e+2
      vertex 7.0162e+0 -1.5759e+1 2.5000e+2
    endloop
  endfacet
  facet normal -4.2531e-1 8.9167e-1 1.5503e-1
    outer loop
      vertex 5.7960e+0 -1.3018e+1 2.5000e+2
      vertex 7.9924e+0 -1.7951e+1 2.8440e+2
      vertex 6.4694e+0 -1.2697e+1 2.5000e+2
    endloop
  endfacet
  facet normal -4.2531e-1 8.9167e-1 1.5503e-1
    outer loop
      vertex 6.4694e+0 -1.2697e+1 2.5000e+2
      vertex 7.9924e+0 -1.7951e+1 2.8440e+2
      vertex 8.9209e+0 -1.7508e+1 2.8440e+2
    endloop
  endfacet
  facet normal 4.2531e-1 -8.9167e-1 -1.5503e-1
    outer loop
      vertex 7.0162e+0 -1.5759e+1 2.5000e+2
      vertex 7.8313e+0 -1.5370e+1 2.5000e+2
      vertex 9.2126e+0 -2.0692e+1 2.8440e+2
    endloop
  endfacet
  facet normal 4.2531e-1 -8.9167e-1 -1.5503e-1
    outer loop
      vertex 7.8313e+0 -1.5370e+1 2.5000e+2
      vertex 1.0283e+1 -2.0181e+1 2.8440e+2
      vertex 9.2126e+0 -2.0692e+1 2.8440e+2
    endloop
  endfacet
  facet normal 0.0000e+0 0.0000e+0 -1.0000e+0
    outer loop
      vertex 1.1592e+1 -2.6036e+1 0.0000e+0
      vertex 1.2939e+1 -2.5394e+1 0.0000e+0
      vertex 1.2812e+1 -2.8777e+1 0.0000e+0
    endloop
  endfacet
  facet normal 0.0000e+0 0.0000e+0 -1.0000e+0
    outer loop
      vertex 1.2939e+1 -2.5394e+1 0.0000e+0
      vertex 1.4301e+1 -2.8067e+1 0.0000e+0
      vertex 1.2812e+1 -2.8777e+1 0.0000e+0
    endloop
  endfacet
  facet normal 0.0000e+0 0.0000e+0 1.0000e+0
    outer loop
      vertex 7.9924e+0 -1.7951e+1 2.8440e+2
      vertex 9.2126e+0 -2.0692e+1 2.8440e+2
      vertex 8.9209e+0 -1.7508e+1 2.8440e+2
    endloop
  endfacet
  facet normal 0.0000e+0 0.0000e+0 1.0000e+0
    outer loop
      vertex 8.9209e+0 -1.7508e+1 2.8440e+2
      vertex 9.2126e+0 -2.0692e+1 2.8440e+2
      vertex 1.0283e+1 -2.0181e+1 2.8440e+2
    endloop
  endfacet
  facet normal -4.7639e-1 8.7739e-1 -5.6888e-2
    outer loop
      vertex 1.2939e+1 -2.5394e+1 0.0000e+0
      vertex 6.4694e+0 -1.2697e+1 2.5000e+2
      vertex 1.4250e+1 -2.4682e+1 0.0000e+0
    endloop
  endfacet
  facet normal -4.7639e-1 8.7739e-1 -5.6888e-2
    outer loop
      vertex 1.4250e+1 -2.4682e+1 0.0000e+0
      vertex 6.4694e+0 -1.2697e+1 2.5000e+2
      vertex 7.1250e+0 -1.2341e+1 2.5000e+2
    endloop
  endfacet
  facet normal 4.7639e-1 -8.7739e-1 5.6888e-2
    outer loop
      vertex 1.4301e+1 -2.8067e+1 0.0000e+0
      vertex 1.5750e+1 -2.7280e+1 0.0000e+0
      vertex 7.8313e+0 -1.5370e+1 2.5000e+2
    endloop
  endfacet
  facet normal 4.7639e-1 -8.7739e-1 5.6888e-2
    outer loop
      vertex 1.5750e+1 -2.7280e+1 0.0000e+0
      vertex 8.6250e+0 -1.4939e+1 2.5000e+2
      vertex 7.8313e+0 -1.5370e+1 2.5000e+2
    endloop
  endfacet
  facet normal -4.7139e-1 8.6819e-1 1.5503e-1
    outer loop
      vertex 6.4694e+0 -1.2697e+1 2.5000e+2
      vertex 8.9209e+0 -1.7508e+1 2.8440e+2
      vertex 7.1250e+0 -1.2341e+1 2.5000e+2
    endloop
  endfacet
  facet normal -4.7139e-1 8.6819e-1 1.5503e-1
    outer loop
      vertex 7.1250e+0 -1.2341e+1 2.5000e+2
      vertex 8.9209e+0 -1.7508e+1 2.8440e+2
      vertex 9.8250e+0 -1.7017e+1 2.8440e+2
    endloop
  endfacet
  facet normal 4.7139e-1 -8.6819e-1 -1.5503e-1
    outer loop
      vertex 7.8313e+0 -1.5370e+1 2.5000e+2
      vertex 8.6250e+0 -1.4939e+1 2.5000e+2
      vertex 1.0283e+1 -2.0181e+1 2.8440e+2
    endloop
  endfacet
  facet normal 4.7139e-1 -8.6819e-1 -1.5503e-1
    outer loop
      vertex 8.6250e+0 -1.4939e+1 2.5000e+2
      vertex 1.1325e+1 -1.9615e+1 2.8440e+2
      vertex 1.0283e+1 -2.0181e+1 2.8440e+2
    endloop
  endfacet
  facet normal 0.0000e+0 0.0000e+0 -1.0000e+0
    outer loop
      vertex 1.2939e+1 -2.5394e+1 0.0000e+0
      vertex 1.4250e+1 -2.4682e+1 0.0000e+0
      vertex 1.4301e+1 -2.8067e+1 0.0000e+0
    endloop
  endfacet
  facet normal 0.0000e+0 0.0000e+0 -1.0000e+0
    outer loop
      vertex 1.4250e+1 -2.4682e+1 0.0000e+0
      vertex 1.5750e+1 -2.7280e+1 0.0000e+0
      vertex 1.4301e+1 -2.8067e+1 0.0000e+0
    endloop
  endfacet
  facet normal 0.0000e+0 0.0000e+0 1.0000e+0
    outer loop
      vertex 8.9209e+0 -1.7508e+1 2.8440e+2
      vertex 1.0283e+1 -2.0181e+1 2.8440e+2
      vertex 9.8250e+0 -1.7017e+1 2.8440e+2
    endloop
  endfacet
  facet normal 0.0000e+0 0.0000e+0 1.0000e+0
    outer loop
      vertex 9.8250e+0 -1.7017e+1 2.8440e+2
      vertex 1.0283e+1 -2.0181e+1 2.8440e+2
      vertex 1.1325e+1 -1.9615e+1 2.8440e+2
    endloop
  endfacet
  facet normal -5.2165e-1 8.5126e-1 -5.6888e-2
    outer loop
      vertex 1.4250e+1 -2.4682e+1 0.0000e+0
      vertex 7.1250e+0 -1.2341e+1 2.5000e+2
      vertex 1.5522e+1 -2.3902e+1 0.0000e+0
    endloop
  endfacet
  facet normal -5.2165e-1 8.5126e-1 -5.6888e-2
    outer loop
      vertex 1.5522e+1 -2.3902e+1 0.0000e+0
      vertex 7.1250e+0 -1.2341e+1 2.5000e+2
      vertex 7.7611e+0 -1.1951e+1 2.5000e+2
    endloop
  endfacet
  facet normal 5.2165e-1 -8.5126e-1 5.6888e-2
    outer loop
      vertex 1.5750e+1 -2.7280e+1 0.0000e+0
      vertex 1.7156e+1 -2.6418e+1 0.0000e+0
      vertex 8.6250e+0 -1.4939e+1 2.5000e+2
    endloop
  endfacet
  facet normal 5.2165e-1 -8.5126e-1 5.6888e-2
    outer loop
      vertex 1.7156e+1 -2.6418e+1 0.0000e+0
      vertex 9.3950e+0 -1.4467e+1 2.5000e+2
      vertex 8.6250e+0 -1.4939e+1 2.5000e+2
    endloop
  endfacet
  facet normal -5.1618e-1 8.4233e-1 1.5503e-1
    outer loop
      vertex 7.1250e+0 -1.2341e+1 2.5000e+2
      vertex 9.8250e+0 -1.7017e+1 2.8440e+2
      vertex 7.7611e+0 -1.1951e+1 2.5000e+2
    endloop
  endfacet
  facet normal -5.1618e-1 8.4233e-1 1.5503e-1
    outer loop
      vertex 7.7611e+0 -1.1951e+1 2.5000e+2
      vertex 9.8250e+0 -1.7017e+1 2.8440e+2
      vertex 1.0702e+1 -1.6480e+1 2.8440e+2
    endloop
  endfacet
  facet normal 5.1618e-1 -8.4233e-1 -1.5503e-1
    outer loop
      vertex 8.6250e+0 -1.4939e+1 2.5000e+2
      vertex 9.3950e+0 -1.4467e+1 2.5000e+2
      vertex 1.1325e+1 -1.9615e+1 2.8440e+2
    endloop
  endfacet
  facet normal 5.1618e-1 -8.4233e-1 -1.5503e-1
    outer loop
      vertex 9.3950e+0 -1.4467e+1 2.5000e+2
      vertex 1.2336e+1 -1.8996e+1 2.8440e+2
      vertex 1.1325e+1 -1.9615e+1 2.8440e+2
    endloop
  endfacet
  facet normal 0.0000e+0 0.0000e+0 -1.0000e+0
    outer loop
      vertex 1.4250e+1 -2.4682e+1 0.0000e+0
      vertex 1.5522e+1 -2.3902e+1 0.0000e+0
      vertex 1.5750e+1 -2.7280e+1 0.0000e+0
    endloop
  endfacet
  facet normal 0.0000e+0 0.0000e+0 -1.0000e+0
    outer loop
      vertex 1.5522e+1 -2.3902e+1 0.0000e+0
      vertex 1.7156e+1 -2.6418e+1 0.0000e+0
      vertex 1.5750e+1 -2.7280e+1 0.0000e+0
    endloop
  endfacet
  facet normal 0.0000e+0 0.0000e+0 1.0000e+0
    outer loop
      vertex 9.8250e+0 -1.7017e+1 2.8440e+2
      vertex 1.1325e+1 -1.9615e+1 2.8440e+2
      vertex 1.0702e+1 -1.6480e+1 2.8440e+2
    endloop
  endfacet
  facet normal 0.0000e+0 0.0000e+0 1.0000e+0
    outer loop
      vertex 1.0702e+1 -1.6480e+1 2.8440e+2
      vertex 1.1325e+1 -1.9615e+1 2.8440e+2
      vertex 1.2336e+1 -1.8996e+1 2.8440e+2
    endloop
  endfacet
  facet normal -5.6549e-1 8.2279e-1 -5.6888e-2
    outer loop
      vertex 1.5522e+1 -2.3902e+1 0.0000e+0
      vertex 7.7611e+0 -1.1951e+1 2.5000e+2
      vertex 1.6752e+1 -2.3057e+1 0.0000e+0
    endloop
  endfacet
  facet normal -5.6549e-1 8.2279e-1 -5.6888e-2
    outer loop
      vertex 1.6752e+1 -2.3057e+1 0.0000e+0
      vertex 7.7611e+0 -1.1951e+1 2.5000e+2
      vertex 8.3759e+0 -1.1528e+1 2.5000e+2
    endloop
  endfacet
  facet normal 5.6549e-1 -8.2279e-1 5.6888e-2
    outer loop
      vertex 1.7156e+1 -2.6418e+1 0.0000e+0
      vertex 1.8515e+1 -2.5484e+1 0.0000e+0
      vertex 9.3950e+0 -1.4467e+1 2.5000e+2
    endloop
  endfacet
  facet normal 5.6549e-1 -8.2279e-1 5.6888e-2
    outer loop
      vertex 1.8515e+1 -2.5484e+1 0.0000e+0
      vertex 1.0139e+1 -1.3956e+1 2.5000e+2
      vertex 9.3950e+0 -1.4467e+1 2.5000e+2
    endloop
  endfacet
  facet normal -5.5956e-1 8.1416e-1 1.5503e-1
    outer loop
      vertex 7.7611e+0 -1.1951e+1 2.5000e+2
      vertex 1.0702e+1 -1.6480e+1 2.8440e+2
      vertex 8.3759e+0 -1.1528e+1 2.5000e+2
    endloop
  endfacet
  facet normal -5.5956e-1 8.1416e-1 1.5503e-1
    outer loop
      vertex 8.3759e+0 -1.1528e+1 2.5000e+2
      vertex 1.0702e+1 -1.6480e+1 2.8440e+2
      vertex 1.1550e+1 -1.5897e+1 2.8440e+2
    endloop
  endfacet
  facet normal 5.5956e-1 -8.1416e-1 -1.5503e-1
    outer loop
      vertex 9.3950e+0 -1.4467e+1 2.5000e+2
      vertex 1.0139e+1 -1.3956e+1 2.5000e+2
      vertex 1.2336e+1 -1.8996e+1 2.8440e+2
    endloop
  endfacet
  facet normal 5.5956e-1 -8.1416e-1 -1.5503e-1
    outer loop
      vertex 1.0139e+1 -1.3956e+1 2.5000e+2
      vertex 1.3313e+1 -1.8324e+1 2.8440e+2
      vertex 1.2336e+1 -1.8996e+1 2.8440e+2
    endloop
  endfacet
  facet normal 0.0000e+0 0.0000e+0 -1.0000e+0
    outer loop
      vertex 1.5522e+1 -2.3902e+1 0.0000e+0
      vertex 1.6752e+1 -2.3057e+1 0.0000e+0
      vertex 1.7156e+1 -2.6418e+1 0.0000e+0
    endloop
  endfacet
  facet normal 0.0000e+0 0.0000e+0 -1.0000e+0
    outer loop
      vertex 1.6752e+1 -2.3057e+1 0.0000e+0
      vertex 1.8515e+1 -2.5484e+1 0.0000e+0
      vertex 1.7156e+1 -2.6418e+1 0.0000e+0
    endloop
  endfacet
  facet normal 0.0000e+0 0.0000e+0 1.0000e+0
    outer loop
      vertex 1.0702e+1 -1.6480e+1 2.8440e+2
      vertex 1.2336e+1 -1.8996e+1 2.8440e+2
      vertex 1.1550e+1 -1.5897e+1 2.8440e+2
    endloop
  endfacet
  facet normal 0.0000e+0 0.0000e+0 1.0000e+0
    outer loop
      vertex 1.1550e+1 -1.5897e+1 2.8440e+2
      vertex 1.2336e+1 -1.8996e+1 2.8440e+2
      vertex 1.3313e+1 -1.8324e+1 2.8440e+2
    endloop
  endfacet
  facet normal -6.0778e-1 7.9207e-1 -5.6888e-2
    outer loop
      vertex 1.6752e+1 -2.3057e+1 0.0000e+0
      vertex 8.3759e+0 -1.1528e+1 2.5000e+2
      vertex 1.7936e+1 -2.2149e+1 0.0000e+0
    endloop
  endfacet
  facet normal -6.0778e-1 7.9207e-1 -5.6888e-2
    outer loop
      vertex 1.7936e+1 -2.2149e+1 0.0000e+0
      vertex 8.3759e+0 -1.1528e+1 2.5000e+2
      vertex 8.9678e+0 -1.1074e+1 2.5000e+2
    endloop
  endfacet
  facet normal 6.0778e-1 -7.9207e-1 5.6888e-2
    outer loop
      vertex 1.8515e+1 -2.5484e+1 0.0000e+0
      vertex 1.9824e+1 -2.4480e+1 0.0000e+0
      vertex 1.0139e+1 -1.3956e+1 2.5000e+2
    endloop
  endfacet
  facet normal 6.0778e-1 -7.9207e-1 5.6888e-2
    outer loop
      vertex 1.9824e+1 -2.4480e+1 0.0000e+0
      vertex 1.0856e+1 -1.3406e+1 2.5000e+2
      vertex 1.0139e+1 -1.3956e+1 2.5000e+2
    endloop
  endfacet
  facet normal -6.0140e-1 7.8376e-1 1.5503e-1
    outer loop
      vertex 8.3759e+0 -1.1528e+1 2.5000e+2
      vertex 1.1550e+1 -1.5897e+1 2.8440e+2
      vertex 8.9678e+0 -1.1074e+1 2.5000e+2
    endloop
  endfacet
  facet normal -6.0140e-1 7.8376e-1 1.5503e-1
    outer loop
      vertex 8.9678e+0 -1.1074e+1 2.5000e+2
      vertex 1.1550e+1 -1.5897e+1 2.8440e+2
      vertex 1.2366e+1 -1.5271e+1 2.8440e+2
    endloop
  endfacet
  facet normal 6.0140e-1 -7.8376e-1 -1.5503e-1
    outer loop
      vertex 1.0139e+1 -1.3956e+1 2.5000e+2
      vertex 1.0856e+1 -1.3406e+1 2.5000e+2
      vertex 1.3313e+1 -1.8324e+1 2.8440e+2
    endloop
  endfacet
  facet normal 6.0140e-1 -7.8376e-1 -1.5503e-1
    outer loop
      vertex 1.0856e+1 -1.3406e+1 2.5000e+2
      vertex 1.4254e+1 -1.7602e+1 2.8440e+2
      vertex 1.3313e+1 -1.8324e+1 2.8440e+2
    endloop
  endfacet
  facet normal 0.0000e+0 0.0000e+0 -1.0000e+0
    outer loop
      vertex 1.6752e+1 -2.3057e+1 0.0000e+0
      vertex 1.7936e+1 -2.2149e+1 0.0000e+0
      vertex 1.8515e+1 -2.5484e+1 0.0000e+0
    endloop
  endfacet
  facet normal 0.0000e+0 0.0000e+0 -1.0000e+0
    outer loop
      vertex 1.7936e+1 -2.2149e+1 0.0000e+0
      vertex 1.9824e+1 -2.4480e+1 0.0000e+0
      vertex 1.8515e+1 -2.5484e+1 0.0000e+0
    endloop
  endfacet
  facet normal 0.0000e+0 0.0000e+0 1.0000e+0
    outer loop
      vertex 1.1550e+1 -1.5897e+1 2.8440e+2
      vertex 1.3313e+1 -1.8324e+1 2.8440e+2
      vertex 1.2366e+1 -1.5271e+1 2.8440e+2
    endloop
  endfacet
  facet normal 0.0000e+0 0.0000e+0 1.0000e+0
    outer loop
      vertex 1.2366e+1 -1.5271e+1 2.8440e+2
      vertex 1.3313e+1 -1.8324e+1 2.8440e+2
      vertex 1.4254e+1 -1.7602e+1 2.8440e+2
    endloop
  endfacet
  facet normal -6.4840e-1 7.5917e-1 -5.6888e-2
    outer loop
      vertex 1.7936e+1 -2.2149e+1 0.0000e+0
      vertex 8.9678e+0 -1.1074e+1 2.5000e+2
      vertex 1.9070e+1 -2.1180e+1 0.0000e+0
    endloop
  endfacet
  facet normal -6.4840e-1 7.5917e-1 -5.6888e-2
    outer loop
      vertex 1.9070e+1 -2.1180e+1 0.0000e+0
      vertex 8.9678e+0 -1.1074e+1 2.5000e+2
      vertex 9.5351e+0 -1.0590e+1 2.5000e+2
    endloop
  endfacet
  facet normal 6.4840e-1 -7.5917e-1 5.6888e-2
    outer loop
      vertex 1.9824e+1 -2.4480e+1 0.0000e+0
      vertex 2.1078e+1 -2.3409e+1 0.0000e+0
      vertex 1.0856e+1 -1.3406e+1 2.5000e+2
    endloop
  endfacet
  facet normal 6.4840e-1 -7.5917e-1 5.6888e-2
    outer loop
      vertex 2.1078e+1 -2.3409e+1 0.0000e+0
      vertex 1.1543e+1 -1.2819e+1 2.5000e+2
      vertex 1.0856e+1 -1.3406e+1 2.5000e+2
    endloop
  endfacet
  facet normal -6.4160e-1 7.5121e-1 1.5503e-1
    outer loop
      vertex 8.9678e+0 -1.1074e+1 2.5000e+2
      vertex 1.2366e+1 -1.5271e+1 2.8440e+2
      vertex 9.5351e+0 -1.0590e+1 2.5000e+2
    endloop
  endfacet
  facet normal -6.4160e-1 7.5121e-1 1.5503e-1
    outer loop
      vertex 9.5351e+0 -1.0590e+1 2.5000e+2
      vertex 1.2366e+1 -1.5271e+1 2.8440e+2
      vertex 1.3148e+1 -1.4603e+1 2.8440e+2
    endloop
  endfacet
  facet normal 6.4160e-1 -7.5121e-1 -1.5503e-1
    outer loop
      vertex 1.0856e+1 -1.3406e+1 2.5000e+2
      vertex 1.1543e+1 -1.2819e+1 2.5000e+2
      vertex 1.4254e+1 -1.7602e+1 2.8440e+2
    endloop
  endfacet
  facet normal 6.4160e-1 -7.5121e-1 -1.5503e-1
    outer loop
      vertex 1.1543e+1 -1.2819e+1 2.5000e+2
      vertex 1.5156e+1 -1.6832e+1 2.8440e+2
      vertex 1.4254e+1 -1.7602e+1 2.8440e+2
    endloop
  endfacet
  facet normal 0.0000e+0 0.0000e+0 -1.0000e+0
    outer loop
      vertex 1.7936e+1 -2.2149e+1 0.0000e+0
      vertex 1.9070e+1 -2.1180e+1 0.0000e+0
      vertex 1.9824e+1 -2.4480e+1 0.0000e+0
    endloop
  endfacet
  facet normal 0.0000e+0 0.0000e+0 -1.0000e+0
    outer loop
      vertex 1.9070e+1 -2.1180e+1 0.0000e+0
      vertex 2.1078e+1 -2.3409e+1 0.0000e+0
      vertex 1.9824e+1 -2.4480e+1 0.0000e+0
    endloop
  endfacet
  facet normal 0.0000e+0 0.0000e+0 1.0000e+0
    outer loop
      vertex 1.2366e+1 -1.5271e+1 2.8440e+2
      vertex 1.4254e+1 -1.7602e+1 2.8440e+2
      vertex 1.3148e+1 -1.4603e+1 2.8440e+2
    endloop
  endfacet
  facet normal 0.0000e+0 0.0000e+0 1.0000e+0
    outer loop
      vertex 1.3148e+1 -1.4603e+1 2.8440e+2
      vertex 1.4254e+1 -1.7602e+1 2.8440e+2
      vertex 1.5156e+1 -1.6832e+1 2.8440e+2
    endloop
  endfacet
  facet normal -6.8724e-1 7.2420e-1 -5.6888e-2
    outer loop
      vertex 1.9070e+1 -2.1180e+1 0.0000e+0
      vertex 9.5351e+0 -1.0590e+1 2.5000e+2
      vertex 2.0153e+1 -2.0153e+1 0.0000e+0
    endloop
  endfacet
  facet normal -6.8724e-1 7.2420e-1 -5.6888e-2
    outer loop
      vertex 2.0153e+1 -2.0153e+1 0.0000e+0
      vertex 9.5351e+0 -1.0590e+1 2.5000e+2
      vertex 1.0076e+1 -1.0076e+1 2.5000e+2
    endloop
  endfacet
  facet normal 6.8724e-1 -7.2420e-1 5.6888e-2
    outer loop
      vertex 2.1078e+1 -2.3409e+1 0.0000e+0
      vertex 2.2274e+1 -2.2274e+1 0.0000e+0
      vertex 1.1543e+1 -1.2819e+1 2.5000e+2
    endloop
  endfacet
  facet normal 6.8724e-1 -7.2420e-1 5.6888e-2
    outer loop
      vertex 2.2274e+1 -2.2274e+1 0.0000e+0
      vertex 1.2198e+1 -1.2198e+1 2.5000e+2
      vertex 1.1543e+1 -1.2819e+1 2.5000e+2
    endloop
  endfacet
  facet normal -6.8003e-1 7.1660e-1 1.5503e-1
    outer loop
      vertex 9.5351e+0 -1.0590e+1 2.5000e+2
      vertex 1.3148e+1 -1.4603e+1 2.8440e+2
      vertex 1.0076e+1 -1.0076e+1 2.5000e+2
    endloop
  endfacet
  facet normal -6.8003e-1 7.1660e-1 1.5503e-1
    outer loop
      vertex 1.0076e+1 -1.0076e+1 2.5000e+2
      vertex 1.3148e+1 -1.4603e+1 2.8440e+2
      vertex 1.3895e+1 -1.3895e+1 2.8440e+2
    endloop
  endfacet
  facet normal 6.8003e-1 -7.1660e-1 -1.5503e-1
    outer loop
      vertex 1.1543e+1 -1.2819e+1 2.5000e+2
      vertex 1.2198e+1 -1.2198e+1 2.5000e+2
      vertex 1.5156e+1 -1.6832e+1 2.8440e+2
    endloop
  endfacet
  facet normal 6.8003e-1 -7.1660e-1 -1.5503e-1
    outer loop
      vertex 1.2198e+1 -1.2198e+1 2.5000e+2
      vertex 1.6016e+1 -1.6016e+1 2.8440e+2
      vertex 1.5156e+1 -1.6832e+1 2.8440e+2
    endloop
  endfacet
  facet normal 0.0000e+0 0.0000e+0 -1.0000e+0
    outer loop
      vertex 1.9070e+1 -2.1180e+1 0.0000e+0
      vertex 2.0153e+1 -2.0153e+1 0.0000e+0
      vertex 2.1078e+1 -2.3409e+1 0.0000e+0
    endloop
  endfacet
  facet normal 0.0000e+0 0.0000e+0 -1.0000e+0
    outer loop
      vertex 2.0153e+1 -2.0153e+1 0.0000e+0
      vertex 2.2274e+1 -2.2274e+1 0.0000e+0
      vertex 2.1078e+1 -2.3409e+1 0.0000e+0
    endloop
  endfacet
  facet normal 0.0000e+0 0.0000e+0 1.0000e+0
    outer loop
      vertex 1.3148e+1 -1.4603e+1 2.8440e+2
      vertex 1.5156e+1 -1.6832e+1 2.8440e+2
      vertex 1.3895e+1 -1.3895e+1 2.8440e+2
    endloop
  endfacet
  facet normal 0.0000e+0 0.0000e+0 1.0000e+0
    outer loop
      vertex 1.3895e+1 -1.3895e+1 2.8440e+2
      vertex 1.5156e+1 -1.6832e+1 2.8440e+2
      vertex 1.6016e+1 -1.6016e+1 2.8440e+2
    endloop
  endfacet
  facet normal -7.2420e-1 6.8724e-1 -5.6888e-2
    outer loop
      vertex 2.0153e+1 -2.0153e+1 0.0000e+0
      vertex 1.0076e+1 -1.0076e+1 2.5000e+2
      vertex 2.1180e+1 -1.9070e+1 0.0000e+0
    endloop
  endfacet
  facet normal -7.2420e-1 6.8724e-1 -5.6888e-2
    outer loop
      vertex 2.1180e+1 -1.9070e+1 0.0000e+0
      vertex 1.0076e+1 -1.0076e+1 2.5000e+2
      vertex 1.0590e+1 -9.5351e+0 2.5000e+2
    endloop
  endfacet
  facet normal 7.2420e-1 -6.8724e-1 5.6888e-2
    outer loop
      vertex 2.2274e+1 -2.2274e+1 0.0000e+0
      vertex 2.3409e+1 -2.1078e+1 0.0000e+0
      vertex 1.2198e+1 -1.2198e+1 2.5000e+2
    endloop
  endfacet
  facet normal 7.2420e-1 -6.8724e-1 5.6888e-2
    outer loop
      vertex 2.3409e+1 -2.1078e+1 0.0000e+0
      vertex 1.2819e+1 -1.1543e+1 2.5000e+2
      vertex 1.2198e+1 -1.2198e+1 2.5000e+2
    endloop
  endfacet
  facet normal -7.1660e-1 6.8003e-1 1.5503e-1
    outer loop
      vertex 1.0076e+1 -1.0076e+1 2.5000e+2
      vertex 1.3895e+1 -1.3895e+1 2.8440e+2
      vertex 1.0590e+1 -9.5351e+0 2.5000e+2
    endloop
  endfacet
  facet normal -7.1660e-1 6.8003e-1 1.5503e-1
    outer loop
      vertex 1.0590e+1 -9.5351e+0 2.5000e+2
      vertex 1.3895e+1 -1.3895e+1 2.8440e+2
      vertex 1.4603e+1 -1.3148e+1 2.8440e+2
    endloop
  endfacet
  facet normal 7.1660e-1 -6.8003e-1 -1.5503e-1
    outer loop
      vertex 1.2198e+1 -1.2198e+1 2.5000e+2
      vertex 1.2819e+1 -1.1543e+1 2.5000e+2
      vertex 1.6016e+1 -1.6016e+1 2.8440e+2
    endloop
  endfacet
  facet normal 7.1660e-1 -6.8003e-1 -1.5503e-1
    outer loop
      vertex 1.2819e+1 -1.1543e+1 2.5000e+2
      vertex 1.6832e+1 -1.5156e+1 2.8440e+2
      vertex 1.6016e+1 -1.6016e+1 2.8440e+2
    endloop
  endfacet
  facet normal 0.0000e+0 0.0000e+0 -1.0000e+0
    outer loop
      vertex 2.0153e+1 -2.0153e+1 0.0000e+0
      vertex 2.1180e+1 -1.9070e+1 0.0000e+0
      vertex 2.2274e+1 -2.2274e+1 0.0000e+0
    endloop
  endfacet
  facet normal 0.0000e+0 0.0000e+0 -1.0000e+0
    outer loop
      vertex 2.1180e+1 -1.9070e+1 0.0000e+0
      vertex 2.3409e+1 -2.1078e+1 0.0000e+0
      vertex 2.2274e+1 -2.2274e+1 0.0000e+0
    endloop
  endfacet
  facet normal 0.0000e+0 0.0000e+0 1.0000e+0
    outer loop
      vertex 1.3895e+1 -1.3895e+1 2.8440e+2
      vertex 1.6016e+1 -1.6016e+1 2.8440e+2
      vertex 1.4603e+1 -1.3148e+1 2.8440e+2
    endloop
  endfacet
  facet normal 0.0000e+0 0.0000e+0 1.0000e+0
    outer loop
      vertex 1.4603e+1 -1.3148e+1 2.8440e+2
      vertex 1.6016e+1 -1.6016e+1 2.8440e+2
      vertex 1.6832e+1 -1.5156e+1 2.8440e+2
    endloop
  endfacet
  facet normal -7.5917e-1 6.4840e-1 -5.6888e-2
    outer loop
      vertex 2.1180e+1 -1.9070e+1 0.0000e+0
      vertex 1.0590e+1 -9.5351e+0 2.5000e+2
      vertex 2.2149e+1 -1.7936e+1 0.0000e+0
    endloop
  endfacet
  facet normal -7.5917e-1 6.4840e-1 -5.6888e-2
    outer loop
      vertex 2.2149e+1 -1.7936e+1 0.0000e+0
      vertex 1.0590e+1 -9.5351e+0 2.5000e+2
      vertex 1.1074e+1 -8.9678e+0 2.5000e+2
    endloop
  endfacet
  facet normal 7.5917e-1 -6.4840e-1 5.6888e-2
    outer loop
      vertex 2.3409e+1 -2.1078e+1 0.0000e+0
      vertex 2.4480e+1 -1.9824e+1 0.0000e+0
      vertex 1.2819e+1 -1.1543e+1 2.5000e+2
    endloop
  endfacet
  facet normal 7.5917e-1 -6.4840e-1 5.6888e-2
    outer loop
      vertex 2.4480e+1 -1.9824e+1 0.0000e+0
      vertex 1.3406e+1 -1.0856e+1 2.5000e+2
      vertex 1.2819e+1 -1.1543e+1 2.5000e+2
    endloop
  endfacet
  facet normal -7.5121e-1 6.4160e-1 1.5503e-1
    outer loop
      vertex 1.0590e+1 -9.5351e+0 2.5000e+2
      vertex 1.4603e+1 -1.3148e+1 2.8440e+2
      vertex 1.1074e+1 -8.9678e+0 2.5000e+2
    endloop
  endfacet
  facet normal -7.5121e-1 6.4160e-1 1.5503e-1
    outer loop
      vertex 1.1074e+1 -8.9678e+0 2.5000e+2
      vertex 1.4603e+1 -1.3148e+1 2.8440e+2
      vertex 1.5271e+1 -1.2366e+1 2.8440e+2
    endloop
  endfacet
  facet normal 7.5121e-1 -6.4160e-1 -1.5503e-1
    outer loop
      vertex 1.2819e+1 -1.1543e+1 2.5000e+2
      vertex 1.3406e+1 -1.0856e+1 2.5000e+2
      vertex 1.6832e+1 -1.5156e+1 2.8440e+2
    endloop
  endfacet
  facet normal 7.5121e-1 -6.4160e-1 -1.5503e-1
    outer loop
      vertex 1.3406e+1 -1.0856e+1 2.5000e+2
      vertex 1.7602e+1 -1.4254e+1 2.8440e+2
      vertex 1.6832e+1 -1.5156e+1 2.8440e+2
    endloop
  endfacet
  facet normal 0.0000e+0 0.0000e+0 -1.0000e+0
    outer loop
      vertex 2.1180e+1 -1.9070e+1 0.0000e+0
      vertex 2.2149e+1 -1.7936e+1 0.0000e+0
      vertex 2.3409e+1 -2.1078e+1 0.0000e+0
    endloop
  endfacet
  facet normal 0.0000e+0 0.0000e+0 -1.0000e+0
    outer loop
      vertex 2.2149e+1 -1.7936e+1 0.0000e+0
      vertex 2.4480e+1 -1.9824e+1 0.0000e+0
      vertex 2.3409e+1 -2.1078e+1 0.0000e+0
    endloop
  endfacet
  facet normal 0.0000e+0 0.0000e+0 1.0000e+0
    outer loop
      vertex 1.4603e+1 -1.3148e+1 2.8440e+2
      vertex 1.6832e+1 -1.5156e+1 2.8440e+2
      vertex 1.5271e+1 -1.2366e+1 2.8440e+2
    endloop
  endfacet
  facet normal 0.0000e+0 0.0000e+0 1.0000e+0
    outer loop
      vertex 1.5271e+1 -1.2366e+1 2.8440e+2
      vertex 1.6832e+1 -1.5156e+1 2.8440e+2
      vertex 1.7602e+1 -1.4254e+1 2.8440e+2
    endloop
  endfacet
  facet normal -7.9207e-1 6.0778e-1 -5.6888e-2
    outer loop
      vertex 2.2149e+1 -1.7936e+1 0.0000e+0
      vertex 1.1074e+1 -8.9678e+0 2.5000e+2
      vertex 2.3057e+1 -1.6752e+1 0.0000e+0
    endloop
  endfacet
  facet normal -7.9207e-1 6.0778e-1 -5.6888e-2
    outer loop
      vertex 2.3057e+1 -1.6752e+1 0.0000e+0
      vertex 1.1074e+1 -8.9678e+0 2.5000e+2
      vertex 1.1528e+1 -8.3759e+0 2.5000e+2
    endloop
  endfacet
  facet normal 7.9207e-1 -6.0778e-1 5.6888e-2
    outer loop
      vertex 2.4480e+1 -1.9824e+1 0.0000e+0
      vertex 2.5484e+1 -1.8515e+1 0.0000e+0
      vertex 1.3406e+1 -1.0856e+1 2.5000e+2
    endloop
  endfacet
  facet normal 7.9207e-1 -6.0778e-1 5.6888e-2
    outer loop
      vertex 2.5484e+1 -1.8515e+1 0.0000e+0
      vertex 1.3956e+1 -1.0139e+1 2.5000e+2
      vertex 1.3406e+1 -1.0856e+1 2.5000e+2
    endloop
  endfacet
  facet normal -7.8376e-1 6.0140e-1 1.5503e-1
    outer loop
      vertex 1.1074e+1 -8.9678e+0 2.5000e+2
      vertex 1.5271e+1 -1.2366e+1 2.8440e+2
      vertex 1.1528e+1 -8.3759e+0 2.5000e+2
    endloop
  endfacet
  facet normal -7.8376e-1 6.0140e-1 1.5503e-1
    outer loop
      vertex 1.1528e+1 -8.3759e+0 2.5000e+2
      vertex 1.5271e+1 -1.2366e+1 2.8440e+2
      vertex 1.5897e+1 -1.1550e+1 2.8440e+2
    endloop
  endfacet
  facet normal 7.8376e-1 -6.0140e-1 -1.5503e-1
    outer loop
      vertex 1.3406e+1 -1.0856e+1 2.5000e+2
      vertex 1.3956e+1 -1.0139e+1 2.5000e+2
      vertex 1.7602e+1 -1.4254e+1 2.8440e+2
    endloop
  endfacet
  facet normal 7.8376e-1 -6.0140e-1 -1.5503e-1
    outer loop
      vertex 1.3956e+1 -1.0139e+1 2.5000e+2
      vertex 1.8324e+1 -1.3313e+1 2.8440e+2
      vertex 1.7602e+1 -1.4254e+1 2.8440e+2
    endloop
  endfacet
  facet normal 0.0000e+0 0.0000e+0 -1.0000e+0
    outer loop
      vertex 2.2149e+1 -1.7936e+1 0.0000e+0
      vertex 2.3057e+1 -1.6752e+1 0.0000e+0
      vertex 2.4480e+1 -1.9824e+1 0.0000e+0
    endloop
  endfacet
  facet normal 0.0000e+0 0.0000e+0 -1.0000e+0
    outer loop
      vertex 2.3057e+1 -1.6752e+1 0.0000e+0
      vertex 2.5484e+1 -1.8515e+1 0.0000e+0
      vertex 2.4480e+1 -1.9824e+1 0.0000e+0
    endloop
  endfacet
  facet normal 0.0000e+0 0.0000e+0 1.0000e+0
    outer loop
      vertex 1.5271e+1 -1.2366e+1 2.8440e+2
      vertex 1.7602e+1 -1.4254e+1 2.8440e+2
      vertex 1.5897e+1 -1.1550e+1 2.8440e+2
    endloop
  endfacet
  facet normal 0.0000e+0 0.0000e+0 1.0000e+0
    outer loop
      vertex 1.5897e+1 -1.1550e+1 2.8440e+2
      vertex 1.7602e+1 -1.4254e+1 2.8440e+2
      vertex 1.8324e+1 -1.3313e+1 2.8440e+2
    endloop
  endfacet
  facet normal -8.2279e-1 5.6549e-1 -5.6888e-2
    outer loop
      vertex 2.3057e+1 -1.6752e+1 0.0000e+0
      vertex 1.1528e+1 -8.3759e+0 2.5000e+2
      vertex 2.3902e+1 -1.5522e+1 0.0000e+0
    endloop
  endfacet
  facet normal -8.2279e-1 5.6549e-1 -5.6888e-2
    outer loop
      vertex 2.3902e+1 -1.5522e+1 0.0000e+0
      vertex 1.1528e+1 -8.3759e+0 2.5000e+2
      vertex 1.1951e+1 -7.7611e+0 2.5000e+2
    endloop
  endfacet
  facet normal 8.2279e-1 -5.6549e-1 5.6888e-2
    outer loop
      vertex 2.5484e+1 -1.8515e+1 0.0000e+0
      vertex 2.6418e+1 -1.7156e+1 0.0000e+0
      vertex 1.3956e+1 -1.0139e+1 2.5000e+2
    endloop
  endfacet
  facet normal 8.2279e-1 -5.6549e-1 5.6888e-2
    outer loop
      vertex 2.6418e+1 -1.7156e+1 0.0000e+0
      vertex 1.4467e+1 -9.3950e+0 2.5000e+2
      vertex 1.3956e+1 -1.0139e+1 2.5000e+2
    endloop
  endfacet
  facet normal -8.1416e-1 5.5956e-1 1.5503e-1
    outer loop
      vertex 1.1528e+1 -8.3759e+0 2.5000e+2
      vertex 1.5897e+1 -1.1550e+1 2.8440e+2
      vertex 1.1951e+1 -7.7611e+0 2.5000e+2
    endloop
  endfacet
  facet normal -8.1416e-1 5.5956e-1 1.5503e-1
    outer loop
      vertex 1.1951e+1 -7.7611e+0 2.5000e+2
      vertex 1.5897e+1 -1.1550e+1 2.8440e+2
      vertex 1.6480e+1 -1.0702e+1 2.8440e+2
    endloop
  endfacet
  facet normal 8.1416e-1 -5.5956e-1 -1.5503e-1
    outer loop
      vertex 1.3956e+1 -1.0139e+1 2.5000e+2
      vertex 1.4467e+1 -9.3950e+0 2.5000e+2
      vertex 1.8324e+1 -1.3313e+1 2.8440e+2
    endloop
  endfacet
  facet normal 8.1416e-1 -5.5956e-1 -1.5503e-1
    outer loop
      vertex 1.4467e+1 -9.3950e+0 2.5000e+2
      vertex 1.8996e+1 -1.2336e+1 2.8440e+2
      vertex 1.8324e+1 -1.3313e+1 2.8440e+2
    endloop
  endfacet
  facet normal 0.0000e+0 0.0000e+0 -1.0000e+0
    outer loop
      vertex 2.3057e+1 -1.6752e+1 0.0000e+0
      vertex 2.3902e+1 -1.5522e+1 0.0000e+0
      vertex 2.5484e+1 -1.8515e+1 0.0000e+0
    endloop
  endfacet
  facet normal 0.0000e+0 0.0000e+0 -1.0000e+0
    outer loop
      vertex 2.3902e+1 -1.5522e+1 0.0000e+0
      vertex 2.6418e+1 -1.7156e+1 0.0000e+0
      vertex 2.5484e+1 -1.8515e+1 0.0000e+0
    endloop
  endfacet
  facet normal 0.0000e+0 0.0000e+0 1.0000e+0
    outer loop
      vertex 1.5897e+1 -1.1550e+1 2.8440e+2
      vertex 1.8324e+1 -1.3313e+1 2.8440e+2
      vertex 1.6480e+1 -1.0702e+1 2.8440e+2
    endloop
  endfacet
  facet normal 0.0000e+0 0.0000e+0 1.0000e+0
    outer loop
      vertex 1.6480e+1 -1.0702e+1 2.8440e+2
      vertex 1.8324e+1 -1.3313e+1 2.8440e+2
      vertex 1.8996e+1 -1.2336e+1 2.8440e+2
    endloop
  endfacet
  facet normal -8.5126e-1 5.2165e-1 -5.6888e-2
    outer loop
      vertex 2.3902e+1 -1.5522e+1 0.0000e+0
      vertex 1.1951e+1 -7.7611e+0 2.5000e+2
      vertex 2.4682e+1 -1.4250e+1 0.0000e+0
    endloop
  endfacet
  facet normal -8.5126e-1 5.2165e-1 -5.6888e-2
    outer loop
      vertex 2.4682e+1 -1.4250e+1 0.0000e+0
      vertex 1.1951e+1 -7.7611e+0 2.5000e+2
      vertex 1.2341e+1 -7.1250e+0 2.5000e+2
    endloop
  endfacet
  facet normal 8.5126e-1 -5.2165e-1 5.6888e-2
    outer loop
      vertex 2.6418e+1 -1.7156e+1 0.0000e+0
      vertex 2.7280e+1 -1.5750e+1 0.0000e+0
      vertex 1.4467e+1 -9.3950e+0 2.5000e+2
    endloop
  endfacet
  facet normal 8.5126e-1 -5.2165e-1 5.6888e-2
    outer loop
      vertex 2.7280e+1 -1.5750e+1 0.0000e+0
      vertex 1.4939e+1 -8.6250e+0 2.5000e+2
      vertex 1.4467e+1 -9.3950e+0 2.5000e+2
    endloop
  endfacet
  facet normal -8.4233e-1 5.1618e-1 1.5503e-1
    outer loop
      vertex 1.1951e+1 -7.7611e+0 2.5000e+2
      vertex 1.6480e+1 -1.0702e+1 2.8440e+2
      vertex 1.2341e+1 -7.1250e+0 2.5000e+2
    endloop
  endfacet
  facet normal -8.4233e-1 5.1618e-1 1.5503e-1
    outer loop
      vertex 1.2341e+1 -7.1250e+0 2.5000e+2
      vertex 1.6480e+1 -1.0702e+1 2.8440e+2
      vertex 1.7017e+1 -9.8250e+0 2.8440e+2
    endloop
  endfacet
  facet normal 8.4233e-1 -5.1618e-1 -1.5503e-1
    outer loop
      vertex 1.4467e+1 -9.3950e+0 2.5000e+2
      vertex 1.4939e+1 -8.6250e+0 2.5000e+2
      vertex 1.8996e+1 -1.2336e+1 2.8440e+2
    endloop
  endfacet
  facet normal 8.4233e-1 -5.1618e-1 -1.5503e-1
    outer loop
      vertex 1.4939e+1 -8.6250e+0 2.5000e+2
      vertex 1.9615e+1 -1.1325e+1 2.8440e+2
      vertex 1.8996e+1 -1.2336e+1 2.8440e+2
    endloop
  endfacet
  facet normal 0.0000e+0 0.0000e+0 -1.0000e+0
    outer loop
      vertex 2.3902e+1 -1.5522e+1 0.0000e+0
      vertex 2.4682e+1 -1.4250e+1 0.0000e+0
      vertex 2.6418e+1 -1.7156e+1 0.0000e+0
    endloop
  endfacet
  facet normal 0.0000e+0 0.0000e+0 -1.0000e+0
    outer loop
      vertex 2.4682e+1 -1.4250e+1 0.0000e+0
      vertex 2.7280e+1 -1.5750e+1 0.0000e+0
      vertex 2.6418e+1 -1.7156e+1 0.0000e+0
    endloop
  endfacet
  facet normal 0.0000e+0 0.0000e+0 1.0000e+0
    outer loop
      vertex 1.6480e+1 -1.0702e+1 2.8440e+2
      vertex 1.8996e+1 -1.2336e+1 2.8440e+2
      vertex 1.7017e+1 -9.8250e+0 2.8440e+2
    endloop
  endfacet
  facet normal 0.0000e+0 0.0000e+0 1.0000e+0
    outer loop
      vertex 1.7017e+1 -9.8250e+0 2.8440e+2
      vertex 1.8996e+1 -1.2336e+1 2.8440e+2
      vertex 1.9615e+1 -1.1325e+1 2.8440e+2
    endloop
  endfacet
  facet normal -8.7739e-1 4.7639e-1 -5.6888e-2
    outer loop
      vertex 2.4682e+1 -1.4250e+1 0.0000e+0
      vertex 1.2341e+1 -7.1250e+0 2.5000e+2
      vertex 2.5394e+1 -1.2939e+1 0.0000e+0
    endloop
  endfacet
  facet normal -8.7739e-1 4.7639e-1 -5.6888e-2
    outer loop
      vertex 2.5394e+1 -1.2939e+1 0.0000e+0
      vertex 1.2341e+1 -7.1250e+0 2.5000e+2
      vertex 1.2697e+1 -6.4694e+0 2.5000e+2
    endloop
  endfacet
  facet normal 8.7739e-1 -4.7639e-1 5.6888e-2
    outer loop
      vertex 2.7280e+1 -1.5750e+1 0.0000e+0
      vertex 2.8067e+1 -1.4301e+1 0.0000e+0
      vertex 1.4939e+1 -8.6250e+0 2.5000e+2
    endloop
  endfacet
  facet normal 8.7739e-1 -4.7639e-1 5.6888e-2
    outer loop
      vertex 2.8067e+1 -1.4301e+1 0.0000e+0
      vertex 1.5370e+1 -7.8313e+0 2.5000e+2
      vertex 1.4939e+1 -8.6250e+0 2.5000e+2
    endloop
  endfacet
  facet normal -8.6819e-1 4.7139e-1 1.5503e-1
    outer loop
      vertex 1.2341e+1 -7.1250e+0 2.5000e+2
      vertex 1.7017e+1 -9.8250e+0 2.8440e+2
      vertex 1.2697e+1 -6.4694e+0 2.5000e+2
    endloop
  endfacet
  facet normal -8.6819e-1 4.7139e-1 1.5503e-1
    outer loop
      vertex 1.2697e+1 -6.4694e+0 2.5000e+2
      vertex 1.7017e+1 -9.8250e+0 2.8440e+2
      vertex 1.7508e+1 -8.9209e+0 2.8440e+2
    endloop
  endfacet
  facet normal 8.6819e-1 -4.7139e-1 -1.5503e-1
    outer loop
      vertex 1.4939e+1 -8.6250e+0 2.5000e+2
      vertex 1.5370e+1 -7.8313e+0 2.5000e+2
      vertex 1.9615e+1 -1.1325e+1 2.8440e+2
    endloop
  endfacet
  facet normal 8.6819e-1 -4.7139e-1 -1.5503e-1
    outer loop
      vertex 1.5370e+1 -7.8313e+0 2.5000e+2
      vertex 2.0181e+1 -1.0283e+1 2.8440e+2
      vertex 1.9615e+1 -1.1325e+1 2.8440e+2
    endloop
  endfacet
  facet normal 0.0000e+0 0.0000e+0 -1.0000e+0
    outer loop
      vertex 2.4682e+1 -1.4250e+1 0.0000e+0
      vertex 2.5394e+1 -1.2939e+1 0.0000e+0
      vertex 2.7280e+1 -1.5750e+1 0.0000e+0
    endloop
  endfacet
  facet normal 0.0000e+0 0.0000e+0 -1.0000e+0
    outer loop
      vertex 2.5394e+1 -1.2939e+1 0.0000e+0
      vertex 2.8067e+1 -1.4301e+1 0.0000e+0
      vertex 2.7280e+1 -1.5750e+1 0.0000e+0
    endloop
  endfacet
  facet normal 0.0000e+0 0.0000e+0 1.0000e+0
    outer loop
      vertex 1.7017e+1 -9.8250e+0 2.8440e+2
      vertex 1.9615e+1 -1.1325e+1 2.8440e+2
      vertex 1.7508e+1 -8.9209e+0 2.8440e+2
    endloop
  endfacet
  facet normal 0.0000e+0 0.0000e+0 1.0000e+0
    outer loop
      vertex 1.7508e+1 -8.9209e+0 2.8440e+2
      vertex 1.9615e+1 -1.1325e+1 2.8440e+2
      vertex 2.0181e+1 -1.0283e+1 2.8440e+2
    endloop
  endfacet
  facet normal -9.0112e-1 4.2981e-1 -5.6888e-2
    outer loop
      vertex 2.5394e+1 -1.2939e+1 0.0000e+0
      vertex 1.2697e+1 -6.4694e+0 2.5000e+2
      vertex 2.6036e+1 -1.1592e+1 0.0000e+0
    endloop
  endfacet
  facet normal -9.0112e-1 4.2981e-1 -5.6888e-2
    outer loop
      vertex 2.6036e+1 -1.1592e+1 0.0000e+0
      vertex 1.2697e+1 -6.4694e+0 2.5000e+2
      vertex 1.3018e+1 -5.7960e+0 2.5000e+2
    endloop
  endfacet
  facet normal 9.0112e-1 -4.2981e-1 5.6888e-2
    outer loop
      vertex 2.8067e+1 -1.4301e+1 0.0000e+0
      vertex 2.8777e+1 -1.2812e+1 0.0000e+0
      vertex 1.5370e+1 -7.8313e+0 2.5000e+2
    endloop
  endfacet
  facet normal 9.0112e-1 -4.2981e-1 5.6888e-2
    outer loop
      vertex 2.8777e+1 -1.2812e+1 0.0000e+0
      vertex 1.5759e+1 -7.0162e+0 2.5000e+2
      vertex 1.5370e+1 -7.8313e+0 2.5000e+2
    endloop
  endfacet
  facet normal -8.9167e-1 4.2531e-1 1.5503e-1
    outer loop
      vertex 1.2697e+1 -6.4694e+0 2.5000e+2
      vertex 1.7508e+1 -8.9209e+0 2.8440e+2
      vertex 1.3018e+1 -5.7960e+0 2.5000e+2
    endloop
  endfacet
  facet normal -8.9167e-1 4.2531e-1 1.5503e-1
    outer loop
      vertex 1.3018e+1 -5.7960e+0 2.5000e+2
      vertex 1.7508e+1 -8.9209e+0 2.8440e+2
      vertex 1.7951e+1 -7.9924e+0 2.8440e+2
    endloop
  endfacet
  facet normal 8.9167e-1 -4.2531e-1 -1.5503e-1
    outer loop
      vertex 1.5370e+1 -7.8313e+0 2.5000e+2
      vertex 1.5759e+1 -7.0162e+0 2.5000e+2
      vertex 2.0181e+1 -1.0283e+1 2.8440e+2
    endloop
  endfacet
  facet normal 8.9167e-1 -4.2531e-1 -1.5503e-1
    outer loop
      vertex 1.5759e+1 -7.0162e+0 2.5000e+2
      vertex 2.0692e+1 -9.2126e+0 2.8440e+2
      vertex 2.0181e+1 -1.0283e+1 2.8440e+2
    endloop
  endfacet
  facet normal 0.0000e+0 0.0000e+0 -1.0000e+0
    outer loop
      vertex 2.5394e+1 -1.2939e+1 0.0000e+0
      vertex 2.6036e+1 -1.1592e+1 0.0000e+0
      vertex 2.8067e+1 -1.4301e+1 0.0000e+0
    endloop
  endfacet
  facet normal 0.0000e+0 0.0000e+0 -1.0000e+0
    outer loop
      vertex 2.6036e+1 -1.1592e+1 0.0000e+0
      vertex 2.8777e+1 -1.2812e+1 0.0000e+0
      vertex 2.8067e+1 -1.4301e+1 0.0000e+0
    endloop
  endfacet
  facet normal 0.0000e+0 0.0000e+0 1.0000e+0
    outer loop
      vertex 1.7508e+1 -8.9209e+0 2.8440e+2
      vertex 2.0181e+1 -1.0283e+1 2.8440e+2
      vertex 1.7951e+1 -7.9924e+0 2.8440e+2
    endloop
  endfacet
  facet normal 0.0000e+0 0.0000e+0 1.0000e+0
    outer loop
      vertex 1.7951e+1 -7.9924e+0 2.8440e+2
      vertex 2.0181e+1 -1.0283e+1 2.8440e+2
      vertex 2.0692e+1 -9.2126e+0 2.8440e+2
    endloop
  endfacet
  facet normal -9.2238e-1 3.8206e-1 -5.6888e-2
    outer loop
      vertex 2.6036e+1 -1.1592e+1 0.0000e+0
      vertex 1.3018e+1 -5.7960e+0 2.5000e+2
      vertex 2.6607e+1 -1.0213e+1 0.0000e+0
    endloop
  endfacet
  facet normal -9.2238e-1 3.8206e-1 -5.6888e-2
    outer loop
      vertex 2.6607e+1 -1.0213e+1 0.0000e+0
      vertex 1.3018e+1 -5.7960e+0 2.5000e+2
      vertex 1.3304e+1 -5.1067e+0 2.5000e+2
    endloop
  endfacet
  facet normal 9.2238e-1 -3.8206e-1 5.6888e-2
    outer loop
      vertex 2.8777e+1 -1.2812e+1 0.0000e+0
      vertex 2.9408e+1 -1.1289e+1 0.0000e+0
      vertex 1.5759e+1 -7.0162e+0 2.5000e+2
    endloop
  endfacet
  facet normal 9.2238e-1 -3.8206e-1 5.6888e-2
    outer loop
      vertex 2.9408e+1 -1.1289e+1 0.0000e+0
      vertex 1.6104e+1 -6.1818e+0 2.5000e+2
      vertex 1.5759e+1 -7.0162e+0 2.5000e+2
    endloop
  endfacet
  facet normal -9.1271e-1 3.7806e-1 1.5503e-1
    outer loop
      vertex 1.3018e+1 -5.7960e+0 2.5000e+2
      vertex 1.7951e+1 -7.9924e+0 2.8440e+2
      vertex 1.3304e+1 -5.1067e+0 2.5000e+2
    endloop
  endfacet
  facet normal -9.1271e-1 3.7806e-1 1.5503e-1
    outer loop
      vertex 1.3304e+1 -5.1067e+0 2.5000e+2
      vertex 1.7951e+1 -7.9924e+0 2.8440e+2
      vertex 1.8345e+1 -7.0419e+0 2.8440e+2
    endloop
  endfacet
  facet normal 9.1271e-1 -3.7806e-1 -1.5503e-1
    outer loop
      vertex 1.5759e+1 -7.0162e+0 2.5000e+2
      vertex 1.6104e+1 -6.1818e+0 2.5000e+2
      vertex 2.0692e+1 -9.2126e+0 2.8440e+2
    endloop
  endfacet
  facet normal 9.1271e-1 -3.7806e-1 -1.5503e-1
    outer loop
      vertex 1.6104e+1 -6.1818e+0 2.5000e+2
      vertex 2.1146e+1 -8.1170e+0 2.8440e+2
      vertex 2.0692e+1 -9.2126e+0 2.8440e+2
    endloop
  endfacet
  facet normal 0.0000e+0 0.0000e+0 -1.0000e+0
    outer loop
      vertex 2.6036e+1 -1.1592e+1 0.0000e+0
      vertex 2.6607e+1 -1.0213e+1 0.0000e+0
      vertex 2.8777e+1 -1.2812e+1 0.0000e+0
    endloop
  endfacet
  facet normal 0.0000e+0 0.0000e+0 -1.0000e+0
    outer loop
      vertex 2.6607e+1 -1.0213e+1 0.0000e+0
      vertex 2.9408e+1 -1.1289e+1 0.0000e+0
      vertex 2.8777e+1 -1.2812e+1 0.0000e+0
    endloop
  endfacet
  facet normal 0.0000e+0 0.0000e+0 1.0000e+0
    outer loop
      vertex 1.7951e+1 -7.9924e+0 2.8440e+2
      vertex 2.0692e+1 -9.2126e+0 2.8440e+2
      vertex 1.8345e+1 -7.0419e+0 2.8440e+2
    endloop
  endfacet
  facet normal 0.0000e+0 0.0000e+0 1.0000e+0
    outer loop
      vertex 1.8345e+1 -7.0419e+0 2.8440e+2
      vertex 2.0692e+1 -9.2126e+0 2.8440e+2
      vertex 2.1146e+1 -8.1170e+0 2.8440e+2
    endloop
  endfacet
  facet normal -9.4111e-1 3.3327e-1 -5.6888e-2
    outer loop
      vertex 2.6607e+1 -1.0213e+1 0.0000e+0
      vertex 1.3304e+1 -5.1067e+0 2.5000e+2
      vertex 2.7105e+1 -8.8070e+0 0.0000e+0
    endloop
  endfacet
  facet normal -9.4111e-1 3.3327e-1 -5.6888e-2
    outer loop
      vertex 2.7105e+1 -8.8070e+0 0.0000e+0
      vertex 1.3304e+1 -5.1067e+0 2.5000e+2
      vertex 1.3553e+1 -4.4035e+0 2.5000e+2
    endloop
  endfacet
  facet normal 9.4111e-1 -3.3327e-1 5.6888e-2
    outer loop
      vertex 2.9408e+1 -1.1289e+1 0.0000e+0
      vertex 2.9958e+1 -9.7340e+0 0.0000e+0
      vertex 1.6104e+1 -6.1818e+0 2.5000e+2
    endloop
  endfacet
  facet normal 9.4111e-1 -3.3327e-1 5.6888e-2
    outer loop
      vertex 2.9958e+1 -9.7340e+0 0.0000e+0
      vertex 1.6406e+1 -5.3305e+0 2.5000e+2
      vertex 1.6104e+1 -6.1818e+0 2.5000e+2
    endloop
  endfacet
  facet normal -9.3125e-1 3.2977e-1 1.5503e-1
    outer loop
      vertex 1.3304e+1 -5.1067e+0 2.5000e+2
      vertex 1.8345e+1 -7.0419e+0 2.8440e+2
      vertex 1.3553e+1 -4.4035e+0 2.5000e+2
    endloop
  endfacet
  facet normal -9.3125e-1 3.2977e-1 1.5503e-1
    outer loop
      vertex 1.3553e+1 -4.4035e+0 2.5000e+2
      vertex 1.8345e+1 -7.0419e+0 2.8440e+2
      vertex 1.8688e+1 -6.0722e+0 2.8440e+2
    endloop
  endfacet
  facet normal 9.3125e-1 -3.2977e-1 -1.5503e-1
    outer loop
      vertex 1.6104e+1 -6.1818e+0 2.5000e+2
      vertex 1.6406e+1 -5.3305e+0 2.5000e+2
      vertex 2.1146e+1 -8.1170e+0 2.8440e+2
    endloop
  endfacet
  facet normal 9.3125e-1 -3.2977e-1 -1.5503e-1
    outer loop
      vertex 1.6406e+1 -5.3305e+0 2.5000e+2
      vertex 2.1541e+1 -6.9992e+0 2.8440e+2
      vertex 2.1146e+1 -8.1170e+0 2.8440e+2
    endloop
  endfacet
  facet normal 0.0000e+0 0.0000e+0 -1.0000e+0
    outer loop
      vertex 2.6607e+1 -1.0213e+1 0.0000e+0
      vertex 2.7105e+1 -8.8070e+0 0.0000e+0
      vertex 2.9408e+1 -1.1289e+1 0.0000e+0
    endloop
  endfacet
  facet normal 0.0000e+0 0.0000e+0 -1.0000e+0
    outer loop
      vertex 2.7105e+1 -8.8070e+0 0.0000e+0
      vertex 2.9958e+1 -9.7340e+0 0.0000e+0
      vertex 2.9408e+1 -1.1289e+1 0.0000e+0
    endloop
  endfacet
  facet normal 0.0000e+0 0.0000e+0 1.0000e+0
    outer loop
      vertex 1.8345e+1 -7.0419e+0 2.8440e+2
      vertex 2.1146e+1 -8.1170e+0 2.8440e+2
      vertex 1.8688e+1 -6.0722e+0 2.8440e+2
    endloop
  endfacet
  facet normal 0.0000e+0 0.0000e+0 1.0000e+0
    outer loop
      vertex 1.8688e+1 -6.0722e+0 2.8440e+2
      vertex 2.1146e+1 -8.1170e+0 2.8440e+2
      vertex 2.1541e+1 -6.9992e+0 2.8440e+2
    endloop
  endfacet
  facet normal -9.5727e-1 2.8356e-1 -5.6888e-2
    outer loop
      vertex 2.7105e+1 -8.8070e+0 0.0000e+0
      vertex 1.3553e+1 -4.4035e+0 2.5000e+2
      vertex 2.7529e+1 -7.3763e+0 0.0000e+0
    endloop
  endfacet
  facet normal -9.5727e-1 2.8356e-1 -5.6888e-2
    outer loop
      vertex 2.7529e+1 -7.3763e+0 0.0000e+0
      vertex 1.3553e+1 -4.4035e+0 2.5000e+2
      vertex 1.3764e+1 -3.6882e+0 2.5000e+2
    endloop
  endfacet
  facet normal 9.5727e-1 -2.8356e-1 5.6888e-2
    outer loop
      vertex 2.9958e+1 -9.7340e+0 0.0000e+0
      vertex 3.0427e+1 -8.1528e+0 0.0000e+0
      vertex 1.6406e+1 -5.3305e+0 2.5000e+2
    endloop
  endfacet
  facet normal 9.5727e-1 -2.8356e-1 5.6888e-2
    outer loop
      vertex 3.0427e+1 -8.1528e+0 0.0000e+0
      vertex 1.6662e+1 -4.4646e+0 2.5000e+2
      vertex 1.6406e+1 -5.3305e+0 2.5000e+2
    endloop
  endfacet
  facet normal -9.4723e-1 2.8058e-1 1.5503e-1
    outer loop
      vertex 1.3553e+1 -4.4035e+0 2.5000e+2
      vertex 1.8688e+1 -6.0722e+0 2.8440e+2
      vertex 1.3764e+1 -3.6882e+0 2.5000e+2
    endloop
  endfacet
  facet normal -9.4723e-1 2.8058e-1 1.5503e-1
    outer loop
      vertex 1.3764e+1 -3.6882e+0 2.5000e+2
      vertex 1.8688e+1 -6.0722e+0 2.8440e+2
      vertex 1.8980e+1 -5.0858e+0 2.8440e+2
    endloop
  endfacet
  facet normal 9.4723e-1 -2.8058e-1 -1.5503e-1
    outer loop
      vertex 1.6406e+1 -5.3305e+0 2.5000e+2
      vertex 1.6662e+1 -4.4646e+0 2.5000e+2
      vertex 2.1541e+1 -6.9992e+0 2.8440e+2
    endloop
  endfacet
  facet normal 9.4723e-1 -2.8058e-1 -1.5503e-1
    outer loop
      vertex 1.6662e+1 -4.4646e+0 2.5000e+2
      vertex 2.1878e+1 -5.8623e+0 2.8440e+2
      vertex 2.1541e+1 -6.9992e+0 2.8440e+2
    endloop
  endfacet
  facet normal 0.0000e+0 0.0000e+0 -1.0000e+0
    outer loop
      vertex 2.7105e+1 -8.8070e+0 0.0000e+0
      vertex 2.7529e+1 -7.3763e+0 0.0000e+0
      vertex 2.9958e+1 -9.7340e+0 0.0000e+0
    endloop
  endfacet
  facet normal 0.0000e+0 0.0000e+0 -1.0000e+0
    outer loop
      vertex 2.7529e+1 -7.3763e+0 0.0000e+0
      vertex 3.0427e+1 -8.1528e+0 0.0000e+0
      vertex 2.9958e+1 -9.7340e+0 0.0000e+0
    endloop
  endfacet
  facet normal 0.0000e+0 0.0000e+0 1.0000e+0
    outer loop
      vertex 1.8688e+1 -6.0722e+0 2.8440e+2
      vertex 2.1541e+1 -6.9992e+0 2.8440e+2
      vertex 1.8980e+1 -5.0858e+0 2.8440e+2
    endloop
  endfacet
  facet normal 0.0000e+0 0.0000e+0 1.0000e+0
    outer loop
      vertex 1.8980e+1 -5.0858e+0 2.8440e+2
      vertex 2.1541e+1 -6.9992e+0 2.8440e+2
      vertex 2.1878e+1 -5.8623e+0 2.8440e+2
    endloop
  endfacet
  facet normal -9.7080e-1 2.3307e-1 -5.6888e-2
    outer loop
      vertex 2.7529e+1 -7.3763e+0 0.0000e+0
      vertex 1.3764e+1 -3.6882e+0 2.5000e+2
      vertex 2.7877e+1 -5.9255e+0 0.0000e+0
    endloop
  endfacet
  facet normal -9.7080e-1 2.3307e-1 -5.6888e-2
    outer loop
      vertex 2.7877e+1 -5.9255e+0 0.0000e+0
      vertex 1.3764e+1 -3.6882e+0 2.5000e+2
      vertex 1.3939e+1 -2.9627e+0 2.5000e+2
    endloop
  endfacet
  facet normal 9.7080e-1 -2.3307e-1 5.6888e-2
    outer loop
      vertex 3.0427e+1 -8.1528e+0 0.0000e+0
      vertex 3.0812e+1 -6.5492e+0 0.0000e+0
      vertex 1.6662e+1 -4.4646e+0 2.5000e+2
    endloop
  endfacet
  facet normal 9.7080e-1 -2.3307e-1 5.6888e-2
    outer loop
      vertex 3.0812e+1 -6.5492e+0 0.0000e+0
      vertex 1.6873e+1 -3.5865e+0 2.5000e+2
      vertex 1.6662e+1 -4.4646e+0 2.5000e+2
    endloop
  endfacet
  facet normal -9.6061e-1 2.3062e-1 1.5503e-1
    outer loop
      vertex 1.3764e+1 -3.6882e+0 2.5000e+2
      vertex 1.8980e+1 -5.0858e+0 2.8440e+2
      vertex 1.3939e+1 -2.9627e+0 2.5000e+2
    endloop
  endfacet
  facet normal -9.6061e-1 2.3062e-1 1.5503e-1
    outer loop
      vertex 1.3939e+1 -2.9627e+0 2.5000e+2
      vertex 1.8980e+1 -5.0858e+0 2.8440e+2
      vertex 1.9221e+1 -4.0855e+0 2.8440e+2
    endloop
  endfacet
  facet normal 9.6061e-1 -2.3062e-1 -1.5503e-1
    outer loop
      vertex 1.6662e+1 -4.4646e+0 2.5000e+2
      vertex 1.6873e+1 -3.5865e+0 2.5000e+2
      vertex 2.1878e+1 -5.8623e+0 2.8440e+2
    endloop
  endfacet
  facet normal 9.6061e-1 -2.3062e-1 -1.5503e-1
    outer loop
      vertex 1.6873e+1 -3.5865e+0 2.5000e+2
      vertex 2.2155e+1 -4.7092e+0 2.8440e+2
      vertex 2.1878e+1 -5.8623e+0 2.8440e+2
    endloop
  endfacet
  facet normal 0.0000e+0 0.0000e+0 -1.0000e+0
    outer loop
      vertex 2.7529e+1 -7.3763e+0 0.0000e+0
      vertex 2.7877e+1 -5.9255e+0 0.0000e+0
      vertex 3.0427e+1 -8.1528e+0 0.0000e+0
    endloop
  endfacet
  facet normal 0.0000e+0 0.0000e+0 -1.0000e+0
    outer loop
      vertex 2.7877e+1 -5.9255e+0 0.0000e+0
      vertex 3.0812e+1 -6.5492e+0 0.0000e+0
      vertex 3.0427e+1 -8.1528e+0 0.0000e+0
    endloop
  endfacet
  facet normal 0.0000e+0 0.0000e+0 1.0000e+0
    outer loop
      vertex 1.8980e+1 -5.0858e+0 2.8440e+2
      vertex 2.1878e+1 -5.8623e+0 2.8440e+2
      vertex 1.9221e+1 -4.0855e+0 2.8440e+2
    endloop
  endfacet
  facet normal 0.0000e+0 0.0000e+0 1.0000e+0
    outer loop
      vertex 1.9221e+1 -4.0855e+0 2.8440e+2
      vertex 2.1878e+1 -5.8623e+0 2.8440e+2
      vertex 2.2155e+1 -4.7092e+0 2.8440e+2
    endloop
  endfacet
  facet normal -9.8166e-1 1.8194e-1 -5.6888e-2
    outer loop
      vertex 2.7877e+1 -5.9255e+0 0.0000e+0
      vertex 1.3939e+1 -2.9627e+0 2.5000e+2
      vertex 2.8149e+1 -4.4584e+0 0.0000e+0
    endloop
  endfacet
  facet normal -9.8166e-1 1.8194e-1 -5.6888e-2
    outer loop
      vertex 2.8149e+1 -4.4584e+0 0.0000e+0
      vertex 1.3939e+1 -2.9627e+0 2.5000e+2
      vertex 1.4075e+1 -2.2292e+0 2.5000e+2
    endloop
  endfacet
  facet normal 9.8166e-1 -1.8194e-1 5.6888e-2
    outer loop
      vertex 3.0812e+1 -6.5492e+0 0.0000e+0
      vertex 3.1112e+1 -4.9277e+0 0.0000e+0
      vertex 1.6873e+1 -3.5865e+0 2.5000e+2
    endloop
  endfacet
  facet normal 9.8166e-1 -1.8194e-1 5.6888e-2
    outer loop
      vertex 3.1112e+1 -4.9277e+0 0.0000e+0
      vertex 1.7038e+1 -2.6985e+0 2.5000e+2
      vertex 1.6873e+1 -3.5865e+0 2.5000e+2
    endloop
  endfacet
  facet normal -9.7137e-1 1.8003e-1 1.5503e-1
    outer loop
      vertex 1.3939e+1 -2.9627e+0 2.5000e+2
      vertex 1.9221e+1 -4.0855e+0 2.8440e+2
      vertex 1.4075e+1 -2.2292e+0 2.5000e+2
    endloop
  endfacet
  facet normal -9.7137e-1 1.8003e-1 1.5503e-1
    outer loop
      vertex 1.4075e+1 -2.2292e+0 2.5000e+2
      vertex 1.9221e+1 -4.0855e+0 2.8440e+2
      vertex 1.9408e+1 -3.0739e+0 2.8440e+2
    endloop
  endfacet
  facet normal 9.7137e-1 -1.8003e-1 -1.5503e-1
    outer loop
      vertex 1.6873e+1 -3.5865e+0 2.5000e+2
      vertex 1.7038e+1 -2.6985e+0 2.5000e+2
      vertex 2.2155e+1 -4.7092e+0 2.8440e+2
    endloop
  endfacet
  facet normal 9.7137e-1 -1.8003e-1 -1.5503e-1
    outer loop
      vertex 1.7038e+1 -2.6985e+0 2.5000e+2
      vertex 2.2371e+1 -3.5432e+0 2.8440e+2
      vertex 2.2155e+1 -4.7092e+0 2.8440e+2
    endloop
  endfacet
  facet normal 0.0000e+0 0.0000e+0 -1.0000e+0
    outer loop
      vertex 2.7877e+1 -5.9255e+0 0.0000e+0
      vertex 2.8149e+1 -4.4584e+0 0.0000e+0
      vertex 3.0812e+1 -6.5492e+0 0.0000e+0
    endloop
  endfacet
  facet normal 0.0000e+0 0.0000e+0 -1.0000e+0
    outer loop
      vertex 2.8149e+1 -4.4584e+0 0.0000e+0
      vertex 3.1112e+1 -4.9277e+0 0.0000e+0
      vertex 3.0812e+1 -6.5492e+0 0.0000e+0
    endloop
  endfacet
  facet normal 0.0000e+0 0.0000e+0 1.0000e+0
    outer loop
      vertex 1.9221e+1 -4.0855e+0 2.8440e+2
      vertex 2.2155e+1 -4.7092e+0 2.8440e+2
      vertex 1.9408e+1 -3.0739e+0 2.8440e+2
    endloop
  endfacet
  facet normal 0.0000e+0 0.0000e+0 1.0000e+0
    outer loop
      vertex 1.9408e+1 -3.0739e+0 2.8440e+2
      vertex 2.2155e+1 -4.7092e+0 2.8440e+2
      vertex 2.2371e+1 -3.5432e+0 2.8440e+2
    endloop
  endfacet
  facet normal -9.8984e-1 1.3031e-1 -5.6888e-2
    outer loop
      vertex 2.8149e+1 -4.4584e+0 0.0000e+0
      vertex 1.4075e+1 -2.2292e+0 2.5000e+2
      vertex 2.8344e+1 -2.9791e+0 0.0000e+0
    endloop
  endfacet
  facet normal -9.8984e-1 1.3031e-1 -5.6888e-2
    outer loop
      vertex 2.8344e+1 -2.9791e+0 0.0000e+0
      vertex 1.4075e+1 -2.2292e+0 2.5000e+2
      vertex 1.4172e+1 -1.4895e+0 2.5000e+2
    endloop
  endfacet
  facet normal 9.8984e-1 -1.3031e-1 5.6888e-2
    outer loop
      vertex 3.1112e+1 -4.9277e+0 0.0000e+0
      vertex 3.1327e+1 -3.2926e+0 0.0000e+0
      vertex 1.7038e+1 -2.6985e+0 2.5000e+2
    endloop
  endfacet
  facet normal 9.8984e-1 -1.3031e-1 5.6888e-2
    outer loop
      vertex 3.1327e+1 -3.2926e+0 0.0000e+0
      vertex 1.7156e+1 -1.8031e+0 2.5000e+2
      vertex 1.7038e+1 -2.6985e+0 2.5000e+2
    endloop
  endfacet
  facet normal -9.7946e-1 1.2895e-1 1.5503e-1
    outer loop
      vertex 1.4075e+1 -2.2292e+0 2.5000e+2
      vertex 1.9408e+1 -3.0739e+0 2.8440e+2
      vertex 1.4172e+1 -1.4895e+0 2.5000e+2
    endloop
  endfacet
  facet normal -9.7946e-1 1.2895e-1 1.5503e-1
    outer loop
      vertex 1.4172e+1 -1.4895e+0 2.5000e+2
      vertex 1.9408e+1 -3.0739e+0 2.8440e+2
      vertex 1.9542e+1 -2.0540e+0 2.8440e+2
    endloop
  endfacet
  facet normal 9.7946e-1 -1.2895e-1 -1.5503e-1
    outer loop
      vertex 1.7038e+1 -2.6985e+0 2.5000e+2
      vertex 1.7156e+1 -1.8031e+0 2.5000e+2
      vertex 2.2371e+1 -3.5432e+0 2.8440e+2
    endloop
  endfacet
  facet normal 9.7946e-1 -1.2895e-1 -1.5503e-1
    outer loop
      vertex 1.7156e+1 -1.8031e+0 2.5000e+2
      vertex 2.2526e+1 -2.3676e+0 2.8440e+2
      vertex 2.2371e+1 -3.5432e+0 2.8440e+2
    endloop
  endfacet
  facet normal 0.0000e+0 0.0000e+0 -1.0000e+0
    outer loop
      vertex 2.8149e+1 -4.4584e+0 0.0000e+0
      vertex 2.8344e+1 -2.9791e+0 0.0000e+0
      vertex 3.1112e+1 -4.9277e+0 0.0000e+0
    endloop
  endfacet
  facet normal 0.0000e+0 0.0000e+0 -1.0000e+0
    outer loop
      vertex 2.8344e+1 -2.9791e+0 0.0000e+0
      vertex 3.1327e+1 -3.2926e+0 0.0000e+0
      vertex 3.1112e+1 -4.9277e+0 0.0000e+0
    endloop
  endfacet
  facet normal 0.0000e+0 0.0000e+0 1.0000e+0
    outer loop
      vertex 1.9408e+1 -3.0739e+0 2.8440e+2
      vertex 2.2371e+1 -3.5432e+0 2.8440e+2
      vertex 1.9542e+1 -2.0540e+0 2.8440e+2
    endloop
  endfacet
  facet normal 0.0000e+0 0.0000e+0 1.0000e+0
    outer loop
      vertex 1.9542e+1 -2.0540e+0 2.8440e+2
      vertex 2.2371e+1 -3.5432e+0 2.8440e+2
      vertex 2.2526e+1 -2.3676e+0 2.8440e+2
    endloop
  endfacet
  facet normal -9.9530e-1 7.8332e-2 -5.6888e-2
    outer loop
      vertex 2.8344e+1 -2.9791e+0 0.0000e+0
      vertex 1.4172e+1 -1.4895e+0 2.5000e+2
      vertex 2.8461e+1 -1.4916e+0 0.0000e+0
    endloop
  endfacet
  facet normal -9.9530e-1 7.8332e-2 -5.6888e-2
    outer loop
      vertex 2.8461e+1 -1.4916e+0 0.0000e+0
      vertex 1.4172e+1 -1.4895e+0 2.5000e+2
      vertex 1.4230e+1 -7.4579e-1 2.5000e+2
    endloop
  endfacet
  facet normal 9.9530e-1 -7.8332e-2 5.6888e-2
    outer loop
      vertex 3.1327e+1 -3.2926e+0 0.0000e+0
      vertex 3.1457e+1 -1.6486e+0 0.0000e+0
      vertex 1.7156e+1 -1.8031e+0 2.5000e+2
    endloop
  endfacet
  facet normal 9.9530e-1 -7.8332e-2 5.6888e-2
    outer loop
      vertex 3.1457e+1 -1.6486e+0 0.0000e+0
      vertex 1.7226e+1 -9.0280e-1 2.5000e+2
      vertex 1.7156e+1 -1.8031e+0 2.5000e+2
    endloop
  endfacet
  facet normal -9.8487e-1 7.7511e-2 1.5503e-1
    outer loop
      vertex 1.4172e+1 -1.4895e+0 2.5000e+2
      vertex 1.9542e+1 -2.0540e+0 2.8440e+2
      vertex 1.4230e+1 -7.4579e-1 2.5000e+2
    endloop
  endfacet
  facet normal -9.8487e-1 7.7511e-2 1.5503e-1
    outer loop
      vertex 1.4230e+1 -7.4579e-1 2.5000e+2
      vertex 1.9542e+1 -2.0540e+0 2.8440e+2
      vertex 1.9623e+1 -1.0284e+0 2.8440e+2
    endloop
  endfacet
  facet normal 9.8487e-1 -7.7511e-2 -1.5503e-1
    outer loop
      vertex 1.7156e+1 -1.8031e+0 2.5000e+2
      vertex 1.7226e+1 -9.0280e-1 2.5000e+2
      vertex 2.2526e+1 -2.3676e+0 2.8440e+2
    endloop
  endfacet
  facet normal 9.8487e-1 -7.7511e-2 -1.5503e-1
    outer loop
      vertex 1.7226e+1 -9.0280e-1 2.5000e+2
      vertex 2.2619e+1 -1.1854e+0 2.8440e+2
      vertex 2.2526e+1 -2.3676e+0 2.8440e+2
    endloop
  endfacet
  facet normal 0.0000e+0 0.0000e+0 -1.0000e+0
    outer loop
      vertex 2.8344e+1 -2.9791e+0 0.0000e+0
      vertex 2.8461e+1 -1.4916e+0 0.0000e+0
      vertex 3.1327e+1 -3.2926e+0 0.0000e+0
    endloop
  endfacet
  facet normal 0.0000e+0 0.0000e+0 -1.0000e+0
    outer loop
      vertex 2.8461e+1 -1.4916e+0 0.0000e+0
      vertex 3.1457e+1 -1.6486e+0 0.0000e+0
      vertex 3.1327e+1 -3.2926e+0 0.0000e+0
    endloop
  endfacet
  facet normal 0.0000e+0 0.0000e+0 1.0000e+0
    outer loop
      vertex 1.9542e+1 -2.0540e+0 2.8440e+2
      vertex 2.2526e+1 -2.3676e+0 2.8440e+2
      vertex 1.9623e+1 -1.0284e+0 2.8440e+2
    endloop
  endfacet
  facet normal 0.0000e+0 0.0000e+0 1.0000e+0
    outer loop
      vertex 1.9623e+1 -1.0284e+0 2.8440e+2
      vertex 2.2526e+1 -2.3676e+0 2.8440e+2
      vertex 2.2619e+1 -1.1854e+0 2.8440e+2
    endloop
  endfacet
  facet normal -9.9804e-1 2.6135e-2 -5.6888e-2
    outer loop
      vertex 2.8461e+1 -1.4916e+0 0.0000e+0
      vertex 1.4230e+1 -7.4579e-1 2.5000e+2
      vertex 2.8500e+1 -6.9805e-15 0.0000e+0
    endloop
  endfacet
  facet normal -9.9804e-1 2.6135e-2 -5.6888e-2
    outer loop
      vertex 2.8500e+1 -6.9805e-15 0.0000e+0
      vertex 1.4230e+1 -7.4579e-1 2.5000e+2
      vertex 1.4250e+1 -3.4902e-15 2.5000e+2
    endloop
  endfacet
  facet normal 9.9804e-1 -2.6135e-2 5.6888e-2
    outer loop
      vertex 3.1457e+1 -1.6486e+0 0.0000e+0
      vertex 3.1500e+1 -7.7153e-15 0.0000e+0
      vertex 1.7226e+1 -9.0280e-1 2.5000e+2
    endloop
  endfacet
  facet normal 9.9804e-1 -2.6135e-2 5.6888e-2
    outer loop
      vertex 3.1500e+1 -7.7153e-15 0.0000e+0
      vertex 1.7250e+1 -4.2250e-15 2.5000e+2
      vertex 1.7226e+1 -9.0280e-1 2.5000e+2
    endloop
  endfacet
  facet normal -9.8757e-1 2.5860e-2 1.5503e-1
    outer loop
      vertex 1.4230e+1 -7.4579e-1 2.5000e+2
      vertex 1.9623e+1 -1.0284e+0 2.8440e+2
      vertex 1.4250e+1 -3.4902e-15 2.5000e+2
    endloop
  endfacet
  facet normal -9.8757e-1 2.5860e-2 1.5503e-1
    outer loop
      vertex 1.4250e+1 -3.4902e-15 2.5000e+2
      vertex 1.9623e+1 -1.0284e+0 2.8440e+2
      vertex 1.9650e+1 -4.8129e-15 2.8440e+2
    endloop
  endfacet
  facet normal 9.8757e-1 -2.5860e-2 -1.5503e-1
    outer loop
      vertex 1.7226e+1 -9.0280e-1 2.5000e+2
      vertex 1.7250e+1 -4.2250e-15 2.5000e+2
      vertex 2.2619e+1 -1.1854e+0 2.8440e+2
    endloop
  endfacet
  facet normal 9.8757e-1 -2.5860e-2 -1.5503e-1
    outer loop
      vertex 1.7250e+1 -4.2250e-15 2.5000e+2
      vertex 2.2650e+1 -5.5477e-15 2.8440e+2
      vertex 2.2619e+1 -1.1854e+0 2.8440e+2
    endloop
  endfacet
  facet normal 0.0000e+0 0.0000e+0 -1.0000e+0
    outer loop
      vertex 2.8461e+1 -1.4916e+0 0.0000e+0
      vertex 2.8500e+1 -6.9805e-15 0.0000e+0
      vertex 3.1457e+1 -1.6486e+0 0.0000e+0
    endloop
  endfacet
  facet normal 0.0000e+0 0.0000e+0 -1.0000e+0
    outer loop
      vertex 2.8500e+1 -6.9805e-15 0.0000e+0
      vertex 3.1500e+1 -7.7153e-15 0.0000e+0
      vertex 3.1457e+1 -1.6486e+0 0.0000e+0
    endloop
  endfacet
  facet normal 0.0000e+0 0.0000e+0 1.0000e+0
    outer loop
      vertex 1.9623e+1 -1.0284e+0 2.8440e+2
      vertex 2.2619e+1 -1.1854e+0 2.8440e+2
      vertex 1.9650e+1 -4.8129e-15 2.8440e+2
    endloop
  endfacet
  facet normal 0.0000e+0 0.0000e+0 1.0000e+0
    outer loop
      vertex 1.9650e+1 -4.8129e-15 2.8440e+2
      vertex 2.2619e+1 -1.1854e+0 2.8440e+2
      vertex 2.2650e+1 -5.5477e-15 2.8440e+2
    endloop
  endfacet
endsolid RocketEngine_550N_Scale1to1