# Complete Rocket Engine Chamber Section
v 3.5 0.0 0.0
v 3.4866814433211095 0.3050450996168036 0.0
v 3.446827135542728 0.6077686218342562 0.0
v 3.380740392011739 0.9058666578588226 0.0
v 3.2889241727506793 1.1970705016398404 0.0
v 3.1720772546282747 1.4791639160924481 0.0
v 3.0310889132455356 1.7499999999999998 0.0
v 2.8670321550114712 2.007517527228661 0.0
v 2.681155550916423 2.249756633902887 0.0
v 2.4748737341529163 2.474873734152916 0.0
v 2.2497566339028876 2.681155550916423 0.0
v 2.0075175272286616 2.867032155011471 0.0
v 1.7500000000000004 3.031088913245535 0.0
v 1.4791639160924481 3.1720772546282747 0.0
v 1.1970705016398409 3.2889241727506793 0.0
v 0.9058666578588234 3.380740392011739 0.0
v 0.6077686218342564 3.446827135542728 0.0
v 0.3050450996168035 3.4866814433211095 0.0
v 2.143131898507868e-16 3.5 0.0
v -0.30504509961680304 3.4866814433211095 0.0
v -0.6077686218342561 3.446827135542728 0.0
v -0.905866657858823 3.380740392011739 0.0
v -1.1970705016398397 3.2889241727506793 0.0
v -1.4791639160924477 3.172077254628275 0.0
v -1.7499999999999991 3.0310889132455356 0.0
v -2.0075175272286616 2.867032155011471 0.0
v -2.2497566339028876 2.681155550916423 0.0
v -2.474873734152916 2.4748737341529163 0.0
v -2.6811555509164227 2.249756633902888 0.0
v -2.8670321550114717 2.0075175272286607 0.0
v -3.0310889132455348 1.750000000000001 0.0
v -3.1720772546282747 1.4791639160924483 0.0
v -3.2889241727506793 1.197070501639841 0.0
v -3.380740392011739 0.905866657858822 0.0
v -3.446827135542728 0.607768621834256 0.0
v -3.4866814433211095 0.3050450996168037 0.0
v -3.5 4.286263797015736e-16 0.0
v -3.4866814433211095 -0.3050450996168028 0.0
v -3.4468271355427285 -0.6077686218342551 0.0
v -3.3807403920117394 -0.9058666578588213 0.0
v -3.2889241727506793 -1.1970705016398404 0.0
v -3.172077254628276 -1.4791639160924461 0.0
v -3.031088913245535 -1.7500000000000004 0.0
v -2.867032155011472 -2.0075175272286603 0.0
v -2.681155550916424 -2.2497566339028863 0.0
v -2.474873734152917 -2.474873734152916 0.0
v -2.249756633902888 -2.6811555509164227 0.0
v -2.00751752722866 -2.8670321550114726 0.0
v -1.7500000000000016 -3.0310889132455343 0.0
v -1.4791639160924497 -3.172077254628274 0.0
v -1.19707050163984 -3.2889241727506793 0.0
v -0.9058666578588221 -3.380740392011739 0.0
v -0.6077686218342562 -3.446827135542728 0.0
v -0.30504509961680387 -3.4866814433211095 0.0
v -6.429395695523604e-16 -3.5 0.0
v 0.3050450996168026 -3.4866814433211095 0.0
v 0.6077686218342548 -3.4468271355427285 0.0
v 0.905866657858821 -3.3807403920117394 0.0
v 1.1970705016398415 -3.2889241727506793 0.0
v 1.479163916092446 -3.172077254628276 0.0
v 1.7499999999999978 -3.0310889132455365 0.0
v 2.007517527228661 -2.8670321550114712 0.0
v 2.249756633902887 -2.6811555509164235 0.0
v 2.474873734152916 -2.474873734152917 0.0
v 2.681155550916422 -2.2497566339028885 0.0
v 2.8670321550114704 -2.0075175272286625 0.0
v 3.0310889132455356 -1.749999999999999 0.0
v 3.172077254628274 -1.47916391609245 0.0
v 3.2889241727506793 -1.1970705016398402 0.0
v 3.380740392011739 -0.9058666578588224 0.0
v 3.446827135542728 -0.6077686218342564 0.0
v 3.4866814433211095 -0.3050450996168041 0.0
v 3.5 0.0 18.0
v 3.4866814433211095 0.3050450996168036 18.0
v 3.446827135542728 0.6077686218342562 18.0
v 3.380740392011739 0.9058666578588226 18.0
v 3.2889241727506793 1.1970705016398404 18.0
v 3.1720772546282747 1.4791639160924481 18.0
v 3.0310889132455356 1.7499999999999998 18.0
v 2.8670321550114712 2.007517527228661 18.0
v 2.681155550916423 2.249756633902887 18.0
v 2.4748737341529163 2.474873734152916 18.0
v 2.2497566339028876 2.681155550916423 18.0
v 2.0075175272286616 2.867032155011471 18.0
v 1.7500000000000004 3.031088913245535 18.0
v 1.4791639160924481 3.1720772546282747 18.0
v 1.1970705016398409 3.2889241727506793 18.0
v 0.9058666578588234 3.380740392011739 18.0
v 0.6077686218342564 3.446827135542728 18.0
v 0.3050450996168035 3.4866814433211095 18.0
v 2.143131898507868e-16 3.5 18.0
v -0.30504509961680304 3.4866814433211095 18.0
v -0.6077686218342561 3.446827135542728 18.0
v -0.905866657858823 3.380740392011739 18.0
v -1.1970705016398397 3.2889241727506793 18.0
v -1.4791639160924477 3.172077254628275 18.0
v -1.7499999999999991 3.0310889132455356 18.0
v -2.0075175272286616 2.867032155011471 18.0
v -2.2497566339028876 2.681155550916423 18.0
v -2.474873734152916 2.4748737341529163 18.0
v -2.6811555509164227 2.249756633902888 18.0
v -2.8670321550114717 2.0075175272286607 18.0
v -3.0310889132455348 1.750000000000001 18.0
v -3.1720772546282747 1.4791639160924483 18.0
v -3.2889241727506793 1.197070501639841 18.0
v -3.380740392011739 0.905866657858822 18.0
v -3.446827135542728 0.607768621834256 18.0
v -3.4866814433211095 0.3050450996168037 18.0
v -3.5 4.286263797015736e-16 18.0
v -3.4866814433211095 -0.3050450996168028 18.0
v -3.4468271355427285 -0.6077686218342551 18.0
v -3.3807403920117394 -0.9058666578588213 18.0
v -3.2889241727506793 -1.1970705016398404 18.0
v -3.172077254628276 -1.4791639160924461 18.0
v -3.031088913245535 -1.7500000000000004 18.0
v -2.867032155011472 -2.0075175272286603 18.0
v -2.681155550916424 -2.2497566339028863 18.0
v -2.474873734152917 -2.474873734152916 18.0
v -2.249756633902888 -2.6811555509164227 18.0
v -2.00751752722866 -2.8670321550114726 18.0
v -1.7500000000000016 -3.0310889132455343 18.0
v -1.4791639160924497 -3.172077254628274 18.0
v -1.19707050163984 -3.2889241727506793 18.0
v -0.9058666578588221 -3.380740392011739 18.0
v -0.6077686218342562 -3.446827135542728 18.0
v -0.30504509961680387 -3.4866814433211095 18.0
v -6.429395695523604e-16 -3.5 18.0
v 0.3050450996168026 -3.4866814433211095 18.0
v 0.6077686218342548 -3.4468271355427285 18.0
v 0.905866657858821 -3.3807403920117394 18.0
v 1.1970705016398415 -3.2889241727506793 18.0
v 1.479163916092446 -3.172077254628276 18.0
v 1.7499999999999978 -3.0310889132455365 18.0
v 2.007517527228661 -2.8670321550114712 18.0
v 2.249756633902887 -2.6811555509164235 18.0
v 2.474873734152916 -2.474873734152917 18.0
v 2.681155550916422 -2.2497566339028885 18.0
v 2.8670321550114704 -2.0075175272286625 18.0
v 3.0310889132455356 -1.749999999999999 18.0
v 3.172077254628274 -1.47916391609245 18.0
v 3.2889241727506793 -1.1970705016398402 18.0
v 3.380740392011739 -0.9058666578588224 18.0
v 3.446827135542728 -0.6077686218342564 18.0
v 3.4866814433211095 -0.3050450996168041 18.0
v 3.1 0.0 0.0
v 3.088203564084411 0.2701828025177403 0.0
v 3.052904034337845 0.5383093507674841 0.0
v 2.9943700614961117 0.8023390398178143 0.0
v 2.913047124436316 1.060262444309573 0.0
v 2.809554139813615 1.3101166113961682 0.0
v 2.68467875173176 1.5499999999999998 0.0
v 2.539371337295875 1.7780869526882428 0.0
v 2.3747377736688318 1.9926415900282717 0.0
v 2.1920310216782974 2.192031021678297 0.0
v 1.9926415900282721 2.3747377736688318 0.0
v 1.7780869526882432 2.5393713372958744 0.0
v 1.5500000000000005 2.68467875173176 0.0
v 1.3101166113961682 2.809554139813615 0.0
v 1.0602624443095734 2.913047124436316 0.0
v 0.802339039817815 2.9943700614961113 0.0
v 0.5383093507674843 3.052904034337845 0.0
v 0.27018280251774024 3.088203564084411 0.0
v 1.8982025386783975e-16 3.1 0.0
v -0.27018280251773985 3.088203564084411 0.0
v -0.538309350767484 3.052904034337845 0.0
v -0.8023390398178146 2.9943700614961117 0.0
v -1.0602624443095723 2.913047124436316 0.0
v -1.310116611396168 2.8095541398136152 0.0
v -1.5499999999999994 2.68467875173176 0.0
v -1.7780869526882432 2.5393713372958744 0.0
v -1.9926415900282721 2.3747377736688318 0.0
v -2.192031021678297 2.1920310216782974 0.0
v -2.3747377736688318 1.9926415900282723 0.0
v -2.539371337295875 1.7780869526882424 0.0
v -2.6846787517317594 1.5500000000000012 0.0
v -2.809554139813615 1.3101166113961684 0.0
v -2.913047124436316 1.0602624443095736 0.0
v -2.9943700614961117 0.8023390398178138 0.0
v -3.052904034337845 0.5383093507674839 0.0
v -3.088203564084411 0.2701828025177404 0.0
v -3.1 3.796405077356795e-16 0.0
v -3.088203564084411 -0.27018280251773963 0.0
v -3.0529040343378453 -0.5383093507674831 0.0
v -2.994370061496112 -0.8023390398178131 0.0
v -2.913047124436316 -1.060262444309573 0.0
v -2.809554139813616 -1.3101166113961666 0.0
v -2.68467875173176 -1.5500000000000005 0.0
v -2.5393713372958753 -1.7780869526882421 0.0
v -2.374737773668833 -1.9926415900282708 0.0
v -2.192031021678298 -2.192031021678297 0.0
v -1.9926415900282723 -2.3747377736688318 0.0
v -1.7780869526882417 -2.5393713372958757 0.0
v -1.5500000000000014 -2.684678751731759 0.0
v -1.3101166113961698 -2.8095541398136143 0.0
v -1.0602624443095725 -2.913047124436316 0.0
v -0.802339039817814 -2.9943700614961117 0.0
v -0.5383093507674841 -3.052904034337845 0.0
v -0.2701828025177406 -3.088203564084411 0.0
v -5.694607616035192e-16 -3.1 0.0
v 0.27018280251773946 -3.088203564084411 0.0
v 0.5383093507674829 -3.0529040343378453 0.0
v 0.802339039817813 -2.994370061496112 0.0
v 1.0602624443095738 -2.913047124436316 0.0
v 1.3101166113961664 -2.809554139813616 0.0
v 1.549999999999998 -2.684678751731761 0.0
v 1.7780869526882428 -2.539371337295875 0.0
v 1.9926415900282717 -2.374737773668832 0.0
v 2.192031021678297 -2.192031021678298 0.0
v 2.3747377736688313 -1.9926415900282728 0.0
v 2.539371337295874 -1.7780869526882441 0.0
v 2.6846787517317603 -1.549999999999999 0.0
v 2.8095541398136143 -1.31011661139617 0.0
v 2.913047124436316 -1.0602624443095727 0.0
v 2.9943700614961117 -0.8023390398178142 0.0
v 3.052904034337845 -0.5383093507674842 0.0
v 3.088203564084411 -0.2701828025177408 0.0
v 3.1 0.0 18.0
v 3.088203564084411 0.2701828025177403 18.0
v 3.052904034337845 0.5383093507674841 18.0
v 2.9943700614961117 0.8023390398178143 18.0
v 2.913047124436316 1.060262444309573 18.0
v 2.809554139813615 1.3101166113961682 18.0
v 2.68467875173176 1.5499999999999998 18.0
v 2.539371337295875 1.7780869526882428 18.0
v 2.3747377736688318 1.9926415900282717 18.0
v 2.1920310216782974 2.192031021678297 18.0
v 1.9926415900282721 2.3747377736688318 18.0
v 1.7780869526882432 2.5393713372958744 18.0
v 1.5500000000000005 2.68467875173176 18.0
v 1.3101166113961682 2.809554139813615 18.0
v 1.0602624443095734 2.913047124436316 18.0
v 0.802339039817815 2.9943700614961113 18.0
v 0.5383093507674843 3.052904034337845 18.0
v 0.27018280251774024 3.088203564084411 18.0
v 1.8982025386783975e-16 3.1 18.0
v -0.27018280251773985 3.088203564084411 18.0
v -0.538309350767484 3.052904034337845 18.0
v -0.8023390398178146 2.9943700614961117 18.0
v -1.0602624443095723 2.913047124436316 18.0
v -1.310116611396168 2.8095541398136152 18.0
v -1.5499999999999994 2.68467875173176 18.0
v -1.7780869526882432 2.5393713372958744 18.0
v -1.9926415900282721 2.3747377736688318 18.0
v -2.192031021678297 2.1920310216782974 18.0
v -2.3747377736688318 1.9926415900282723 18.0
v -2.539371337295875 1.7780869526882424 18.0
v -2.6846787517317594 1.5500000000000012 18.0
v -2.809554139813615 1.3101166113961684 18.0
v -2.913047124436316 1.0602624443095736 18.0
v -2.9943700614961117 0.8023390398178138 18.0
v -3.052904034337845 0.5383093507674839 18.0
v -3.088203564084411 0.2701828025177404 18.0
v -3.1 3.796405077356795e-16 18.0
v -3.088203564084411 -0.27018280251773963 18.0
v -3.0529040343378453 -0.5383093507674831 18.0
v -2.994370061496112 -0.8023390398178131 18.0
v -2.913047124436316 -1.060262444309573 18.0
v -2.809554139813616 -1.3101166113961666 18.0
v -2.68467875173176 -1.5500000000000005 18.0
v -2.5393713372958753 -1.7780869526882421 18.0
v -2.374737773668833 -1.9926415900282708 18.0
v -2.192031021678298 -2.192031021678297 18.0
v -1.9926415900282723 -2.3747377736688318 18.0
v -1.7780869526882417 -2.5393713372958757 18.0
v -1.5500000000000014 -2.684678751731759 18.0
v -1.3101166113961698 -2.8095541398136143 18.0
v -1.0602624443095725 -2.913047124436316 18.0
v -0.802339039817814 -2.9943700614961117 18.0
v -0.5383093507674841 -3.052904034337845 18.0
v -0.2701828025177406 -3.088203564084411 18.0
v -5.694607616035192e-16 -3.1 18.0
v 0.27018280251773946 -3.088203564084411 18.0
v 0.5383093507674829 -3.0529040343378453 18.0
v 0.802339039817813 -2.994370061496112 18.0
v 1.0602624443095738 -2.913047124436316 18.0
v 1.3101166113961664 -2.809554139813616 18.0
v 1.549999999999998 -2.684678751731761 18.0
v 1.7780869526882428 -2.539371337295875 18.0
v 1.9926415900282717 -2.374737773668832 18.0
v 2.192031021678297 -2.192031021678298 18.0
v 2.3747377736688313 -1.9926415900282728 18.0
v 2.539371337295874 -1.7780869526882441 18.0
v 2.6846787517317603 -1.549999999999999 18.0
v 2.8095541398136143 -1.31011661139617 18.0
v 2.913047124436316 -1.0602624443095727 18.0
v 2.9943700614961117 -0.8023390398178142 18.0
v 3.052904034337845 -0.5383093507674842 18.0
v 3.088203564084411 -0.2701828025177408 18.0
v 1.8 0.0 1.5
v 1.793150456565142 0.1568803369457847 1.5
v 1.7726539554219745 0.3125667198004746 1.5
v 1.738666487320323 0.46587428118453733 1.5
v 1.6914467174146353 0.6156362579862037 1.5
v 1.63135401666597 0.760712871133259 1.5
v 1.5588457268119897 0.8999999999999999 1.5
v 1.4744736797201852 1.032437585431883 1.5
v 1.3788799976141604 1.1570176974357707 1.5
v 1.2727922061357857 1.2727922061357855 1.5
v 1.1570176974357709 1.3788799976141604 1.5
v 1.032437585431883 1.4744736797201852 1.5
v 0.9000000000000002 1.5588457268119895 1.5
v 0.760712871133259 1.63135401666597 1.5
v 0.6156362579862039 1.691446717414635 1.5
v 0.4658742811845377 1.7386664873203228 1.5
v 0.31256671980047473 1.7726539554219745 1.5
v 0.15688033694578465 1.793150456565142 1.5
v 1.1021821192326179e-16 1.8 1.5
v -0.15688033694578443 1.793150456565142 1.5
v -0.31256671980047457 1.7726539554219745 1.5
v -0.46587428118453755 1.738666487320323 1.5
v -0.6156362579862033 1.6914467174146353 1.5
v -0.7607128711332588 1.6313540166659701 1.5
v -0.8999999999999996 1.5588457268119897 1.5
v -1.032437585431883 1.4744736797201852 1.5
v -1.1570176974357709 1.3788799976141604 1.5
v -1.2727922061357855 1.2727922061357857 1.5
v -1.3788799976141604 1.157017697435771 1.5
v -1.4744736797201854 1.0324375854318828 1.5
v -1.5588457268119893 0.9000000000000006 1.5
v -1.63135401666597 0.7607128711332591 1.5
v -1.691446717414635 0.615636257986204 1.5
v -1.738666487320323 0.46587428118453705 1.5
v -1.7726539554219745 0.3125667198004745 1.5
v -1.793150456565142 0.15688033694578477 1.5
v -1.8 2.2043642384652358e-16 1.5
v -1.793150456565142 -0.1568803369457843 1.5
v -1.7726539554219747 -0.31256671980047407 1.5
v -1.7386664873203233 -0.46587428118453666 1.5
v -1.6914467174146353 -0.6156362579862036 1.5
v -1.6313540166659706 -0.760712871133258 1.5
v -1.5588457268119895 -0.9000000000000002 1.5
v -1.4744736797201856 -1.0324375854318826 1.5
v -1.378879997614161 -1.15701769743577 1.5
v -1.272792206135786 -1.2727922061357855 1.5
v -1.157017697435771 -1.3788799976141604 1.5
v -1.0324375854318824 -1.4744736797201858 1.5
v -0.9000000000000008 -1.558845726811989 1.5
v -0.7607128711332599 -1.6313540166659695 1.5
v -0.6156362579862034 -1.6914467174146353 1.5
v -0.46587428118453716 -1.738666487320323 1.5
v -0.3125667198004746 -1.7726539554219745 1.5
v -0.15688033694578485 -1.793150456565142 1.5
v -3.3065463576978537e-16 -1.8 1.5
v 0.1568803369457842 -1.793150456565142 1.5
v 0.31256671980047396 -1.7726539554219747 1.5
v 0.46587428118453655 -1.7386664873203233 1.5
v 0.6156362579862042 -1.691446717414635 1.5
v 0.7607128711332579 -1.6313540166659706 1.5
v 0.8999999999999988 -1.5588457268119904 1.5
v 1.032437585431883 -1.4744736797201852 1.5
v 1.1570176974357707 -1.3788799976141606 1.5
v 1.2727922061357853 -1.272792206135786 1.5
v 1.3788799976141601 -1.1570176974357713 1.5
v 1.474473679720185 -1.0324375854318837 1.5
v 1.55884572681199 -0.8999999999999995 1.5
v 1.6313540166659695 -0.76071287113326 1.5
v 1.6914467174146353 -0.6156362579862035 1.5
v 1.738666487320323 -0.4658742811845372 1.5
v 1.7726539554219745 -0.3125667198004747 1.5
v 1.793150456565142 -0.156880336945785 1.5
v 1.8 0.0 15.5
v 1.793150456565142 0.1568803369457847 15.5
v 1.7726539554219745 0.3125667198004746 15.5
v 1.738666487320323 0.46587428118453733 15.5
v 1.6914467174146353 0.6156362579862037 15.5
v 1.63135401666597 0.760712871133259 15.5
v 1.5588457268119897 0.8999999999999999 15.5
v 1.4744736797201852 1.032437585431883 15.5
v 1.3788799976141604 1.1570176974357707 15.5
v 1.2727922061357857 1.2727922061357855 15.5
v 1.1570176974357709 1.3788799976141604 15.5
v 1.032437585431883 1.4744736797201852 15.5
v 0.9000000000000002 1.5588457268119895 15.5
v 0.760712871133259 1.63135401666597 15.5
v 0.6156362579862039 1.691446717414635 15.5
v 0.4658742811845377 1.7386664873203228 15.5
v 0.31256671980047473 1.7726539554219745 15.5
v 0.15688033694578465 1.793150456565142 15.5
v 1.1021821192326179e-16 1.8 15.5
v -0.15688033694578443 1.793150456565142 15.5
v -0.31256671980047457 1.7726539554219745 15.5
v -0.46587428118453755 1.738666487320323 15.5
v -0.6156362579862033 1.6914467174146353 15.5
v -0.7607128711332588 1.6313540166659701 15.5
v -0.8999999999999996 1.5588457268119897 15.5
v -1.032437585431883 1.4744736797201852 15.5
v -1.1570176974357709 1.3788799976141604 15.5
v -1.2727922061357855 1.2727922061357857 15.5
v -1.3788799976141604 1.157017697435771 15.5
v -1.4744736797201854 1.0324375854318828 15.5
v -1.5588457268119893 0.9000000000000006 15.5
v -1.63135401666597 0.7607128711332591 15.5
v -1.691446717414635 0.615636257986204 15.5
v -1.738666487320323 0.46587428118453705 15.5
v -1.7726539554219745 0.3125667198004745 15.5
v -1.793150456565142 0.15688033694578477 15.5
v -1.8 2.2043642384652358e-16 15.5
v -1.793150456565142 -0.1568803369457843 15.5
v -1.7726539554219747 -0.31256671980047407 15.5
v -1.7386664873203233 -0.46587428118453666 15.5
v -1.6914467174146353 -0.6156362579862036 15.5
v -1.6313540166659706 -0.760712871133258 15.5
v -1.5588457268119895 -0.9000000000000002 15.5
v -1.4744736797201856 -1.0324375854318826 15.5
v -1.378879997614161 -1.15701769743577 15.5
v -1.272792206135786 -1.2727922061357855 15.5
v -1.157017697435771 -1.3788799976141604 15.5
v -1.0324375854318824 -1.4744736797201858 15.5
v -0.9000000000000008 -1.558845726811989 15.5
v -0.7607128711332599 -1.6313540166659695 15.5
v -0.6156362579862034 -1.6914467174146353 15.5
v -0.46587428118453716 -1.738666487320323 15.5
v -0.3125667198004746 -1.7726539554219745 15.5
v -0.15688033694578485 -1.793150456565142 15.5
v -3.3065463576978537e-16 -1.8 15.5
v 0.1568803369457842 -1.793150456565142 15.5
v 0.31256671980047396 -1.7726539554219747 15.5
v 0.46587428118453655 -1.7386664873203233 15.5
v 0.6156362579862042 -1.691446717414635 15.5
v 0.7607128711332579 -1.6313540166659706 15.5
v 0.8999999999999988 -1.5588457268119904 15.5
v 1.032437585431883 -1.4744736797201852 15.5
v 1.1570176974357707 -1.3788799976141606 15.5
v 1.2727922061357853 -1.272792206135786 15.5
v 1.3788799976141601 -1.1570176974357713 15.5
v 1.474473679720185 -1.0324375854318837 15.5
v 1.55884572681199 -0.8999999999999995 15.5
v 1.6313540166659695 -0.76071287113326 15.5
v 1.6914467174146353 -0.6156362579862035 15.5
v 1.738666487320323 -0.4658742811845372 15.5
v 1.7726539554219745 -0.3125667198004747 15.5
v 1.793150456565142 -0.156880336945785 15.5
v 1.4 0.0 1.5
v 1.3946725773284436 0.12201803984672142 1.5
v 1.378730854217091 0.24310744873370244 1.5
v 1.3522961568046956 0.36234666314352904 1.5
v 1.3155696691002716 0.4788282006559362 1.5
v 1.2688309018513098 0.5916655664369792 1.5
v 1.2124355652982142 0.6999999999999998 1.5
v 1.1468128620045885 0.8030070108914644 1.5
v 1.0724622203665692 0.8999026535611548 1.5
v 0.9899494936611666 0.9899494936611664 1.5
v 0.8999026535611551 1.0724622203665692 1.5
v 0.8030070108914645 1.1468128620045883 1.5
v 0.7000000000000001 1.212435565298214 1.5
v 0.5916655664369792 1.2688309018513098 1.5
v 0.47882820065593634 1.3155696691002716 1.5
v 0.3623466631435293 1.3522961568046954 1.5
v 0.24310744873370257 1.378730854217091 1.5
v 0.12201803984672138 1.3946725773284436 1.5
v 8.572527594031472e-17 1.4 1.5
v -0.12201803984672122 1.3946725773284436 1.5
v -0.2431074487337024 1.378730854217091 1.5
v -0.36234666314352915 1.3522961568046956 1.5
v -0.47882820065593584 1.3155696691002716 1.5
v -0.591665566436979 1.26883090185131 1.5
v -0.6999999999999996 1.2124355652982142 1.5
v -0.8030070108914645 1.1468128620045883 1.5
v -0.8999026535611551 1.0724622203665692 1.5
v -0.9899494936611664 0.9899494936611666 1.5
v -1.072462220366569 0.8999026535611552 1.5
v -1.1468128620045885 0.8030070108914643 1.5
v -1.2124355652982137 0.7000000000000004 1.5
v -1.2688309018513098 0.5916655664369792 1.5
v -1.3155696691002716 0.4788282006559364 1.5
v -1.3522961568046956 0.36234666314352876 1.5
v -1.378730854217091 0.24310744873370238 1.5
v -1.3946725773284436 0.12201803984672147 1.5
v -1.4 1.7145055188062944e-16 1.5
v -1.3946725773284436 -0.12201803984672112 1.5
v -1.3787308542170913 -0.24310744873370202 1.5
v -1.3522961568046956 -0.3623466631435285 1.5
v -1.3155696691002716 -0.47882820065593606 1.5
v -1.2688309018513102 -0.5916655664369784 1.5
v -1.212435565298214 -0.7000000000000001 1.5
v -1.1468128620045888 -0.8030070108914641 1.5
v -1.0724622203665697 -0.8999026535611544 1.5
v -0.9899494936611667 -0.9899494936611664 1.5
v -0.8999026535611552 -1.072462220366569 1.5
v -0.803007010891464 -1.146812862004589 1.5
v -0.7000000000000006 -1.2124355652982137 1.5
v -0.5916655664369799 -1.2688309018513095 1.5
v -0.47882820065593595 -1.3155696691002716 1.5
v -0.36234666314352887 -1.3522961568046956 1.5
v -0.24310744873370244 -1.378730854217091 1.5
v -0.12201803984672153 -1.3946725773284436 1.5
v -2.5717582782094415e-16 -1.4 1.5
v 0.12201803984672104 -1.3946725773284436 1.5
v 0.24310744873370194 -1.3787308542170913 1.5
v 0.36234666314352837 -1.3522961568046956 1.5
v 0.47882820065593656 -1.3155696691002716 1.5
v 0.5916655664369783 -1.2688309018513102 1.5
v 0.6999999999999991 -1.2124355652982146 1.5
v 0.8030070108914644 -1.1468128620045885 1.5
v 0.8999026535611548 -1.0724622203665692 1.5
v 0.9899494936611662 -0.9899494936611667 1.5
v 1.0724622203665688 -0.8999026535611554 1.5
v 1.146812862004588 -0.8030070108914651 1.5
v 1.2124355652982142 -0.6999999999999995 1.5
v 1.2688309018513095 -0.59166556643698 1.5
v 1.3155696691002716 -0.478828200655936 1.5
v 1.3522961568046956 -0.3623466631435289 1.5
v 1.378730854217091 -0.24310744873370252 1.5
v 1.3946725773284436 -0.12201803984672163 1.5
v 1.4 0.0 15.5
v 1.3946725773284436 0.12201803984672142 15.5
v 1.378730854217091 0.24310744873370244 15.5
v 1.3522961568046956 0.36234666314352904 15.5
v 1.3155696691002716 0.4788282006559362 15.5
v 1.2688309018513098 0.5916655664369792 15.5
v 1.2124355652982142 0.6999999999999998 15.5
v 1.1468128620045885 0.8030070108914644 15.5
v 1.0724622203665692 0.8999026535611548 15.5
v 0.9899494936611666 0.9899494936611664 15.5
v 0.8999026535611551 1.0724622203665692 15.5
v 0.8030070108914645 1.1468128620045883 15.5
v 0.7000000000000001 1.212435565298214 15.5
v 0.5916655664369792 1.2688309018513098 15.5
v 0.47882820065593634 1.3155696691002716 15.5
v 0.3623466631435293 1.3522961568046954 15.5
v 0.24310744873370257 1.378730854217091 15.5
v 0.12201803984672138 1.3946725773284436 15.5
v 8.572527594031472e-17 1.4 15.5
v -0.12201803984672122 1.3946725773284436 15.5
v -0.2431074487337024 1.378730854217091 15.5
v -0.36234666314352915 1.3522961568046956 15.5
v -0.47882820065593584 1.3155696691002716 15.5
v -0.591665566436979 1.26883090185131 15.5
v -0.6999999999999996 1.2124355652982142 15.5
v -0.8030070108914645 1.1468128620045883 15.5
v -0.8999026535611551 1.0724622203665692 15.5
v -0.9899494936611664 0.9899494936611666 15.5
v -1.072462220366569 0.8999026535611552 15.5
v -1.1468128620045885 0.8030070108914643 15.5
v -1.2124355652982137 0.7000000000000004 15.5
v -1.2688309018513098 0.5916655664369792 15.5
v -1.3155696691002716 0.4788282006559364 15.5
v -1.3522961568046956 0.36234666314352876 15.5
v -1.378730854217091 0.24310744873370238 15.5
v -1.3946725773284436 0.12201803984672147 15.5
v -1.4 1.7145055188062944e-16 15.5
v -1.3946725773284436 -0.12201803984672112 15.5
v -1.3787308542170913 -0.24310744873370202 15.5
v -1.3522961568046956 -0.3623466631435285 15.5
v -1.3155696691002716 -0.47882820065593606 15.5
v -1.2688309018513102 -0.5916655664369784 15.5
v -1.212435565298214 -0.7000000000000001 15.5
v -1.1468128620045888 -0.8030070108914641 15.5
v -1.0724622203665697 -0.8999026535611544 15.5
v -0.9899494936611667 -0.9899494936611664 15.5
v -0.8999026535611552 -1.072462220366569 15.5
v -0.803007010891464 -1.146812862004589 15.5
v -0.7000000000000006 -1.2124355652982137 15.5
v -0.5916655664369799 -1.2688309018513095 15.5
v -0.47882820065593595 -1.3155696691002716 15.5
v -0.36234666314352887 -1.3522961568046956 15.5
v -0.24310744873370244 -1.378730854217091 15.5
v -0.12201803984672153 -1.3946725773284436 15.5
v -2.5717582782094415e-16 -1.4 15.5
v 0.12201803984672104 -1.3946725773284436 15.5
v 0.24310744873370194 -1.3787308542170913 15.5
v 0.36234666314352837 -1.3522961568046956 15.5
v 0.47882820065593656 -1.3155696691002716 15.5
v 0.5916655664369783 -1.2688309018513102 15.5
v 0.6999999999999991 -1.2124355652982146 15.5
v 0.8030070108914644 -1.1468128620045885 15.5
v 0.8999026535611548 -1.0724622203665692 15.5
v 0.9899494936611662 -0.9899494936611667 15.5
v 1.0724622203665688 -0.8999026535611554 15.5
v 1.146812862004588 -0.8030070108914651 15.5
v 1.2124355652982142 -0.6999999999999995 15.5
v 1.2688309018513095 -0.59166556643698 15.5
v 1.3155696691002716 -0.478828200655936 15.5
v 1.3522961568046956 -0.3623466631435289 15.5
v 1.378730854217091 -0.24310744873370252 15.5
v 1.3946725773284436 -0.12201803984672163 15.5
v 3.5 0.0 18.0
v 3.4866814433211095 0.3050450996168036 18.0
v 3.446827135542728 0.6077686218342562 18.0
v 3.380740392011739 0.9058666578588226 18.0
v 3.2889241727506793 1.1970705016398404 18.0
v 3.1720772546282747 1.4791639160924481 18.0
v 3.0310889132455356 1.7499999999999998 18.0
v 2.8670321550114712 2.007517527228661 18.0
v 2.681155550916423 2.249756633902887 18.0
v 2.4748737341529163 2.474873734152916 18.0
v 2.2497566339028876 2.681155550916423 18.0
v 2.0075175272286616 2.867032155011471 18.0
v 1.7500000000000004 3.031088913245535 18.0
v 1.4791639160924481 3.1720772546282747 18.0
v 1.1970705016398409 3.2889241727506793 18.0
v 0.9058666578588234 3.380740392011739 18.0
v 0.6077686218342564 3.446827135542728 18.0
v 0.3050450996168035 3.4866814433211095 18.0
v 2.143131898507868e-16 3.5 18.0
v -0.30504509961680304 3.4866814433211095 18.0
v -0.6077686218342561 3.446827135542728 18.0
v -0.905866657858823 3.380740392011739 18.0
v -1.1970705016398397 3.2889241727506793 18.0
v -1.4791639160924477 3.172077254628275 18.0
v -1.7499999999999991 3.0310889132455356 18.0
v -2.0075175272286616 2.867032155011471 18.0
v -2.2497566339028876 2.681155550916423 18.0
v -2.474873734152916 2.4748737341529163 18.0
v -2.6811555509164227 2.249756633902888 18.0
v -2.8670321550114717 2.0075175272286607 18.0
v -3.0310889132455348 1.750000000000001 18.0
v -3.1720772546282747 1.4791639160924483 18.0
v -3.2889241727506793 1.197070501639841 18.0
v -3.380740392011739 0.905866657858822 18.0
v -3.446827135542728 0.607768621834256 18.0
v -3.4866814433211095 0.3050450996168037 18.0
v -3.5 4.286263797015736e-16 18.0
v -3.4866814433211095 -0.3050450996168028 18.0
v -3.4468271355427285 -0.6077686218342551 18.0
v -3.3807403920117394 -0.9058666578588213 18.0
v -3.2889241727506793 -1.1970705016398404 18.0
v -3.172077254628276 -1.4791639160924461 18.0
v -3.031088913245535 -1.7500000000000004 18.0
v -2.867032155011472 -2.0075175272286603 18.0
v -2.681155550916424 -2.2497566339028863 18.0
v -2.474873734152917 -2.474873734152916 18.0
v -2.249756633902888 -2.6811555509164227 18.0
v -2.00751752722866 -2.8670321550114726 18.0
v -1.7500000000000016 -3.0310889132455343 18.0
v -1.4791639160924497 -3.172077254628274 18.0
v -1.19707050163984 -3.2889241727506793 18.0
v -0.9058666578588221 -3.380740392011739 18.0
v -0.6077686218342562 -3.446827135542728 18.0
v -0.30504509961680387 -3.4866814433211095 18.0
v -6.429395695523604e-16 -3.5 18.0
v 0.3050450996168026 -3.4866814433211095 18.0
v 0.6077686218342548 -3.4468271355427285 18.0
v 0.905866657858821 -3.3807403920117394 18.0
v 1.1970705016398415 -3.2889241727506793 18.0
v 1.479163916092446 -3.172077254628276 18.0
v 1.7499999999999978 -3.0310889132455365 18.0
v 2.007517527228661 -2.8670321550114712 18.0
v 2.249756633902887 -2.6811555509164235 18.0
v 2.474873734152916 -2.474873734152917 18.0
v 2.681155550916422 -2.2497566339028885 18.0
v 2.8670321550114704 -2.0075175272286625 18.0
v 3.0310889132455356 -1.749999999999999 18.0
v 3.172077254628274 -1.47916391609245 18.0
v 3.2889241727506793 -1.1970705016398402 18.0
v 3.380740392011739 -0.9058666578588224 18.0
v 3.446827135542728 -0.6077686218342564 18.0
v 3.4866814433211095 -0.3050450996168041 18.0
v 3.5 0.0 19.0
v 3.4866814433211095 0.3050450996168036 19.0
v 3.446827135542728 0.6077686218342562 19.0
v 3.380740392011739 0.9058666578588226 19.0
v 3.2889241727506793 1.1970705016398404 19.0
v 3.1720772546282747 1.4791639160924481 19.0
v 3.0310889132455356 1.7499999999999998 19.0
v 2.8670321550114712 2.007517527228661 19.0
v 2.681155550916423 2.249756633902887 19.0
v 2.4748737341529163 2.474873734152916 19.0
v 2.2497566339028876 2.681155550916423 19.0
v 2.0075175272286616 2.867032155011471 19.0
v 1.7500000000000004 3.031088913245535 19.0
v 1.4791639160924481 3.1720772546282747 19.0
v 1.1970705016398409 3.2889241727506793 19.0
v 0.9058666578588234 3.380740392011739 19.0
v 0.6077686218342564 3.446827135542728 19.0
v 0.3050450996168035 3.4866814433211095 19.0
v 2.143131898507868e-16 3.5 19.0
v -0.30504509961680304 3.4866814433211095 19.0
v -0.6077686218342561 3.446827135542728 19.0
v -0.905866657858823 3.380740392011739 19.0
v -1.1970705016398397 3.2889241727506793 19.0
v -1.4791639160924477 3.172077254628275 19.0
v -1.7499999999999991 3.0310889132455356 19.0
v -2.0075175272286616 2.867032155011471 19.0
v -2.2497566339028876 2.681155550916423 19.0
v -2.474873734152916 2.4748737341529163 19.0
v -2.6811555509164227 2.249756633902888 19.0
v -2.8670321550114717 2.0075175272286607 19.0
v -3.0310889132455348 1.750000000000001 19.0
v -3.1720772546282747 1.4791639160924483 19.0
v -3.2889241727506793 1.197070501639841 19.0
v -3.380740392011739 0.905866657858822 19.0
v -3.446827135542728 0.607768621834256 19.0
v -3.4866814433211095 0.3050450996168037 19.0
v -3.5 4.286263797015736e-16 19.0
v -3.4866814433211095 -0.3050450996168028 19.0
v -3.4468271355427285 -0.6077686218342551 19.0
v -3.3807403920117394 -0.9058666578588213 19.0
v -3.2889241727506793 -1.1970705016398404 19.0
v -3.172077254628276 -1.4791639160924461 19.0
v -3.031088913245535 -1.7500000000000004 19.0
v -2.867032155011472 -2.0075175272286603 19.0
v -2.681155550916424 -2.2497566339028863 19.0
v -2.474873734152917 -2.474873734152916 19.0
v -2.249756633902888 -2.6811555509164227 19.0
v -2.00751752722866 -2.8670321550114726 19.0
v -1.7500000000000016 -3.0310889132455343 19.0
v -1.4791639160924497 -3.172077254628274 19.0
v -1.19707050163984 -3.2889241727506793 19.0
v -0.9058666578588221 -3.380740392011739 19.0
v -0.6077686218342562 -3.446827135542728 19.0
v -0.30504509961680387 -3.4866814433211095 19.0
v -6.429395695523604e-16 -3.5 19.0
v 0.3050450996168026 -3.4866814433211095 19.0
v 0.6077686218342548 -3.4468271355427285 19.0
v 0.905866657858821 -3.3807403920117394 19.0
v 1.1970705016398415 -3.2889241727506793 19.0
v 1.479163916092446 -3.172077254628276 19.0
v 1.7499999999999978 -3.0310889132455365 19.0
v 2.007517527228661 -2.8670321550114712 19.0
v 2.249756633902887 -2.6811555509164235 19.0
v 2.474873734152916 -2.474873734152917 19.0
v 2.681155550916422 -2.2497566339028885 19.0
v 2.8670321550114704 -2.0075175272286625 19.0
v 3.0310889132455356 -1.749999999999999 19.0
v 3.172077254628274 -1.47916391609245 19.0
v 3.2889241727506793 -1.1970705016398402 19.0
v 3.380740392011739 -0.9058666578588224 19.0
v 3.446827135542728 -0.6077686218342564 19.0
v 3.4866814433211095 -0.3050450996168041 19.0
v 0.9 0.0 18.0
v 0.896575228282571 0.07844016847289235 18.0
v 0.8863269777109872 0.1562833599002373 18.0
v 0.8693332436601615 0.23293714059226867 18.0
v 0.8457233587073176 0.30781812899310185 18.0
v 0.815677008332985 0.3803564355666295 18.0
v 0.7794228634059949 0.44999999999999996 18.0
v 0.7372368398600926 0.5162187927159415 18.0
v 0.6894399988070802 0.5785088487178853 18.0
v 0.6363961030678928 0.6363961030678927 18.0
v 0.5785088487178854 0.6894399988070802 18.0
v 0.5162187927159415 0.7372368398600926 18.0
v 0.4500000000000001 0.7794228634059948 18.0
v 0.3803564355666295 0.815677008332985 18.0
v 0.30781812899310196 0.8457233587073175 18.0
v 0.23293714059226886 0.8693332436601614 18.0
v 0.15628335990023737 0.8863269777109872 18.0
v 0.07844016847289233 0.896575228282571 18.0
v 5.5109105961630896e-17 0.9 18.0
v -0.07844016847289222 0.896575228282571 18.0
v -0.15628335990023728 0.8863269777109872 18.0
v -0.23293714059226878 0.8693332436601615 18.0
v -0.3078181289931016 0.8457233587073176 18.0
v -0.3803564355666294 0.8156770083329851 18.0
v -0.4499999999999998 0.7794228634059949 18.0
v -0.5162187927159415 0.7372368398600926 18.0
v -0.5785088487178854 0.6894399988070802 18.0
v -0.6363961030678927 0.6363961030678928 18.0
v -0.6894399988070802 0.5785088487178855 18.0
v -0.7372368398600927 0.5162187927159414 18.0
v -0.7794228634059946 0.4500000000000003 18.0
v -0.815677008332985 0.38035643556662957 18.0
v -0.8457233587073175 0.307818128993102 18.0
v -0.8693332436601615 0.23293714059226853 18.0
v -0.8863269777109872 0.15628335990023726 18.0
v -0.896575228282571 0.07844016847289238 18.0
v -0.9 1.1021821192326179e-16 18.0
v -0.896575228282571 -0.07844016847289215 18.0
v -0.8863269777109873 -0.15628335990023703 18.0
v -0.8693332436601616 -0.23293714059226833 18.0
v -0.8457233587073176 -0.3078181289931018 18.0
v -0.8156770083329853 -0.380356435566629 18.0
v -0.7794228634059948 -0.4500000000000001 18.0
v -0.7372368398600928 -0.5162187927159413 18.0
v -0.6894399988070805 -0.578508848717885 18.0
v -0.636396103067893 -0.6363961030678927 18.0
v -0.5785088487178855 -0.6894399988070802 18.0
v -0.5162187927159412 -0.7372368398600929 18.0
v -0.4500000000000004 -0.7794228634059945 18.0
v -0.38035643556662996 -0.8156770083329847 18.0
v -0.3078181289931017 -0.8457233587073176 18.0
v -0.23293714059226858 -0.8693332436601615 18.0
v -0.1562833599002373 -0.8863269777109872 18.0
v -0.07844016847289242 -0.896575228282571 18.0
v -1.6532731788489269e-16 -0.9 18.0
v 0.0784401684728921 -0.896575228282571 18.0
v 0.15628335990023698 -0.8863269777109873 18.0
v 0.23293714059226828 -0.8693332436601616 18.0
v 0.3078181289931021 -0.8457233587073175 18.0
v 0.38035643556662896 -0.8156770083329853 18.0
v 0.4499999999999994 -0.7794228634059952 18.0
v 0.5162187927159415 -0.7372368398600926 18.0
v 0.5785088487178853 -0.6894399988070803 18.0
v 0.6363961030678926 -0.636396103067893 18.0
v 0.6894399988070801 -0.5785088487178857 18.0
v 0.7372368398600925 -0.5162187927159418 18.0
v 0.779422863405995 -0.44999999999999973 18.0
v 0.8156770083329847 -0.38035643556663 18.0
v 0.8457233587073176 -0.30781812899310174 18.0
v 0.8693332436601615 -0.2329371405922686 18.0
v 0.8863269777109872 -0.15628335990023734 18.0
v 0.896575228282571 -0.0784401684728925 18.0
v 0.9 0.0 19.0
v 0.896575228282571 0.07844016847289235 19.0
v 0.8863269777109872 0.1562833599002373 19.0
v 0.8693332436601615 0.23293714059226867 19.0
v 0.8457233587073176 0.30781812899310185 19.0
v 0.815677008332985 0.3803564355666295 19.0
v 0.7794228634059949 0.44999999999999996 19.0
v 0.7372368398600926 0.5162187927159415 19.0
v 0.6894399988070802 0.5785088487178853 19.0
v 0.6363961030678928 0.6363961030678927 19.0
v 0.5785088487178854 0.6894399988070802 19.0
v 0.5162187927159415 0.7372368398600926 19.0
v 0.4500000000000001 0.7794228634059948 19.0
v 0.3803564355666295 0.815677008332985 19.0
v 0.30781812899310196 0.8457233587073175 19.0
v 0.23293714059226886 0.8693332436601614 19.0
v 0.15628335990023737 0.8863269777109872 19.0
v 0.07844016847289233 0.896575228282571 19.0
v 5.5109105961630896e-17 0.9 19.0
v -0.07844016847289222 0.896575228282571 19.0
v -0.15628335990023728 0.8863269777109872 19.0
v -0.23293714059226878 0.8693332436601615 19.0
v -0.3078181289931016 0.8457233587073176 19.0
v -0.3803564355666294 0.8156770083329851 19.0
v -0.4499999999999998 0.7794228634059949 19.0
v -0.5162187927159415 0.7372368398600926 19.0
v -0.5785088487178854 0.6894399988070802 19.0
v -0.6363961030678927 0.6363961030678928 19.0
v -0.6894399988070802 0.5785088487178855 19.0
v -0.7372368398600927 0.5162187927159414 19.0
v -0.7794228634059946 0.4500000000000003 19.0
v -0.815677008332985 0.38035643556662957 19.0
v -0.8457233587073175 0.307818128993102 19.0
v -0.8693332436601615 0.23293714059226853 19.0
v -0.8863269777109872 0.15628335990023726 19.0
v -0.896575228282571 0.07844016847289238 19.0
v -0.9 1.1021821192326179e-16 19.0
v -0.896575228282571 -0.07844016847289215 19.0
v -0.8863269777109873 -0.15628335990023703 19.0
v -0.8693332436601616 -0.23293714059226833 19.0
v -0.8457233587073176 -0.3078181289931018 19.0
v -0.8156770083329853 -0.380356435566629 19.0
v -0.7794228634059948 -0.4500000000000001 19.0
v -0.7372368398600928 -0.5162187927159413 19.0
v -0.6894399988070805 -0.578508848717885 19.0
v -0.636396103067893 -0.6363961030678927 19.0
v -0.5785088487178855 -0.6894399988070802 19.0
v -0.5162187927159412 -0.7372368398600929 19.0
v -0.4500000000000004 -0.7794228634059945 19.0
v -0.38035643556662996 -0.8156770083329847 19.0
v -0.3078181289931017 -0.8457233587073176 19.0
v -0.23293714059226858 -0.8693332436601615 19.0
v -0.1562833599002373 -0.8863269777109872 19.0
v -0.07844016847289242 -0.896575228282571 19.0
v -1.6532731788489269e-16 -0.9 19.0
v 0.0784401684728921 -0.896575228282571 19.0
v 0.15628335990023698 -0.8863269777109873 19.0
v 0.23293714059226828 -0.8693332436601616 19.0
v 0.3078181289931021 -0.8457233587073175 19.0
v 0.38035643556662896 -0.8156770083329853 19.0
v 0.4499999999999994 -0.7794228634059952 19.0
v 0.5162187927159415 -0.7372368398600926 19.0
v 0.5785088487178853 -0.6894399988070803 19.0
v 0.6363961030678926 -0.636396103067893 19.0
v 0.6894399988070801 -0.5785088487178857 19.0
v 0.7372368398600925 -0.5162187927159418 19.0
v 0.779422863405995 -0.44999999999999973 19.0
v 0.8156770083329847 -0.38035643556663 19.0
v 0.8457233587073176 -0.30781812899310174 19.0
v 0.8693332436601615 -0.2329371405922686 19.0
v 0.8863269777109872 -0.15628335990023734 19.0
v 0.896575228282571 -0.0784401684728925 19.0
v 0.9 0.0 19.0
v 0.896575228282571 0.07844016847289235 19.0
v 0.8863269777109872 0.1562833599002373 19.0
v 0.8693332436601615 0.23293714059226867 19.0
v 0.8457233587073176 0.30781812899310185 19.0
v 0.815677008332985 0.3803564355666295 19.0
v 0.7794228634059949 0.44999999999999996 19.0
v 0.7372368398600926 0.5162187927159415 19.0
v 0.6894399988070802 0.5785088487178853 19.0
v 0.6363961030678928 0.6363961030678927 19.0
v 0.5785088487178854 0.6894399988070802 19.0
v 0.5162187927159415 0.7372368398600926 19.0
v 0.4500000000000001 0.7794228634059948 19.0
v 0.3803564355666295 0.815677008332985 19.0
v 0.30781812899310196 0.8457233587073175 19.0
v 0.23293714059226886 0.8693332436601614 19.0
v 0.15628335990023737 0.8863269777109872 19.0
v 0.07844016847289233 0.896575228282571 19.0
v 5.5109105961630896e-17 0.9 19.0
v -0.07844016847289222 0.896575228282571 19.0
v -0.15628335990023728 0.8863269777109872 19.0
v -0.23293714059226878 0.8693332436601615 19.0
v -0.3078181289931016 0.8457233587073176 19.0
v -0.3803564355666294 0.8156770083329851 19.0
v -0.4499999999999998 0.7794228634059949 19.0
v -0.5162187927159415 0.7372368398600926 19.0
v -0.5785088487178854 0.6894399988070802 19.0
v -0.6363961030678927 0.6363961030678928 19.0
v -0.6894399988070802 0.5785088487178855 19.0
v -0.7372368398600927 0.5162187927159414 19.0
v -0.7794228634059946 0.4500000000000003 19.0
v -0.815677008332985 0.38035643556662957 19.0
v -0.8457233587073175 0.307818128993102 19.0
v -0.8693332436601615 0.23293714059226853 19.0
v -0.8863269777109872 0.15628335990023726 19.0
v -0.896575228282571 0.07844016847289238 19.0
v -0.9 1.1021821192326179e-16 19.0
v -0.896575228282571 -0.07844016847289215 19.0
v -0.8863269777109873 -0.15628335990023703 19.0
v -0.8693332436601616 -0.23293714059226833 19.0
v -0.8457233587073176 -0.3078181289931018 19.0
v -0.8156770083329853 -0.380356435566629 19.0
v -0.7794228634059948 -0.4500000000000001 19.0
v -0.7372368398600928 -0.5162187927159413 19.0
v -0.6894399988070805 -0.578508848717885 19.0
v -0.636396103067893 -0.6363961030678927 19.0
v -0.5785088487178855 -0.6894399988070802 19.0
v -0.5162187927159412 -0.7372368398600929 19.0
v -0.4500000000000004 -0.7794228634059945 19.0
v -0.38035643556662996 -0.8156770083329847 19.0
v -0.3078181289931017 -0.8457233587073176 19.0
v -0.23293714059226858 -0.8693332436601615 19.0
v -0.1562833599002373 -0.8863269777109872 19.0
v -0.07844016847289242 -0.896575228282571 19.0
v -1.6532731788489269e-16 -0.9 19.0
v 0.0784401684728921 -0.896575228282571 19.0
v 0.15628335990023698 -0.8863269777109873 19.0
v 0.23293714059226828 -0.8693332436601616 19.0
v 0.3078181289931021 -0.8457233587073175 19.0
v 0.38035643556662896 -0.8156770083329853 19.0
v 0.4499999999999994 -0.7794228634059952 19.0
v 0.5162187927159415 -0.7372368398600926 19.0
v 0.5785088487178853 -0.6894399988070803 19.0
v 0.6363961030678926 -0.636396103067893 19.0
v 0.6894399988070801 -0.5785088487178857 19.0
v 0.7372368398600925 -0.5162187927159418 19.0
v 0.779422863405995 -0.44999999999999973 19.0
v 0.8156770083329847 -0.38035643556663 19.0
v 0.8457233587073176 -0.30781812899310174 19.0
v 0.8693332436601615 -0.2329371405922686 19.0
v 0.8863269777109872 -0.15628335990023734 19.0
v 0.896575228282571 -0.0784401684728925 19.0
v 0.9 0.0 22.0
v 0.896575228282571 0.07844016847289235 22.0
v 0.8863269777109872 0.1562833599002373 22.0
v 0.8693332436601615 0.23293714059226867 22.0
v 0.8457233587073176 0.30781812899310185 22.0
v 0.815677008332985 0.3803564355666295 22.0
v 0.7794228634059949 0.44999999999999996 22.0
v 0.7372368398600926 0.5162187927159415 22.0
v 0.6894399988070802 0.5785088487178853 22.0
v 0.6363961030678928 0.6363961030678927 22.0
v 0.5785088487178854 0.6894399988070802 22.0
v 0.5162187927159415 0.7372368398600926 22.0
v 0.4500000000000001 0.7794228634059948 22.0
v 0.3803564355666295 0.815677008332985 22.0
v 0.30781812899310196 0.8457233587073175 22.0
v 0.23293714059226886 0.8693332436601614 22.0
v 0.15628335990023737 0.8863269777109872 22.0
v 0.07844016847289233 0.896575228282571 22.0
v 5.5109105961630896e-17 0.9 22.0
v -0.07844016847289222 0.896575228282571 22.0
v -0.15628335990023728 0.8863269777109872 22.0
v -0.23293714059226878 0.8693332436601615 22.0
v -0.3078181289931016 0.8457233587073176 22.0
v -0.3803564355666294 0.8156770083329851 22.0
v -0.4499999999999998 0.7794228634059949 22.0
v -0.5162187927159415 0.7372368398600926 22.0
v -0.5785088487178854 0.6894399988070802 22.0
v -0.6363961030678927 0.6363961030678928 22.0
v -0.6894399988070802 0.5785088487178855 22.0
v -0.7372368398600927 0.5162187927159414 22.0
v -0.7794228634059946 0.4500000000000003 22.0
v -0.815677008332985 0.38035643556662957 22.0
v -0.8457233587073175 0.307818128993102 22.0
v -0.8693332436601615 0.23293714059226853 22.0
v -0.8863269777109872 0.15628335990023726 22.0
v -0.896575228282571 0.07844016847289238 22.0
v -0.9 1.1021821192326179e-16 22.0
v -0.896575228282571 -0.07844016847289215 22.0
v -0.8863269777109873 -0.15628335990023703 22.0
v -0.8693332436601616 -0.23293714059226833 22.0
v -0.8457233587073176 -0.3078181289931018 22.0
v -0.8156770083329853 -0.380356435566629 22.0
v -0.7794228634059948 -0.4500000000000001 22.0
v -0.7372368398600928 -0.5162187927159413 22.0
v -0.6894399988070805 -0.578508848717885 22.0
v -0.636396103067893 -0.6363961030678927 22.0
v -0.5785088487178855 -0.6894399988070802 22.0
v -0.5162187927159412 -0.7372368398600929 22.0
v -0.4500000000000004 -0.7794228634059945 22.0
v -0.38035643556662996 -0.8156770083329847 22.0
v -0.3078181289931017 -0.8457233587073176 22.0
v -0.23293714059226858 -0.8693332436601615 22.0
v -0.1562833599002373 -0.8863269777109872 22.0
v -0.07844016847289242 -0.896575228282571 22.0
v -1.6532731788489269e-16 -0.9 22.0
v 0.0784401684728921 -0.896575228282571 22.0
v 0.15628335990023698 -0.8863269777109873 22.0
v 0.23293714059226828 -0.8693332436601616 22.0
v 0.3078181289931021 -0.8457233587073175 22.0
v 0.38035643556662896 -0.8156770083329853 22.0
v 0.4499999999999994 -0.7794228634059952 22.0
v 0.5162187927159415 -0.7372368398600926 22.0
v 0.5785088487178853 -0.6894399988070803 22.0
v 0.6363961030678926 -0.636396103067893 22.0
v 0.6894399988070801 -0.5785088487178857 22.0
v 0.7372368398600925 -0.5162187927159418 22.0
v 0.779422863405995 -0.44999999999999973 22.0
v 0.8156770083329847 -0.38035643556663 22.0
v 0.8457233587073176 -0.30781812899310174 22.0
v 0.8693332436601615 -0.2329371405922686 22.0
v 0.8863269777109872 -0.15628335990023734 22.0
v 0.896575228282571 -0.0784401684728925 22.0
v 0.5 0.0 19.0
v 0.4980973490458728 0.04357787137382908 19.0
v 0.492403876506104 0.08682408883346517 19.0
v 0.48296291314453416 0.12940952255126037 19.0
v 0.4698463103929542 0.17101007166283436 19.0
v 0.45315389351832497 0.21130913087034972 19.0
v 0.43301270189221935 0.24999999999999997 19.0
v 0.4095760221444959 0.286788218175523 19.0
v 0.383022221559489 0.3213938048432696 19.0
v 0.3535533905932738 0.35355339059327373 19.0
v 0.3213938048432697 0.383022221559489 19.0
v 0.2867882181755231 0.40957602214449584 19.0
v 0.25000000000000006 0.4330127018922193 19.0
v 0.21130913087034972 0.45315389351832497 19.0
v 0.1710100716628344 0.46984631039295416 19.0
v 0.12940952255126048 0.4829629131445341 19.0
v 0.08682408883346521 0.492403876506104 19.0
v 0.04357787137382907 0.4980973490458728 19.0
v 3.061616997868383e-17 0.5 19.0
v -0.04357787137382901 0.4980973490458728 19.0
v -0.08682408883346515 0.492403876506104 19.0
v -0.12940952255126043 0.48296291314453416 19.0
v -0.17101007166283425 0.4698463103929542 19.0
v -0.21130913087034967 0.453153893518325 19.0
v -0.2499999999999999 0.43301270189221935 19.0
v -0.2867882181755231 0.40957602214449584 19.0
v -0.3213938048432697 0.383022221559489 19.0
v -0.35355339059327373 0.3535533905932738 19.0
v -0.38302222155948895 0.32139380484326974 19.0
v -0.40957602214449595 0.28678821817552297 19.0
v -0.43301270189221924 0.25000000000000017 19.0
v -0.45315389351832497 0.21130913087034975 19.0
v -0.46984631039295416 0.17101007166283444 19.0
v -0.48296291314453416 0.1294095225512603 19.0
v -0.492403876506104 0.08682408883346514 19.0
v -0.4980973490458728 0.0435778713738291 19.0
v -0.5 6.123233995736766e-17 19.0
v -0.4980973490458728 -0.04357787137382897 19.0
v -0.49240387650610407 -0.08682408883346501 19.0
v -0.4829629131445342 -0.12940952255126018 19.0
v -0.4698463103929542 -0.17101007166283433 19.0
v -0.45315389351832513 -0.21130913087034944 19.0
v -0.4330127018922193 -0.25000000000000006 19.0
v -0.409576022144496 -0.2867882181755229 19.0
v -0.3830222215594892 -0.32139380484326946 19.0
v -0.35355339059327384 -0.35355339059327373 19.0
v -0.32139380484326974 -0.38302222155948895 19.0
v -0.28678821817552286 -0.40957602214449607 19.0
v -0.2500000000000002 -0.4330127018922192 19.0
v -0.21130913087034997 -0.45315389351832486 19.0
v -0.17101007166283427 -0.4698463103929542 19.0
v -0.12940952255126031 -0.48296291314453416 19.0
v -0.08682408883346517 -0.492403876506104 19.0
v -0.043577871373829125 -0.4980973490458728 19.0
v -9.184850993605148e-17 -0.5 19.0
v 0.043577871373828944 -0.4980973490458728 19.0
v 0.08682408883346499 -0.49240387650610407 19.0
v 0.12940952255126015 -0.4829629131445342 19.0
v 0.1710100716628345 -0.46984631039295416 19.0
v 0.21130913087034942 -0.45315389351832513 19.0
v 0.24999999999999967 -0.4330127018922195 19.0
v 0.286788218175523 -0.4095760221444959 19.0
v 0.3213938048432696 -0.38302222155948906 19.0
v 0.3535533905932737 -0.35355339059327384 19.0
v 0.3830222215594889 -0.3213938048432698 19.0
v 0.4095760221444958 -0.28678821817552325 19.0
v 0.4330127018922194 -0.24999999999999983 19.0
v 0.45315389351832486 -0.21130913087035 19.0
v 0.4698463103929542 -0.1710100716628343 19.0
v 0.48296291314453416 -0.12940952255126034 19.0
v 0.492403876506104 -0.0868240888334652 19.0
v 0.4980973490458728 -0.04357787137382916 19.0
v 0.5 0.0 22.0
v 0.4980973490458728 0.04357787137382908 22.0
v 0.492403876506104 0.08682408883346517 22.0
v 0.48296291314453416 0.12940952255126037 22.0
v 0.4698463103929542 0.17101007166283436 22.0
v 0.45315389351832497 0.21130913087034972 22.0
v 0.43301270189221935 0.24999999999999997 22.0
v 0.4095760221444959 0.286788218175523 22.0
v 0.383022221559489 0.3213938048432696 22.0
v 0.3535533905932738 0.35355339059327373 22.0
v 0.3213938048432697 0.383022221559489 22.0
v 0.2867882181755231 0.40957602214449584 22.0
v 0.25000000000000006 0.4330127018922193 22.0
v 0.21130913087034972 0.45315389351832497 22.0
v 0.1710100716628344 0.46984631039295416 22.0
v 0.12940952255126048 0.4829629131445341 22.0
v 0.08682408883346521 0.492403876506104 22.0
v 0.04357787137382907 0.4980973490458728 22.0
v 3.061616997868383e-17 0.5 22.0
v -0.04357787137382901 0.4980973490458728 22.0
v -0.08682408883346515 0.492403876506104 22.0
v -0.12940952255126043 0.48296291314453416 22.0
v -0.17101007166283425 0.4698463103929542 22.0
v -0.21130913087034967 0.453153893518325 22.0
v -0.2499999999999999 0.43301270189221935 22.0
v -0.2867882181755231 0.40957602214449584 22.0
v -0.3213938048432697 0.383022221559489 22.0
v -0.35355339059327373 0.3535533905932738 22.0
v -0.38302222155948895 0.32139380484326974 22.0
v -0.40957602214449595 0.28678821817552297 22.0
v -0.43301270189221924 0.25000000000000017 22.0
v -0.45315389351832497 0.21130913087034975 22.0
v -0.46984631039295416 0.17101007166283444 22.0
v -0.48296291314453416 0.1294095225512603 22.0
v -0.492403876506104 0.08682408883346514 22.0
v -0.4980973490458728 0.0435778713738291 22.0
v -0.5 6.123233995736766e-17 22.0
v -0.4980973490458728 -0.04357787137382897 22.0
v -0.49240387650610407 -0.08682408883346501 22.0
v -0.4829629131445342 -0.12940952255126018 22.0
v -0.4698463103929542 -0.17101007166283433 22.0
v -0.45315389351832513 -0.21130913087034944 22.0
v -0.4330127018922193 -0.25000000000000006 22.0
v -0.409576022144496 -0.2867882181755229 22.0
v -0.3830222215594892 -0.32139380484326946 22.0
v -0.35355339059327384 -0.35355339059327373 22.0
v -0.32139380484326974 -0.38302222155948895 22.0
v -0.28678821817552286 -0.40957602214449607 22.0
v -0.2500000000000002 -0.4330127018922192 22.0
v -0.21130913087034997 -0.45315389351832486 22.0
v -0.17101007166283427 -0.4698463103929542 22.0
v -0.12940952255126031 -0.48296291314453416 22.0
v -0.08682408883346517 -0.492403876506104 22.0
v -0.043577871373829125 -0.4980973490458728 22.0
v -9.184850993605148e-17 -0.5 22.0
v 0.043577871373828944 -0.4980973490458728 22.0
v 0.08682408883346499 -0.49240387650610407 22.0
v 0.12940952255126015 -0.4829629131445342 22.0
v 0.1710100716628345 -0.46984631039295416 22.0
v 0.21130913087034942 -0.45315389351832513 22.0
v 0.24999999999999967 -0.4330127018922195 22.0
v 0.286788218175523 -0.4095760221444959 22.0
v 0.3213938048432696 -0.38302222155948906 22.0
v 0.3535533905932737 -0.35355339059327384 22.0
v 0.3830222215594889 -0.3213938048432698 22.0
v 0.4095760221444958 -0.28678821817552325 22.0
v 0.4330127018922194 -0.24999999999999983 22.0
v 0.45315389351832486 -0.21130913087035 22.0
v 0.4698463103929542 -0.1710100716628343 22.0
v 0.48296291314453416 -0.12940952255126034 22.0
v 0.492403876506104 -0.0868240888334652 22.0
v 0.4980973490458728 -0.04357787137382916 22.0
v 3.5 0.0 0.0
v 3.4866814433211095 0.3050450996168036 0.0
v 3.446827135542728 0.6077686218342562 0.0
v 3.380740392011739 0.9058666578588226 0.0
v 3.2889241727506793 1.1970705016398404 0.0
v 3.1720772546282747 1.4791639160924481 0.0
v 3.0310889132455356 1.7499999999999998 0.0
v 2.8670321550114712 2.007517527228661 0.0
v 2.681155550916423 2.249756633902887 0.0
v 2.4748737341529163 2.474873734152916 0.0
v 2.2497566339028876 2.681155550916423 0.0
v 2.0075175272286616 2.867032155011471 0.0
v 1.7500000000000004 3.031088913245535 0.0
v 1.4791639160924481 3.1720772546282747 0.0
v 1.1970705016398409 3.2889241727506793 0.0
v 0.9058666578588234 3.380740392011739 0.0
v 0.6077686218342564 3.446827135542728 0.0
v 0.3050450996168035 3.4866814433211095 0.0
v 2.143131898507868e-16 3.5 0.0
v -0.30504509961680304 3.4866814433211095 0.0
v -0.6077686218342561 3.446827135542728 0.0
v -0.905866657858823 3.380740392011739 0.0
v -1.1970705016398397 3.2889241727506793 0.0
v -1.4791639160924477 3.172077254628275 0.0
v -1.7499999999999991 3.0310889132455356 0.0
v -2.0075175272286616 2.867032155011471 0.0
v -2.2497566339028876 2.681155550916423 0.0
v -2.474873734152916 2.4748737341529163 0.0
v -2.6811555509164227 2.249756633902888 0.0
v -2.8670321550114717 2.0075175272286607 0.0
v -3.0310889132455348 1.750000000000001 0.0
v -3.1720772546282747 1.4791639160924483 0.0
v -3.2889241727506793 1.197070501639841 0.0
v -3.380740392011739 0.905866657858822 0.0
v -3.446827135542728 0.607768621834256 0.0
v -3.4866814433211095 0.3050450996168037 0.0
v -3.5 4.286263797015736e-16 0.0
v -3.4866814433211095 -0.3050450996168028 0.0
v -3.4468271355427285 -0.6077686218342551 0.0
v -3.3807403920117394 -0.9058666578588213 0.0
v -3.2889241727506793 -1.1970705016398404 0.0
v -3.172077254628276 -1.4791639160924461 0.0
v -3.031088913245535 -1.7500000000000004 0.0
v -2.867032155011472 -2.0075175272286603 0.0
v -2.681155550916424 -2.2497566339028863 0.0
v -2.474873734152917 -2.474873734152916 0.0
v -2.249756633902888 -2.6811555509164227 0.0
v -2.00751752722866 -2.8670321550114726 0.0
v -1.7500000000000016 -3.0310889132455343 0.0
v -1.4791639160924497 -3.172077254628274 0.0
v -1.19707050163984 -3.2889241727506793 0.0
v -0.9058666578588221 -3.380740392011739 0.0
v -0.6077686218342562 -3.446827135542728 0.0
v -0.30504509961680387 -3.4866814433211095 0.0
v -6.429395695523604e-16 -3.5 0.0
v 0.3050450996168026 -3.4866814433211095 0.0
v 0.6077686218342548 -3.4468271355427285 0.0
v 0.905866657858821 -3.3807403920117394 0.0
v 1.1970705016398415 -3.2889241727506793 0.0
v 1.479163916092446 -3.172077254628276 0.0
v 1.7499999999999978 -3.0310889132455365 0.0
v 2.007517527228661 -2.8670321550114712 0.0
v 2.249756633902887 -2.6811555509164235 0.0
v 2.474873734152916 -2.474873734152917 0.0
v 2.681155550916422 -2.2497566339028885 0.0
v 2.8670321550114704 -2.0075175272286625 0.0
v 3.0310889132455356 -1.749999999999999 0.0
v 3.172077254628274 -1.47916391609245 0.0
v 3.2889241727506793 -1.1970705016398402 0.0
v 3.380740392011739 -0.9058666578588224 0.0
v 3.446827135542728 -0.6077686218342564 0.0
v 3.4866814433211095 -0.3050450996168041 0.0
v 2.6 0.0 -0.8
v 2.5901062150385386 0.22660493114391123 -0.8
v 2.560500157831741 0.4514852619340189 -0.8
v 2.511407148351578 0.6729295172665539 -0.8
v 2.443200814043362 0.8892523726467387 -0.8
v 2.3564002462952898 1.0988074805258186 -0.8
v 2.2516660498395407 1.2999999999999998 -0.8
v 2.129795315151379 1.4912987345127198 -0.8
v 1.9917155521093428 1.671247785185002 -0.8
v 1.8384776310850237 1.8384776310850235 -0.8
v 1.6712477851850025 1.9917155521093428 -0.8
v 1.49129873451272 2.1297953151513784 -0.8
v 1.3000000000000003 2.25166604983954 -0.8
v 1.0988074805258186 2.3564002462952898 -0.8
v 0.889252372646739 2.4432008140433616 -0.8
v 0.6729295172665545 2.5114071483515774 -0.8
v 0.4514852619340191 2.560500157831741 -0.8
v 0.22660493114391117 2.5901062150385386 -0.8
v 1.5920408388915593e-16 2.6 -0.8
v -0.22660493114391084 2.5901062150385386 -0.8
v -0.4514852619340188 2.560500157831741 -0.8
v -0.6729295172665543 2.511407148351578 -0.8
v -0.8892523726467381 2.443200814043362 -0.8
v -1.0988074805258183 2.35640024629529 -0.8
v -1.2999999999999994 2.2516660498395407 -0.8
v -1.49129873451272 2.1297953151513784 -0.8
v -1.6712477851850025 1.9917155521093428 -0.8
v -1.8384776310850235 1.8384776310850237 -0.8
v -1.9917155521093426 1.6712477851850027 -0.8
v -2.129795315151379 1.4912987345127195 -0.8
v -2.25166604983954 1.300000000000001 -0.8
v -2.3564002462952898 1.0988074805258188 -0.8
v -2.4432008140433616 0.8892523726467391 -0.8
v -2.511407148351578 0.6729295172665535 -0.8
v -2.560500157831741 0.4514852619340187 -0.8
v -2.5901062150385386 0.2266049311439113 -0.8
v -2.6 3.1840816777831187e-16 -0.8
v -2.5901062150385386 -0.22660493114391067 -0.8
v -2.5605001578317412 -0.45148526193401806 -0.8
v -2.511407148351578 -0.6729295172665529 -0.8
v -2.443200814043362 -0.8892523726467385 -0.8
v -2.3564002462952907 -1.0988074805258172 -0.8
v -2.25166604983954 -1.3000000000000003 -0.8
v -2.1297953151513793 -1.491298734512719 -0.8
v -1.9917155521093437 -1.6712477851850012 -0.8
v -1.838477631085024 -1.8384776310850235 -0.8
v -1.6712477851850027 -1.9917155521093426 -0.8
v -1.4912987345127189 -2.1297953151513798 -0.8
v -1.3000000000000012 -2.2516660498395398 -0.8
v -1.09880748052582 -2.3564002462952893 -0.8
v -0.8892523726467383 -2.443200814043362 -0.8
v -0.6729295172665537 -2.511407148351578 -0.8
v -0.4514852619340189 -2.560500157831741 -0.8
v -0.22660493114391145 -2.5901062150385386 -0.8
v -4.776122516674677e-16 -2.6 -0.8
v 0.2266049311439105 -2.5901062150385386 -0.8
v 0.45148526193401795 -2.5605001578317412 -0.8
v 0.6729295172665528 -2.511407148351578 -0.8
v 0.8892523726467394 -2.4432008140433616 -0.8
v 1.098807480525817 -2.3564002462952907 -0.8
v 1.2999999999999983 -2.2516660498395416 -0.8
v 1.4912987345127198 -2.129795315151379 -0.8
v 1.671247785185002 -1.9917155521093433 -0.8
v 1.8384776310850233 -1.838477631085024 -0.8
v 1.9917155521093424 -1.671247785185003 -0.8
v 2.129795315151378 -1.4912987345127209 -0.8
v 2.251666049839541 -1.2999999999999992 -0.8
v 2.3564002462952893 -1.0988074805258201 -0.8
v 2.443200814043362 -0.8892523726467384 -0.8
v 2.511407148351578 -0.6729295172665538 -0.8
v 2.560500157831741 -0.451485261934019 -0.8
v 2.5901062150385386 -0.22660493114391164 -0.8
v 1.6 0.0 -1.5
v 1.593911516946793 0.13944918839625306 -1.5
v 1.5756924048195329 0.27783708426708853 -1.5
v 1.5454813220625094 0.4141104721640332 -1.5
v 1.5035081932574537 0.54723222932107 -1.5
v 1.45009245925864 0.6761892187851192 -1.5
v 1.385640646055102 0.7999999999999999 -1.5
v 1.310643270862387 0.9177222981616737 -1.5
v 1.225671108990365 1.0284601754984628 -1.5
v 1.1313708498984762 1.131370849898476 -1.5
v 1.028460175498463 1.225671108990365 -1.5
v 0.9177222981616739 1.3106432708623867 -1.5
v 0.8000000000000003 1.3856406460551018 -1.5
v 0.6761892187851192 1.45009245925864 -1.5
v 0.5472322293210702 1.5035081932574534 -1.5
v 0.41411047216403357 1.5454813220625092 -1.5
v 0.2778370842670887 1.5756924048195329 -1.5
v 0.13944918839625303 1.593911516946793 -1.5
v 9.797174393178826e-17 1.6 -1.5
v -0.13944918839625284 1.593911516946793 -1.5
v -0.2778370842670885 1.5756924048195329 -1.5
v -0.4141104721640334 1.5454813220625094 -1.5
v -0.5472322293210696 1.5035081932574537 -1.5
v -0.676189218785119 1.4500924592586402 -1.5
v -0.7999999999999997 1.385640646055102 -1.5
v -0.9177222981616739 1.3106432708623867 -1.5
v -1.028460175498463 1.225671108990365 -1.5
v -1.131370849898476 1.1313708498984762 -1.5
v -1.2256711089903647 1.0284601754984632 -1.5
v -1.3106432708623872 0.9177222981616735 -1.5
v -1.3856406460551016 0.8000000000000006 -1.5
v -1.45009245925864 0.6761892187851193 -1.5
v -1.5035081932574534 0.5472322293210702 -1.5
v -1.5454813220625094 0.41411047216403296 -1.5
v -1.5756924048195329 0.2778370842670885 -1.5
v -1.593911516946793 0.13944918839625312 -1.5
v -1.6 1.9594348786357652e-16 -1.5
v -1.593911516946793 -0.13944918839625273 -1.5
v -1.575692404819533 -0.27783708426708803 -1.5
v -1.5454813220625097 -0.4141104721640326 -1.5
v -1.5035081932574537 -0.5472322293210699 -1.5
v -1.4500924592586406 -0.6761892187851183 -1.5
v -1.3856406460551018 -0.8000000000000003 -1.5
v -1.3106432708623874 -0.9177222981616734 -1.5
v -1.2256711089903654 -1.0284601754984624 -1.5
v -1.1313708498984762 -1.131370849898476 -1.5
v -1.0284601754984632 -1.2256711089903647 -1.5
v -0.9177222981616732 -1.3106432708623874 -1.5
v -0.8000000000000007 -1.3856406460551014 -1.5
v -0.67618921878512 -1.4500924592586397 -1.5
v -0.5472322293210697 -1.5035081932574537 -1.5
v -0.414110472164033 -1.5454813220625094 -1.5
v -0.27783708426708853 -1.5756924048195329 -1.5
v -0.1394491883962532 -1.593911516946793 -1.5
v -2.9391523179536476e-16 -1.6 -1.5
v 0.13944918839625262 -1.593911516946793 -1.5
v 0.277837084267088 -1.575692404819533 -1.5
v 0.4141104721640325 -1.5454813220625097 -1.5
v 0.5472322293210704 -1.5035081932574534 -1.5
v 0.6761892187851182 -1.4500924592586406 -1.5
v 0.7999999999999989 -1.3856406460551025 -1.5
v 0.9177222981616737 -1.310643270862387 -1.5
v 1.0284601754984628 -1.2256711089903651 -1.5
v 1.1313708498984758 -1.1313708498984762 -1.5
v 1.2256711089903645 -1.0284601754984635 -1.5
v 1.3106432708623865 -0.9177222981616744 -1.5
v 1.3856406460551023 -0.7999999999999995 -1.5
v 1.4500924592586397 -0.6761892187851201 -1.5
v 1.5035081932574537 -0.5472322293210697 -1.5
v 1.5454813220625094 -0.4141104721640331 -1.5
v 1.5756924048195329 -0.27783708426708864 -1.5
v 1.593911516946793 -0.1394491883962533 -1.5
v 1.2 0.0 -3.0
v 1.1954336377100947 0.1045868912971898 -3.0
v 1.1817693036146495 0.2083778132003164 -3.0
v 1.159110991546882 0.3105828541230249 -3.0
v 1.12763114494309 0.41042417199080244 -3.0
v 1.0875693444439798 0.5071419140888394 -3.0
v 1.0392304845413265 0.5999999999999999 -3.0
v 0.9829824531467901 0.6882917236212552 -3.0
v 0.9192533317427736 0.7713451316238471 -3.0
v 0.848528137423857 0.8485281374238569 -3.0
v 0.7713451316238472 0.9192533317427736 -3.0
v 0.6882917236212553 0.98298245314679 -3.0
v 0.6000000000000001 1.0392304845413263 -3.0
v 0.5071419140888394 1.0875693444439798 -3.0
v 0.41042417199080256 1.12763114494309 -3.0
v 0.31058285412302516 1.1591109915468818 -3.0
v 0.20837781320031648 1.1817693036146495 -3.0
v 0.10458689129718976 1.1954336377100947 -3.0
v 7.347880794884119e-17 1.2 -3.0
v -0.10458689129718961 1.1954336377100947 -3.0
v -0.20837781320031637 1.1817693036146495 -3.0
v -0.310582854123025 1.159110991546882 -3.0
v -0.41042417199080217 1.12763114494309 -3.0
v -0.5071419140888391 1.08756934444398 -3.0
v -0.5999999999999998 1.0392304845413265 -3.0
v -0.6882917236212553 0.98298245314679 -3.0
v -0.7713451316238472 0.9192533317427736 -3.0
v -0.8485281374238569 0.848528137423857 -3.0
v -0.9192533317427735 0.7713451316238473 -3.0
v -0.9829824531467902 0.6882917236212551 -3.0
v -1.039230484541326 0.6000000000000004 -3.0
v -1.0875693444439798 0.5071419140888394 -3.0
v -1.12763114494309 0.41042417199080267 -3.0
v -1.159110991546882 0.31058285412302467 -3.0
v -1.1817693036146495 0.20837781320031631 -3.0
v -1.1954336377100947 0.10458689129718983 -3.0
v -1.2 1.4695761589768238e-16 -3.0
v -1.1954336377100947 -0.10458689129718952 -3.0
v -1.1817693036146497 -0.20837781320031604 -3.0
v -1.159110991546882 -0.3105828541230244 -3.0
v -1.12763114494309 -0.4104241719908024 -3.0
v -1.0875693444439802 -0.5071419140888387 -3.0
v -1.0392304845413263 -0.6000000000000001 -3.0
v -0.9829824531467903 -0.688291723621255 -3.0
v -0.919253331742774 -0.7713451316238467 -3.0
v -0.8485281374238572 -0.8485281374238569 -3.0
v -0.7713451316238473 -0.9192533317427735 -3.0
v -0.6882917236212548 -0.9829824531467906 -3.0
v -0.6000000000000005 -1.039230484541326 -3.0
v -0.5071419140888399 -1.0875693444439796 -3.0
v -0.4104241719908022 -1.12763114494309 -3.0
v -0.3105828541230247 -1.159110991546882 -3.0
v -0.2083778132003164 -1.1817693036146495 -3.0
v -0.1045868912971899 -1.1954336377100947 -3.0
v -2.2043642384652356e-16 -1.2 -3.0
v 0.10458689129718947 -1.1954336377100947 -3.0
v 0.20837781320031595 -1.1817693036146497 -3.0
v 0.31058285412302433 -1.159110991546882 -3.0
v 0.4104241719908028 -1.12763114494309 -3.0
v 0.5071419140888386 -1.0875693444439802 -3.0
v 0.5999999999999992 -1.0392304845413267 -3.0
v 0.6882917236212552 -0.9829824531467901 -3.0
v 0.7713451316238471 -0.9192533317427737 -3.0
v 0.8485281374238568 -0.8485281374238572 -3.0
v 0.9192533317427733 -0.7713451316238474 -3.0
v 0.9829824531467899 -0.6882917236212558 -3.0
v 1.0392304845413265 -0.5999999999999995 -3.0
v 1.0875693444439796 -0.50714191408884 -3.0
v 1.12763114494309 -0.41042417199080233 -3.0
v 1.159110991546882 -0.31058285412302483 -3.0
v 1.1817693036146495 -0.20837781320031645 -3.0
v 1.1954336377100947 -0.10458689129718998 -3.0
v 3.1 0.0 0.0
v 3.088203564084411 0.2701828025177403 0.0
v 3.052904034337845 0.5383093507674841 0.0
v 2.9943700614961117 0.8023390398178143 0.0
v 2.913047124436316 1.060262444309573 0.0
v 2.809554139813615 1.3101166113961682 0.0
v 2.68467875173176 1.5499999999999998 0.0
v 2.539371337295875 1.7780869526882428 0.0
v 2.3747377736688318 1.9926415900282717 0.0
v 2.1920310216782974 2.192031021678297 0.0
v 1.9926415900282721 2.3747377736688318 0.0
v 1.7780869526882432 2.5393713372958744 0.0
v 1.5500000000000005 2.68467875173176 0.0
v 1.3101166113961682 2.809554139813615 0.0
v 1.0602624443095734 2.913047124436316 0.0
v 0.802339039817815 2.9943700614961113 0.0
v 0.5383093507674843 3.052904034337845 0.0
v 0.27018280251774024 3.088203564084411 0.0
v 1.8982025386783975e-16 3.1 0.0
v -0.27018280251773985 3.088203564084411 0.0
v -0.538309350767484 3.052904034337845 0.0
v -0.8023390398178146 2.9943700614961117 0.0
v -1.0602624443095723 2.913047124436316 0.0
v -1.310116611396168 2.8095541398136152 0.0
v -1.5499999999999994 2.68467875173176 0.0
v -1.7780869526882432 2.5393713372958744 0.0
v -1.9926415900282721 2.3747377736688318 0.0
v -2.192031021678297 2.1920310216782974 0.0
v -2.3747377736688318 1.9926415900282723 0.0
v -2.539371337295875 1.7780869526882424 0.0
v -2.6846787517317594 1.5500000000000012 0.0
v -2.809554139813615 1.3101166113961684 0.0
v -2.913047124436316 1.0602624443095736 0.0
v -2.9943700614961117 0.8023390398178138 0.0
v -3.052904034337845 0.5383093507674839 0.0
v -3.088203564084411 0.2701828025177404 0.0
v -3.1 3.796405077356795e-16 0.0
v -3.088203564084411 -0.27018280251773963 0.0
v -3.0529040343378453 -0.5383093507674831 0.0
v -2.994370061496112 -0.8023390398178131 0.0
v -2.913047124436316 -1.060262444309573 0.0
v -2.809554139813616 -1.3101166113961666 0.0
v -2.68467875173176 -1.5500000000000005 0.0
v -2.5393713372958753 -1.7780869526882421 0.0
v -2.374737773668833 -1.9926415900282708 0.0
v -2.192031021678298 -2.192031021678297 0.0
v -1.9926415900282723 -2.3747377736688318 0.0
v -1.7780869526882417 -2.5393713372958757 0.0
v -1.5500000000000014 -2.684678751731759 0.0
v -1.3101166113961698 -2.8095541398136143 0.0
v -1.0602624443095725 -2.913047124436316 0.0
v -0.802339039817814 -2.9943700614961117 0.0
v -0.5383093507674841 -3.052904034337845 0.0
v -0.2701828025177406 -3.088203564084411 0.0
v -5.694607616035192e-16 -3.1 0.0
v 0.27018280251773946 -3.088203564084411 0.0
v 0.5383093507674829 -3.0529040343378453 0.0
v 0.802339039817813 -2.994370061496112 0.0
v 1.0602624443095738 -2.913047124436316 0.0
v 1.3101166113961664 -2.809554139813616 0.0
v 1.549999999999998 -2.684678751731761 0.0
v 1.7780869526882428 -2.539371337295875 0.0
v 1.9926415900282717 -2.374737773668832 0.0
v 2.192031021678297 -2.192031021678298 0.0
v 2.3747377736688313 -1.9926415900282728 0.0
v 2.539371337295874 -1.7780869526882441 0.0
v 2.6846787517317603 -1.549999999999999 0.0
v 2.8095541398136143 -1.31011661139617 0.0
v 2.913047124436316 -1.0602624443095727 0.0
v 2.9943700614961117 -0.8023390398178142 0.0
v 3.052904034337845 -0.5383093507674842 0.0
v 3.088203564084411 -0.2701828025177408 0.0
v 2.3 0.0 -0.8
v 2.2912478056110146 0.20045820831961378 -0.8
v 2.265057831928078 0.3993908086339397 -0.8
v 2.221629400464857 0.5952838037357977 -0.8
v 2.1612930278075893 0.786646329649038 -0.8
v 2.0845079101842945 0.9720220020036087 -0.8
v 1.991858428704209 1.1499999999999997 -0.8
v 1.884049701864681 1.3192258036074058 -0.8
v 1.7619022191736493 1.47841150227904 -0.8
v 1.6263455967290592 1.626345596729059 -0.8
v 1.4784115022790405 1.7619022191736493 -0.8
v 1.319225803607406 1.8840497018646807 -0.8
v 1.1500000000000001 1.9918584287042087 -0.8
v 0.9720220020036087 2.0845079101842945 -0.8
v 0.7866463296490382 2.161293027807589 -0.8
v 0.5952838037357981 2.221629400464857 -0.8
v 0.39939080863393994 2.265057831928078 -0.8
v 0.2004582083196137 2.2912478056110146 -0.8
v 1.408343819019456e-16 2.3 -0.8
v -0.20045820831961342 2.2912478056110146 -0.8
v -0.39939080863393966 2.265057831928078 -0.8
v -0.5952838037357979 2.221629400464857 -0.8
v -0.7866463296490375 2.1612930278075893 -0.8
v -0.9720220020036083 2.084507910184295 -0.8
v -1.1499999999999995 1.991858428704209 -0.8
v -1.319225803607406 1.8840497018646807 -0.8
v -1.4784115022790405 1.7619022191736493 -0.8
v -1.626345596729059 1.6263455967290592 -0.8
v -1.761902219173649 1.4784115022790407 -0.8
v -1.8840497018646813 1.3192258036074056 -0.8
v -1.9918584287042083 1.1500000000000006 -0.8
v -2.0845079101842945 0.9720220020036088 -0.8
v -2.161293027807589 0.7866463296490384 -0.8
v -2.221629400464857 0.5952838037357973 -0.8
v -2.265057831928078 0.3993908086339396 -0.8
v -2.2912478056110146 0.20045820831961383 -0.8
v -2.3 2.816687638038912e-16 -0.8
v -2.2912478056110146 -0.20045820831961325 -0.8
v -2.2650578319280785 -0.39939080863393905 -0.8
v -2.2216294004648574 -0.5952838037357968 -0.8
v -2.1612930278075893 -0.7866463296490378 -0.8
v -2.0845079101842954 -0.9720220020036073 -0.8
v -1.9918584287042087 -1.1500000000000001 -0.8
v -1.8840497018646816 -1.3192258036074054 -0.8
v -1.76190221917365 -1.4784115022790394 -0.8
v -1.6263455967290597 -1.626345596729059 -0.8
v -1.4784115022790407 -1.761902219173649 -0.8
v -1.319225803607405 -1.8840497018646818 -0.8
v -1.150000000000001 -1.991858428704208 -0.8
v -0.9720220020036098 -2.084507910184294 -0.8
v -0.7866463296490376 -2.1612930278075893 -0.8
v -0.5952838037357974 -2.221629400464857 -0.8
v -0.3993908086339397 -2.265057831928078 -0.8
v -0.20045820831961395 -2.2912478056110146 -0.8
v -4.225031457058368e-16 -2.3 -0.8
v 0.20045820831961314 -2.2912478056110146 -0.8
v 0.3993908086339389 -2.2650578319280785 -0.8
v 0.5952838037357966 -2.2216294004648574 -0.8
v 0.7866463296490386 -2.161293027807589 -0.8
v 0.9720220020036072 -2.0845079101842954 -0.8
v 1.1499999999999984 -1.9918584287042096 -0.8
v 1.3192258036074058 -1.884049701864681 -0.8
v 1.47841150227904 -1.7619022191736495 -0.8
v 1.6263455967290588 -1.6263455967290597 -0.8
v 1.7619022191736489 -1.478411502279041 -0.8
v 1.8840497018646805 -1.319225803607407 -0.8
v 1.9918584287042091 -1.1499999999999992 -0.8
v 2.084507910184294 -0.9720220020036099 -0.8
v 2.1612930278075893 -0.7866463296490377 -0.8
v 2.221629400464857 -0.5952838037357975 -0.8
v 2.265057831928078 -0.39939080863393983 -0.8
v 2.2912478056110146 -0.2004582083196141 -0.8
v 1.2 0.0 -1.5
v 1.1954336377100947 0.1045868912971898 -1.5
v 1.1817693036146495 0.2083778132003164 -1.5
v 1.159110991546882 0.3105828541230249 -1.5
v 1.12763114494309 0.41042417199080244 -1.5
v 1.0875693444439798 0.5071419140888394 -1.5
v 1.0392304845413265 0.5999999999999999 -1.5
v 0.9829824531467901 0.6882917236212552 -1.5
v 0.9192533317427736 0.7713451316238471 -1.5
v 0.848528137423857 0.8485281374238569 -1.5
v 0.7713451316238472 0.9192533317427736 -1.5
v 0.6882917236212553 0.98298245314679 -1.5
v 0.6000000000000001 1.0392304845413263 -1.5
v 0.5071419140888394 1.0875693444439798 -1.5
v 0.41042417199080256 1.12763114494309 -1.5
v 0.31058285412302516 1.1591109915468818 -1.5
v 0.20837781320031648 1.1817693036146495 -1.5
v 0.10458689129718976 1.1954336377100947 -1.5
v 7.347880794884119e-17 1.2 -1.5
v -0.10458689129718961 1.1954336377100947 -1.5
v -0.20837781320031637 1.1817693036146495 -1.5
v -0.310582854123025 1.159110991546882 -1.5
v -0.41042417199080217 1.12763114494309 -1.5
v -0.5071419140888391 1.08756934444398 -1.5
v -0.5999999999999998 1.0392304845413265 -1.5
v -0.6882917236212553 0.98298245314679 -1.5
v -0.7713451316238472 0.9192533317427736 -1.5
v -0.8485281374238569 0.848528137423857 -1.5
v -0.9192533317427735 0.7713451316238473 -1.5
v -0.9829824531467902 0.6882917236212551 -1.5
v -1.039230484541326 0.6000000000000004 -1.5
v -1.0875693444439798 0.5071419140888394 -1.5
v -1.12763114494309 0.41042417199080267 -1.5
v -1.159110991546882 0.31058285412302467 -1.5
v -1.1817693036146495 0.20837781320031631 -1.5
v -1.1954336377100947 0.10458689129718983 -1.5
v -1.2 1.4695761589768238e-16 -1.5
v -1.1954336377100947 -0.10458689129718952 -1.5
v -1.1817693036146497 -0.20837781320031604 -1.5
v -1.159110991546882 -0.3105828541230244 -1.5
v -1.12763114494309 -0.4104241719908024 -1.5
v -1.0875693444439802 -0.5071419140888387 -1.5
v -1.0392304845413263 -0.6000000000000001 -1.5
v -0.9829824531467903 -0.688291723621255 -1.5
v -0.919253331742774 -0.7713451316238467 -1.5
v -0.8485281374238572 -0.8485281374238569 -1.5
v -0.7713451316238473 -0.9192533317427735 -1.5
v -0.6882917236212548 -0.9829824531467906 -1.5
v -0.6000000000000005 -1.039230484541326 -1.5
v -0.5071419140888399 -1.0875693444439796 -1.5
v -0.4104241719908022 -1.12763114494309 -1.5
v -0.3105828541230247 -1.159110991546882 -1.5
v -0.2083778132003164 -1.1817693036146495 -1.5
v -0.1045868912971899 -1.1954336377100947 -1.5
v -2.2043642384652356e-16 -1.2 -1.5
v 0.10458689129718947 -1.1954336377100947 -1.5
v 0.20837781320031595 -1.1817693036146497 -1.5
v 0.31058285412302433 -1.159110991546882 -1.5
v 0.4104241719908028 -1.12763114494309 -1.5
v 0.5071419140888386 -1.0875693444439802 -1.5
v 0.5999999999999992 -1.0392304845413267 -1.5
v 0.6882917236212552 -0.9829824531467901 -1.5
v 0.7713451316238471 -0.9192533317427737 -1.5
v 0.8485281374238568 -0.8485281374238572 -1.5
v 0.9192533317427733 -0.7713451316238474 -1.5
v 0.9829824531467899 -0.6882917236212558 -1.5
v 1.0392304845413265 -0.5999999999999995 -1.5
v 1.0875693444439796 -0.50714191408884 -1.5
v 1.12763114494309 -0.41042417199080233 -1.5
v 1.159110991546882 -0.31058285412302483 -1.5
v 1.1817693036146495 -0.20837781320031645 -1.5
v 1.1954336377100947 -0.10458689129718998 -1.5
v 0.7 0.0 -3.0
v 0.6973362886642218 0.06100901992336071 -3.0
v 0.6893654271085455 0.12155372436685122 -3.0
v 0.6761480784023478 0.18117333157176452 -3.0
v 0.6577848345501358 0.2394141003279681 -3.0
v 0.6344154509256549 0.2958327832184896 -3.0
v 0.6062177826491071 0.3499999999999999 -3.0
v 0.5734064310022943 0.4015035054457322 -3.0
v 0.5362311101832846 0.4499513267805774 -3.0
v 0.4949747468305833 0.4949747468305832 -3.0
v 0.44995132678057753 0.5362311101832846 -3.0
v 0.40150350544573227 0.5734064310022942 -3.0
v 0.35000000000000003 0.606217782649107 -3.0
v 0.2958327832184896 0.6344154509256549 -3.0
v 0.23941410032796817 0.6577848345501358 -3.0
v 0.18117333157176466 0.6761480784023477 -3.0
v 0.12155372436685129 0.6893654271085455 -3.0
v 0.06100901992336069 0.6973362886642218 -3.0
v 4.286263797015736e-17 0.7 -3.0
v -0.06100901992336061 0.6973362886642218 -3.0
v -0.1215537243668512 0.6893654271085455 -3.0
v -0.18117333157176457 0.6761480784023478 -3.0
v -0.23941410032796792 0.6577848345501358 -3.0
v -0.2958327832184895 0.634415450925655 -3.0
v -0.3499999999999998 0.6062177826491071 -3.0
v -0.40150350544573227 0.5734064310022942 -3.0
v -0.44995132678057753 0.5362311101832846 -3.0
v -0.4949747468305832 0.4949747468305833 -3.0
v -0.5362311101832845 0.4499513267805776 -3.0
v -0.5734064310022943 0.40150350544573216 -3.0
v -0.6062177826491069 0.3500000000000002 -3.0
v -0.6344154509256549 0.2958327832184896 -3.0
v -0.6577848345501358 0.2394141003279682 -3.0
v -0.6761480784023478 0.18117333157176438 -3.0
v -0.6893654271085455 0.12155372436685119 -3.0
v -0.6973362886642218 0.06100901992336073 -3.0
v -0.7 8.572527594031472e-17 -3.0
v -0.6973362886642218 -0.06100901992336056 -3.0
v -0.6893654271085456 -0.12155372436685101 -3.0
v -0.6761480784023478 -0.18117333157176424 -3.0
v -0.6577848345501358 -0.23941410032796803 -3.0
v -0.6344154509256551 -0.2958327832184892 -3.0
v -0.606217782649107 -0.35000000000000003 -3.0
v -0.5734064310022944 -0.40150350544573205 -3.0
v -0.5362311101832848 -0.4499513267805772 -3.0
v -0.49497474683058335 -0.4949747468305832 -3.0
v -0.4499513267805776 -0.5362311101832845 -3.0
v -0.401503505445732 -0.5734064310022945 -3.0
v -0.3500000000000003 -0.6062177826491069 -3.0
v -0.29583278321848994 -0.6344154509256548 -3.0
v -0.23941410032796798 -0.6577848345501358 -3.0
v -0.18117333157176443 -0.6761480784023478 -3.0
v -0.12155372436685122 -0.6893654271085455 -3.0
v -0.06100901992336077 -0.6973362886642218 -3.0
v -1.2858791391047207e-16 -0.7 -3.0
v 0.06100901992336052 -0.6973362886642218 -3.0
v 0.12155372436685097 -0.6893654271085456 -3.0
v 0.18117333157176418 -0.6761480784023478 -3.0
v 0.23941410032796828 -0.6577848345501358 -3.0
v 0.29583278321848916 -0.6344154509256551 -3.0
v 0.34999999999999953 -0.6062177826491073 -3.0
v 0.4015035054457322 -0.5734064310022943 -3.0
v 0.4499513267805774 -0.5362311101832846 -3.0
v 0.4949747468305831 -0.49497474683058335 -3.0
v 0.5362311101832844 -0.4499513267805777 -3.0
v 0.573406431002294 -0.40150350544573254 -3.0
v 0.6062177826491071 -0.34999999999999976 -3.0
v 0.6344154509256548 -0.29583278321849 -3.0
v 0.6577848345501358 -0.239414100327968 -3.0
v 0.6761480784023478 -0.18117333157176446 -3.0
v 0.6893654271085455 -0.12155372436685126 -3.0
v 0.6973362886642218 -0.061009019923360816 -3.0
v 3.5 0.45 4.0
v 3.5 0.4482876141412855 4.0392200842364465
v 3.5 0.4431634888554936 4.078141679950119
v 3.5 0.43466662183008076 4.116468570296134
v 3.5 0.4228616793536588 4.153909064496551
v 3.5 0.4078385041664925 4.1901782177833145
v 3.5 0.38971143170299744 4.225
v 3.5 0.3686184199300463 4.258109396357971
v 3.5 0.3447199994035401 4.289254424358942
v 3.5 0.3181980515339464 4.318198051533947
v 3.5 0.2892544243589427 4.34471999940354
v 3.5 0.25810939635797076 4.368618419930046
v 3.5 0.22500000000000006 4.389711431702997
v 3.5 0.19017821778331476 4.4078385041664925
v 3.5 0.15390906449655098 4.422861679353659
v 3.5 0.11646857029613443 4.434666621830081
v 3.5 0.07814167995011868 4.443163488855493
v 3.5 0.039220084236446164 4.448287614141286
v 3.5 2.7554552980815448e-17 4.45
v 3.5 -0.03922008423644611 4.448287614141286
v 3.5 -0.07814167995011864 4.443163488855493
v 3.5 -0.11646857029613439 4.434666621830081
v 3.5 -0.1539090644965508 4.422861679353659
v 3.5 -0.1901782177833147 4.4078385041664925
v 3.5 -0.2249999999999999 4.389711431702997
v 3.5 -0.25810939635797076 4.368618419930046
v 3.5 -0.2892544243589427 4.34471999940354
v 3.5 -0.31819805153394637 4.318198051533947
v 3.5 -0.3447199994035401 4.289254424358942
v 3.5 -0.36861841993004635 4.258109396357971
v 3.5 -0.3897114317029973 4.2250000000000005
v 3.5 -0.4078385041664925 4.1901782177833145
v 3.5 -0.42286167935365876 4.153909064496551
v 3.5 -0.43466662183008076 4.116468570296134
v 3.5 -0.4431634888554936 4.078141679950119
v 3.5 -0.4482876141412855 4.0392200842364465
v 3.5 -0.45 4.0
v 3.5 -0.4482876141412855 3.960779915763554
v 3.5 -0.44316348885549367 3.9218583200498816
v 3.5 -0.4346666218300808 3.883531429703866
v 3.5 -0.4228616793536588 3.846090935503449
v 3.5 -0.40783850416649264 3.8098217822166855
v 3.5 -0.3897114317029974 3.775
v 3.5 -0.3686184199300464 3.7418906036420294
v 3.5 -0.34471999940354026 3.7107455756410577
v 3.5 -0.3181980515339465 3.681801948466054
v 3.5 -0.2892544243589428 3.65528000059646
v 3.5 -0.2581093963579706 3.6313815800699536
v 3.5 -0.2250000000000002 3.610288568297003
v 3.5 -0.19017821778331498 3.5921614958335075
v 3.5 -0.15390906449655084 3.577138320646341
v 3.5 -0.11646857029613429 3.5653333781699192
v 3.5 -0.07814167995011866 3.5568365111445064
v 3.5 -0.03922008423644621 3.5517123858587145
v 3.5 -8.266365894244634e-17 3.55
v 3.5 0.03922008423644605 3.5517123858587145
v 3.5 0.07814167995011849 3.5568365111445064
v 3.5 0.11646857029613414 3.5653333781699192
v 3.5 0.15390906449655106 3.577138320646341
v 3.5 0.19017821778331448 3.5921614958335075
v 3.5 0.2249999999999997 3.6102885682970025
v 3.5 0.25810939635797076 3.6313815800699536
v 3.5 0.28925442435894266 3.65528000059646
v 3.5 0.3181980515339463 3.6818019484660534
v 3.5 0.34471999940354003 3.7107455756410572
v 3.5 0.36861841993004624 3.741890603642029
v 3.5 0.3897114317029975 3.7750000000000004
v 3.5 0.40783850416649237 3.809821782216685
v 3.5 0.4228616793536588 3.846090935503449
v 3.5 0.43466662183008076 3.883531429703866
v 3.5 0.4431634888554936 3.921858320049881
v 3.5 0.4482876141412855 3.960779915763554
v 5.5 0.45 4.0
v 5.5 0.4482876141412855 4.0392200842364465
v 5.5 0.4431634888554936 4.078141679950119
v 5.5 0.43466662183008076 4.116468570296134
v 5.5 0.4228616793536588 4.153909064496551
v 5.5 0.4078385041664925 4.1901782177833145
v 5.5 0.38971143170299744 4.225
v 5.5 0.3686184199300463 4.258109396357971
v 5.5 0.3447199994035401 4.289254424358942
v 5.5 0.3181980515339464 4.318198051533947
v 5.5 0.2892544243589427 4.34471999940354
v 5.5 0.25810939635797076 4.368618419930046
v 5.5 0.22500000000000006 4.389711431702997
v 5.5 0.19017821778331476 4.4078385041664925
v 5.5 0.15390906449655098 4.422861679353659
v 5.5 0.11646857029613443 4.434666621830081
v 5.5 0.07814167995011868 4.443163488855493
v 5.5 0.039220084236446164 4.448287614141286
v 5.5 2.7554552980815448e-17 4.45
v 5.5 -0.03922008423644611 4.448287614141286
v 5.5 -0.07814167995011864 4.443163488855493
v 5.5 -0.11646857029613439 4.434666621830081
v 5.5 -0.1539090644965508 4.422861679353659
v 5.5 -0.1901782177833147 4.4078385041664925
v 5.5 -0.2249999999999999 4.389711431702997
v 5.5 -0.25810939635797076 4.368618419930046
v 5.5 -0.2892544243589427 4.34471999940354
v 5.5 -0.31819805153394637 4.318198051533947
v 5.5 -0.3447199994035401 4.289254424358942
v 5.5 -0.36861841993004635 4.258109396357971
v 5.5 -0.3897114317029973 4.2250000000000005
v 5.5 -0.4078385041664925 4.1901782177833145
v 5.5 -0.42286167935365876 4.153909064496551
v 5.5 -0.43466662183008076 4.116468570296134
v 5.5 -0.4431634888554936 4.078141679950119
v 5.5 -0.4482876141412855 4.0392200842364465
v 5.5 -0.45 4.0
v 5.5 -0.4482876141412855 3.960779915763554
v 5.5 -0.44316348885549367 3.9218583200498816
v 5.5 -0.4346666218300808 3.883531429703866
v 5.5 -0.4228616793536588 3.846090935503449
v 5.5 -0.40783850416649264 3.8098217822166855
v 5.5 -0.3897114317029974 3.775
v 5.5 -0.3686184199300464 3.7418906036420294
v 5.5 -0.34471999940354026 3.7107455756410577
v 5.5 -0.3181980515339465 3.681801948466054
v 5.5 -0.2892544243589428 3.65528000059646
v 5.5 -0.2581093963579706 3.6313815800699536
v 5.5 -0.2250000000000002 3.610288568297003
v 5.5 -0.19017821778331498 3.5921614958335075
v 5.5 -0.15390906449655084 3.577138320646341
v 5.5 -0.11646857029613429 3.5653333781699192
v 5.5 -0.07814167995011866 3.5568365111445064
v 5.5 -0.03922008423644621 3.5517123858587145
v 5.5 -8.266365894244634e-17 3.55
v 5.5 0.03922008423644605 3.5517123858587145
v 5.5 0.07814167995011849 3.5568365111445064
v 5.5 0.11646857029613414 3.5653333781699192
v 5.5 0.15390906449655106 3.577138320646341
v 5.5 0.19017821778331448 3.5921614958335075
v 5.5 0.2249999999999997 3.6102885682970025
v 5.5 0.25810939635797076 3.6313815800699536
v 5.5 0.28925442435894266 3.65528000059646
v 5.5 0.3181980515339463 3.6818019484660534
v 5.5 0.34471999940354003 3.7107455756410572
v 5.5 0.36861841993004624 3.741890603642029
v 5.5 0.3897114317029975 3.7750000000000004
v 5.5 0.40783850416649237 3.809821782216685
v 5.5 0.4228616793536588 3.846090935503449
v 5.5 0.43466662183008076 3.883531429703866
v 5.5 0.4431634888554936 3.921858320049881
v 5.5 0.4482876141412855 3.960779915763554
v 3.5 0.3 4.0
v 3.5 0.2988584094275237 4.026146722824297
v 3.5 0.2954423259036624 4.052094453300079
v 3.5 0.2897777478867205 4.077645713530757
v 3.5 0.2819077862357725 4.1026060429977
v 3.5 0.27189233611099495 4.12678547852221
v 3.5 0.2598076211353316 4.15
v 3.5 0.24574561328669753 4.172072930905314
v 3.5 0.2298133329356934 4.1928362829059616
v 3.5 0.21213203435596426 4.212132034355964
v 3.5 0.1928362829059618 4.229813332935693
v 3.5 0.17207293090531384 4.245745613286697
v 3.5 0.15000000000000002 4.259807621135332
v 3.5 0.12678547852220984 4.271892336110995
v 3.5 0.10260604299770064 4.281907786235773
v 3.5 0.07764571353075629 4.2897777478867205
v 3.5 0.05209445330007912 4.295442325903663
v 3.5 0.02614672282429744 4.298858409427524
v 3.5 1.8369701987210297e-17 4.3
v 3.5 -0.026146722824297402 4.298858409427524
v 3.5 -0.05209445330007909 4.295442325903663
v 3.5 -0.07764571353075625 4.2897777478867205
v 3.5 -0.10260604299770054 4.281907786235773
v 3.5 -0.12678547852220978 4.271892336110995
v 3.5 -0.14999999999999994 4.259807621135332
v 3.5 -0.17207293090531384 4.245745613286697
v 3.5 -0.1928362829059618 4.229813332935693
v 3.5 -0.21213203435596423 4.212132034355964
v 3.5 -0.22981333293569337 4.1928362829059616
v 3.5 -0.24574561328669756 4.172072930905314
v 3.5 -0.2598076211353315 4.15
v 3.5 -0.27189233611099495 4.12678547852221
v 3.5 -0.2819077862357725 4.1026060429977
v 3.5 -0.2897777478867205 4.077645713530756
v 3.5 -0.2954423259036624 4.052094453300079
v 3.5 -0.2988584094275237 4.026146722824297
v 3.5 -0.3 4.0
v 3.5 -0.2988584094275237 3.9738532771757025
v 3.5 -0.29544232590366243 3.947905546699921
v 3.5 -0.2897777478867205 3.922354286469244
v 3.5 -0.2819077862357725 3.8973939570022993
v 3.5 -0.27189233611099506 3.87321452147779
v 3.5 -0.25980762113533157 3.85
v 3.5 -0.24574561328669758 3.8279270690946863
v 3.5 -0.2298133329356935 3.8071637170940384
v 3.5 -0.2121320343559643 3.7878679656440357
v 3.5 -0.19283628290596183 3.7701866670643067
v 3.5 -0.1720729309053137 3.7542543867133022
v 3.5 -0.15000000000000013 3.7401923788646685
v 3.5 -0.12678547852220998 3.728107663889005
v 3.5 -0.10260604299770056 3.7180922137642276
v 3.5 -0.07764571353075618 3.7102222521132795
v 3.5 -0.0520944533000791 3.7045576740963377
v 3.5 -0.026146722824297475 3.7011415905724765
v 3.5 -5.510910596163089e-17 3.7
v 3.5 0.026146722824297367 3.7011415905724765
v 3.5 0.05209445330007899 3.7045576740963377
v 3.5 0.07764571353075608 3.7102222521132795
v 3.5 0.1026060429977007 3.7180922137642276
v 3.5 0.12678547852220964 3.7281076638890047
v 3.5 0.1499999999999998 3.7401923788646685
v 3.5 0.1720729309053138 3.7542543867133027
v 3.5 0.19283628290596178 3.7701866670643067
v 3.5 0.2121320343559642 3.7878679656440357
v 3.5 0.22981333293569334 3.807163717094038
v 3.5 0.24574561328669747 3.8279270690946863
v 3.5 0.2598076211353316 3.85
v 3.5 0.2718923361109949 3.8732145214777898
v 3.5 0.2819077862357725 3.8973939570022993
v 3.5 0.2897777478867205 3.922354286469244
v 3.5 0.2954423259036624 3.947905546699921
v 3.5 0.2988584094275237 3.9738532771757025
v 5.5 0.3 4.0
v 5.5 0.2988584094275237 4.026146722824297
v 5.5 0.2954423259036624 4.052094453300079
v 5.5 0.2897777478867205 4.077645713530757
v 5.5 0.2819077862357725 4.1026060429977
v 5.5 0.27189233611099495 4.12678547852221
v 5.5 0.2598076211353316 4.15
v 5.5 0.24574561328669753 4.172072930905314
v 5.5 0.2298133329356934 4.1928362829059616
v 5.5 0.21213203435596426 4.212132034355964
v 5.5 0.1928362829059618 4.229813332935693
v 5.5 0.17207293090531384 4.245745613286697
v 5.5 0.15000000000000002 4.259807621135332
v 5.5 0.12678547852220984 4.271892336110995
v 5.5 0.10260604299770064 4.281907786235773
v 5.5 0.07764571353075629 4.2897777478867205
v 5.5 0.05209445330007912 4.295442325903663
v 5.5 0.02614672282429744 4.298858409427524
v 5.5 1.8369701987210297e-17 4.3
v 5.5 -0.026146722824297402 4.298858409427524
v 5.5 -0.05209445330007909 4.295442325903663
v 5.5 -0.07764571353075625 4.2897777478867205
v 5.5 -0.10260604299770054 4.281907786235773
v 5.5 -0.12678547852220978 4.271892336110995
v 5.5 -0.14999999999999994 4.259807621135332
v 5.5 -0.17207293090531384 4.245745613286697
v 5.5 -0.1928362829059618 4.229813332935693
v 5.5 -0.21213203435596423 4.212132034355964
v 5.5 -0.22981333293569337 4.1928362829059616
v 5.5 -0.24574561328669756 4.172072930905314
v 5.5 -0.2598076211353315 4.15
v 5.5 -0.27189233611099495 4.12678547852221
v 5.5 -0.2819077862357725 4.1026060429977
v 5.5 -0.2897777478867205 4.077645713530756
v 5.5 -0.2954423259036624 4.052094453300079
v 5.5 -0.2988584094275237 4.026146722824297
v 5.5 -0.3 4.0
v 5.5 -0.2988584094275237 3.9738532771757025
v 5.5 -0.29544232590366243 3.947905546699921
v 5.5 -0.2897777478867205 3.922354286469244
v 5.5 -0.2819077862357725 3.8973939570022993
v 5.5 -0.27189233611099506 3.87321452147779
v 5.5 -0.25980762113533157 3.85
v 5.5 -0.24574561328669758 3.8279270690946863
v 5.5 -0.2298133329356935 3.8071637170940384
v 5.5 -0.2121320343559643 3.7878679656440357
v 5.5 -0.19283628290596183 3.7701866670643067
v 5.5 -0.1720729309053137 3.7542543867133022
v 5.5 -0.15000000000000013 3.7401923788646685
v 5.5 -0.12678547852220998 3.728107663889005
v 5.5 -0.10260604299770056 3.7180922137642276
v 5.5 -0.07764571353075618 3.7102222521132795
v 5.5 -0.0520944533000791 3.7045576740963377
v 5.5 -0.026146722824297475 3.7011415905724765
v 5.5 -5.510910596163089e-17 3.7
v 5.5 0.026146722824297367 3.7011415905724765
v 5.5 0.05209445330007899 3.7045576740963377
v 5.5 0.07764571353075608 3.7102222521132795
v 5.5 0.1026060429977007 3.7180922137642276
v 5.5 0.12678547852220964 3.7281076638890047
v 5.5 0.1499999999999998 3.7401923788646685
v 5.5 0.1720729309053138 3.7542543867133027
v 5.5 0.19283628290596178 3.7701866670643067
v 5.5 0.2121320343559642 3.7878679656440357
v 5.5 0.22981333293569334 3.807163717094038
v 5.5 0.24574561328669747 3.8279270690946863
v 5.5 0.2598076211353316 3.85
v 5.5 0.2718923361109949 3.8732145214777898
v 5.5 0.2819077862357725 3.8973939570022993
v 5.5 0.2897777478867205 3.922354286469244
v 5.5 0.2954423259036624 3.947905546699921
v 5.5 0.2988584094275237 3.9738532771757025
f 1 2 74 73
f 2 3 75 74
f 3 4 76 75
f 4 5 77 76
f 5 6 78 77
f 6 7 79 78
f 7 8 80 79
f 8 9 81 80
f 9 10 82 81
f 10 11 83 82
f 11 12 84 83
f 12 13 85 84
f 13 14 86 85
f 14 15 87 86
f 15 16 88 87
f 16 17 89 88
f 17 18 90 89
f 18 19 91 90
f 19 20 92 91
f 20 21 93 92
f 21 22 94 93
f 22 23 95 94
f 23 24 96 95
f 24 25 97 96
f 25 26 98 97
f 26 27 99 98
f 27 28 100 99
f 28 29 101 100
f 29 30 102 101
f 30 31 103 102
f 31 32 104 103
f 32 33 105 104
f 33 34 106 105
f 34 35 107 106
f 35 36 108 107
f 36 37 109 108
f 37 38 110 109
f 38 39 111 110
f 39 40 112 111
f 40 41 113 112
f 41 42 114 113
f 42 43 115 114
f 43 44 116 115
f 44 45 117 116
f 45 46 118 117
f 46 47 119 118
f 47 48 120 119
f 48 49 121 120
f 49 50 122 121
f 50 51 123 122
f 51 52 124 123
f 52 53 125 124
f 53 54 126 125
f 54 55 127 126
f 55 56 128 127
f 56 57 129 128
f 57 58 130 129
f 58 59 131 130
f 59 60 132 131
f 60 61 133 132
f 61 62 134 133
f 62 63 135 134
f 63 64 136 135
f 64 65 137 136
f 65 66 138 137
f 66 67 139 138
f 67 68 140 139
f 68 69 141 140
f 69 70 142 141
f 70 71 143 142
f 71 72 144 143
f 72 1 73 144
f 145 217 218 146
f 146 218 219 147
f 147 219 220 148
f 148 220 221 149
f 149 221 222 150
f 150 222 223 151
f 151 223 224 152
f 152 224 225 153
f 153 225 226 154
f 154 226 227 155
f 155 227 228 156
f 156 228 229 157
f 157 229 230 158
f 158 230 231 159
f 159 231 232 160
f 160 232 233 161
f 161 233 234 162
f 162 234 235 163
f 163 235 236 164
f 164 236 237 165
f 165 237 238 166
f 166 238 239 167
f 167 239 240 168
f 168 240 241 169
f 169 241 242 170
f 170 242 243 171
f 171 243 244 172
f 172 244 245 173
f 173 245 246 174
f 174 246 247 175
f 175 247 248 176
f 176 248 249 177
f 177 249 250 178
f 178 250 251 179
f 179 251 252 180
f 180 252 253 181
f 181 253 254 182
f 182 254 255 183
f 183 255 256 184
f 184 256 257 185
f 185 257 258 186
f 186 258 259 187
f 187 259 260 188
f 188 260 261 189
f 189 261 262 190
f 190 262 263 191
f 191 263 264 192
f 192 264 265 193
f 193 265 266 194
f 194 266 267 195
f 195 267 268 196
f 196 268 269 197
f 197 269 270 198
f 198 270 271 199
f 199 271 272 200
f 200 272 273 201
f 201 273 274 202
f 202 274 275 203
f 203 275 276 204
f 204 276 277 205
f 205 277 278 206
f 206 278 279 207
f 207 279 280 208
f 208 280 281 209
f 209 281 282 210
f 210 282 283 211
f 211 283 284 212
f 212 284 285 213
f 213 285 286 214
f 214 286 287 215
f 215 287 288 216
f 216 288 217 145
f 1 2 146 145
f 73 217 218 74
f 2 3 147 146
f 74 218 219 75
f 3 4 148 147
f 75 219 220 76
f 4 5 149 148
f 76 220 221 77
f 5 6 150 149
f 77 221 222 78
f 6 7 151 150
f 78 222 223 79
f 7 8 152 151
f 79 223 224 80
f 8 9 153 152
f 80 224 225 81
f 9 10 154 153
f 81 225 226 82
f 10 11 155 154
f 82 226 227 83
f 11 12 156 155
f 83 227 228 84
f 12 13 157 156
f 84 228 229 85
f 13 14 158 157
f 85 229 230 86
f 14 15 159 158
f 86 230 231 87
f 15 16 160 159
f 87 231 232 88
f 16 17 161 160
f 88 232 233 89
f 17 18 162 161
f 89 233 234 90
f 18 19 163 162
f 90 234 235 91
f 19 20 164 163
f 91 235 236 92
f 20 21 165 164
f 92 236 237 93
f 21 22 166 165
f 93 237 238 94
f 22 23 167 166
f 94 238 239 95
f 23 24 168 167
f 95 239 240 96
f 24 25 169 168
f 96 240 241 97
f 25 26 170 169
f 97 241 242 98
f 26 27 171 170
f 98 242 243 99
f 27 28 172 171
f 99 243 244 100
f 28 29 173 172
f 100 244 245 101
f 29 30 174 173
f 101 245 246 102
f 30 31 175 174
f 102 246 247 103
f 31 32 176 175
f 103 247 248 104
f 32 33 177 176
f 104 248 249 105
f 33 34 178 177
f 105 249 250 106
f 34 35 179 178
f 106 250 251 107
f 35 36 180 179
f 107 251 252 108
f 36 37 181 180
f 108 252 253 109
f 37 38 182 181
f 109 253 254 110
f 38 39 183 182
f 110 254 255 111
f 39 40 184 183
f 111 255 256 112
f 40 41 185 184
f 112 256 257 113
f 41 42 186 185
f 113 257 258 114
f 42 43 187 186
f 114 258 259 115
f 43 44 188 187
f 115 259 260 116
f 44 45 189 188
f 116 260 261 117
f 45 46 190 189
f 117 261 262 118
f 46 47 191 190
f 118 262 263 119
f 47 48 192 191
f 119 263 264 120
f 48 49 193 192
f 120 264 265 121
f 49 50 194 193
f 121 265 266 122
f 50 51 195 194
f 122 266 267 123
f 51 52 196 195
f 123 267 268 124
f 52 53 197 196
f 124 268 269 125
f 53 54 198 197
f 125 269 270 126
f 54 55 199 198
f 126 270 271 127
f 55 56 200 199
f 127 271 272 128
f 56 57 201 200
f 128 272 273 129
f 57 58 202 201
f 129 273 274 130
f 58 59 203 202
f 130 274 275 131
f 59 60 204 203
f 131 275 276 132
f 60 61 205 204
f 132 276 277 133
f 61 62 206 205
f 133 277 278 134
f 62 63 207 206
f 134 278 279 135
f 63 64 208 207
f 135 279 280 136
f 64 65 209 208
f 136 280 281 137
f 65 66 210 209
f 137 281 282 138
f 66 67 211 210
f 138 282 283 139
f 67 68 212 211
f 139 283 284 140
f 68 69 213 212
f 140 284 285 141
f 69 70 214 213
f 141 285 286 142
f 70 71 215 214
f 142 286 287 143
f 71 72 216 215
f 143 287 288 144
f 72 1 145 216
f 144 288 217 73
f 289 290 362 361
f 290 291 363 362
f 291 292 364 363
f 292 293 365 364
f 293 294 366 365
f 294 295 367 366
f 295 296 368 367
f 296 297 369 368
f 297 298 370 369
f 298 299 371 370
f 299 300 372 371
f 300 301 373 372
f 301 302 374 373
f 302 303 375 374
f 303 304 376 375
f 304 305 377 376
f 305 306 378 377
f 306 307 379 378
f 307 308 380 379
f 308 309 381 380
f 309 310 382 381
f 310 311 383 382
f 311 312 384 383
f 312 313 385 384
f 313 314 386 385
f 314 315 387 386
f 315 316 388 387
f 316 317 389 388
f 317 318 390 389
f 318 319 391 390
f 319 320 392 391
f 320 321 393 392
f 321 322 394 393
f 322 323 395 394
f 323 324 396 395
f 324 325 397 396
f 325 326 398 397
f 326 327 399 398
f 327 328 400 399
f 328 329 401 400
f 329 330 402 401
f 330 331 403 402
f 331 332 404 403
f 332 333 405 404
f 333 334 406 405
f 334 335 407 406
f 335 336 408 407
f 336 337 409 408
f 337 338 410 409
f 338 339 411 410
f 339 340 412 411
f 340 341 413 412
f 341 342 414 413
f 342 343 415 414
f 343 344 416 415
f 344 345 417 416
f 345 346 418 417
f 346 347 419 418
f 347 348 420 419
f 348 349 421 420
f 349 350 422 421
f 350 351 423 422
f 351 352 424 423
f 352 353 425 424
f 353 354 426 425
f 354 355 427 426
f 355 356 428 427
f 356 357 429 428
f 357 358 430 429
f 358 359 431 430
f 359 360 432 431
f 360 289 361 432
f 433 505 506 434
f 434 506 507 435
f 435 507 508 436
f 436 508 509 437
f 437 509 510 438
f 438 510 511 439
f 439 511 512 440
f 440 512 513 441
f 441 513 514 442
f 442 514 515 443
f 443 515 516 444
f 444 516 517 445
f 445 517 518 446
f 446 518 519 447
f 447 519 520 448
f 448 520 521 449
f 449 521 522 450
f 450 522 523 451
f 451 523 524 452
f 452 524 525 453
f 453 525 526 454
f 454 526 527 455
f 455 527 528 456
f 456 528 529 457
f 457 529 530 458
f 458 530 531 459
f 459 531 532 460
f 460 532 533 461
f 461 533 534 462
f 462 534 535 463
f 463 535 536 464
f 464 536 537 465
f 465 537 538 466
f 466 538 539 467
f 467 539 540 468
f 468 540 541 469
f 469 541 542 470
f 470 542 543 471
f 471 543 544 472
f 472 544 545 473
f 473 545 546 474
f 474 546 547 475
f 475 547 548 476
f 476 548 549 477
f 477 549 550 478
f 478 550 551 479
f 479 551 552 480
f 480 552 553 481
f 481 553 554 482
f 482 554 555 483
f 483 555 556 484
f 484 556 557 485
f 485 557 558 486
f 486 558 559 487
f 487 559 560 488
f 488 560 561 489
f 489 561 562 490
f 490 562 563 491
f 491 563 564 492
f 492 564 565 493
f 493 565 566 494
f 494 566 567 495
f 495 567 568 496
f 496 568 569 497
f 497 569 570 498
f 498 570 571 499
f 499 571 572 500
f 500 572 573 501
f 501 573 574 502
f 502 574 575 503
f 503 575 576 504
f 504 576 505 433
f 289 290 434 433
f 361 505 506 362
f 290 291 435 434
f 362 506 507 363
f 291 292 436 435
f 363 507 508 364
f 292 293 437 436
f 364 508 509 365
f 293 294 438 437
f 365 509 510 366
f 294 295 439 438
f 366 510 511 367
f 295 296 440 439
f 367 511 512 368
f 296 297 441 440
f 368 512 513 369
f 297 298 442 441
f 369 513 514 370
f 298 299 443 442
f 370 514 515 371
f 299 300 444 443
f 371 515 516 372
f 300 301 445 444
f 372 516 517 373
f 301 302 446 445
f 373 517 518 374
f 302 303 447 446
f 374 518 519 375
f 303 304 448 447
f 375 519 520 376
f 304 305 449 448
f 376 520 521 377
f 305 306 450 449
f 377 521 522 378
f 306 307 451 450
f 378 522 523 379
f 307 308 452 451
f 379 523 524 380
f 308 309 453 452
f 380 524 525 381
f 309 310 454 453
f 381 525 526 382
f 310 311 455 454
f 382 526 527 383
f 311 312 456 455
f 383 527 528 384
f 312 313 457 456
f 384 528 529 385
f 313 314 458 457
f 385 529 530 386
f 314 315 459 458
f 386 530 531 387
f 315 316 460 459
f 387 531 532 388
f 316 317 461 460
f 388 532 533 389
f 317 318 462 461
f 389 533 534 390
f 318 319 463 462
f 390 534 535 391
f 319 320 464 463
f 391 535 536 392
f 320 321 465 464
f 392 536 537 393
f 321 322 466 465
f 393 537 538 394
f 322 323 467 466
f 394 538 539 395
f 323 324 468 467
f 395 539 540 396
f 324 325 469 468
f 396 540 541 397
f 325 326 470 469
f 397 541 542 398
f 326 327 471 470
f 398 542 543 399
f 327 328 472 471
f 399 543 544 400
f 328 329 473 472
f 400 544 545 401
f 329 330 474 473
f 401 545 546 402
f 330 331 475 474
f 402 546 547 403
f 331 332 476 475
f 403 547 548 404
f 332 333 477 476
f 404 548 549 405
f 333 334 478 477
f 405 549 550 406
f 334 335 479 478
f 406 550 551 407
f 335 336 480 479
f 407 551 552 408
f 336 337 481 480
f 408 552 553 409
f 337 338 482 481
f 409 553 554 410
f 338 339 483 482
f 410 554 555 411
f 339 340 484 483
f 411 555 556 412
f 340 341 485 484
f 412 556 557 413
f 341 342 486 485
f 413 557 558 414
f 342 343 487 486
f 414 558 559 415
f 343 344 488 487
f 415 559 560 416
f 344 345 489 488
f 416 560 561 417
f 345 346 490 489
f 417 561 562 418
f 346 347 491 490
f 418 562 563 419
f 347 348 492 491
f 419 563 564 420
f 348 349 493 492
f 420 564 565 421
f 349 350 494 493
f 421 565 566 422
f 350 351 495 494
f 422 566 567 423
f 351 352 496 495
f 423 567 568 424
f 352 353 497 496
f 424 568 569 425
f 353 354 498 497
f 425 569 570 426
f 354 355 499 498
f 426 570 571 427
f 355 356 500 499
f 427 571 572 428
f 356 357 501 500
f 428 572 573 429
f 357 358 502 501
f 429 573 574 430
f 358 359 503 502
f 430 574 575 431
f 359 360 504 503
f 431 575 576 432
f 360 289 433 504
f 432 576 505 361
f 577 578 650 649
f 578 579 651 650
f 579 580 652 651
f 580 581 653 652
f 581 582 654 653
f 582 583 655 654
f 583 584 656 655
f 584 585 657 656
f 585 586 658 657
f 586 587 659 658
f 587 588 660 659
f 588 589 661 660
f 589 590 662 661
f 590 591 663 662
f 591 592 664 663
f 592 593 665 664
f 593 594 666 665
f 594 595 667 666
f 595 596 668 667
f 596 597 669 668
f 597 598 670 669
f 598 599 671 670
f 599 600 672 671
f 600 601 673 672
f 601 602 674 673
f 602 603 675 674
f 603 604 676 675
f 604 605 677 676
f 605 606 678 677
f 606 607 679 678
f 607 608 680 679
f 608 609 681 680
f 609 610 682 681
f 610 611 683 682
f 611 612 684 683
f 612 613 685 684
f 613 614 686 685
f 614 615 687 686
f 615 616 688 687
f 616 617 689 688
f 617 618 690 689
f 618 619 691 690
f 619 620 692 691
f 620 621 693 692
f 621 622 694 693
f 622 623 695 694
f 623 624 696 695
f 624 625 697 696
f 625 626 698 697
f 626 627 699 698
f 627 628 700 699
f 628 629 701 700
f 629 630 702 701
f 630 631 703 702
f 631 632 704 703
f 632 633 705 704
f 633 634 706 705
f 634 635 707 706
f 635 636 708 707
f 636 637 709 708
f 637 638 710 709
f 638 639 711 710
f 639 640 712 711
f 640 641 713 712
f 641 642 714 713
f 642 643 715 714
f 643 644 716 715
f 644 645 717 716
f 645 646 718 717
f 646 647 719 718
f 647 648 720 719
f 648 577 649 720
f 721 793 794 722
f 722 794 795 723
f 723 795 796 724
f 724 796 797 725
f 725 797 798 726
f 726 798 799 727
f 727 799 800 728
f 728 800 801 729
f 729 801 802 730
f 730 802 803 731
f 731 803 804 732
f 732 804 805 733
f 733 805 806 734
f 734 806 807 735
f 735 807 808 736
f 736 808 809 737
f 737 809 810 738
f 738 810 811 739
f 739 811 812 740
f 740 812 813 741
f 741 813 814 742
f 742 814 815 743
f 743 815 816 744
f 744 816 817 745
f 745 817 818 746
f 746 818 819 747
f 747 819 820 748
f 748 820 821 749
f 749 821 822 750
f 750 822 823 751
f 751 823 824 752
f 752 824 825 753
f 753 825 826 754
f 754 826 827 755
f 755 827 828 756
f 756 828 829 757
f 757 829 830 758
f 758 830 831 759
f 759 831 832 760
f 760 832 833 761
f 761 833 834 762
f 762 834 835 763
f 763 835 836 764
f 764 836 837 765
f 765 837 838 766
f 766 838 839 767
f 767 839 840 768
f 768 840 841 769
f 769 841 842 770
f 770 842 843 771
f 771 843 844 772
f 772 844 845 773
f 773 845 846 774
f 774 846 847 775
f 775 847 848 776
f 776 848 849 777
f 777 849 850 778
f 778 850 851 779
f 779 851 852 780
f 780 852 853 781
f 781 853 854 782
f 782 854 855 783
f 783 855 856 784
f 784 856 857 785
f 785 857 858 786
f 786 858 859 787
f 787 859 860 788
f 788 860 861 789
f 789 861 862 790
f 790 862 863 791
f 791 863 864 792
f 792 864 793 721
f 577 578 722 721
f 649 793 794 650
f 578 579 723 722
f 650 794 795 651
f 579 580 724 723
f 651 795 796 652
f 580 581 725 724
f 652 796 797 653
f 581 582 726 725
f 653 797 798 654
f 582 583 727 726
f 654 798 799 655
f 583 584 728 727
f 655 799 800 656
f 584 585 729 728
f 656 800 801 657
f 585 586 730 729
f 657 801 802 658
f 586 587 731 730
f 658 802 803 659
f 587 588 732 731
f 659 803 804 660
f 588 589 733 732
f 660 804 805 661
f 589 590 734 733
f 661 805 806 662
f 590 591 735 734
f 662 806 807 663
f 591 592 736 735
f 663 807 808 664
f 592 593 737 736
f 664 808 809 665
f 593 594 738 737
f 665 809 810 666
f 594 595 739 738
f 666 810 811 667
f 595 596 740 739
f 667 811 812 668
f 596 597 741 740
f 668 812 813 669
f 597 598 742 741
f 669 813 814 670
f 598 599 743 742
f 670 814 815 671
f 599 600 744 743
f 671 815 816 672
f 600 601 745 744
f 672 816 817 673
f 601 602 746 745
f 673 817 818 674
f 602 603 747 746
f 674 818 819 675
f 603 604 748 747
f 675 819 820 676
f 604 605 749 748
f 676 820 821 677
f 605 606 750 749
f 677 821 822 678
f 606 607 751 750
f 678 822 823 679
f 607 608 752 751
f 679 823 824 680
f 608 609 753 752
f 680 824 825 681
f 609 610 754 753
f 681 825 826 682
f 610 611 755 754
f 682 826 827 683
f 611 612 756 755
f 683 827 828 684
f 612 613 757 756
f 684 828 829 685
f 613 614 758 757
f 685 829 830 686
f 614 615 759 758
f 686 830 831 687
f 615 616 760 759
f 687 831 832 688
f 616 617 761 760
f 688 832 833 689
f 617 618 762 761
f 689 833 834 690
f 618 619 763 762
f 690 834 835 691
f 619 620 764 763
f 691 835 836 692
f 620 621 765 764
f 692 836 837 693
f 621 622 766 765
f 693 837 838 694
f 622 623 767 766
f 694 838 839 695
f 623 624 768 767
f 695 839 840 696
f 624 625 769 768
f 696 840 841 697
f 625 626 770 769
f 697 841 842 698
f 626 627 771 770
f 698 842 843 699
f 627 628 772 771
f 699 843 844 700
f 628 629 773 772
f 700 844 845 701
f 629 630 774 773
f 701 845 846 702
f 630 631 775 774
f 702 846 847 703
f 631 632 776 775
f 703 847 848 704
f 632 633 777 776
f 704 848 849 705
f 633 634 778 777
f 705 849 850 706
f 634 635 779 778
f 706 850 851 707
f 635 636 780 779
f 707 851 852 708
f 636 637 781 780
f 708 852 853 709
f 637 638 782 781
f 709 853 854 710
f 638 639 783 782
f 710 854 855 711
f 639 640 784 783
f 711 855 856 712
f 640 641 785 784
f 712 856 857 713
f 641 642 786 785
f 713 857 858 714
f 642 643 787 786
f 714 858 859 715
f 643 644 788 787
f 715 859 860 716
f 644 645 789 788
f 716 860 861 717
f 645 646 790 789
f 717 861 862 718
f 646 647 791 790
f 718 862 863 719
f 647 648 792 791
f 719 863 864 720
f 648 577 721 792
f 720 864 793 649
f 865 866 938 937
f 866 867 939 938
f 867 868 940 939
f 868 869 941 940
f 869 870 942 941
f 870 871 943 942
f 871 872 944 943
f 872 873 945 944
f 873 874 946 945
f 874 875 947 946
f 875 876 948 947
f 876 877 949 948
f 877 878 950 949
f 878 879 951 950
f 879 880 952 951
f 880 881 953 952
f 881 882 954 953
f 882 883 955 954
f 883 884 956 955
f 884 885 957 956
f 885 886 958 957
f 886 887 959 958
f 887 888 960 959
f 888 889 961 960
f 889 890 962 961
f 890 891 963 962
f 891 892 964 963
f 892 893 965 964
f 893 894 966 965
f 894 895 967 966
f 895 896 968 967
f 896 897 969 968
f 897 898 970 969
f 898 899 971 970
f 899 900 972 971
f 900 901 973 972
f 901 902 974 973
f 902 903 975 974
f 903 904 976 975
f 904 905 977 976
f 905 906 978 977
f 906 907 979 978
f 907 908 980 979
f 908 909 981 980
f 909 910 982 981
f 910 911 983 982
f 911 912 984 983
f 912 913 985 984
f 913 914 986 985
f 914 915 987 986
f 915 916 988 987
f 916 917 989 988
f 917 918 990 989
f 918 919 991 990
f 919 920 992 991
f 920 921 993 992
f 921 922 994 993
f 922 923 995 994
f 923 924 996 995
f 924 925 997 996
f 925 926 998 997
f 926 927 999 998
f 927 928 1000 999
f 928 929 1001 1000
f 929 930 1002 1001
f 930 931 1003 1002
f 931 932 1004 1003
f 932 933 1005 1004
f 933 934 1006 1005
f 934 935 1007 1006
f 935 936 1008 1007
f 936 865 937 1008
f 1009 1081 1082 1010
f 1010 1082 1083 1011
f 1011 1083 1084 1012
f 1012 1084 1085 1013
f 1013 1085 1086 1014
f 1014 1086 1087 1015
f 1015 1087 1088 1016
f 1016 1088 1089 1017
f 1017 1089 1090 1018
f 1018 1090 1091 1019
f 1019 1091 1092 1020
f 1020 1092 1093 1021
f 1021 1093 1094 1022
f 1022 1094 1095 1023
f 1023 1095 1096 1024
f 1024 1096 1097 1025
f 1025 1097 1098 1026
f 1026 1098 1099 1027
f 1027 1099 1100 1028
f 1028 1100 1101 1029
f 1029 1101 1102 1030
f 1030 1102 1103 1031
f 1031 1103 1104 1032
f 1032 1104 1105 1033
f 1033 1105 1106 1034
f 1034 1106 1107 1035
f 1035 1107 1108 1036
f 1036 1108 1109 1037
f 1037 1109 1110 1038
f 1038 1110 1111 1039
f 1039 1111 1112 1040
f 1040 1112 1113 1041
f 1041 1113 1114 1042
f 1042 1114 1115 1043
f 1043 1115 1116 1044
f 1044 1116 1117 1045
f 1045 1117 1118 1046
f 1046 1118 1119 1047
f 1047 1119 1120 1048
f 1048 1120 1121 1049
f 1049 1121 1122 1050
f 1050 1122 1123 1051
f 1051 1123 1124 1052
f 1052 1124 1125 1053
f 1053 1125 1126 1054
f 1054 1126 1127 1055
f 1055 1127 1128 1056
f 1056 1128 1129 1057
f 1057 1129 1130 1058
f 1058 1130 1131 1059
f 1059 1131 1132 1060
f 1060 1132 1133 1061
f 1061 1133 1134 1062
f 1062 1134 1135 1063
f 1063 1135 1136 1064
f 1064 1136 1137 1065
f 1065 1137 1138 1066
f 1066 1138 1139 1067
f 1067 1139 1140 1068
f 1068 1140 1141 1069
f 1069 1141 1142 1070
f 1070 1142 1143 1071
f 1071 1143 1144 1072
f 1072 1144 1145 1073
f 1073 1145 1146 1074
f 1074 1146 1147 1075
f 1075 1147 1148 1076
f 1076 1148 1149 1077
f 1077 1149 1150 1078
f 1078 1150 1151 1079
f 1079 1151 1152 1080
f 1080 1152 1081 1009
f 865 866 1010 1009
f 937 1081 1082 938
f 866 867 1011 1010
f 938 1082 1083 939
f 867 868 1012 1011
f 939 1083 1084 940
f 868 869 1013 1012
f 940 1084 1085 941
f 869 870 1014 1013
f 941 1085 1086 942
f 870 871 1015 1014
f 942 1086 1087 943
f 871 872 1016 1015
f 943 1087 1088 944
f 872 873 1017 1016
f 944 1088 1089 945
f 873 874 1018 1017
f 945 1089 1090 946
f 874 875 1019 1018
f 946 1090 1091 947
f 875 876 1020 1019
f 947 1091 1092 948
f 876 877 1021 1020
f 948 1092 1093 949
f 877 878 1022 1021
f 949 1093 1094 950
f 878 879 1023 1022
f 950 1094 1095 951
f 879 880 1024 1023
f 951 1095 1096 952
f 880 881 1025 1024
f 952 1096 1097 953
f 881 882 1026 1025
f 953 1097 1098 954
f 882 883 1027 1026
f 954 1098 1099 955
f 883 884 1028 1027
f 955 1099 1100 956
f 884 885 1029 1028
f 956 1100 1101 957
f 885 886 1030 1029
f 957 1101 1102 958
f 886 887 1031 1030
f 958 1102 1103 959
f 887 888 1032 1031
f 959 1103 1104 960
f 888 889 1033 1032
f 960 1104 1105 961
f 889 890 1034 1033
f 961 1105 1106 962
f 890 891 1035 1034
f 962 1106 1107 963
f 891 892 1036 1035
f 963 1107 1108 964
f 892 893 1037 1036
f 964 1108 1109 965
f 893 894 1038 1037
f 965 1109 1110 966
f 894 895 1039 1038
f 966 1110 1111 967
f 895 896 1040 1039
f 967 1111 1112 968
f 896 897 1041 1040
f 968 1112 1113 969
f 897 898 1042 1041
f 969 1113 1114 970
f 898 899 1043 1042
f 970 1114 1115 971
f 899 900 1044 1043
f 971 1115 1116 972
f 900 901 1045 1044
f 972 1116 1117 973
f 901 902 1046 1045
f 973 1117 1118 974
f 902 903 1047 1046
f 974 1118 1119 975
f 903 904 1048 1047
f 975 1119 1120 976
f 904 905 1049 1048
f 976 1120 1121 977
f 905 906 1050 1049
f 977 1121 1122 978
f 906 907 1051 1050
f 978 1122 1123 979
f 907 908 1052 1051
f 979 1123 1124 980
f 908 909 1053 1052
f 980 1124 1125 981
f 909 910 1054 1053
f 981 1125 1126 982
f 910 911 1055 1054
f 982 1126 1127 983
f 911 912 1056 1055
f 983 1127 1128 984
f 912 913 1057 1056
f 984 1128 1129 985
f 913 914 1058 1057
f 985 1129 1130 986
f 914 915 1059 1058
f 986 1130 1131 987
f 915 916 1060 1059
f 987 1131 1132 988
f 916 917 1061 1060
f 988 1132 1133 989
f 917 918 1062 1061
f 989 1133 1134 990
f 918 919 1063 1062
f 990 1134 1135 991
f 919 920 1064 1063
f 991 1135 1136 992
f 920 921 1065 1064
f 992 1136 1137 993
f 921 922 1066 1065
f 993 1137 1138 994
f 922 923 1067 1066
f 994 1138 1139 995
f 923 924 1068 1067
f 995 1139 1140 996
f 924 925 1069 1068
f 996 1140 1141 997
f 925 926 1070 1069
f 997 1141 1142 998
f 926 927 1071 1070
f 998 1142 1143 999
f 927 928 1072 1071
f 999 1143 1144 1000
f 928 929 1073 1072
f 1000 1144 1145 1001
f 929 930 1074 1073
f 1001 1145 1146 1002
f 930 931 1075 1074
f 1002 1146 1147 1003
f 931 932 1076 1075
f 1003 1147 1148 1004
f 932 933 1077 1076
f 1004 1148 1149 1005
f 933 934 1078 1077
f 1005 1149 1150 1006
f 934 935 1079 1078
f 1006 1150 1151 1007
f 935 936 1080 1079
f 1007 1151 1152 1008
f 936 865 1009 1080
f 1008 1152 1081 937
f 1153 1154 1226 1225
f 1154 1155 1227 1226
f 1155 1156 1228 1227
f 1156 1157 1229 1228
f 1157 1158 1230 1229
f 1158 1159 1231 1230
f 1159 1160 1232 1231
f 1160 1161 1233 1232
f 1161 1162 1234 1233
f 1162 1163 1235 1234
f 1163 1164 1236 1235
f 1164 1165 1237 1236
f 1165 1166 1238 1237
f 1166 1167 1239 1238
f 1167 1168 1240 1239
f 1168 1169 1241 1240
f 1169 1170 1242 1241
f 1170 1171 1243 1242
f 1171 1172 1244 1243
f 1172 1173 1245 1244
f 1173 1174 1246 1245
f 1174 1175 1247 1246
f 1175 1176 1248 1247
f 1176 1177 1249 1248
f 1177 1178 1250 1249
f 1178 1179 1251 1250
f 1179 1180 1252 1251
f 1180 1181 1253 1252
f 1181 1182 1254 1253
f 1182 1183 1255 1254
f 1183 1184 1256 1255
f 1184 1185 1257 1256
f 1185 1186 1258 1257
f 1186 1187 1259 1258
f 1187 1188 1260 1259
f 1188 1189 1261 1260
f 1189 1190 1262 1261
f 1190 1191 1263 1262
f 1191 1192 1264 1263
f 1192 1193 1265 1264
f 1193 1194 1266 1265
f 1194 1195 1267 1266
f 1195 1196 1268 1267
f 1196 1197 1269 1268
f 1197 1198 1270 1269
f 1198 1199 1271 1270
f 1199 1200 1272 1271
f 1200 1201 1273 1272
f 1201 1202 1274 1273
f 1202 1203 1275 1274
f 1203 1204 1276 1275
f 1204 1205 1277 1276
f 1205 1206 1278 1277
f 1206 1207 1279 1278
f 1207 1208 1280 1279
f 1208 1209 1281 1280
f 1209 1210 1282 1281
f 1210 1211 1283 1282
f 1211 1212 1284 1283
f 1212 1213 1285 1284
f 1213 1214 1286 1285
f 1214 1215 1287 1286
f 1215 1216 1288 1287
f 1216 1217 1289 1288
f 1217 1218 1290 1289
f 1218 1219 1291 1290
f 1219 1220 1292 1291
f 1220 1221 1293 1292
f 1221 1222 1294 1293
f 1222 1223 1295 1294
f 1223 1224 1296 1295
f 1224 1153 1225 1296
f 1225 1226 1298 1297
f 1226 1227 1299 1298
f 1227 1228 1300 1299
f 1228 1229 1301 1300
f 1229 1230 1302 1301
f 1230 1231 1303 1302
f 1231 1232 1304 1303
f 1232 1233 1305 1304
f 1233 1234 1306 1305
f 1234 1235 1307 1306
f 1235 1236 1308 1307
f 1236 1237 1309 1308
f 1237 1238 1310 1309
f 1238 1239 1311 1310
f 1239 1240 1312 1311
f 1240 1241 1313 1312
f 1241 1242 1314 1313
f 1242 1243 1315 1314
f 1243 1244 1316 1315
f 1244 1245 1317 1316
f 1245 1246 1318 1317
f 1246 1247 1319 1318
f 1247 1248 1320 1319
f 1248 1249 1321 1320
f 1249 1250 1322 1321
f 1250 1251 1323 1322
f 1251 1252 1324 1323
f 1252 1253 1325 1324
f 1253 1254 1326 1325
f 1254 1255 1327 1326
f 1255 1256 1328 1327
f 1256 1257 1329 1328
f 1257 1258 1330 1329
f 1258 1259 1331 1330
f 1259 1260 1332 1331
f 1260 1261 1333 1332
f 1261 1262 1334 1333
f 1262 1263 1335 1334
f 1263 1264 1336 1335
f 1264 1265 1337 1336
f 1265 1266 1338 1337
f 1266 1267 1339 1338
f 1267 1268 1340 1339
f 1268 1269 1341 1340
f 1269 1270 1342 1341
f 1270 1271 1343 1342
f 1271 1272 1344 1343
f 1272 1273 1345 1344
f 1273 1274 1346 1345
f 1274 1275 1347 1346
f 1275 1276 1348 1347
f 1276 1277 1349 1348
f 1277 1278 1350 1349
f 1278 1279 1351 1350
f 1279 1280 1352 1351
f 1280 1281 1353 1352
f 1281 1282 1354 1353
f 1282 1283 1355 1354
f 1283 1284 1356 1355
f 1284 1285 1357 1356
f 1285 1286 1358 1357
f 1286 1287 1359 1358
f 1287 1288 1360 1359
f 1288 1289 1361 1360
f 1289 1290 1362 1361
f 1290 1291 1363 1362
f 1291 1292 1364 1363
f 1292 1293 1365 1364
f 1293 1294 1366 1365
f 1294 1295 1367 1366
f 1295 1296 1368 1367
f 1296 1225 1297 1368
f 1297 1298 1370 1369
f 1298 1299 1371 1370
f 1299 1300 1372 1371
f 1300 1301 1373 1372
f 1301 1302 1374 1373
f 1302 1303 1375 1374
f 1303 1304 1376 1375
f 1304 1305 1377 1376
f 1305 1306 1378 1377
f 1306 1307 1379 1378
f 1307 1308 1380 1379
f 1308 1309 1381 1380
f 1309 1310 1382 1381
f 1310 1311 1383 1382
f 1311 1312 1384 1383
f 1312 1313 1385 1384
f 1313 1314 1386 1385
f 1314 1315 1387 1386
f 1315 1316 1388 1387
f 1316 1317 1389 1388
f 1317 1318 1390 1389
f 1318 1319 1391 1390
f 1319 1320 1392 1391
f 1320 1321 1393 1392
f 1321 1322 1394 1393
f 1322 1323 1395 1394
f 1323 1324 1396 1395
f 1324 1325 1397 1396
f 1325 1326 1398 1397
f 1326 1327 1399 1398
f 1327 1328 1400 1399
f 1328 1329 1401 1400
f 1329 1330 1402 1401
f 1330 1331 1403 1402
f 1331 1332 1404 1403
f 1332 1333 1405 1404
f 1333 1334 1406 1405
f 1334 1335 1407 1406
f 1335 1336 1408 1407
f 1336 1337 1409 1408
f 1337 1338 1410 1409
f 1338 1339 1411 1410
f 1339 1340 1412 1411
f 1340 1341 1413 1412
f 1341 1342 1414 1413
f 1342 1343 1415 1414
f 1343 1344 1416 1415
f 1344 1345 1417 1416
f 1345 1346 1418 1417
f 1346 1347 1419 1418
f 1347 1348 1420 1419
f 1348 1349 1421 1420
f 1349 1350 1422 1421
f 1350 1351 1423 1422
f 1351 1352 1424 1423
f 1352 1353 1425 1424
f 1353 1354 1426 1425
f 1354 1355 1427 1426
f 1355 1356 1428 1427
f 1356 1357 1429 1428
f 1357 1358 1430 1429
f 1358 1359 1431 1430
f 1359 1360 1432 1431
f 1360 1361 1433 1432
f 1361 1362 1434 1433
f 1362 1363 1435 1434
f 1363 1364 1436 1435
f 1364 1365 1437 1436
f 1365 1366 1438 1437
f 1366 1367 1439 1438
f 1367 1368 1440 1439
f 1368 1297 1369 1440
f 1441 1513 1514 1442
f 1442 1514 1515 1443
f 1443 1515 1516 1444
f 1444 1516 1517 1445
f 1445 1517 1518 1446
f 1446 1518 1519 1447
f 1447 1519 1520 1448
f 1448 1520 1521 1449
f 1449 1521 1522 1450
f 1450 1522 1523 1451
f 1451 1523 1524 1452
f 1452 1524 1525 1453
f 1453 1525 1526 1454
f 1454 1526 1527 1455
f 1455 1527 1528 1456
f 1456 1528 1529 1457
f 1457 1529 1530 1458
f 1458 1530 1531 1459
f 1459 1531 1532 1460
f 1460 1532 1533 1461
f 1461 1533 1534 1462
f 1462 1534 1535 1463
f 1463 1535 1536 1464
f 1464 1536 1537 1465
f 1465 1537 1538 1466
f 1466 1538 1539 1467
f 1467 1539 1540 1468
f 1468 1540 1541 1469
f 1469 1541 1542 1470
f 1470 1542 1543 1471
f 1471 1543 1544 1472
f 1472 1544 1545 1473
f 1473 1545 1546 1474
f 1474 1546 1547 1475
f 1475 1547 1548 1476
f 1476 1548 1549 1477
f 1477 1549 1550 1478
f 1478 1550 1551 1479
f 1479 1551 1552 1480
f 1480 1552 1553 1481
f 1481 1553 1554 1482
f 1482 1554 1555 1483
f 1483 1555 1556 1484
f 1484 1556 1557 1485
f 1485 1557 1558 1486
f 1486 1558 1559 1487
f 1487 1559 1560 1488
f 1488 1560 1561 1489
f 1489 1561 1562 1490
f 1490 1562 1563 1491
f 1491 1563 1564 1492
f 1492 1564 1565 1493
f 1493 1565 1566 1494
f 1494 1566 1567 1495
f 1495 1567 1568 1496
f 1496 1568 1569 1497
f 1497 1569 1570 1498
f 1498 1570 1571 1499
f 1499 1571 1572 1500
f 1500 1572 1573 1501
f 1501 1573 1574 1502
f 1502 1574 1575 1503
f 1503 1575 1576 1504
f 1504 1576 1577 1505
f 1505 1577 1578 1506
f 1506 1578 1579 1507
f 1507 1579 1580 1508
f 1508 1580 1581 1509
f 1509 1581 1582 1510
f 1510 1582 1583 1511
f 1511 1583 1584 1512
f 1512 1584 1513 1441
f 1513 1585 1586 1514
f 1514 1586 1587 1515
f 1515 1587 1588 1516
f 1516 1588 1589 1517
f 1517 1589 1590 1518
f 1518 1590 1591 1519
f 1519 1591 1592 1520
f 1520 1592 1593 1521
f 1521 1593 1594 1522
f 1522 1594 1595 1523
f 1523 1595 1596 1524
f 1524 1596 1597 1525
f 1525 1597 1598 1526
f 1526 1598 1599 1527
f 1527 1599 1600 1528
f 1528 1600 1601 1529
f 1529 1601 1602 1530
f 1530 1602 1603 1531
f 1531 1603 1604 1532
f 1532 1604 1605 1533
f 1533 1605 1606 1534
f 1534 1606 1607 1535
f 1535 1607 1608 1536
f 1536 1608 1609 1537
f 1537 1609 1610 1538
f 1538 1610 1611 1539
f 1539 1611 1612 1540
f 1540 1612 1613 1541
f 1541 1613 1614 1542
f 1542 1614 1615 1543
f 1543 1615 1616 1544
f 1544 1616 1617 1545
f 1545 1617 1618 1546
f 1546 1618 1619 1547
f 1547 1619 1620 1548
f 1548 1620 1621 1549
f 1549 1621 1622 1550
f 1550 1622 1623 1551
f 1551 1623 1624 1552
f 1552 1624 1625 1553
f 1553 1625 1626 1554
f 1554 1626 1627 1555
f 1555 1627 1628 1556
f 1556 1628 1629 1557
f 1557 1629 1630 1558
f 1558 1630 1631 1559
f 1559 1631 1632 1560
f 1560 1632 1633 1561
f 1561 1633 1634 1562
f 1562 1634 1635 1563
f 1563 1635 1636 1564
f 1564 1636 1637 1565
f 1565 1637 1638 1566
f 1566 1638 1639 1567
f 1567 1639 1640 1568
f 1568 1640 1641 1569
f 1569 1641 1642 1570
f 1570 1642 1643 1571
f 1571 1643 1644 1572
f 1572 1644 1645 1573
f 1573 1645 1646 1574
f 1574 1646 1647 1575
f 1575 1647 1648 1576
f 1576 1648 1649 1577
f 1577 1649 1650 1578
f 1578 1650 1651 1579
f 1579 1651 1652 1580
f 1580 1652 1653 1581
f 1581 1653 1654 1582
f 1582 1654 1655 1583
f 1583 1655 1656 1584
f 1584 1656 1585 1513
f 1585 1657 1658 1586
f 1586 1658 1659 1587
f 1587 1659 1660 1588
f 1588 1660 1661 1589
f 1589 1661 1662 1590
f 1590 1662 1663 1591
f 1591 1663 1664 1592
f 1592 1664 1665 1593
f 1593 1665 1666 1594
f 1594 1666 1667 1595
f 1595 1667 1668 1596
f 1596 1668 1669 1597
f 1597 1669 1670 1598
f 1598 1670 1671 1599
f 1599 1671 1672 1600
f 1600 1672 1673 1601
f 1601 1673 1674 1602
f 1602 1674 1675 1603
f 1603 1675 1676 1604
f 1604 1676 1677 1605
f 1605 1677 1678 1606
f 1606 1678 1679 1607
f 1607 1679 1680 1608
f 1608 1680 1681 1609
f 1609 1681 1682 1610
f 1610 1682 1683 1611
f 1611 1683 1684 1612
f 1612 1684 1685 1613
f 1613 1685 1686 1614
f 1614 1686 1687 1615
f 1615 1687 1688 1616
f 1616 1688 1689 1617
f 1617 1689 1690 1618
f 1618 1690 1691 1619
f 1619 1691 1692 1620
f 1620 1692 1693 1621
f 1621 1693 1694 1622
f 1622 1694 1695 1623
f 1623 1695 1696 1624
f 1624 1696 1697 1625
f 1625 1697 1698 1626
f 1626 1698 1699 1627
f 1627 1699 1700 1628
f 1628 1700 1701 1629
f 1629 1701 1702 1630
f 1630 1702 1703 1631
f 1631 1703 1704 1632
f 1632 1704 1705 1633
f 1633 1705 1706 1634
f 1634 1706 1707 1635
f 1635 1707 1708 1636
f 1636 1708 1709 1637
f 1637 1709 1710 1638
f 1638 1710 1711 1639
f 1639 1711 1712 1640
f 1640 1712 1713 1641
f 1641 1713 1714 1642
f 1642 1714 1715 1643
f 1643 1715 1716 1644
f 1644 1716 1717 1645
f 1645 1717 1718 1646
f 1646 1718 1719 1647
f 1647 1719 1720 1648
f 1648 1720 1721 1649
f 1649 1721 1722 1650
f 1650 1722 1723 1651
f 1651 1723 1724 1652
f 1652 1724 1725 1653
f 1653 1725 1726 1654
f 1654 1726 1727 1655
f 1655 1727 1728 1656
f 1656 1728 1657 1585
f 1153 1154 1442 1441
f 1369 1657 1658 1370
f 1154 1155 1443 1442
f 1370 1658 1659 1371
f 1155 1156 1444 1443
f 1371 1659 1660 1372
f 1156 1157 1445 1444
f 1372 1660 1661 1373
f 1157 1158 1446 1445
f 1373 1661 1662 1374
f 1158 1159 1447 1446
f 1374 1662 1663 1375
f 1159 1160 1448 1447
f 1375 1663 1664 1376
f 1160 1161 1449 1448
f 1376 1664 1665 1377
f 1161 1162 1450 1449
f 1377 1665 1666 1378
f 1162 1163 1451 1450
f 1378 1666 1667 1379
f 1163 1164 1452 1451
f 1379 1667 1668 1380
f 1164 1165 1453 1452
f 1380 1668 1669 1381
f 1165 1166 1454 1453
f 1381 1669 1670 1382
f 1166 1167 1455 1454
f 1382 1670 1671 1383
f 1167 1168 1456 1455
f 1383 1671 1672 1384
f 1168 1169 1457 1456
f 1384 1672 1673 1385
f 1169 1170 1458 1457
f 1385 1673 1674 1386
f 1170 1171 1459 1458
f 1386 1674 1675 1387
f 1171 1172 1460 1459
f 1387 1675 1676 1388
f 1172 1173 1461 1460
f 1388 1676 1677 1389
f 1173 1174 1462 1461
f 1389 1677 1678 1390
f 1174 1175 1463 1462
f 1390 1678 1679 1391
f 1175 1176 1464 1463
f 1391 1679 1680 1392
f 1176 1177 1465 1464
f 1392 1680 1681 1393
f 1177 1178 1466 1465
f 1393 1681 1682 1394
f 1178 1179 1467 1466
f 1394 1682 1683 1395
f 1179 1180 1468 1467
f 1395 1683 1684 1396
f 1180 1181 1469 1468
f 1396 1684 1685 1397
f 1181 1182 1470 1469
f 1397 1685 1686 1398
f 1182 1183 1471 1470
f 1398 1686 1687 1399
f 1183 1184 1472 1471
f 1399 1687 1688 1400
f 1184 1185 1473 1472
f 1400 1688 1689 1401
f 1185 1186 1474 1473
f 1401 1689 1690 1402
f 1186 1187 1475 1474
f 1402 1690 1691 1403
f 1187 1188 1476 1475
f 1403 1691 1692 1404
f 1188 1189 1477 1476
f 1404 1692 1693 1405
f 1189 1190 1478 1477
f 1405 1693 1694 1406
f 1190 1191 1479 1478
f 1406 1694 1695 1407
f 1191 1192 1480 1479
f 1407 1695 1696 1408
f 1192 1193 1481 1480
f 1408 1696 1697 1409
f 1193 1194 1482 1481
f 1409 1697 1698 1410
f 1194 1195 1483 1482
f 1410 1698 1699 1411
f 1195 1196 1484 1483
f 1411 1699 1700 1412
f 1196 1197 1485 1484
f 1412 1700 1701 1413
f 1197 1198 1486 1485
f 1413 1701 1702 1414
f 1198 1199 1487 1486
f 1414 1702 1703 1415
f 1199 1200 1488 1487
f 1415 1703 1704 1416
f 1200 1201 1489 1488
f 1416 1704 1705 1417
f 1201 1202 1490 1489
f 1417 1705 1706 1418
f 1202 1203 1491 1490
f 1418 1706 1707 1419
f 1203 1204 1492 1491
f 1419 1707 1708 1420
f 1204 1205 1493 1492
f 1420 1708 1709 1421
f 1205 1206 1494 1493
f 1421 1709 1710 1422
f 1206 1207 1495 1494
f 1422 1710 1711 1423
f 1207 1208 1496 1495
f 1423 1711 1712 1424
f 1208 1209 1497 1496
f 1424 1712 1713 1425
f 1209 1210 1498 1497
f 1425 1713 1714 1426
f 1210 1211 1499 1498
f 1426 1714 1715 1427
f 1211 1212 1500 1499
f 1427 1715 1716 1428
f 1212 1213 1501 1500
f 1428 1716 1717 1429
f 1213 1214 1502 1501
f 1429 1717 1718 1430
f 1214 1215 1503 1502
f 1430 1718 1719 1431
f 1215 1216 1504 1503
f 1431 1719 1720 1432
f 1216 1217 1505 1504
f 1432 1720 1721 1433
f 1217 1218 1506 1505
f 1433 1721 1722 1434
f 1218 1219 1507 1506
f 1434 1722 1723 1435
f 1219 1220 1508 1507
f 1435 1723 1724 1436
f 1220 1221 1509 1508
f 1436 1724 1725 1437
f 1221 1222 1510 1509
f 1437 1725 1726 1438
f 1222 1223 1511 1510
f 1438 1726 1727 1439
f 1223 1224 1512 1511
f 1439 1727 1728 1440
f 1224 1153 1441 1512
f 1440 1728 1657 1369
f 1729 1730 1802 1801
f 1873 1945 1946 1874
f 1729 1873 1874 1730
f 1801 1802 1946 1945
f 1730 1731 1803 1802
f 1874 1946 1947 1875
f 1730 1874 1875 1731
f 1802 1803 1947 1946
f 1731 1732 1804 1803
f 1875 1947 1948 1876
f 1731 1875 1876 1732
f 1803 1804 1948 1947
f 1732 1733 1805 1804
f 1876 1948 1949 1877
f 1732 1876 1877 1733
f 1804 1805 1949 1948
f 1733 1734 1806 1805
f 1877 1949 1950 1878
f 1733 1877 1878 1734
f 1805 1806 1950 1949
f 1734 1735 1807 1806
f 1878 1950 1951 1879
f 1734 1878 1879 1735
f 1806 1807 1951 1950
f 1735 1736 1808 1807
f 1879 1951 1952 1880
f 1735 1879 1880 1736
f 1807 1808 1952 1951
f 1736 1737 1809 1808
f 1880 1952 1953 1881
f 1736 1880 1881 1737
f 1808 1809 1953 1952
f 1737 1738 1810 1809
f 1881 1953 1954 1882
f 1737 1881 1882 1738
f 1809 1810 1954 1953
f 1738 1739 1811 1810
f 1882 1954 1955 1883
f 1738 1882 1883 1739
f 1810 1811 1955 1954
f 1739 1740 1812 1811
f 1883 1955 1956 1884
f 1739 1883 1884 1740
f 1811 1812 1956 1955
f 1740 1741 1813 1812
f 1884 1956 1957 1885
f 1740 1884 1885 1741
f 1812 1813 1957 1956
f 1741 1742 1814 1813
f 1885 1957 1958 1886
f 1741 1885 1886 1742
f 1813 1814 1958 1957
f 1742 1743 1815 1814
f 1886 1958 1959 1887
f 1742 1886 1887 1743
f 1814 1815 1959 1958
f 1743 1744 1816 1815
f 1887 1959 1960 1888
f 1743 1887 1888 1744
f 1815 1816 1960 1959
f 1744 1745 1817 1816
f 1888 1960 1961 1889
f 1744 1888 1889 1745
f 1816 1817 1961 1960
f 1745 1746 1818 1817
f 1889 1961 1962 1890
f 1745 1889 1890 1746
f 1817 1818 1962 1961
f 1746 1747 1819 1818
f 1890 1962 1963 1891
f 1746 1890 1891 1747
f 1818 1819 1963 1962
f 1747 1748 1820 1819
f 1891 1963 1964 1892
f 1747 1891 1892 1748
f 1819 1820 1964 1963
f 1748 1749 1821 1820
f 1892 1964 1965 1893
f 1748 1892 1893 1749
f 1820 1821 1965 1964
f 1749 1750 1822 1821
f 1893 1965 1966 1894
f 1749 1893 1894 1750
f 1821 1822 1966 1965
f 1750 1751 1823 1822
f 1894 1966 1967 1895
f 1750 1894 1895 1751
f 1822 1823 1967 1966
f 1751 1752 1824 1823
f 1895 1967 1968 1896
f 1751 1895 1896 1752
f 1823 1824 1968 1967
f 1752 1753 1825 1824
f 1896 1968 1969 1897
f 1752 1896 1897 1753
f 1824 1825 1969 1968
f 1753 1754 1826 1825
f 1897 1969 1970 1898
f 1753 1897 1898 1754
f 1825 1826 1970 1969
f 1754 1755 1827 1826
f 1898 1970 1971 1899
f 1754 1898 1899 1755
f 1826 1827 1971 1970
f 1755 1756 1828 1827
f 1899 1971 1972 1900
f 1755 1899 1900 1756
f 1827 1828 1972 1971
f 1756 1757 1829 1828
f 1900 1972 1973 1901
f 1756 1900 1901 1757
f 1828 1829 1973 1972
f 1757 1758 1830 1829
f 1901 1973 1974 1902
f 1757 1901 1902 1758
f 1829 1830 1974 1973
f 1758 1759 1831 1830
f 1902 1974 1975 1903
f 1758 1902 1903 1759
f 1830 1831 1975 1974
f 1759 1760 1832 1831
f 1903 1975 1976 1904
f 1759 1903 1904 1760
f 1831 1832 1976 1975
f 1760 1761 1833 1832
f 1904 1976 1977 1905
f 1760 1904 1905 1761
f 1832 1833 1977 1976
f 1761 1762 1834 1833
f 1905 1977 1978 1906
f 1761 1905 1906 1762
f 1833 1834 1978 1977
f 1762 1763 1835 1834
f 1906 1978 1979 1907
f 1762 1906 1907 1763
f 1834 1835 1979 1978
f 1763 1764 1836 1835
f 1907 1979 1980 1908
f 1763 1907 1908 1764
f 1835 1836 1980 1979
f 1764 1765 1837 1836
f 1908 1980 1981 1909
f 1764 1908 1909 1765
f 1836 1837 1981 1980
f 1765 1766 1838 1837
f 1909 1981 1982 1910
f 1765 1909 1910 1766
f 1837 1838 1982 1981
f 1766 1767 1839 1838
f 1910 1982 1983 1911
f 1766 1910 1911 1767
f 1838 1839 1983 1982
f 1767 1768 1840 1839
f 1911 1983 1984 1912
f 1767 1911 1912 1768
f 1839 1840 1984 1983
f 1768 1769 1841 1840
f 1912 1984 1985 1913
f 1768 1912 1913 1769
f 1840 1841 1985 1984
f 1769 1770 1842 1841
f 1913 1985 1986 1914
f 1769 1913 1914 1770
f 1841 1842 1986 1985
f 1770 1771 1843 1842
f 1914 1986 1987 1915
f 1770 1914 1915 1771
f 1842 1843 1987 1986
f 1771 1772 1844 1843
f 1915 1987 1988 1916
f 1771 1915 1916 1772
f 1843 1844 1988 1987
f 1772 1773 1845 1844
f 1916 1988 1989 1917
f 1772 1916 1917 1773
f 1844 1845 1989 1988
f 1773 1774 1846 1845
f 1917 1989 1990 1918
f 1773 1917 1918 1774
f 1845 1846 1990 1989
f 1774 1775 1847 1846
f 1918 1990 1991 1919
f 1774 1918 1919 1775
f 1846 1847 1991 1990
f 1775 1776 1848 1847
f 1919 1991 1992 1920
f 1775 1919 1920 1776
f 1847 1848 1992 1991
f 1776 1777 1849 1848
f 1920 1992 1993 1921
f 1776 1920 1921 1777
f 1848 1849 1993 1992
f 1777 1778 1850 1849
f 1921 1993 1994 1922
f 1777 1921 1922 1778
f 1849 1850 1994 1993
f 1778 1779 1851 1850
f 1922 1994 1995 1923
f 1778 1922 1923 1779
f 1850 1851 1995 1994
f 1779 1780 1852 1851
f 1923 1995 1996 1924
f 1779 1923 1924 1780
f 1851 1852 1996 1995
f 1780 1781 1853 1852
f 1924 1996 1997 1925
f 1780 1924 1925 1781
f 1852 1853 1997 1996
f 1781 1782 1854 1853
f 1925 1997 1998 1926
f 1781 1925 1926 1782
f 1853 1854 1998 1997
f 1782 1783 1855 1854
f 1926 1998 1999 1927
f 1782 1926 1927 1783
f 1854 1855 1999 1998
f 1783 1784 1856 1855
f 1927 1999 2000 1928
f 1783 1927 1928 1784
f 1855 1856 2000 1999
f 1784 1785 1857 1856
f 1928 2000 2001 1929
f 1784 1928 1929 1785
f 1856 1857 2001 2000
f 1785 1786 1858 1857
f 1929 2001 2002 1930
f 1785 1929 1930 1786
f 1857 1858 2002 2001
f 1786 1787 1859 1858
f 1930 2002 2003 1931
f 1786 1930 1931 1787
f 1858 1859 2003 2002
f 1787 1788 1860 1859
f 1931 2003 2004 1932
f 1787 1931 1932 1788
f 1859 1860 2004 2003
f 1788 1789 1861 1860
f 1932 2004 2005 1933
f 1788 1932 1933 1789
f 1860 1861 2005 2004
f 1789 1790 1862 1861
f 1933 2005 2006 1934
f 1789 1933 1934 1790
f 1861 1862 2006 2005
f 1790 1791 1863 1862
f 1934 2006 2007 1935
f 1790 1934 1935 1791
f 1862 1863 2007 2006
f 1791 1792 1864 1863
f 1935 2007 2008 1936
f 1791 1935 1936 1792
f 1863 1864 2008 2007
f 1792 1793 1865 1864
f 1936 2008 2009 1937
f 1792 1936 1937 1793
f 1864 1865 2009 2008
f 1793 1794 1866 1865
f 1937 2009 2010 1938
f 1793 1937 1938 1794
f 1865 1866 2010 2009
f 1794 1795 1867 1866
f 1938 2010 2011 1939
f 1794 1938 1939 1795
f 1866 1867 2011 2010
f 1795 1796 1868 1867
f 1939 2011 2012 1940
f 1795 1939 1940 1796
f 1867 1868 2012 2011
f 1796 1797 1869 1868
f 1940 2012 2013 1941
f 1796 1940 1941 1797
f 1868 1869 2013 2012
f 1797 1798 1870 1869
f 1941 2013 2014 1942
f 1797 1941 1942 1798
f 1869 1870 2014 2013
f 1798 1799 1871 1870
f 1942 2014 2015 1943
f 1798 1942 1943 1799
f 1870 1871 2015 2014
f 1799 1800 1872 1871
f 1943 2015 2016 1944
f 1799 1943 1944 1800
f 1871 1872 2016 2015
f 1800 1729 1801 1872
f 1944 2016 1945 1873
f 1800 1944 1873 1729
f 1872 1801 1945 2016
