solid RocketEngine_100N_Scale1to1_10Bar
  facet normal -9.9966e-1 -2.6177e-2 0.0000e+0
    outer loop
      vertex 1.5200e+1 0.0000e+0 0.0000e+0
      vertex 1.5200e+1 0.0000e+0 1.6200e+2
      vertex 1.5179e+1 7.9551e-1 0.0000e+0
    endloop
  endfacet
  facet normal -9.9966e-1 -2.6177e-2 0.0000e+0
    outer loop
      vertex 1.5179e+1 7.9551e-1 0.0000e+0
      vertex 1.5200e+1 0.0000e+0 1.6200e+2
      vertex 1.5179e+1 7.9551e-1 1.6200e+2
    endloop
  endfacet
  facet normal 9.9966e-1 2.6177e-2 0.0000e+0
    outer loop
      vertex 1.8200e+1 0.0000e+0 0.0000e+0
      vertex 1.8175e+1 9.5251e-1 0.0000e+0
      vertex 1.8200e+1 0.0000e+0 1.6200e+2
    endloop
  endfacet
  facet normal 9.9966e-1 2.6177e-2 0.0000e+0
    outer loop
      vertex 1.8175e+1 9.5251e-1 0.0000e+0
      vertex 1.8175e+1 9.5251e-1 1.6200e+2
      vertex 1.8200e+1 0.0000e+0 1.6200e+2
    endloop
  endfacet
  facet normal -7.0699e-1 -1.8513e-2 -7.0699e-1
    outer loop
      vertex 1.5200e+1 0.0000e+0 1.6200e+2
      vertex 6.2000e+0 0.0000e+0 1.7100e+2
      vertex 1.5179e+1 7.9551e-1 1.6200e+2
    endloop
  endfacet
  facet normal -7.0699e-1 -1.8513e-2 -7.0699e-1
    outer loop
      vertex 1.5179e+1 7.9551e-1 1.6200e+2
      vertex 6.2000e+0 0.0000e+0 1.7100e+2
      vertex 6.1915e+0 3.2448e-1 1.7100e+2
    endloop
  endfacet
  facet normal 7.0699e-1 1.8513e-2 7.0699e-1
    outer loop
      vertex 1.8200e+1 0.0000e+0 1.6200e+2
      vertex 1.8175e+1 9.5251e-1 1.6200e+2
      vertex 9.2000e+0 0.0000e+0 1.7100e+2
    endloop
  endfacet
  facet normal 7.0699e-1 1.8513e-2 7.0699e-1
    outer loop
      vertex 1.8175e+1 9.5251e-1 1.6200e+2
      vertex 9.1874e+0 4.8149e-1 1.7100e+2
      vertex 9.2000e+0 0.0000e+0 1.7100e+2
    endloop
  endfacet
  facet normal -9.6562e-1 -2.5286e-2 2.5874e-1
    outer loop
      vertex 6.2000e+0 0.0000e+0 1.7100e+2
      vertex 9.8000e+0 0.0000e+0 1.8444e+2
      vertex 6.1915e+0 3.2448e-1 1.7100e+2
    endloop
  endfacet
  facet normal -9.6562e-1 -2.5286e-2 2.5874e-1
    outer loop
      vertex 6.1915e+0 3.2448e-1 1.7100e+2
      vertex 9.8000e+0 0.0000e+0 1.8444e+2
      vertex 9.7866e+0 5.1289e-1 1.8444e+2
    endloop
  endfacet
  facet normal 9.6562e-1 2.5286e-2 -2.5874e-1
    outer loop
      vertex 9.2000e+0 0.0000e+0 1.7100e+2
      vertex 9.1874e+0 4.8149e-1 1.7100e+2
      vertex 1.2800e+1 0.0000e+0 1.8444e+2
    endloop
  endfacet
  facet normal 9.6562e-1 2.5286e-2 -2.5874e-1
    outer loop
      vertex 9.1874e+0 4.8149e-1 1.7100e+2
      vertex 1.2782e+1 6.6990e-1 1.8444e+2
      vertex 1.2800e+1 0.0000e+0 1.8444e+2
    endloop
  endfacet
  facet normal 0.0000e+0 0.0000e+0 -1.0000e+0
    outer loop
      vertex 1.5200e+1 0.0000e+0 0.0000e+0
      vertex 1.5179e+1 7.9551e-1 0.0000e+0
      vertex 1.8200e+1 0.0000e+0 0.0000e+0
    endloop
  endfacet
  facet normal 0.0000e+0 0.0000e+0 -1.0000e+0
    outer loop
      vertex 1.5179e+1 7.9551e-1 0.0000e+0
      vertex 1.8175e+1 9.5251e-1 0.0000e+0
      vertex 1.8200e+1 0.0000e+0 0.0000e+0
    endloop
  endfacet
  facet normal 0.0000e+0 0.0000e+0 1.0000e+0
    outer loop
      vertex 9.8000e+0 0.0000e+0 1.8444e+2
      vertex 1.2800e+1 0.0000e+0 1.8444e+2
      vertex 9.7866e+0 5.1289e-1 1.8444e+2
    endloop
  endfacet
  facet normal 0.0000e+0 0.0000e+0 1.0000e+0
    outer loop
      vertex 9.7866e+0 5.1289e-1 1.8444e+2
      vertex 1.2800e+1 0.0000e+0 1.8444e+2
      vertex 1.2782e+1 6.6990e-1 1.8444e+2
    endloop
  endfacet
  facet normal -9.9692e-1 -7.8459e-2 0.0000e+0
    outer loop
      vertex 1.5179e+1 7.9551e-1 0.0000e+0
      vertex 1.5179e+1 7.9551e-1 1.6200e+2
      vertex 1.5117e+1 1.5888e+0 0.0000e+0
    endloop
  endfacet
  facet normal -9.9692e-1 -7.8459e-2 0.0000e+0
    outer loop
      vertex 1.5117e+1 1.5888e+0 0.0000e+0
      vertex 1.5179e+1 7.9551e-1 1.6200e+2
      vertex 1.5117e+1 1.5888e+0 1.6200e+2
    endloop
  endfacet
  facet normal 9.9692e-1 7.8459e-2 0.0000e+0
    outer loop
      vertex 1.8175e+1 9.5251e-1 0.0000e+0
      vertex 1.8100e+1 1.9024e+0 0.0000e+0
      vertex 1.8175e+1 9.5251e-1 1.6200e+2
    endloop
  endfacet
  facet normal 9.9692e-1 7.8459e-2 0.0000e+0
    outer loop
      vertex 1.8100e+1 1.9024e+0 0.0000e+0
      vertex 1.8100e+1 1.9024e+0 1.6200e+2
      vertex 1.8175e+1 9.5251e-1 1.6200e+2
    endloop
  endfacet
  facet normal -7.0505e-1 -5.5488e-2 -7.0699e-1
    outer loop
      vertex 1.5179e+1 7.9551e-1 1.6200e+2
      vertex 6.1915e+0 3.2448e-1 1.7100e+2
      vertex 1.5117e+1 1.5888e+0 1.6200e+2
    endloop
  endfacet
  facet normal -7.0505e-1 -5.5488e-2 -7.0699e-1
    outer loop
      vertex 1.5117e+1 1.5888e+0 1.6200e+2
      vertex 6.1915e+0 3.2448e-1 1.7100e+2
      vertex 6.1660e+0 6.4808e-1 1.7100e+2
    endloop
  endfacet
  facet normal 7.0505e-1 5.5488e-2 7.0699e-1
    outer loop
      vertex 1.8175e+1 9.5251e-1 1.6200e+2
      vertex 1.8100e+1 1.9024e+0 1.6200e+2
      vertex 9.1874e+0 4.8149e-1 1.7100e+2
    endloop
  endfacet
  facet normal 7.0505e-1 5.5488e-2 7.0699e-1
    outer loop
      vertex 1.8100e+1 1.9024e+0 1.6200e+2
      vertex 9.1496e+0 9.6166e-1 1.7100e+2
      vertex 9.1874e+0 4.8149e-1 1.7100e+2
    endloop
  endfacet
  facet normal -9.6297e-1 -7.5787e-2 2.5874e-1
    outer loop
      vertex 6.1915e+0 3.2448e-1 1.7100e+2
      vertex 9.7866e+0 5.1289e-1 1.8444e+2
      vertex 6.1660e+0 6.4808e-1 1.7100e+2
    endloop
  endfacet
  facet normal -9.6297e-1 -7.5787e-2 2.5874e-1
    outer loop
      vertex 6.1660e+0 6.4808e-1 1.7100e+2
      vertex 9.7866e+0 5.1289e-1 1.8444e+2
      vertex 9.7463e+0 1.0244e+0 1.8444e+2
    endloop
  endfacet
  facet normal 9.6297e-1 7.5787e-2 -2.5874e-1
    outer loop
      vertex 9.1874e+0 4.8149e-1 1.7100e+2
      vertex 9.1496e+0 9.6166e-1 1.7100e+2
      vertex 1.2782e+1 6.6990e-1 1.8444e+2
    endloop
  endfacet
  facet normal 9.6297e-1 7.5787e-2 -2.5874e-1
    outer loop
      vertex 9.1496e+0 9.6166e-1 1.7100e+2
      vertex 1.2730e+1 1.3380e+0 1.8444e+2
      vertex 1.2782e+1 6.6990e-1 1.8444e+2
    endloop
  endfacet
  facet normal 0.0000e+0 0.0000e+0 -1.0000e+0
    outer loop
      vertex 1.5179e+1 7.9551e-1 0.0000e+0
      vertex 1.5117e+1 1.5888e+0 0.0000e+0
      vertex 1.8175e+1 9.5251e-1 0.0000e+0
    endloop
  endfacet
  facet normal 0.0000e+0 0.0000e+0 -1.0000e+0
    outer loop
      vertex 1.5117e+1 1.5888e+0 0.0000e+0
      vertex 1.8100e+1 1.9024e+0 0.0000e+0
      vertex 1.8175e+1 9.5251e-1 0.0000e+0
    endloop
  endfacet
  facet normal 0.0000e+0 0.0000e+0 1.0000e+0
    outer loop
      vertex 9.7866e+0 5.1289e-1 1.8444e+2
      vertex 1.2782e+1 6.6990e-1 1.8444e+2
      vertex 9.7463e+0 1.0244e+0 1.8444e+2
    endloop
  endfacet
  facet normal 0.0000e+0 0.0000e+0 1.0000e+0
    outer loop
      vertex 9.7463e+0 1.0244e+0 1.8444e+2
      vertex 1.2782e+1 6.6990e-1 1.8444e+2
      vertex 1.2730e+1 1.3380e+0 1.8444e+2
    endloop
  endfacet
  facet normal -9.9144e-1 -1.3053e-1 0.0000e+0
    outer loop
      vertex 1.5117e+1 1.5888e+0 0.0000e+0
      vertex 1.5117e+1 1.5888e+0 1.6200e+2
      vertex 1.5013e+1 2.3778e+0 0.0000e+0
    endloop
  endfacet
  facet normal -9.9144e-1 -1.3053e-1 0.0000e+0
    outer loop
      vertex 1.5013e+1 2.3778e+0 0.0000e+0
      vertex 1.5117e+1 1.5888e+0 1.6200e+2
      vertex 1.5013e+1 2.3778e+0 1.6200e+2
    endloop
  endfacet
  facet normal 9.9144e-1 1.3053e-1 0.0000e+0
    outer loop
      vertex 1.8100e+1 1.9024e+0 0.0000e+0
      vertex 1.7976e+1 2.8471e+0 0.0000e+0
      vertex 1.8100e+1 1.9024e+0 1.6200e+2
    endloop
  endfacet
  facet normal 9.9144e-1 1.3053e-1 0.0000e+0
    outer loop
      vertex 1.7976e+1 2.8471e+0 0.0000e+0
      vertex 1.7976e+1 2.8471e+0 1.6200e+2
      vertex 1.8100e+1 1.9024e+0 1.6200e+2
    endloop
  endfacet
  facet normal -7.0118e-1 -9.2312e-2 -7.0699e-1
    outer loop
      vertex 1.5117e+1 1.5888e+0 1.6200e+2
      vertex 6.1660e+0 6.4808e-1 1.7100e+2
      vertex 1.5013e+1 2.3778e+0 1.6200e+2
    endloop
  endfacet
  facet normal -7.0118e-1 -9.2312e-2 -7.0699e-1
    outer loop
      vertex 1.5013e+1 2.3778e+0 1.6200e+2
      vertex 6.1660e+0 6.4808e-1 1.7100e+2
      vertex 6.1237e+0 9.6989e-1 1.7100e+2
    endloop
  endfacet
  facet normal 7.0118e-1 9.2312e-2 7.0699e-1
    outer loop
      vertex 1.8100e+1 1.9024e+0 1.6200e+2
      vertex 1.7976e+1 2.8471e+0 1.6200e+2
      vertex 9.1496e+0 9.6166e-1 1.7100e+2
    endloop
  endfacet
  facet normal 7.0118e-1 9.2312e-2 7.0699e-1
    outer loop
      vertex 1.7976e+1 2.8471e+0 1.6200e+2
      vertex 9.0867e+0 1.4392e+0 1.7100e+2
      vertex 9.1496e+0 9.6166e-1 1.7100e+2
    endloop
  endfacet
  facet normal -9.5768e-1 -1.2608e-1 2.5874e-1
    outer loop
      vertex 6.1660e+0 6.4808e-1 1.7100e+2
      vertex 9.7463e+0 1.0244e+0 1.8444e+2
      vertex 6.1237e+0 9.6989e-1 1.7100e+2
    endloop
  endfacet
  facet normal -9.5768e-1 -1.2608e-1 2.5874e-1
    outer loop
      vertex 6.1237e+0 9.6989e-1 1.7100e+2
      vertex 9.7463e+0 1.0244e+0 1.8444e+2
      vertex 9.6793e+0 1.5331e+0 1.8444e+2
    endloop
  endfacet
  facet normal 9.5768e-1 1.2608e-1 -2.5874e-1
    outer loop
      vertex 9.1496e+0 9.6166e-1 1.7100e+2
      vertex 9.0867e+0 1.4392e+0 1.7100e+2
      vertex 1.2730e+1 1.3380e+0 1.8444e+2
    endloop
  endfacet
  facet normal 9.5768e-1 1.2608e-1 -2.5874e-1
    outer loop
      vertex 9.0867e+0 1.4392e+0 1.7100e+2
      vertex 1.2642e+1 2.0024e+0 1.8444e+2
      vertex 1.2730e+1 1.3380e+0 1.8444e+2
    endloop
  endfacet
  facet normal 0.0000e+0 0.0000e+0 -1.0000e+0
    outer loop
      vertex 1.5117e+1 1.5888e+0 0.0000e+0
      vertex 1.5013e+1 2.3778e+0 0.0000e+0
      vertex 1.8100e+1 1.9024e+0 0.0000e+0
    endloop
  endfacet
  facet normal 0.0000e+0 0.0000e+0 -1.0000e+0
    outer loop
      vertex 1.5013e+1 2.3778e+0 0.0000e+0
      vertex 1.7976e+1 2.8471e+0 0.0000e+0
      vertex 1.8100e+1 1.9024e+0 0.0000e+0
    endloop
  endfacet
  facet normal 0.0000e+0 0.0000e+0 1.0000e+0
    outer loop
      vertex 9.7463e+0 1.0244e+0 1.8444e+2
      vertex 1.2730e+1 1.3380e+0 1.8444e+2
      vertex 9.6793e+0 1.5331e+0 1.8444e+2
    endloop
  endfacet
  facet normal 0.0000e+0 0.0000e+0 1.0000e+0
    outer loop
      vertex 9.6793e+0 1.5331e+0 1.8444e+2
      vertex 1.2730e+1 1.3380e+0 1.8444e+2
      vertex 1.2642e+1 2.0024e+0 1.8444e+2
    endloop
  endfacet
  facet normal -9.8325e-1 -1.8224e-1 0.0000e+0
    outer loop
      vertex 1.5013e+1 2.3778e+0 0.0000e+0
      vertex 1.5013e+1 2.3778e+0 1.6200e+2
      vertex 1.4868e+1 3.1603e+0 0.0000e+0
    endloop
  endfacet
  facet normal -9.8325e-1 -1.8224e-1 0.0000e+0
    outer loop
      vertex 1.4868e+1 3.1603e+0 0.0000e+0
      vertex 1.5013e+1 2.3778e+0 1.6200e+2
      vertex 1.4868e+1 3.1603e+0 1.6200e+2
    endloop
  endfacet
  facet normal 9.8325e-1 1.8224e-1 0.0000e+0
    outer loop
      vertex 1.7976e+1 2.8471e+0 0.0000e+0
      vertex 1.7802e+1 3.7840e+0 0.0000e+0
      vertex 1.7976e+1 2.8471e+0 1.6200e+2
    endloop
  endfacet
  facet normal 9.8325e-1 1.8224e-1 0.0000e+0
    outer loop
      vertex 1.7802e+1 3.7840e+0 0.0000e+0
      vertex 1.7802e+1 3.7840e+0 1.6200e+2
      vertex 1.7976e+1 2.8471e+0 1.6200e+2
    endloop
  endfacet
  facet normal -6.9539e-1 -1.2888e-1 -7.0699e-1
    outer loop
      vertex 1.5013e+1 2.3778e+0 1.6200e+2
      vertex 6.1237e+0 9.6989e-1 1.7100e+2
      vertex 1.4868e+1 3.1603e+0 1.6200e+2
    endloop
  endfacet
  facet normal -6.9539e-1 -1.2888e-1 -7.0699e-1
    outer loop
      vertex 1.4868e+1 3.1603e+0 1.6200e+2
      vertex 6.1237e+0 9.6989e-1 1.7100e+2
      vertex 6.0645e+0 1.2891e+0 1.7100e+2
    endloop
  endfacet
  facet normal 6.9539e-1 1.2888e-1 7.0699e-1
    outer loop
      vertex 1.7976e+1 2.8471e+0 1.6200e+2
      vertex 1.7802e+1 3.7840e+0 1.6200e+2
      vertex 9.0867e+0 1.4392e+0 1.7100e+2
    endloop
  endfacet
  facet normal 6.9539e-1 1.2888e-1 7.0699e-1
    outer loop
      vertex 1.7802e+1 3.7840e+0 1.6200e+2
      vertex 8.9990e+0 1.9128e+0 1.7100e+2
      vertex 9.0867e+0 1.4392e+0 1.7100e+2
    endloop
  endfacet
  facet normal -9.4977e-1 -1.7603e-1 2.5874e-1
    outer loop
      vertex 6.1237e+0 9.6989e-1 1.7100e+2
      vertex 9.6793e+0 1.5331e+0 1.8444e+2
      vertex 6.0645e+0 1.2891e+0 1.7100e+2
    endloop
  endfacet
  facet normal -9.4977e-1 -1.7603e-1 2.5874e-1
    outer loop
      vertex 6.0645e+0 1.2891e+0 1.7100e+2
      vertex 9.6793e+0 1.5331e+0 1.8444e+2
      vertex 9.5858e+0 2.0375e+0 1.8444e+2
    endloop
  endfacet
  facet normal 9.4977e-1 1.7603e-1 -2.5874e-1
    outer loop
      vertex 9.0867e+0 1.4392e+0 1.7100e+2
      vertex 8.9990e+0 1.9128e+0 1.7100e+2
      vertex 1.2642e+1 2.0024e+0 1.8444e+2
    endloop
  endfacet
  facet normal 9.4977e-1 1.7603e-1 -2.5874e-1
    outer loop
      vertex 8.9990e+0 1.9128e+0 1.7100e+2
      vertex 1.2520e+1 2.6613e+0 1.8444e+2
      vertex 1.2642e+1 2.0024e+0 1.8444e+2
    endloop
  endfacet
  facet normal 0.0000e+0 0.0000e+0 -1.0000e+0
    outer loop
      vertex 1.5013e+1 2.3778e+0 0.0000e+0
      vertex 1.4868e+1 3.1603e+0 0.0000e+0
      vertex 1.7976e+1 2.8471e+0 0.0000e+0
    endloop
  endfacet
  facet normal 0.0000e+0 0.0000e+0 -1.0000e+0
    outer loop
      vertex 1.4868e+1 3.1603e+0 0.0000e+0
      vertex 1.7802e+1 3.7840e+0 0.0000e+0
      vertex 1.7976e+1 2.8471e+0 0.0000e+0
    endloop
  endfacet
  facet normal 0.0000e+0 0.0000e+0 1.0000e+0
    outer loop
      vertex 9.6793e+0 1.5331e+0 1.8444e+2
      vertex 1.2642e+1 2.0024e+0 1.8444e+2
      vertex 9.5858e+0 2.0375e+0 1.8444e+2
    endloop
  endfacet
  facet normal 0.0000e+0 0.0000e+0 1.0000e+0
    outer loop
      vertex 9.5858e+0 2.0375e+0 1.8444e+2
      vertex 1.2642e+1 2.0024e+0 1.8444e+2
      vertex 1.2520e+1 2.6613e+0 1.8444e+2
    endloop
  endfacet
  facet normal -9.7237e-1 -2.3345e-1 0.0000e+0
    outer loop
      vertex 1.4868e+1 3.1603e+0 0.0000e+0
      vertex 1.4868e+1 3.1603e+0 1.6200e+2
      vertex 1.4682e+1 3.9340e+0 0.0000e+0
    endloop
  endfacet
  facet normal -9.7237e-1 -2.3345e-1 0.0000e+0
    outer loop
      vertex 1.4682e+1 3.9340e+0 0.0000e+0
      vertex 1.4868e+1 3.1603e+0 1.6200e+2
      vertex 1.4682e+1 3.9340e+0 1.6200e+2
    endloop
  endfacet
  facet normal 9.7237e-1 2.3345e-1 0.0000e+0
    outer loop
      vertex 1.7802e+1 3.7840e+0 0.0000e+0
      vertex 1.7580e+1 4.7105e+0 0.0000e+0
      vertex 1.7802e+1 3.7840e+0 1.6200e+2
    endloop
  endfacet
  facet normal 9.7237e-1 2.3345e-1 0.0000e+0
    outer loop
      vertex 1.7580e+1 4.7105e+0 0.0000e+0
      vertex 1.7580e+1 4.7105e+0 1.6200e+2
      vertex 1.7802e+1 3.7840e+0 1.6200e+2
    endloop
  endfacet
  facet normal -6.8769e-1 -1.6510e-1 -7.0699e-1
    outer loop
      vertex 1.4868e+1 3.1603e+0 1.6200e+2
      vertex 6.0645e+0 1.2891e+0 1.7100e+2
      vertex 1.4682e+1 3.9340e+0 1.6200e+2
    endloop
  endfacet
  facet normal -6.8769e-1 -1.6510e-1 -7.0699e-1
    outer loop
      vertex 1.4682e+1 3.9340e+0 1.6200e+2
      vertex 6.0645e+0 1.2891e+0 1.7100e+2
      vertex 5.9887e+0 1.6047e+0 1.7100e+2
    endloop
  endfacet
  facet normal 6.8769e-1 1.6510e-1 7.0699e-1
    outer loop
      vertex 1.7802e+1 3.7840e+0 1.6200e+2
      vertex 1.7580e+1 4.7105e+0 1.6200e+2
      vertex 8.9990e+0 1.9128e+0 1.7100e+2
    endloop
  endfacet
  facet normal 6.8769e-1 1.6510e-1 7.0699e-1
    outer loop
      vertex 1.7580e+1 4.7105e+0 1.6200e+2
      vertex 8.8865e+0 2.3811e+0 1.7100e+2
      vertex 8.9990e+0 1.9128e+0 1.7100e+2
    endloop
  endfacet
  facet normal -9.3926e-1 -2.2550e-1 2.5874e-1
    outer loop
      vertex 6.0645e+0 1.2891e+0 1.7100e+2
      vertex 9.5858e+0 2.0375e+0 1.8444e+2
      vertex 5.9887e+0 1.6047e+0 1.7100e+2
    endloop
  endfacet
  facet normal -9.3926e-1 -2.2550e-1 2.5874e-1
    outer loop
      vertex 5.9887e+0 1.6047e+0 1.7100e+2
      vertex 9.5858e+0 2.0375e+0 1.8444e+2
      vertex 9.4661e+0 2.5364e+0 1.8444e+2
    endloop
  endfacet
  facet normal 9.3926e-1 2.2550e-1 -2.5874e-1
    outer loop
      vertex 8.9990e+0 1.9128e+0 1.7100e+2
      vertex 8.8865e+0 2.3811e+0 1.7100e+2
      vertex 1.2520e+1 2.6613e+0 1.8444e+2
    endloop
  endfacet
  facet normal 9.3926e-1 2.2550e-1 -2.5874e-1
    outer loop
      vertex 8.8865e+0 2.3811e+0 1.7100e+2
      vertex 1.2364e+1 3.3129e+0 1.8444e+2
      vertex 1.2520e+1 2.6613e+0 1.8444e+2
    endloop
  endfacet
  facet normal 0.0000e+0 0.0000e+0 -1.0000e+0
    outer loop
      vertex 1.4868e+1 3.1603e+0 0.0000e+0
      vertex 1.4682e+1 3.9340e+0 0.0000e+0
      vertex 1.7802e+1 3.7840e+0 0.0000e+0
    endloop
  endfacet
  facet normal 0.0000e+0 0.0000e+0 -1.0000e+0
    outer loop
      vertex 1.4682e+1 3.9340e+0 0.0000e+0
      vertex 1.7580e+1 4.7105e+0 0.0000e+0
      vertex 1.7802e+1 3.7840e+0 0.0000e+0
    endloop
  endfacet
  facet normal 0.0000e+0 0.0000e+0 1.0000e+0
    outer loop
      vertex 9.5858e+0 2.0375e+0 1.8444e+2
      vertex 1.2520e+1 2.6613e+0 1.8444e+2
      vertex 9.4661e+0 2.5364e+0 1.8444e+2
    endloop
  endfacet
  facet normal 0.0000e+0 0.0000e+0 1.0000e+0
    outer loop
      vertex 9.4661e+0 2.5364e+0 1.8444e+2
      vertex 1.2520e+1 2.6613e+0 1.8444e+2
      vertex 1.2364e+1 3.3129e+0 1.8444e+2
    endloop
  endfacet
  facet normal -9.5882e-1 -2.8402e-1 0.0000e+0
    outer loop
      vertex 1.4682e+1 3.9340e+0 0.0000e+0
      vertex 1.4682e+1 3.9340e+0 1.6200e+2
      vertex 1.4456e+1 4.6971e+0 0.0000e+0
    endloop
  endfacet
  facet normal -9.5882e-1 -2.8402e-1 0.0000e+0
    outer loop
      vertex 1.4456e+1 4.6971e+0 0.0000e+0
      vertex 1.4682e+1 3.9340e+0 1.6200e+2
      vertex 1.4456e+1 4.6971e+0 1.6200e+2
    endloop
  endfacet
  facet normal 9.5882e-1 2.8402e-1 0.0000e+0
    outer loop
      vertex 1.7580e+1 4.7105e+0 0.0000e+0
      vertex 1.7309e+1 5.6241e+0 0.0000e+0
      vertex 1.7580e+1 4.7105e+0 1.6200e+2
    endloop
  endfacet
  facet normal 9.5882e-1 2.8402e-1 0.0000e+0
    outer loop
      vertex 1.7309e+1 5.6241e+0 0.0000e+0
      vertex 1.7309e+1 5.6241e+0 1.6200e+2
      vertex 1.7580e+1 4.7105e+0 1.6200e+2
    endloop
  endfacet
  facet normal -6.7810e-1 -2.0086e-1 -7.0699e-1
    outer loop
      vertex 1.4682e+1 3.9340e+0 1.6200e+2
      vertex 5.9887e+0 1.6047e+0 1.7100e+2
      vertex 1.4456e+1 4.6971e+0 1.6200e+2
    endloop
  endfacet
  facet normal -6.7810e-1 -2.0086e-1 -7.0699e-1
    outer loop
      vertex 1.4456e+1 4.6971e+0 1.6200e+2
      vertex 5.9887e+0 1.6047e+0 1.7100e+2
      vertex 5.8966e+0 1.9159e+0 1.7100e+2
    endloop
  endfacet
  facet normal 6.7810e-1 2.0086e-1 7.0699e-1
    outer loop
      vertex 1.7580e+1 4.7105e+0 1.6200e+2
      vertex 1.7309e+1 5.6241e+0 1.6200e+2
      vertex 8.8865e+0 2.3811e+0 1.7100e+2
    endloop
  endfacet
  facet normal 6.7810e-1 2.0086e-1 7.0699e-1
    outer loop
      vertex 1.7309e+1 5.6241e+0 1.6200e+2
      vertex 8.7497e+0 2.8430e+0 1.7100e+2
      vertex 8.8865e+0 2.3811e+0 1.7100e+2
    endloop
  endfacet
  facet normal -9.2617e-1 -2.7434e-1 2.5874e-1
    outer loop
      vertex 5.9887e+0 1.6047e+0 1.7100e+2
      vertex 9.4661e+0 2.5364e+0 1.8444e+2
      vertex 5.8966e+0 1.9159e+0 1.7100e+2
    endloop
  endfacet
  facet normal -9.2617e-1 -2.7434e-1 2.5874e-1
    outer loop
      vertex 5.8966e+0 1.9159e+0 1.7100e+2
      vertex 9.4661e+0 2.5364e+0 1.8444e+2
      vertex 9.3204e+0 3.0284e+0 1.8444e+2
    endloop
  endfacet
  facet normal 9.2617e-1 2.7434e-1 -2.5874e-1
    outer loop
      vertex 8.8865e+0 2.3811e+0 1.7100e+2
      vertex 8.7497e+0 2.8430e+0 1.7100e+2
      vertex 1.2364e+1 3.3129e+0 1.8444e+2
    endloop
  endfacet
  facet normal 9.2617e-1 2.7434e-1 -2.5874e-1
    outer loop
      vertex 8.7497e+0 2.8430e+0 1.7100e+2
      vertex 1.2174e+1 3.9554e+0 1.8444e+2
      vertex 1.2364e+1 3.3129e+0 1.8444e+2
    endloop
  endfacet
  facet normal 0.0000e+0 0.0000e+0 -1.0000e+0
    outer loop
      vertex 1.4682e+1 3.9340e+0 0.0000e+0
      vertex 1.4456e+1 4.6971e+0 0.0000e+0
      vertex 1.7580e+1 4.7105e+0 0.0000e+0
    endloop
  endfacet
  facet normal 0.0000e+0 0.0000e+0 -1.0000e+0
    outer loop
      vertex 1.4456e+1 4.6971e+0 0.0000e+0
      vertex 1.7309e+1 5.6241e+0 0.0000e+0
      vertex 1.7580e+1 4.7105e+0 0.0000e+0
    endloop
  endfacet
  facet normal 0.0000e+0 0.0000e+0 1.0000e+0
    outer loop
      vertex 9.4661e+0 2.5364e+0 1.8444e+2
      vertex 1.2364e+1 3.3129e+0 1.8444e+2
      vertex 9.3204e+0 3.0284e+0 1.8444e+2
    endloop
  endfacet
  facet normal 0.0000e+0 0.0000e+0 1.0000e+0
    outer loop
      vertex 9.3204e+0 3.0284e+0 1.8444e+2
      vertex 1.2364e+1 3.3129e+0 1.8444e+2
      vertex 1.2174e+1 3.9554e+0 1.8444e+2
    endloop
  endfacet
  facet normal -9.4264e-1 -3.3381e-1 0.0000e+0
    outer loop
      vertex 1.4456e+1 4.6971e+0 0.0000e+0
      vertex 1.4456e+1 4.6971e+0 1.6200e+2
      vertex 1.4190e+1 5.4472e+0 0.0000e+0
    endloop
  endfacet
  facet normal -9.4264e-1 -3.3381e-1 0.0000e+0
    outer loop
      vertex 1.4190e+1 5.4472e+0 0.0000e+0
      vertex 1.4456e+1 4.6971e+0 1.6200e+2
      vertex 1.4190e+1 5.4472e+0 1.6200e+2
    endloop
  endfacet
  facet normal 9.4264e-1 3.3381e-1 0.0000e+0
    outer loop
      vertex 1.7309e+1 5.6241e+0 0.0000e+0
      vertex 1.6991e+1 6.5223e+0 0.0000e+0
      vertex 1.7309e+1 5.6241e+0 1.6200e+2
    endloop
  endfacet
  facet normal 9.4264e-1 3.3381e-1 0.0000e+0
    outer loop
      vertex 1.6991e+1 6.5223e+0 0.0000e+0
      vertex 1.6991e+1 6.5223e+0 1.6200e+2
      vertex 1.7309e+1 5.6241e+0 1.6200e+2
    endloop
  endfacet
  facet normal -6.6666e-1 -2.3608e-1 -7.0699e-1
    outer loop
      vertex 1.4456e+1 4.6971e+0 1.6200e+2
      vertex 5.8966e+0 1.9159e+0 1.7100e+2
      vertex 1.4190e+1 5.4472e+0 1.6200e+2
    endloop
  endfacet
  facet normal -6.6666e-1 -2.3608e-1 -7.0699e-1
    outer loop
      vertex 1.4190e+1 5.4472e+0 1.6200e+2
      vertex 5.8966e+0 1.9159e+0 1.7100e+2
      vertex 5.7882e+0 2.2219e+0 1.7100e+2
    endloop
  endfacet
  facet normal 6.6666e-1 2.3608e-1 7.0699e-1
    outer loop
      vertex 1.7309e+1 5.6241e+0 1.6200e+2
      vertex 1.6991e+1 6.5223e+0 1.6200e+2
      vertex 8.7497e+0 2.8430e+0 1.7100e+2
    endloop
  endfacet
  facet normal 6.6666e-1 2.3608e-1 7.0699e-1
    outer loop
      vertex 1.6991e+1 6.5223e+0 1.6200e+2
      vertex 8.5889e+0 3.2970e+0 1.7100e+2
      vertex 8.7497e+0 2.8430e+0 1.7100e+2
    endloop
  endfacet
  facet normal -9.1054e-1 -3.2244e-1 2.5874e-1
    outer loop
      vertex 5.8966e+0 1.9159e+0 1.7100e+2
      vertex 9.3204e+0 3.0284e+0 1.8444e+2
      vertex 5.7882e+0 2.2219e+0 1.7100e+2
    endloop
  endfacet
  facet normal -9.1054e-1 -3.2244e-1 2.5874e-1
    outer loop
      vertex 5.7882e+0 2.2219e+0 1.7100e+2
      vertex 9.3204e+0 3.0284e+0 1.8444e+2
      vertex 9.1491e+0 3.5120e+0 1.8444e+2
    endloop
  endfacet
  facet normal 9.1054e-1 3.2244e-1 -2.5874e-1
    outer loop
      vertex 8.7497e+0 2.8430e+0 1.7100e+2
      vertex 8.5889e+0 3.2970e+0 1.7100e+2
      vertex 1.2174e+1 3.9554e+0 1.8444e+2
    endloop
  endfacet
  facet normal 9.1054e-1 3.2244e-1 -2.5874e-1
    outer loop
      vertex 8.5889e+0 3.2970e+0 1.7100e+2
      vertex 1.1950e+1 4.5871e+0 1.8444e+2
      vertex 1.2174e+1 3.9554e+0 1.8444e+2
    endloop
  endfacet
  facet normal 0.0000e+0 0.0000e+0 -1.0000e+0
    outer loop
      vertex 1.4456e+1 4.6971e+0 0.0000e+0
      vertex 1.4190e+1 5.4472e+0 0.0000e+0
      vertex 1.7309e+1 5.6241e+0 0.0000e+0
    endloop
  endfacet
  facet normal 0.0000e+0 0.0000e+0 -1.0000e+0
    outer loop
      vertex 1.4190e+1 5.4472e+0 0.0000e+0
      vertex 1.6991e+1 6.5223e+0 0.0000e+0
      vertex 1.7309e+1 5.6241e+0 0.0000e+0
    endloop
  endfacet
  facet normal 0.0000e+0 0.0000e+0 1.0000e+0
    outer loop
      vertex 9.3204e+0 3.0284e+0 1.8444e+2
      vertex 1.2174e+1 3.9554e+0 1.8444e+2
      vertex 9.1491e+0 3.5120e+0 1.8444e+2
    endloop
  endfacet
  facet normal 0.0000e+0 0.0000e+0 1.0000e+0
    outer loop
      vertex 9.1491e+0 3.5120e+0 1.8444e+2
      vertex 1.2174e+1 3.9554e+0 1.8444e+2
      vertex 1.1950e+1 4.5871e+0 1.8444e+2
    endloop
  endfacet
  facet normal -9.2388e-1 -3.8268e-1 0.0000e+0
    outer loop
      vertex 1.4190e+1 5.4472e+0 0.0000e+0
      vertex 1.4190e+1 5.4472e+0 1.6200e+2
      vertex 1.3886e+1 6.1824e+0 0.0000e+0
    endloop
  endfacet
  facet normal -9.2388e-1 -3.8268e-1 0.0000e+0
    outer loop
      vertex 1.3886e+1 6.1824e+0 0.0000e+0
      vertex 1.4190e+1 5.4472e+0 1.6200e+2
      vertex 1.3886e+1 6.1824e+0 1.6200e+2
    endloop
  endfacet
  facet normal 9.2388e-1 3.8268e-1 0.0000e+0
    outer loop
      vertex 1.6991e+1 6.5223e+0 0.0000e+0
      vertex 1.6627e+1 7.4026e+0 0.0000e+0
      vertex 1.6991e+1 6.5223e+0 1.6200e+2
    endloop
  endfacet
  facet normal 9.2388e-1 3.8268e-1 0.0000e+0
    outer loop
      vertex 1.6627e+1 7.4026e+0 0.0000e+0
      vertex 1.6627e+1 7.4026e+0 1.6200e+2
      vertex 1.6991e+1 6.5223e+0 1.6200e+2
    endloop
  endfacet
  facet normal -6.5339e-1 -2.7064e-1 -7.0699e-1
    outer loop
      vertex 1.4190e+1 5.4472e+0 1.6200e+2
      vertex 5.7882e+0 2.2219e+0 1.7100e+2
      vertex 1.3886e+1 6.1824e+0 1.6200e+2
    endloop
  endfacet
  facet normal -6.5339e-1 -2.7064e-1 -7.0699e-1
    outer loop
      vertex 1.3886e+1 6.1824e+0 1.6200e+2
      vertex 5.7882e+0 2.2219e+0 1.7100e+2
      vertex 5.6640e+0 2.5218e+0 1.7100e+2
    endloop
  endfacet
  facet normal 6.5339e-1 2.7064e-1 7.0699e-1
    outer loop
      vertex 1.6991e+1 6.5223e+0 1.6200e+2
      vertex 1.6627e+1 7.4026e+0 1.6200e+2
      vertex 8.5889e+0 3.2970e+0 1.7100e+2
    endloop
  endfacet
  facet normal 6.5339e-1 2.7064e-1 7.0699e-1
    outer loop
      vertex 1.6627e+1 7.4026e+0 1.6200e+2
      vertex 8.4046e+0 3.7420e+0 1.7100e+2
      vertex 8.5889e+0 3.2970e+0 1.7100e+2
    endloop
  endfacet
  facet normal -8.9242e-1 -3.6965e-1 2.5874e-1
    outer loop
      vertex 5.7882e+0 2.2219e+0 1.7100e+2
      vertex 9.1491e+0 3.5120e+0 1.8444e+2
      vertex 5.6640e+0 2.5218e+0 1.7100e+2
    endloop
  endfacet
  facet normal -8.9242e-1 -3.6965e-1 2.5874e-1
    outer loop
      vertex 5.6640e+0 2.5218e+0 1.7100e+2
      vertex 9.1491e+0 3.5120e+0 1.8444e+2
      vertex 8.9527e+0 3.9860e+0 1.8444e+2
    endloop
  endfacet
  facet normal 8.9242e-1 3.6965e-1 -2.5874e-1
    outer loop
      vertex 8.5889e+0 3.2970e+0 1.7100e+2
      vertex 8.4046e+0 3.7420e+0 1.7100e+2
      vertex 1.1950e+1 4.5871e+0 1.8444e+2
    endloop
  endfacet
  facet normal 8.9242e-1 3.6965e-1 -2.5874e-1
    outer loop
      vertex 8.4046e+0 3.7420e+0 1.7100e+2
      vertex 1.1693e+1 5.2062e+0 1.8444e+2
      vertex 1.1950e+1 4.5871e+0 1.8444e+2
    endloop
  endfacet
  facet normal 0.0000e+0 0.0000e+0 -1.0000e+0
    outer loop
      vertex 1.4190e+1 5.4472e+0 0.0000e+0
      vertex 1.3886e+1 6.1824e+0 0.0000e+0
      vertex 1.6991e+1 6.5223e+0 0.0000e+0
    endloop
  endfacet
  facet normal 0.0000e+0 0.0000e+0 -1.0000e+0
    outer loop
      vertex 1.3886e+1 6.1824e+0 0.0000e+0
      vertex 1.6627e+1 7.4026e+0 0.0000e+0
      vertex 1.6991e+1 6.5223e+0 0.0000e+0
    endloop
  endfacet
  facet normal 0.0000e+0 0.0000e+0 1.0000e+0
    outer loop
      vertex 9.1491e+0 3.5120e+0 1.8444e+2
      vertex 1.1950e+1 4.5871e+0 1.8444e+2
      vertex 8.9527e+0 3.9860e+0 1.8444e+2
    endloop
  endfacet
  facet normal 0.0000e+0 0.0000e+0 1.0000e+0
    outer loop
      vertex 8.9527e+0 3.9860e+0 1.8444e+2
      vertex 1.1950e+1 4.5871e+0 1.8444e+2
      vertex 1.1693e+1 5.2062e+0 1.8444e+2
    endloop
  endfacet
  facet normal -9.0259e-1 -4.3051e-1 0.0000e+0
    outer loop
      vertex 1.3886e+1 6.1824e+0 0.0000e+0
      vertex 1.3886e+1 6.1824e+0 1.6200e+2
      vertex 1.3543e+1 6.9007e+0 0.0000e+0
    endloop
  endfacet
  facet normal -9.0259e-1 -4.3051e-1 0.0000e+0
    outer loop
      vertex 1.3543e+1 6.9007e+0 0.0000e+0
      vertex 1.3886e+1 6.1824e+0 1.6200e+2
      vertex 1.3543e+1 6.9007e+0 1.6200e+2
    endloop
  endfacet
  facet normal 9.0259e-1 4.3051e-1 0.0000e+0
    outer loop
      vertex 1.6627e+1 7.4026e+0 0.0000e+0
      vertex 1.6216e+1 8.2626e+0 0.0000e+0
      vertex 1.6627e+1 7.4026e+0 1.6200e+2
    endloop
  endfacet
  facet normal 9.0259e-1 4.3051e-1 0.0000e+0
    outer loop
      vertex 1.6216e+1 8.2626e+0 0.0000e+0
      vertex 1.6216e+1 8.2626e+0 1.6200e+2
      vertex 1.6627e+1 7.4026e+0 1.6200e+2
    endloop
  endfacet
  facet normal -6.3833e-1 -3.0447e-1 -7.0699e-1
    outer loop
      vertex 1.3886e+1 6.1824e+0 1.6200e+2
      vertex 5.6640e+0 2.5218e+0 1.7100e+2
      vertex 1.3543e+1 6.9007e+0 1.6200e+2
    endloop
  endfacet
  facet normal -6.3833e-1 -3.0447e-1 -7.0699e-1
    outer loop
      vertex 1.3543e+1 6.9007e+0 1.6200e+2
      vertex 5.6640e+0 2.5218e+0 1.7100e+2
      vertex 5.5242e+0 2.8147e+0 1.7100e+2
    endloop
  endfacet
  facet normal 6.3833e-1 3.0447e-1 7.0699e-1
    outer loop
      vertex 1.6627e+1 7.4026e+0 1.6200e+2
      vertex 1.6216e+1 8.2626e+0 1.6200e+2
      vertex 8.4046e+0 3.7420e+0 1.7100e+2
    endloop
  endfacet
  facet normal 6.3833e-1 3.0447e-1 7.0699e-1
    outer loop
      vertex 1.6216e+1 8.2626e+0 1.6200e+2
      vertex 8.1973e+0 4.1767e+0 1.7100e+2
      vertex 8.4046e+0 3.7420e+0 1.7100e+2
    endloop
  endfacet
  facet normal -8.7185e-1 -4.1585e-1 2.5874e-1
    outer loop
      vertex 5.6640e+0 2.5218e+0 1.7100e+2
      vertex 8.9527e+0 3.9860e+0 1.8444e+2
      vertex 5.5242e+0 2.8147e+0 1.7100e+2
    endloop
  endfacet
  facet normal -8.7185e-1 -4.1585e-1 2.5874e-1
    outer loop
      vertex 5.5242e+0 2.8147e+0 1.7100e+2
      vertex 8.9527e+0 3.9860e+0 1.8444e+2
      vertex 8.7319e+0 4.4491e+0 1.8444e+2
    endloop
  endfacet
  facet normal 8.7185e-1 4.1585e-1 -2.5874e-1
    outer loop
      vertex 8.4046e+0 3.7420e+0 1.7100e+2
      vertex 8.1973e+0 4.1767e+0 1.7100e+2
      vertex 1.1693e+1 5.2062e+0 1.8444e+2
    endloop
  endfacet
  facet normal 8.7185e-1 4.1585e-1 -2.5874e-1
    outer loop
      vertex 8.1973e+0 4.1767e+0 1.7100e+2
      vertex 1.1405e+1 5.8111e+0 1.8444e+2
      vertex 1.1693e+1 5.2062e+0 1.8444e+2
    endloop
  endfacet
  facet normal 0.0000e+0 0.0000e+0 -1.0000e+0
    outer loop
      vertex 1.3886e+1 6.1824e+0 0.0000e+0
      vertex 1.3543e+1 6.9007e+0 0.0000e+0
      vertex 1.6627e+1 7.4026e+0 0.0000e+0
    endloop
  endfacet
  facet normal 0.0000e+0 0.0000e+0 -1.0000e+0
    outer loop
      vertex 1.3543e+1 6.9007e+0 0.0000e+0
      vertex 1.6216e+1 8.2626e+0 0.0000e+0
      vertex 1.6627e+1 7.4026e+0 0.0000e+0
    endloop
  endfacet
  facet normal 0.0000e+0 0.0000e+0 1.0000e+0
    outer loop
      vertex 8.9527e+0 3.9860e+0 1.8444e+2
      vertex 1.1693e+1 5.2062e+0 1.8444e+2
      vertex 8.7319e+0 4.4491e+0 1.8444e+2
    endloop
  endfacet
  facet normal 0.0000e+0 0.0000e+0 1.0000e+0
    outer loop
      vertex 8.7319e+0 4.4491e+0 1.8444e+2
      vertex 1.1693e+1 5.2062e+0 1.8444e+2
      vertex 1.1405e+1 5.8111e+0 1.8444e+2
    endloop
  endfacet
  facet normal -8.7882e-1 -4.7716e-1 0.0000e+0
    outer loop
      vertex 1.3543e+1 6.9007e+0 0.0000e+0
      vertex 1.3543e+1 6.9007e+0 1.6200e+2
      vertex 1.3164e+1 7.6000e+0 0.0000e+0
    endloop
  endfacet
  facet normal -8.7882e-1 -4.7716e-1 0.0000e+0
    outer loop
      vertex 1.3164e+1 7.6000e+0 0.0000e+0
      vertex 1.3543e+1 6.9007e+0 1.6200e+2
      vertex 1.3164e+1 7.6000e+0 1.6200e+2
    endloop
  endfacet
  facet normal 8.7882e-1 4.7716e-1 0.0000e+0
    outer loop
      vertex 1.6216e+1 8.2626e+0 0.0000e+0
      vertex 1.5762e+1 9.1000e+0 0.0000e+0
      vertex 1.6216e+1 8.2626e+0 1.6200e+2
    endloop
  endfacet
  facet normal 8.7882e-1 4.7716e-1 0.0000e+0
    outer loop
      vertex 1.5762e+1 9.1000e+0 0.0000e+0
      vertex 1.5762e+1 9.1000e+0 1.6200e+2
      vertex 1.6216e+1 8.2626e+0 1.6200e+2
    endloop
  endfacet
  facet normal -6.2152e-1 -3.3746e-1 -7.0699e-1
    outer loop
      vertex 1.3543e+1 6.9007e+0 1.6200e+2
      vertex 5.5242e+0 2.8147e+0 1.7100e+2
      vertex 1.3164e+1 7.6000e+0 1.6200e+2
    endloop
  endfacet
  facet normal -6.2152e-1 -3.3746e-1 -7.0699e-1
    outer loop
      vertex 1.3164e+1 7.6000e+0 1.6200e+2
      vertex 5.5242e+0 2.8147e+0 1.7100e+2
      vertex 5.3694e+0 3.1000e+0 1.7100e+2
    endloop
  endfacet
  facet normal 6.2152e-1 3.3746e-1 7.0699e-1
    outer loop
      vertex 1.6216e+1 8.2626e+0 1.6200e+2
      vertex 1.5762e+1 9.1000e+0 1.6200e+2
      vertex 8.1973e+0 4.1767e+0 1.7100e+2
    endloop
  endfacet
  facet normal 6.2152e-1 3.3746e-1 7.0699e-1
    outer loop
      vertex 1.5762e+1 9.1000e+0 1.6200e+2
      vertex 7.9674e+0 4.6000e+0 1.7100e+2
      vertex 8.1973e+0 4.1767e+0 1.7100e+2
    endloop
  endfacet
  facet normal -8.4889e-1 -4.6091e-1 2.5874e-1
    outer loop
      vertex 5.5242e+0 2.8147e+0 1.7100e+2
      vertex 8.7319e+0 4.4491e+0 1.8444e+2
      vertex 5.3694e+0 3.1000e+0 1.7100e+2
    endloop
  endfacet
  facet normal -8.4889e-1 -4.6091e-1 2.5874e-1
    outer loop
      vertex 5.3694e+0 3.1000e+0 1.7100e+2
      vertex 8.7319e+0 4.4491e+0 1.8444e+2
      vertex 8.4870e+0 4.9000e+0 1.8444e+2
    endloop
  endfacet
  facet normal 8.4889e-1 4.6091e-1 -2.5874e-1
    outer loop
      vertex 8.1973e+0 4.1767e+0 1.7100e+2
      vertex 7.9674e+0 4.6000e+0 1.7100e+2
      vertex 1.1405e+1 5.8111e+0 1.8444e+2
    endloop
  endfacet
  facet normal 8.4889e-1 4.6091e-1 -2.5874e-1
    outer loop
      vertex 7.9674e+0 4.6000e+0 1.7100e+2
      vertex 1.1085e+1 6.4000e+0 1.8444e+2
      vertex 1.1405e+1 5.8111e+0 1.8444e+2
    endloop
  endfacet
  facet normal 0.0000e+0 0.0000e+0 -1.0000e+0
    outer loop
      vertex 1.3543e+1 6.9007e+0 0.0000e+0
      vertex 1.3164e+1 7.6000e+0 0.0000e+0
      vertex 1.6216e+1 8.2626e+0 0.0000e+0
    endloop
  endfacet
  facet normal 0.0000e+0 0.0000e+0 -1.0000e+0
    outer loop
      vertex 1.3164e+1 7.6000e+0 0.0000e+0
      vertex 1.5762e+1 9.1000e+0 0.0000e+0
      vertex 1.6216e+1 8.2626e+0 0.0000e+0
    endloop
  endfacet
  facet normal 0.0000e+0 0.0000e+0 1.0000e+0
    outer loop
      vertex 8.7319e+0 4.4491e+0 1.8444e+2
      vertex 1.1405e+1 5.8111e+0 1.8444e+2
      vertex 8.4870e+0 4.9000e+0 1.8444e+2
    endloop
  endfacet
  facet normal 0.0000e+0 0.0000e+0 1.0000e+0
    outer loop
      vertex 8.4870e+0 4.9000e+0 1.8444e+2
      vertex 1.1405e+1 5.8111e+0 1.8444e+2
      vertex 1.1085e+1 6.4000e+0 1.8444e+2
    endloop
  endfacet
  facet normal -8.5264e-1 -5.2250e-1 0.0000e+0
    outer loop
      vertex 1.3164e+1 7.6000e+0 0.0000e+0
      vertex 1.3164e+1 7.6000e+0 1.6200e+2
      vertex 1.2748e+1 8.2785e+0 0.0000e+0
    endloop
  endfacet
  facet normal -8.5264e-1 -5.2250e-1 0.0000e+0
    outer loop
      vertex 1.2748e+1 8.2785e+0 0.0000e+0
      vertex 1.3164e+1 7.6000e+0 1.6200e+2
      vertex 1.2748e+1 8.2785e+0 1.6200e+2
    endloop
  endfacet
  facet normal 8.5264e-1 5.2250e-1 0.0000e+0
    outer loop
      vertex 1.5762e+1 9.1000e+0 0.0000e+0
      vertex 1.5264e+1 9.9124e+0 0.0000e+0
      vertex 1.5762e+1 9.1000e+0 1.6200e+2
    endloop
  endfacet
  facet normal 8.5264e-1 5.2250e-1 0.0000e+0
    outer loop
      vertex 1.5264e+1 9.9124e+0 0.0000e+0
      vertex 1.5264e+1 9.9124e+0 1.6200e+2
      vertex 1.5762e+1 9.1000e+0 1.6200e+2
    endloop
  endfacet
  facet normal -6.0301e-1 -3.6953e-1 -7.0699e-1
    outer loop
      vertex 1.3164e+1 7.6000e+0 1.6200e+2
      vertex 5.3694e+0 3.1000e+0 1.7100e+2
      vertex 1.2748e+1 8.2785e+0 1.6200e+2
    endloop
  endfacet
  facet normal -6.0301e-1 -3.6953e-1 -7.0699e-1
    outer loop
      vertex 1.2748e+1 8.2785e+0 1.6200e+2
      vertex 5.3694e+0 3.1000e+0 1.7100e+2
      vertex 5.1998e+0 3.3768e+0 1.7100e+2
    endloop
  endfacet
  facet normal 6.0301e-1 3.6953e-1 7.0699e-1
    outer loop
      vertex 1.5762e+1 9.1000e+0 1.6200e+2
      vertex 1.5264e+1 9.9124e+0 1.6200e+2
      vertex 7.9674e+0 4.6000e+0 1.7100e+2
    endloop
  endfacet
  facet normal 6.0301e-1 3.6953e-1 7.0699e-1
    outer loop
      vertex 1.5264e+1 9.9124e+0 1.6200e+2
      vertex 7.7158e+0 5.0107e+0 1.7100e+2
      vertex 7.9674e+0 4.6000e+0 1.7100e+2
    endloop
  endfacet
  facet normal -8.2361e-1 -5.0471e-1 2.5874e-1
    outer loop
      vertex 5.3694e+0 3.1000e+0 1.7100e+2
      vertex 8.4870e+0 4.9000e+0 1.8444e+2
      vertex 5.1998e+0 3.3768e+0 1.7100e+2
    endloop
  endfacet
  facet normal -8.2361e-1 -5.0471e-1 2.5874e-1
    outer loop
      vertex 5.1998e+0 3.3768e+0 1.7100e+2
      vertex 8.4870e+0 4.9000e+0 1.8444e+2
      vertex 8.2190e+0 5.3375e+0 1.8444e+2
    endloop
  endfacet
  facet normal 8.2361e-1 5.0471e-1 -2.5874e-1
    outer loop
      vertex 7.9674e+0 4.6000e+0 1.7100e+2
      vertex 7.7158e+0 5.0107e+0 1.7100e+2
      vertex 1.1085e+1 6.4000e+0 1.8444e+2
    endloop
  endfacet
  facet normal 8.2361e-1 5.0471e-1 -2.5874e-1
    outer loop
      vertex 7.7158e+0 5.0107e+0 1.7100e+2
      vertex 1.0735e+1 6.9714e+0 1.8444e+2
      vertex 1.1085e+1 6.4000e+0 1.8444e+2
    endloop
  endfacet
  facet normal 0.0000e+0 0.0000e+0 -1.0000e+0
    outer loop
      vertex 1.3164e+1 7.6000e+0 0.0000e+0
      vertex 1.2748e+1 8.2785e+0 0.0000e+0
      vertex 1.5762e+1 9.1000e+0 0.0000e+0
    endloop
  endfacet
  facet normal 0.0000e+0 0.0000e+0 -1.0000e+0
    outer loop
      vertex 1.2748e+1 8.2785e+0 0.0000e+0
      vertex 1.5264e+1 9.9124e+0 0.0000e+0
      vertex 1.5762e+1 9.1000e+0 0.0000e+0
    endloop
  endfacet
  facet normal 0.0000e+0 0.0000e+0 1.0000e+0
    outer loop
      vertex 8.4870e+0 4.9000e+0 1.8444e+2
      vertex 1.1085e+1 6.4000e+0 1.8444e+2
      vertex 8.2190e+0 5.3375e+0 1.8444e+2
    endloop
  endfacet
  facet normal 0.0000e+0 0.0000e+0 1.0000e+0
    outer loop
      vertex 8.2190e+0 5.3375e+0 1.8444e+2
      vertex 1.1085e+1 6.4000e+0 1.8444e+2
      vertex 1.0735e+1 6.9714e+0 1.8444e+2
    endloop
  endfacet
  facet normal -8.2413e-1 -5.6641e-1 0.0000e+0
    outer loop
      vertex 1.2748e+1 8.2785e+0 0.0000e+0
      vertex 1.2748e+1 8.2785e+0 1.6200e+2
      vertex 1.2297e+1 8.9343e+0 0.0000e+0
    endloop
  endfacet
  facet normal -8.2413e-1 -5.6641e-1 0.0000e+0
    outer loop
      vertex 1.2297e+1 8.9343e+0 0.0000e+0
      vertex 1.2748e+1 8.2785e+0 1.6200e+2
      vertex 1.2297e+1 8.9343e+0 1.6200e+2
    endloop
  endfacet
  facet normal 8.2413e-1 5.6641e-1 0.0000e+0
    outer loop
      vertex 1.5264e+1 9.9124e+0 0.0000e+0
      vertex 1.4724e+1 1.0698e+1 0.0000e+0
      vertex 1.5264e+1 9.9124e+0 1.6200e+2
    endloop
  endfacet
  facet normal 8.2413e-1 5.6641e-1 0.0000e+0
    outer loop
      vertex 1.4724e+1 1.0698e+1 0.0000e+0
      vertex 1.4724e+1 1.0698e+1 1.6200e+2
      vertex 1.5264e+1 9.9124e+0 1.6200e+2
    endloop
  endfacet
  facet normal -5.8285e-1 -4.0058e-1 -7.0699e-1
    outer loop
      vertex 1.2748e+1 8.2785e+0 1.6200e+2
      vertex 5.1998e+0 3.3768e+0 1.7100e+2
      vertex 1.2297e+1 8.9343e+0 1.6200e+2
    endloop
  endfacet
  facet normal -5.8285e-1 -4.0058e-1 -7.0699e-1
    outer loop
      vertex 1.2297e+1 8.9343e+0 1.6200e+2
      vertex 5.1998e+0 3.3768e+0 1.7100e+2
      vertex 5.0159e+0 3.6443e+0 1.7100e+2
    endloop
  endfacet
  facet normal 5.8285e-1 4.0058e-1 7.0699e-1
    outer loop
      vertex 1.5264e+1 9.9124e+0 1.6200e+2
      vertex 1.4724e+1 1.0698e+1 1.6200e+2
      vertex 7.7158e+0 5.0107e+0 1.7100e+2
    endloop
  endfacet
  facet normal 5.8285e-1 4.0058e-1 7.0699e-1
    outer loop
      vertex 1.4724e+1 1.0698e+1 1.6200e+2
      vertex 7.4430e+0 5.4076e+0 1.7100e+2
      vertex 7.7158e+0 5.0107e+0 1.7100e+2
    endloop
  endfacet
  facet normal -7.9606e-1 -5.4712e-1 2.5874e-1
    outer loop
      vertex 5.1998e+0 3.3768e+0 1.7100e+2
      vertex 8.2190e+0 5.3375e+0 1.8444e+2
      vertex 5.0159e+0 3.6443e+0 1.7100e+2
    endloop
  endfacet
  facet normal -7.9606e-1 -5.4712e-1 2.5874e-1
    outer loop
      vertex 5.0159e+0 3.6443e+0 1.7100e+2
      vertex 8.2190e+0 5.3375e+0 1.8444e+2
      vertex 7.9284e+0 5.7603e+0 1.8444e+2
    endloop
  endfacet
  facet normal 7.9606e-1 5.4712e-1 -2.5874e-1
    outer loop
      vertex 7.7158e+0 5.0107e+0 1.7100e+2
      vertex 7.4430e+0 5.4076e+0 1.7100e+2
      vertex 1.0735e+1 6.9714e+0 1.8444e+2
    endloop
  endfacet
  facet normal 7.9606e-1 5.4712e-1 -2.5874e-1
    outer loop
      vertex 7.4430e+0 5.4076e+0 1.7100e+2
      vertex 1.0355e+1 7.5237e+0 1.8444e+2
      vertex 1.0735e+1 6.9714e+0 1.8444e+2
    endloop
  endfacet
  facet normal 0.0000e+0 0.0000e+0 -1.0000e+0
    outer loop
      vertex 1.2748e+1 8.2785e+0 0.0000e+0
      vertex 1.2297e+1 8.9343e+0 0.0000e+0
      vertex 1.5264e+1 9.9124e+0 0.0000e+0
    endloop
  endfacet
  facet normal 0.0000e+0 0.0000e+0 -1.0000e+0
    outer loop
      vertex 1.2297e+1 8.9343e+0 0.0000e+0
      vertex 1.4724e+1 1.0698e+1 0.0000e+0
      vertex 1.5264e+1 9.9124e+0 0.0000e+0
    endloop
  endfacet
  facet normal 0.0000e+0 0.0000e+0 1.0000e+0
    outer loop
      vertex 8.2190e+0 5.3375e+0 1.8444e+2
      vertex 1.0735e+1 6.9714e+0 1.8444e+2
      vertex 7.9284e+0 5.7603e+0 1.8444e+2
    endloop
  endfacet
  facet normal 0.0000e+0 0.0000e+0 1.0000e+0
    outer loop
      vertex 7.9284e+0 5.7603e+0 1.8444e+2
      vertex 1.0735e+1 6.9714e+0 1.8444e+2
      vertex 1.0355e+1 7.5237e+0 1.8444e+2
    endloop
  endfacet
  facet normal -7.9335e-1 -6.0876e-1 0.0000e+0
    outer loop
      vertex 1.2297e+1 8.9343e+0 0.0000e+0
      vertex 1.2297e+1 8.9343e+0 1.6200e+2
      vertex 1.1813e+1 9.5657e+0 0.0000e+0
    endloop
  endfacet
  facet normal -7.9335e-1 -6.0876e-1 0.0000e+0
    outer loop
      vertex 1.1813e+1 9.5657e+0 0.0000e+0
      vertex 1.2297e+1 8.9343e+0 1.6200e+2
      vertex 1.1813e+1 9.5657e+0 1.6200e+2
    endloop
  endfacet
  facet normal 7.9335e-1 6.0876e-1 0.0000e+0
    outer loop
      vertex 1.4724e+1 1.0698e+1 0.0000e+0
      vertex 1.4144e+1 1.1454e+1 0.0000e+0
      vertex 1.4724e+1 1.0698e+1 1.6200e+2
    endloop
  endfacet
  facet normal 7.9335e-1 6.0876e-1 0.0000e+0
    outer loop
      vertex 1.4144e+1 1.1454e+1 0.0000e+0
      vertex 1.4144e+1 1.1454e+1 1.6200e+2
      vertex 1.4724e+1 1.0698e+1 1.6200e+2
    endloop
  endfacet
  facet normal -5.6108e-1 -4.3053e-1 -7.0699e-1
    outer loop
      vertex 1.2297e+1 8.9343e+0 1.6200e+2
      vertex 5.0159e+0 3.6443e+0 1.7100e+2
      vertex 1.1813e+1 9.5657e+0 1.6200e+2
    endloop
  endfacet
  facet normal -5.6108e-1 -4.3053e-1 -7.0699e-1
    outer loop
      vertex 1.1813e+1 9.5657e+0 1.6200e+2
      vertex 5.0159e+0 3.6443e+0 1.7100e+2
      vertex 4.8183e+0 3.9018e+0 1.7100e+2
    endloop
  endfacet
  facet normal 5.6108e-1 4.3053e-1 7.0699e-1
    outer loop
      vertex 1.4724e+1 1.0698e+1 1.6200e+2
      vertex 1.4144e+1 1.1454e+1 1.6200e+2
      vertex 7.4430e+0 5.4076e+0 1.7100e+2
    endloop
  endfacet
  facet normal 5.6108e-1 4.3053e-1 7.0699e-1
    outer loop
      vertex 1.4144e+1 1.1454e+1 1.6200e+2
      vertex 7.1497e+0 5.7897e+0 1.7100e+2
      vertex 7.4430e+0 5.4076e+0 1.7100e+2
    endloop
  endfacet
  facet normal -7.6634e-1 -5.8803e-1 2.5874e-1
    outer loop
      vertex 5.0159e+0 3.6443e+0 1.7100e+2
      vertex 7.9284e+0 5.7603e+0 1.8444e+2
      vertex 4.8183e+0 3.9018e+0 1.7100e+2
    endloop
  endfacet
  facet normal -7.6634e-1 -5.8803e-1 2.5874e-1
    outer loop
      vertex 4.8183e+0 3.9018e+0 1.7100e+2
      vertex 7.9284e+0 5.7603e+0 1.8444e+2
      vertex 7.6160e+0 6.1673e+0 1.8444e+2
    endloop
  endfacet
  facet normal 7.6634e-1 5.8803e-1 -2.5874e-1
    outer loop
      vertex 7.4430e+0 5.4076e+0 1.7100e+2
      vertex 7.1497e+0 5.7897e+0 1.7100e+2
      vertex 1.0355e+1 7.5237e+0 1.8444e+2
    endloop
  endfacet
  facet normal 7.6634e-1 5.8803e-1 -2.5874e-1
    outer loop
      vertex 7.1497e+0 5.7897e+0 1.7100e+2
      vertex 9.9475e+0 8.0553e+0 1.8444e+2
      vertex 1.0355e+1 7.5237e+0 1.8444e+2
    endloop
  endfacet
  facet normal 0.0000e+0 0.0000e+0 -1.0000e+0
    outer loop
      vertex 1.2297e+1 8.9343e+0 0.0000e+0
      vertex 1.1813e+1 9.5657e+0 0.0000e+0
      vertex 1.4724e+1 1.0698e+1 0.0000e+0
    endloop
  endfacet
  facet normal 0.0000e+0 0.0000e+0 -1.0000e+0
    outer loop
      vertex 1.1813e+1 9.5657e+0 0.0000e+0
      vertex 1.4144e+1 1.1454e+1 0.0000e+0
      vertex 1.4724e+1 1.0698e+1 0.0000e+0
    endloop
  endfacet
  facet normal 0.0000e+0 0.0000e+0 1.0000e+0
    outer loop
      vertex 7.9284e+0 5.7603e+0 1.8444e+2
      vertex 1.0355e+1 7.5237e+0 1.8444e+2
      vertex 7.6160e+0 6.1673e+0 1.8444e+2
    endloop
  endfacet
  facet normal 0.0000e+0 0.0000e+0 1.0000e+0
    outer loop
      vertex 7.6160e+0 6.1673e+0 1.8444e+2
      vertex 1.0355e+1 7.5237e+0 1.8444e+2
      vertex 9.9475e+0 8.0553e+0 1.8444e+2
    endloop
  endfacet
  facet normal -7.6041e-1 -6.4945e-1 0.0000e+0
    outer loop
      vertex 1.1813e+1 9.5657e+0 0.0000e+0
      vertex 1.1813e+1 9.5657e+0 1.6200e+2
      vertex 1.1296e+1 1.0171e+1 0.0000e+0
    endloop
  endfacet
  facet normal -7.6041e-1 -6.4945e-1 0.0000e+0
    outer loop
      vertex 1.1296e+1 1.0171e+1 0.0000e+0
      vertex 1.1813e+1 9.5657e+0 1.6200e+2
      vertex 1.1296e+1 1.0171e+1 1.6200e+2
    endloop
  endfacet
  facet normal 7.6041e-1 6.4945e-1 0.0000e+0
    outer loop
      vertex 1.4144e+1 1.1454e+1 0.0000e+0
      vertex 1.3525e+1 1.2178e+1 0.0000e+0
      vertex 1.4144e+1 1.1454e+1 1.6200e+2
    endloop
  endfacet
  facet normal 7.6041e-1 6.4945e-1 0.0000e+0
    outer loop
      vertex 1.3525e+1 1.2178e+1 0.0000e+0
      vertex 1.3525e+1 1.2178e+1 1.6200e+2
      vertex 1.4144e+1 1.1454e+1 1.6200e+2
    endloop
  endfacet
  facet normal -5.3778e-1 -4.5931e-1 -7.0699e-1
    outer loop
      vertex 1.1813e+1 9.5657e+0 1.6200e+2
      vertex 4.8183e+0 3.9018e+0 1.7100e+2
      vertex 1.1296e+1 1.0171e+1 1.6200e+2
    endloop
  endfacet
  facet normal -5.3778e-1 -4.5931e-1 -7.0699e-1
    outer loop
      vertex 1.1296e+1 1.0171e+1 1.6200e+2
      vertex 4.8183e+0 3.9018e+0 1.7100e+2
      vertex 4.6075e+0 4.1486e+0 1.7100e+2
    endloop
  endfacet
  facet normal 5.3778e-1 4.5931e-1 7.0699e-1
    outer loop
      vertex 1.4144e+1 1.1454e+1 1.6200e+2
      vertex 1.3525e+1 1.2178e+1 1.6200e+2
      vertex 7.1497e+0 5.7897e+0 1.7100e+2
    endloop
  endfacet
  facet normal 5.3778e-1 4.5931e-1 7.0699e-1
    outer loop
      vertex 1.3525e+1 1.2178e+1 1.6200e+2
      vertex 6.8369e+0 6.1560e+0 1.7100e+2
      vertex 7.1497e+0 5.7897e+0 1.7100e+2
    endloop
  endfacet
  facet normal -7.3451e-1 -6.2733e-1 2.5874e-1
    outer loop
      vertex 4.8183e+0 3.9018e+0 1.7100e+2
      vertex 7.6160e+0 6.1673e+0 1.8444e+2
      vertex 4.6075e+0 4.1486e+0 1.7100e+2
    endloop
  endfacet
  facet normal -7.3451e-1 -6.2733e-1 2.5874e-1
    outer loop
      vertex 4.6075e+0 4.1486e+0 1.7100e+2
      vertex 7.6160e+0 6.1673e+0 1.8444e+2
      vertex 7.2828e+0 6.5575e+0 1.8444e+2
    endloop
  endfacet
  facet normal 7.3451e-1 6.2733e-1 -2.5874e-1
    outer loop
      vertex 7.1497e+0 5.7897e+0 1.7100e+2
      vertex 6.8369e+0 6.1560e+0 1.7100e+2
      vertex 9.9475e+0 8.0553e+0 1.8444e+2
    endloop
  endfacet
  facet normal 7.3451e-1 6.2733e-1 -2.5874e-1
    outer loop
      vertex 6.8369e+0 6.1560e+0 1.7100e+2
      vertex 9.5123e+0 8.5649e+0 1.8444e+2
      vertex 9.9475e+0 8.0553e+0 1.8444e+2
    endloop
  endfacet
  facet normal 0.0000e+0 0.0000e+0 -1.0000e+0
    outer loop
      vertex 1.1813e+1 9.5657e+0 0.0000e+0
      vertex 1.1296e+1 1.0171e+1 0.0000e+0
      vertex 1.4144e+1 1.1454e+1 0.0000e+0
    endloop
  endfacet
  facet normal 0.0000e+0 0.0000e+0 -1.0000e+0
    outer loop
      vertex 1.1296e+1 1.0171e+1 0.0000e+0
      vertex 1.3525e+1 1.2178e+1 0.0000e+0
      vertex 1.4144e+1 1.1454e+1 0.0000e+0
    endloop
  endfacet
  facet normal 0.0000e+0 0.0000e+0 1.0000e+0
    outer loop
      vertex 7.6160e+0 6.1673e+0 1.8444e+2
      vertex 9.9475e+0 8.0553e+0 1.8444e+2
      vertex 7.2828e+0 6.5575e+0 1.8444e+2
    endloop
  endfacet
  facet normal 0.0000e+0 0.0000e+0 1.0000e+0
    outer loop
      vertex 7.2828e+0 6.5575e+0 1.8444e+2
      vertex 9.9475e+0 8.0553e+0 1.8444e+2
      vertex 9.5123e+0 8.5649e+0 1.8444e+2
    endloop
  endfacet
  facet normal -7.2537e-1 -6.8835e-1 0.0000e+0
    outer loop
      vertex 1.1296e+1 1.0171e+1 0.0000e+0
      vertex 1.1296e+1 1.0171e+1 1.6200e+2
      vertex 1.0748e+1 1.0748e+1 0.0000e+0
    endloop
  endfacet
  facet normal -7.2537e-1 -6.8835e-1 0.0000e+0
    outer loop
      vertex 1.0748e+1 1.0748e+1 0.0000e+0
      vertex 1.1296e+1 1.0171e+1 1.6200e+2
      vertex 1.0748e+1 1.0748e+1 1.6200e+2
    endloop
  endfacet
  facet normal 7.2537e-1 6.8835e-1 0.0000e+0
    outer loop
      vertex 1.3525e+1 1.2178e+1 0.0000e+0
      vertex 1.2869e+1 1.2869e+1 0.0000e+0
      vertex 1.3525e+1 1.2178e+1 1.6200e+2
    endloop
  endfacet
  facet normal 7.2537e-1 6.8835e-1 0.0000e+0
    outer loop
      vertex 1.2869e+1 1.2869e+1 0.0000e+0
      vertex 1.2869e+1 1.2869e+1 1.6200e+2
      vertex 1.3525e+1 1.2178e+1 1.6200e+2
    endloop
  endfacet
  facet normal -5.1301e-1 -4.8682e-1 -7.0699e-1
    outer loop
      vertex 1.1296e+1 1.0171e+1 1.6200e+2
      vertex 4.6075e+0 4.1486e+0 1.7100e+2
      vertex 1.0748e+1 1.0748e+1 1.6200e+2
    endloop
  endfacet
  facet normal -5.1301e-1 -4.8682e-1 -7.0699e-1
    outer loop
      vertex 1.0748e+1 1.0748e+1 1.6200e+2
      vertex 4.6075e+0 4.1486e+0 1.7100e+2
      vertex 4.3841e+0 4.3841e+0 1.7100e+2
    endloop
  endfacet
  facet normal 5.1301e-1 4.8682e-1 7.0699e-1
    outer loop
      vertex 1.3525e+1 1.2178e+1 1.6200e+2
      vertex 1.2869e+1 1.2869e+1 1.6200e+2
      vertex 6.8369e+0 6.1560e+0 1.7100e+2
    endloop
  endfacet
  facet normal 5.1301e-1 4.8682e-1 7.0699e-1
    outer loop
      vertex 1.2869e+1 1.2869e+1 1.6200e+2
      vertex 6.5054e+0 6.5054e+0 1.7100e+2
      vertex 6.8369e+0 6.1560e+0 1.7100e+2
    endloop
  endfacet
  facet normal -7.0067e-1 -6.6491e-1 2.5874e-1
    outer loop
      vertex 4.6075e+0 4.1486e+0 1.7100e+2
      vertex 7.2828e+0 6.5575e+0 1.8444e+2
      vertex 4.3841e+0 4.3841e+0 1.7100e+2
    endloop
  endfacet
  facet normal -7.0067e-1 -6.6491e-1 2.5874e-1
    outer loop
      vertex 4.3841e+0 4.3841e+0 1.7100e+2
      vertex 7.2828e+0 6.5575e+0 1.8444e+2
      vertex 6.9296e+0 6.9296e+0 1.8444e+2
    endloop
  endfacet
  facet normal 7.0067e-1 6.6491e-1 -2.5874e-1
    outer loop
      vertex 6.8369e+0 6.1560e+0 1.7100e+2
      vertex 6.5054e+0 6.5054e+0 1.7100e+2
      vertex 9.5123e+0 8.5649e+0 1.8444e+2
    endloop
  endfacet
  facet normal 7.0067e-1 6.6491e-1 -2.5874e-1
    outer loop
      vertex 6.5054e+0 6.5054e+0 1.7100e+2
      vertex 9.0510e+0 9.0510e+0 1.8444e+2
      vertex 9.5123e+0 8.5649e+0 1.8444e+2
    endloop
  endfacet
  facet normal 0.0000e+0 0.0000e+0 -1.0000e+0
    outer loop
      vertex 1.1296e+1 1.0171e+1 0.0000e+0
      vertex 1.0748e+1 1.0748e+1 0.0000e+0
      vertex 1.3525e+1 1.2178e+1 0.0000e+0
    endloop
  endfacet
  facet normal 0.0000e+0 0.0000e+0 -1.0000e+0
    outer loop
      vertex 1.0748e+1 1.0748e+1 0.0000e+0
      vertex 1.2869e+1 1.2869e+1 0.0000e+0
      vertex 1.3525e+1 1.2178e+1 0.0000e+0
    endloop
  endfacet
  facet normal 0.0000e+0 0.0000e+0 1.0000e+0
    outer loop
      vertex 7.2828e+0 6.5575e+0 1.8444e+2
      vertex 9.5123e+0 8.5649e+0 1.8444e+2
      vertex 6.9296e+0 6.9296e+0 1.8444e+2
    endloop
  endfacet
  facet normal 0.0000e+0 0.0000e+0 1.0000e+0
    outer loop
      vertex 6.9296e+0 6.9296e+0 1.8444e+2
      vertex 9.5123e+0 8.5649e+0 1.8444e+2
      vertex 9.0510e+0 9.0510e+0 1.8444e+2
    endloop
  endfacet
  facet normal -6.8835e-1 -7.2537e-1 0.0000e+0
    outer loop
      vertex 1.0748e+1 1.0748e+1 0.0000e+0
      vertex 1.0748e+1 1.0748e+1 1.6200e+2
      vertex 1.0171e+1 1.1296e+1 0.0000e+0
    endloop
  endfacet
  facet normal -6.8835e-1 -7.2537e-1 0.0000e+0
    outer loop
      vertex 1.0171e+1 1.1296e+1 0.0000e+0
      vertex 1.0748e+1 1.0748e+1 1.6200e+2
      vertex 1.0171e+1 1.1296e+1 1.6200e+2
    endloop
  endfacet
  facet normal 6.8835e-1 7.2537e-1 0.0000e+0
    outer loop
      vertex 1.2869e+1 1.2869e+1 0.0000e+0
      vertex 1.2178e+1 1.3525e+1 0.0000e+0
      vertex 1.2869e+1 1.2869e+1 1.6200e+2
    endloop
  endfacet
  facet normal 6.8835e-1 7.2537e-1 0.0000e+0
    outer loop
      vertex 1.2178e+1 1.3525e+1 0.0000e+0
      vertex 1.2178e+1 1.3525e+1 1.6200e+2
      vertex 1.2869e+1 1.2869e+1 1.6200e+2
    endloop
  endfacet
  facet normal -4.8682e-1 -5.1301e-1 -7.0699e-1
    outer loop
      vertex 1.0748e+1 1.0748e+1 1.6200e+2
      vertex 4.3841e+0 4.3841e+0 1.7100e+2
      vertex 1.0171e+1 1.1296e+1 1.6200e+2
    endloop
  endfacet
  facet normal -4.8682e-1 -5.1301e-1 -7.0699e-1
    outer loop
      vertex 1.0171e+1 1.1296e+1 1.6200e+2
      vertex 4.3841e+0 4.3841e+0 1.7100e+2
      vertex 4.1486e+0 4.6075e+0 1.7100e+2
    endloop
  endfacet
  facet normal 4.8682e-1 5.1301e-1 7.0699e-1
    outer loop
      vertex 1.2869e+1 1.2869e+1 1.6200e+2
      vertex 1.2178e+1 1.3525e+1 1.6200e+2
      vertex 6.5054e+0 6.5054e+0 1.7100e+2
    endloop
  endfacet
  facet normal 4.8682e-1 5.1301e-1 7.0699e-1
    outer loop
      vertex 1.2178e+1 1.3525e+1 1.6200e+2
      vertex 6.1560e+0 6.8369e+0 1.7100e+2
      vertex 6.5054e+0 6.5054e+0 1.7100e+2
    endloop
  endfacet
  facet normal -6.6491e-1 -7.0067e-1 2.5874e-1
    outer loop
      vertex 4.3841e+0 4.3841e+0 1.7100e+2
      vertex 6.9296e+0 6.9296e+0 1.8444e+2
      vertex 4.1486e+0 4.6075e+0 1.7100e+2
    endloop
  endfacet
  facet normal -6.6491e-1 -7.0067e-1 2.5874e-1
    outer loop
      vertex 4.1486e+0 4.6075e+0 1.7100e+2
      vertex 6.9296e+0 6.9296e+0 1.8444e+2
      vertex 6.5575e+0 7.2828e+0 1.8444e+2
    endloop
  endfacet
  facet normal 6.6491e-1 7.0067e-1 -2.5874e-1
    outer loop
      vertex 6.5054e+0 6.5054e+0 1.7100e+2
      vertex 6.1560e+0 6.8369e+0 1.7100e+2
      vertex 9.0510e+0 9.0510e+0 1.8444e+2
    endloop
  endfacet
  facet normal 6.6491e-1 7.0067e-1 -2.5874e-1
    outer loop
      vertex 6.1560e+0 6.8369e+0 1.7100e+2
      vertex 8.5649e+0 9.5123e+0 1.8444e+2
      vertex 9.0510e+0 9.0510e+0 1.8444e+2
    endloop
  endfacet
  facet normal 0.0000e+0 0.0000e+0 -1.0000e+0
    outer loop
      vertex 1.0748e+1 1.0748e+1 0.0000e+0
      vertex 1.0171e+1 1.1296e+1 0.0000e+0
      vertex 1.2869e+1 1.2869e+1 0.0000e+0
    endloop
  endfacet
  facet normal 0.0000e+0 0.0000e+0 -1.0000e+0
    outer loop
      vertex 1.0171e+1 1.1296e+1 0.0000e+0
      vertex 1.2178e+1 1.3525e+1 0.0000e+0
      vertex 1.2869e+1 1.2869e+1 0.0000e+0
    endloop
  endfacet
  facet normal 0.0000e+0 0.0000e+0 1.0000e+0
    outer loop
      vertex 6.9296e+0 6.9296e+0 1.8444e+2
      vertex 9.0510e+0 9.0510e+0 1.8444e+2
      vertex 6.5575e+0 7.2828e+0 1.8444e+2
    endloop
  endfacet
  facet normal 0.0000e+0 0.0000e+0 1.0000e+0
    outer loop
      vertex 6.5575e+0 7.2828e+0 1.8444e+2
      vertex 9.0510e+0 9.0510e+0 1.8444e+2
      vertex 8.5649e+0 9.5123e+0 1.8444e+2
    endloop
  endfacet
  facet normal -6.4945e-1 -7.6041e-1 0.0000e+0
    outer loop
      vertex 1.0171e+1 1.1296e+1 0.0000e+0
      vertex 1.0171e+1 1.1296e+1 1.6200e+2
      vertex 9.5657e+0 1.1813e+1 0.0000e+0
    endloop
  endfacet
  facet normal -6.4945e-1 -7.6041e-1 0.0000e+0
    outer loop
      vertex 9.5657e+0 1.1813e+1 0.0000e+0
      vertex 1.0171e+1 1.1296e+1 1.6200e+2
      vertex 9.5657e+0 1.1813e+1 1.6200e+2
    endloop
  endfacet
  facet normal 6.4945e-1 7.6041e-1 0.0000e+0
    outer loop
      vertex 1.2178e+1 1.3525e+1 0.0000e+0
      vertex 1.1454e+1 1.4144e+1 0.0000e+0
      vertex 1.2178e+1 1.3525e+1 1.6200e+2
    endloop
  endfacet
  facet normal 6.4945e-1 7.6041e-1 0.0000e+0
    outer loop
      vertex 1.1454e+1 1.4144e+1 0.0000e+0
      vertex 1.1454e+1 1.4144e+1 1.6200e+2
      vertex 1.2178e+1 1.3525e+1 1.6200e+2
    endloop
  endfacet
  facet normal -4.5931e-1 -5.3778e-1 -7.0699e-1
    outer loop
      vertex 1.0171e+1 1.1296e+1 1.6200e+2
      vertex 4.1486e+0 4.6075e+0 1.7100e+2
      vertex 9.5657e+0 1.1813e+1 1.6200e+2
    endloop
  endfacet
  facet normal -4.5931e-1 -5.3778e-1 -7.0699e-1
    outer loop
      vertex 9.5657e+0 1.1813e+1 1.6200e+2
      vertex 4.1486e+0 4.6075e+0 1.7100e+2
      vertex 3.9018e+0 4.8183e+0 1.7100e+2
    endloop
  endfacet
  facet normal 4.5931e-1 5.3778e-1 7.0699e-1
    outer loop
      vertex 1.2178e+1 1.3525e+1 1.6200e+2
      vertex 1.1454e+1 1.4144e+1 1.6200e+2
      vertex 6.1560e+0 6.8369e+0 1.7100e+2
    endloop
  endfacet
  facet normal 4.5931e-1 5.3778e-1 7.0699e-1
    outer loop
      vertex 1.1454e+1 1.4144e+1 1.6200e+2
      vertex 5.7897e+0 7.1497e+0 1.7100e+2
      vertex 6.1560e+0 6.8369e+0 1.7100e+2
    endloop
  endfacet
  facet normal -6.2733e-1 -7.3451e-1 2.5874e-1
    outer loop
      vertex 4.1486e+0 4.6075e+0 1.7100e+2
      vertex 6.5575e+0 7.2828e+0 1.8444e+2
      vertex 3.9018e+0 4.8183e+0 1.7100e+2
    endloop
  endfacet
  facet normal -6.2733e-1 -7.3451e-1 2.5874e-1
    outer loop
      vertex 3.9018e+0 4.8183e+0 1.7100e+2
      vertex 6.5575e+0 7.2828e+0 1.8444e+2
      vertex 6.1673e+0 7.6160e+0 1.8444e+2
    endloop
  endfacet
  facet normal 6.2733e-1 7.3451e-1 -2.5874e-1
    outer loop
      vertex 6.1560e+0 6.8369e+0 1.7100e+2
      vertex 5.7897e+0 7.1497e+0 1.7100e+2
      vertex 8.5649e+0 9.5123e+0 1.8444e+2
    endloop
  endfacet
  facet normal 6.2733e-1 7.3451e-1 -2.5874e-1
    outer loop
      vertex 5.7897e+0 7.1497e+0 1.7100e+2
      vertex 8.0553e+0 9.9475e+0 1.8444e+2
      vertex 8.5649e+0 9.5123e+0 1.8444e+2
    endloop
  endfacet
  facet normal 0.0000e+0 0.0000e+0 -1.0000e+0
    outer loop
      vertex 1.0171e+1 1.1296e+1 0.0000e+0
      vertex 9.5657e+0 1.1813e+1 0.0000e+0
      vertex 1.2178e+1 1.3525e+1 0.0000e+0
    endloop
  endfacet
  facet normal 0.0000e+0 0.0000e+0 -1.0000e+0
    outer loop
      vertex 9.5657e+0 1.1813e+1 0.0000e+0
      vertex 1.1454e+1 1.4144e+1 0.0000e+0
      vertex 1.2178e+1 1.3525e+1 0.0000e+0
    endloop
  endfacet
  facet normal 0.0000e+0 0.0000e+0 1.0000e+0
    outer loop
      vertex 6.5575e+0 7.2828e+0 1.8444e+2
      vertex 8.5649e+0 9.5123e+0 1.8444e+2
      vertex 6.1673e+0 7.6160e+0 1.8444e+2
    endloop
  endfacet
  facet normal 0.0000e+0 0.0000e+0 1.0000e+0
    outer loop
      vertex 6.1673e+0 7.6160e+0 1.8444e+2
      vertex 8.5649e+0 9.5123e+0 1.8444e+2
      vertex 8.0553e+0 9.9475e+0 1.8444e+2
    endloop
  endfacet
  facet normal -6.0876e-1 -7.9335e-1 0.0000e+0
    outer loop
      vertex 9.5657e+0 1.1813e+1 0.0000e+0
      vertex 9.5657e+0 1.1813e+1 1.6200e+2
      vertex 8.9343e+0 1.2297e+1 0.0000e+0
    endloop
  endfacet
  facet normal -6.0876e-1 -7.9335e-1 0.0000e+0
    outer loop
      vertex 8.9343e+0 1.2297e+1 0.0000e+0
      vertex 9.5657e+0 1.1813e+1 1.6200e+2
      vertex 8.9343e+0 1.2297e+1 1.6200e+2
    endloop
  endfacet
  facet normal 6.0876e-1 7.9335e-1 0.0000e+0
    outer loop
      vertex 1.1454e+1 1.4144e+1 0.0000e+0
      vertex 1.0698e+1 1.4724e+1 0.0000e+0
      vertex 1.1454e+1 1.4144e+1 1.6200e+2
    endloop
  endfacet
  facet normal 6.0876e-1 7.9335e-1 0.0000e+0
    outer loop
      vertex 1.0698e+1 1.4724e+1 0.0000e+0
      vertex 1.0698e+1 1.4724e+1 1.6200e+2
      vertex 1.1454e+1 1.4144e+1 1.6200e+2
    endloop
  endfacet
  facet normal -4.3053e-1 -5.6108e-1 -7.0699e-1
    outer loop
      vertex 9.5657e+0 1.1813e+1 1.6200e+2
      vertex 3.9018e+0 4.8183e+0 1.7100e+2
      vertex 8.9343e+0 1.2297e+1 1.6200e+2
    endloop
  endfacet
  facet normal -4.3053e-1 -5.6108e-1 -7.0699e-1
    outer loop
      vertex 8.9343e+0 1.2297e+1 1.6200e+2
      vertex 3.9018e+0 4.8183e+0 1.7100e+2
      vertex 3.6443e+0 5.0159e+0 1.7100e+2
    endloop
  endfacet
  facet normal 4.3053e-1 5.6108e-1 7.0699e-1
    outer loop
      vertex 1.1454e+1 1.4144e+1 1.6200e+2
      vertex 1.0698e+1 1.4724e+1 1.6200e+2
      vertex 5.7897e+0 7.1497e+0 1.7100e+2
    endloop
  endfacet
  facet normal 4.3053e-1 5.6108e-1 7.0699e-1
    outer loop
      vertex 1.0698e+1 1.4724e+1 1.6200e+2
      vertex 5.4076e+0 7.4430e+0 1.7100e+2
      vertex 5.7897e+0 7.1497e+0 1.7100e+2
    endloop
  endfacet
  facet normal -5.8803e-1 -7.6634e-1 2.5874e-1
    outer loop
      vertex 3.9018e+0 4.8183e+0 1.7100e+2
      vertex 6.1673e+0 7.6160e+0 1.8444e+2
      vertex 3.6443e+0 5.0159e+0 1.7100e+2
    endloop
  endfacet
  facet normal -5.8803e-1 -7.6634e-1 2.5874e-1
    outer loop
      vertex 3.6443e+0 5.0159e+0 1.7100e+2
      vertex 6.1673e+0 7.6160e+0 1.8444e+2
      vertex 5.7603e+0 7.9284e+0 1.8444e+2
    endloop
  endfacet
  facet normal 5.8803e-1 7.6634e-1 -2.5874e-1
    outer loop
      vertex 5.7897e+0 7.1497e+0 1.7100e+2
      vertex 5.4076e+0 7.4430e+0 1.7100e+2
      vertex 8.0553e+0 9.9475e+0 1.8444e+2
    endloop
  endfacet
  facet normal 5.8803e-1 7.6634e-1 -2.5874e-1
    outer loop
      vertex 5.4076e+0 7.4430e+0 1.7100e+2
      vertex 7.5237e+0 1.0355e+1 1.8444e+2
      vertex 8.0553e+0 9.9475e+0 1.8444e+2
    endloop
  endfacet
  facet normal 0.0000e+0 0.0000e+0 -1.0000e+0
    outer loop
      vertex 9.5657e+0 1.1813e+1 0.0000e+0
      vertex 8.9343e+0 1.2297e+1 0.0000e+0
      vertex 1.1454e+1 1.4144e+1 0.0000e+0
    endloop
  endfacet
  facet normal 0.0000e+0 0.0000e+0 -1.0000e+0
    outer loop
      vertex 8.9343e+0 1.2297e+1 0.0000e+0
      vertex 1.0698e+1 1.4724e+1 0.0000e+0
      vertex 1.1454e+1 1.4144e+1 0.0000e+0
    endloop
  endfacet
  facet normal 0.0000e+0 0.0000e+0 1.0000e+0
    outer loop
      vertex 6.1673e+0 7.6160e+0 1.8444e+2
      vertex 8.0553e+0 9.9475e+0 1.8444e+2
      vertex 5.7603e+0 7.9284e+0 1.8444e+2
    endloop
  endfacet
  facet normal 0.0000e+0 0.0000e+0 1.0000e+0
    outer loop
      vertex 5.7603e+0 7.9284e+0 1.8444e+2
      vertex 8.0553e+0 9.9475e+0 1.8444e+2
      vertex 7.5237e+0 1.0355e+1 1.8444e+2
    endloop
  endfacet
  facet normal -5.6641e-1 -8.2413e-1 0.0000e+0
    outer loop
      vertex 8.9343e+0 1.2297e+1 0.0000e+0
      vertex 8.9343e+0 1.2297e+1 1.6200e+2
      vertex 8.2785e+0 1.2748e+1 0.0000e+0
    endloop
  endfacet
  facet normal -5.6641e-1 -8.2413e-1 0.0000e+0
    outer loop
      vertex 8.2785e+0 1.2748e+1 0.0000e+0
      vertex 8.9343e+0 1.2297e+1 1.6200e+2
      vertex 8.2785e+0 1.2748e+1 1.6200e+2
    endloop
  endfacet
  facet normal 5.6641e-1 8.2413e-1 0.0000e+0
    outer loop
      vertex 1.0698e+1 1.4724e+1 0.0000e+0
      vertex 9.9124e+0 1.5264e+1 0.0000e+0
      vertex 1.0698e+1 1.4724e+1 1.6200e+2
    endloop
  endfacet
  facet normal 5.6641e-1 8.2413e-1 0.0000e+0
    outer loop
      vertex 9.9124e+0 1.5264e+1 0.0000e+0
      vertex 9.9124e+0 1.5264e+1 1.6200e+2
      vertex 1.0698e+1 1.4724e+1 1.6200e+2
    endloop
  endfacet
  facet normal -4.0058e-1 -5.8285e-1 -7.0699e-1
    outer loop
      vertex 8.9343e+0 1.2297e+1 1.6200e+2
      vertex 3.6443e+0 5.0159e+0 1.7100e+2
      vertex 8.2785e+0 1.2748e+1 1.6200e+2
    endloop
  endfacet
  facet normal -4.0058e-1 -5.8285e-1 -7.0699e-1
    outer loop
      vertex 8.2785e+0 1.2748e+1 1.6200e+2
      vertex 3.6443e+0 5.0159e+0 1.7100e+2
      vertex 3.3768e+0 5.1998e+0 1.7100e+2
    endloop
  endfacet
  facet normal 4.0058e-1 5.8285e-1 7.0699e-1
    outer loop
      vertex 1.0698e+1 1.4724e+1 1.6200e+2
      vertex 9.9124e+0 1.5264e+1 1.6200e+2
      vertex 5.4076e+0 7.4430e+0 1.7100e+2
    endloop
  endfacet
  facet normal 4.0058e-1 5.8285e-1 7.0699e-1
    outer loop
      vertex 9.9124e+0 1.5264e+1 1.6200e+2
      vertex 5.0107e+0 7.7158e+0 1.7100e+2
      vertex 5.4076e+0 7.4430e+0 1.7100e+2
    endloop
  endfacet
  facet normal -5.4712e-1 -7.9606e-1 2.5874e-1
    outer loop
      vertex 3.6443e+0 5.0159e+0 1.7100e+2
      vertex 5.7603e+0 7.9284e+0 1.8444e+2
      vertex 3.3768e+0 5.1998e+0 1.7100e+2
    endloop
  endfacet
  facet normal -5.4712e-1 -7.9606e-1 2.5874e-1
    outer loop
      vertex 3.3768e+0 5.1998e+0 1.7100e+2
      vertex 5.7603e+0 7.9284e+0 1.8444e+2
      vertex 5.3375e+0 8.2190e+0 1.8444e+2
    endloop
  endfacet
  facet normal 5.4712e-1 7.9606e-1 -2.5874e-1
    outer loop
      vertex 5.4076e+0 7.4430e+0 1.7100e+2
      vertex 5.0107e+0 7.7158e+0 1.7100e+2
      vertex 7.5237e+0 1.0355e+1 1.8444e+2
    endloop
  endfacet
  facet normal 5.4712e-1 7.9606e-1 -2.5874e-1
    outer loop
      vertex 5.0107e+0 7.7158e+0 1.7100e+2
      vertex 6.9714e+0 1.0735e+1 1.8444e+2
      vertex 7.5237e+0 1.0355e+1 1.8444e+2
    endloop
  endfacet
  facet normal 0.0000e+0 0.0000e+0 -1.0000e+0
    outer loop
      vertex 8.9343e+0 1.2297e+1 0.0000e+0
      vertex 8.2785e+0 1.2748e+1 0.0000e+0
      vertex 1.0698e+1 1.4724e+1 0.0000e+0
    endloop
  endfacet
  facet normal 0.0000e+0 0.0000e+0 -1.0000e+0
    outer loop
      vertex 8.2785e+0 1.2748e+1 0.0000e+0
      vertex 9.9124e+0 1.5264e+1 0.0000e+0
      vertex 1.0698e+1 1.4724e+1 0.0000e+0
    endloop
  endfacet
  facet normal 0.0000e+0 0.0000e+0 1.0000e+0
    outer loop
      vertex 5.7603e+0 7.9284e+0 1.8444e+2
      vertex 7.5237e+0 1.0355e+1 1.8444e+2
      vertex 5.3375e+0 8.2190e+0 1.8444e+2
    endloop
  endfacet
  facet normal 0.0000e+0 0.0000e+0 1.0000e+0
    outer loop
      vertex 5.3375e+0 8.2190e+0 1.8444e+2
      vertex 7.5237e+0 1.0355e+1 1.8444e+2
      vertex 6.9714e+0 1.0735e+1 1.8444e+2
    endloop
  endfacet
  facet normal -5.2250e-1 -8.5264e-1 0.0000e+0
    outer loop
      vertex 8.2785e+0 1.2748e+1 0.0000e+0
      vertex 8.2785e+0 1.2748e+1 1.6200e+2
      vertex 7.6000e+0 1.3164e+1 0.0000e+0
    endloop
  endfacet
  facet normal -5.2250e-1 -8.5264e-1 0.0000e+0
    outer loop
      vertex 7.6000e+0 1.3164e+1 0.0000e+0
      vertex 8.2785e+0 1.2748e+1 1.6200e+2
      vertex 7.6000e+0 1.3164e+1 1.6200e+2
    endloop
  endfacet
  facet normal 5.2250e-1 8.5264e-1 0.0000e+0
    outer loop
      vertex 9.9124e+0 1.5264e+1 0.0000e+0
      vertex 9.1000e+0 1.5762e+1 0.0000e+0
      vertex 9.9124e+0 1.5264e+1 1.6200e+2
    endloop
  endfacet
  facet normal 5.2250e-1 8.5264e-1 0.0000e+0
    outer loop
      vertex 9.1000e+0 1.5762e+1 0.0000e+0
      vertex 9.1000e+0 1.5762e+1 1.6200e+2
      vertex 9.9124e+0 1.5264e+1 1.6200e+2
    endloop
  endfacet
  facet normal -3.6953e-1 -6.0301e-1 -7.0699e-1
    outer loop
      vertex 8.2785e+0 1.2748e+1 1.6200e+2
      vertex 3.3768e+0 5.1998e+0 1.7100e+2
      vertex 7.6000e+0 1.3164e+1 1.6200e+2
    endloop
  endfacet
  facet normal -3.6953e-1 -6.0301e-1 -7.0699e-1
    outer loop
      vertex 7.6000e+0 1.3164e+1 1.6200e+2
      vertex 3.3768e+0 5.1998e+0 1.7100e+2
      vertex 3.1000e+0 5.3694e+0 1.7100e+2
    endloop
  endfacet
  facet normal 3.6953e-1 6.0301e-1 7.0699e-1
    outer loop
      vertex 9.9124e+0 1.5264e+1 1.6200e+2
      vertex 9.1000e+0 1.5762e+1 1.6200e+2
      vertex 5.0107e+0 7.7158e+0 1.7100e+2
    endloop
  endfacet
  facet normal 3.6953e-1 6.0301e-1 7.0699e-1
    outer loop
      vertex 9.1000e+0 1.5762e+1 1.6200e+2
      vertex 4.6000e+0 7.9674e+0 1.7100e+2
      vertex 5.0107e+0 7.7158e+0 1.7100e+2
    endloop
  endfacet
  facet normal -5.0471e-1 -8.2361e-1 2.5874e-1
    outer loop
      vertex 3.3768e+0 5.1998e+0 1.7100e+2
      vertex 5.3375e+0 8.2190e+0 1.8444e+2
      vertex 3.1000e+0 5.3694e+0 1.7100e+2
    endloop
  endfacet
  facet normal -5.0471e-1 -8.2361e-1 2.5874e-1
    outer loop
      vertex 3.1000e+0 5.3694e+0 1.7100e+2
      vertex 5.3375e+0 8.2190e+0 1.8444e+2
      vertex 4.9000e+0 8.4870e+0 1.8444e+2
    endloop
  endfacet
  facet normal 5.0471e-1 8.2361e-1 -2.5874e-1
    outer loop
      vertex 5.0107e+0 7.7158e+0 1.7100e+2
      vertex 4.6000e+0 7.9674e+0 1.7100e+2
      vertex 6.9714e+0 1.0735e+1 1.8444e+2
    endloop
  endfacet
  facet normal 5.0471e-1 8.2361e-1 -2.5874e-1
    outer loop
      vertex 4.6000e+0 7.9674e+0 1.7100e+2
      vertex 6.4000e+0 1.1085e+1 1.8444e+2
      vertex 6.9714e+0 1.0735e+1 1.8444e+2
    endloop
  endfacet
  facet normal 0.0000e+0 0.0000e+0 -1.0000e+0
    outer loop
      vertex 8.2785e+0 1.2748e+1 0.0000e+0
      vertex 7.6000e+0 1.3164e+1 0.0000e+0
      vertex 9.9124e+0 1.5264e+1 0.0000e+0
    endloop
  endfacet
  facet normal 0.0000e+0 0.0000e+0 -1.0000e+0
    outer loop
      vertex 7.6000e+0 1.3164e+1 0.0000e+0
      vertex 9.1000e+0 1.5762e+1 0.0000e+0
      vertex 9.9124e+0 1.5264e+1 0.0000e+0
    endloop
  endfacet
  facet normal 0.0000e+0 0.0000e+0 1.0000e+0
    outer loop
      vertex 5.3375e+0 8.2190e+0 1.8444e+2
      vertex 6.9714e+0 1.0735e+1 1.8444e+2
      vertex 4.9000e+0 8.4870e+0 1.8444e+2
    endloop
  endfacet
  facet normal 0.0000e+0 0.0000e+0 1.0000e+0
    outer loop
      vertex 4.9000e+0 8.4870e+0 1.8444e+2
      vertex 6.9714e+0 1.0735e+1 1.8444e+2
      vertex 6.4000e+0 1.1085e+1 1.8444e+2
    endloop
  endfacet
  facet normal -4.7716e-1 -8.7882e-1 0.0000e+0
    outer loop
      vertex 7.6000e+0 1.3164e+1 0.0000e+0
      vertex 7.6000e+0 1.3164e+1 1.6200e+2
      vertex 6.9007e+0 1.3543e+1 0.0000e+0
    endloop
  endfacet
  facet normal -4.7716e-1 -8.7882e-1 0.0000e+0
    outer loop
      vertex 6.9007e+0 1.3543e+1 0.0000e+0
      vertex 7.6000e+0 1.3164e+1 1.6200e+2
      vertex 6.9007e+0 1.3543e+1 1.6200e+2
    endloop
  endfacet
  facet normal 4.7716e-1 8.7882e-1 0.0000e+0
    outer loop
      vertex 9.1000e+0 1.5762e+1 0.0000e+0
      vertex 8.2626e+0 1.6216e+1 0.0000e+0
      vertex 9.1000e+0 1.5762e+1 1.6200e+2
    endloop
  endfacet
  facet normal 4.7716e-1 8.7882e-1 0.0000e+0
    outer loop
      vertex 8.2626e+0 1.6216e+1 0.0000e+0
      vertex 8.2626e+0 1.6216e+1 1.6200e+2
      vertex 9.1000e+0 1.5762e+1 1.6200e+2
    endloop
  endfacet
  facet normal -3.3746e-1 -6.2152e-1 -7.0699e-1
    outer loop
      vertex 7.6000e+0 1.3164e+1 1.6200e+2
      vertex 3.1000e+0 5.3694e+0 1.7100e+2
      vertex 6.9007e+0 1.3543e+1 1.6200e+2
    endloop
  endfacet
  facet normal -3.3746e-1 -6.2152e-1 -7.0699e-1
    outer loop
      vertex 6.9007e+0 1.3543e+1 1.6200e+2
      vertex 3.1000e+0 5.3694e+0 1.7100e+2
      vertex 2.8147e+0 5.5242e+0 1.7100e+2
    endloop
  endfacet
  facet normal 3.3746e-1 6.2152e-1 7.0699e-1
    outer loop
      vertex 9.1000e+0 1.5762e+1 1.6200e+2
      vertex 8.2626e+0 1.6216e+1 1.6200e+2
      vertex 4.6000e+0 7.9674e+0 1.7100e+2
    endloop
  endfacet
  facet normal 3.3746e-1 6.2152e-1 7.0699e-1
    outer loop
      vertex 8.2626e+0 1.6216e+1 1.6200e+2
      vertex 4.1767e+0 8.1973e+0 1.7100e+2
      vertex 4.6000e+0 7.9674e+0 1.7100e+2
    endloop
  endfacet
  facet normal -4.6091e-1 -8.4889e-1 2.5874e-1
    outer loop
      vertex 3.1000e+0 5.3694e+0 1.7100e+2
      vertex 4.9000e+0 8.4870e+0 1.8444e+2
      vertex 2.8147e+0 5.5242e+0 1.7100e+2
    endloop
  endfacet
  facet normal -4.6091e-1 -8.4889e-1 2.5874e-1
    outer loop
      vertex 2.8147e+0 5.5242e+0 1.7100e+2
      vertex 4.9000e+0 8.4870e+0 1.8444e+2
      vertex 4.4491e+0 8.7319e+0 1.8444e+2
    endloop
  endfacet
  facet normal 4.6091e-1 8.4889e-1 -2.5874e-1
    outer loop
      vertex 4.6000e+0 7.9674e+0 1.7100e+2
      vertex 4.1767e+0 8.1973e+0 1.7100e+2
      vertex 6.4000e+0 1.1085e+1 1.8444e+2
    endloop
  endfacet
  facet normal 4.6091e-1 8.4889e-1 -2.5874e-1
    outer loop
      vertex 4.1767e+0 8.1973e+0 1.7100e+2
      vertex 5.8111e+0 1.1405e+1 1.8444e+2
      vertex 6.4000e+0 1.1085e+1 1.8444e+2
    endloop
  endfacet
  facet normal 0.0000e+0 0.0000e+0 -1.0000e+0
    outer loop
      vertex 7.6000e+0 1.3164e+1 0.0000e+0
      vertex 6.9007e+0 1.3543e+1 0.0000e+0
      vertex 9.1000e+0 1.5762e+1 0.0000e+0
    endloop
  endfacet
  facet normal 0.0000e+0 0.0000e+0 -1.0000e+0
    outer loop
      vertex 6.9007e+0 1.3543e+1 0.0000e+0
      vertex 8.2626e+0 1.6216e+1 0.0000e+0
      vertex 9.1000e+0 1.5762e+1 0.0000e+0
    endloop
  endfacet
  facet normal 0.0000e+0 0.0000e+0 1.0000e+0
    outer loop
      vertex 4.9000e+0 8.4870e+0 1.8444e+2
      vertex 6.4000e+0 1.1085e+1 1.8444e+2
      vertex 4.4491e+0 8.7319e+0 1.8444e+2
    endloop
  endfacet
  facet normal 0.0000e+0 0.0000e+0 1.0000e+0
    outer loop
      vertex 4.4491e+0 8.7319e+0 1.8444e+2
      vertex 6.4000e+0 1.1085e+1 1.8444e+2
      vertex 5.8111e+0 1.1405e+1 1.8444e+2
    endloop
  endfacet
  facet normal -4.3051e-1 -9.0259e-1 0.0000e+0
    outer loop
      vertex 6.9007e+0 1.3543e+1 0.0000e+0
      vertex 6.9007e+0 1.3543e+1 1.6200e+2
      vertex 6.1824e+0 1.3886e+1 0.0000e+0
    endloop
  endfacet
  facet normal -4.3051e-1 -9.0259e-1 0.0000e+0
    outer loop
      vertex 6.1824e+0 1.3886e+1 0.0000e+0
      vertex 6.9007e+0 1.3543e+1 1.6200e+2
      vertex 6.1824e+0 1.3886e+1 1.6200e+2
    endloop
  endfacet
  facet normal 4.3051e-1 9.0259e-1 0.0000e+0
    outer loop
      vertex 8.2626e+0 1.6216e+1 0.0000e+0
      vertex 7.4026e+0 1.6627e+1 0.0000e+0
      vertex 8.2626e+0 1.6216e+1 1.6200e+2
    endloop
  endfacet
  facet normal 4.3051e-1 9.0259e-1 0.0000e+0
    outer loop
      vertex 7.4026e+0 1.6627e+1 0.0000e+0
      vertex 7.4026e+0 1.6627e+1 1.6200e+2
      vertex 8.2626e+0 1.6216e+1 1.6200e+2
    endloop
  endfacet
  facet normal -3.0447e-1 -6.3833e-1 -7.0699e-1
    outer loop
      vertex 6.9007e+0 1.3543e+1 1.6200e+2
      vertex 2.8147e+0 5.5242e+0 1.7100e+2
      vertex 6.1824e+0 1.3886e+1 1.6200e+2
    endloop
  endfacet
  facet normal -3.0447e-1 -6.3833e-1 -7.0699e-1
    outer loop
      vertex 6.1824e+0 1.3886e+1 1.6200e+2
      vertex 2.8147e+0 5.5242e+0 1.7100e+2
      vertex 2.5218e+0 5.6640e+0 1.7100e+2
    endloop
  endfacet
  facet normal 3.0447e-1 6.3833e-1 7.0699e-1
    outer loop
      vertex 8.2626e+0 1.6216e+1 1.6200e+2
      vertex 7.4026e+0 1.6627e+1 1.6200e+2
      vertex 4.1767e+0 8.1973e+0 1.7100e+2
    endloop
  endfacet
  facet normal 3.0447e-1 6.3833e-1 7.0699e-1
    outer loop
      vertex 7.4026e+0 1.6627e+1 1.6200e+2
      vertex 3.7420e+0 8.4046e+0 1.7100e+2
      vertex 4.1767e+0 8.1973e+0 1.7100e+2
    endloop
  endfacet
  facet normal -4.1585e-1 -8.7185e-1 2.5874e-1
    outer loop
      vertex 2.8147e+0 5.5242e+0 1.7100e+2
      vertex 4.4491e+0 8.7319e+0 1.8444e+2
      vertex 2.5218e+0 5.6640e+0 1.7100e+2
    endloop
  endfacet
  facet normal -4.1585e-1 -8.7185e-1 2.5874e-1
    outer loop
      vertex 2.5218e+0 5.6640e+0 1.7100e+2
      vertex 4.4491e+0 8.7319e+0 1.8444e+2
      vertex 3.9860e+0 8.9527e+0 1.8444e+2
    endloop
  endfacet
  facet normal 4.1585e-1 8.7185e-1 -2.5874e-1
    outer loop
      vertex 4.1767e+0 8.1973e+0 1.7100e+2
      vertex 3.7420e+0 8.4046e+0 1.7100e+2
      vertex 5.8111e+0 1.1405e+1 1.8444e+2
    endloop
  endfacet
  facet normal 4.1585e-1 8.7185e-1 -2.5874e-1
    outer loop
      vertex 3.7420e+0 8.4046e+0 1.7100e+2
      vertex 5.2062e+0 1.1693e+1 1.8444e+2
      vertex 5.8111e+0 1.1405e+1 1.8444e+2
    endloop
  endfacet
  facet normal 0.0000e+0 0.0000e+0 -1.0000e+0
    outer loop
      vertex 6.9007e+0 1.3543e+1 0.0000e+0
      vertex 6.1824e+0 1.3886e+1 0.0000e+0
      vertex 8.2626e+0 1.6216e+1 0.0000e+0
    endloop
  endfacet
  facet normal 0.0000e+0 0.0000e+0 -1.0000e+0
    outer loop
      vertex 6.1824e+0 1.3886e+1 0.0000e+0
      vertex 7.4026e+0 1.6627e+1 0.0000e+0
      vertex 8.2626e+0 1.6216e+1 0.0000e+0
    endloop
  endfacet
  facet normal 0.0000e+0 0.0000e+0 1.0000e+0
    outer loop
      vertex 4.4491e+0 8.7319e+0 1.8444e+2
      vertex 5.8111e+0 1.1405e+1 1.8444e+2
      vertex 3.9860e+0 8.9527e+0 1.8444e+2
    endloop
  endfacet
  facet normal 0.0000e+0 0.0000e+0 1.0000e+0
    outer loop
      vertex 3.9860e+0 8.9527e+0 1.8444e+2
      vertex 5.8111e+0 1.1405e+1 1.8444e+2
      vertex 5.2062e+0 1.1693e+1 1.8444e+2
    endloop
  endfacet
  facet normal -3.8268e-1 -9.2388e-1 0.0000e+0
    outer loop
      vertex 6.1824e+0 1.3886e+1 0.0000e+0
      vertex 6.1824e+0 1.3886e+1 1.6200e+2
      vertex 5.4472e+0 1.4190e+1 0.0000e+0
    endloop
  endfacet
  facet normal -3.8268e-1 -9.2388e-1 0.0000e+0
    outer loop
      vertex 5.4472e+0 1.4190e+1 0.0000e+0
      vertex 6.1824e+0 1.3886e+1 1.6200e+2
      vertex 5.4472e+0 1.4190e+1 1.6200e+2
    endloop
  endfacet
  facet normal 3.8268e-1 9.2388e-1 0.0000e+0
    outer loop
      vertex 7.4026e+0 1.6627e+1 0.0000e+0
      vertex 6.5223e+0 1.6991e+1 0.0000e+0
      vertex 7.4026e+0 1.6627e+1 1.6200e+2
    endloop
  endfacet
  facet normal 3.8268e-1 9.2388e-1 0.0000e+0
    outer loop
      vertex 6.5223e+0 1.6991e+1 0.0000e+0
      vertex 6.5223e+0 1.6991e+1 1.6200e+2
      vertex 7.4026e+0 1.6627e+1 1.6200e+2
    endloop
  endfacet
  facet normal -2.7064e-1 -6.5339e-1 -7.0699e-1
    outer loop
      vertex 6.1824e+0 1.3886e+1 1.6200e+2
      vertex 2.5218e+0 5.6640e+0 1.7100e+2
      vertex 5.4472e+0 1.4190e+1 1.6200e+2
    endloop
  endfacet
  facet normal -2.7064e-1 -6.5339e-1 -7.0699e-1
    outer loop
      vertex 5.4472e+0 1.4190e+1 1.6200e+2
      vertex 2.5218e+0 5.6640e+0 1.7100e+2
      vertex 2.2219e+0 5.7882e+0 1.7100e+2
    endloop
  endfacet
  facet normal 2.7064e-1 6.5339e-1 7.0699e-1
    outer loop
      vertex 7.4026e+0 1.6627e+1 1.6200e+2
      vertex 6.5223e+0 1.6991e+1 1.6200e+2
      vertex 3.7420e+0 8.4046e+0 1.7100e+2
    endloop
  endfacet
  facet normal 2.7064e-1 6.5339e-1 7.0699e-1
    outer loop
      vertex 6.5223e+0 1.6991e+1 1.6200e+2
      vertex 3.2970e+0 8.5889e+0 1.7100e+2
      vertex 3.7420e+0 8.4046e+0 1.7100e+2
    endloop
  endfacet
  facet normal -3.6965e-1 -8.9242e-1 2.5874e-1
    outer loop
      vertex 2.5218e+0 5.6640e+0 1.7100e+2
      vertex 3.9860e+0 8.9527e+0 1.8444e+2
      vertex 2.2219e+0 5.7882e+0 1.7100e+2
    endloop
  endfacet
  facet normal -3.6965e-1 -8.9242e-1 2.5874e-1
    outer loop
      vertex 2.2219e+0 5.7882e+0 1.7100e+2
      vertex 3.9860e+0 8.9527e+0 1.8444e+2
      vertex 3.5120e+0 9.1491e+0 1.8444e+2
    endloop
  endfacet
  facet normal 3.6965e-1 8.9242e-1 -2.5874e-1
    outer loop
      vertex 3.7420e+0 8.4046e+0 1.7100e+2
      vertex 3.2970e+0 8.5889e+0 1.7100e+2
      vertex 5.2062e+0 1.1693e+1 1.8444e+2
    endloop
  endfacet
  facet normal 3.6965e-1 8.9242e-1 -2.5874e-1
    outer loop
      vertex 3.2970e+0 8.5889e+0 1.7100e+2
      vertex 4.5871e+0 1.1950e+1 1.8444e+2
      vertex 5.2062e+0 1.1693e+1 1.8444e+2
    endloop
  endfacet
  facet normal 0.0000e+0 0.0000e+0 -1.0000e+0
    outer loop
      vertex 6.1824e+0 1.3886e+1 0.0000e+0
      vertex 5.4472e+0 1.4190e+1 0.0000e+0
      vertex 7.4026e+0 1.6627e+1 0.0000e+0
    endloop
  endfacet
  facet normal 0.0000e+0 0.0000e+0 -1.0000e+0
    outer loop
      vertex 5.4472e+0 1.4190e+1 0.0000e+0
      vertex 6.5223e+0 1.6991e+1 0.0000e+0
      vertex 7.4026e+0 1.6627e+1 0.0000e+0
    endloop
  endfacet
  facet normal 0.0000e+0 0.0000e+0 1.0000e+0
    outer loop
      vertex 3.9860e+0 8.9527e+0 1.8444e+2
      vertex 5.2062e+0 1.1693e+1 1.8444e+2
      vertex 3.5120e+0 9.1491e+0 1.8444e+2
    endloop
  endfacet
  facet normal 0.0000e+0 0.0000e+0 1.0000e+0
    outer loop
      vertex 3.5120e+0 9.1491e+0 1.8444e+2
      vertex 5.2062e+0 1.1693e+1 1.8444e+2
      vertex 4.5871e+0 1.1950e+1 1.8444e+2
    endloop
  endfacet
  facet normal -3.3381e-1 -9.4264e-1 0.0000e+0
    outer loop
      vertex 5.4472e+0 1.4190e+1 0.0000e+0
      vertex 5.4472e+0 1.4190e+1 1.6200e+2
      vertex 4.6971e+0 1.4456e+1 0.0000e+0
    endloop
  endfacet
  facet normal -3.3381e-1 -9.4264e-1 0.0000e+0
    outer loop
      vertex 4.6971e+0 1.4456e+1 0.0000e+0
      vertex 5.4472e+0 1.4190e+1 1.6200e+2
      vertex 4.6971e+0 1.4456e+1 1.6200e+2
    endloop
  endfacet
  facet normal 3.3381e-1 9.4264e-1 0.0000e+0
    outer loop
      vertex 6.5223e+0 1.6991e+1 0.0000e+0
      vertex 5.6241e+0 1.7309e+1 0.0000e+0
      vertex 6.5223e+0 1.6991e+1 1.6200e+2
    endloop
  endfacet
  facet normal 3.3381e-1 9.4264e-1 0.0000e+0
    outer loop
      vertex 5.6241e+0 1.7309e+1 0.0000e+0
      vertex 5.6241e+0 1.7309e+1 1.6200e+2
      vertex 6.5223e+0 1.6991e+1 1.6200e+2
    endloop
  endfacet
  facet normal -2.3608e-1 -6.6666e-1 -7.0699e-1
    outer loop
      vertex 5.4472e+0 1.4190e+1 1.6200e+2
      vertex 2.2219e+0 5.7882e+0 1.7100e+2
      vertex 4.6971e+0 1.4456e+1 1.6200e+2
    endloop
  endfacet
  facet normal -2.3608e-1 -6.6666e-1 -7.0699e-1
    outer loop
      vertex 4.6971e+0 1.4456e+1 1.6200e+2
      vertex 2.2219e+0 5.7882e+0 1.7100e+2
      vertex 1.9159e+0 5.8966e+0 1.7100e+2
    endloop
  endfacet
  facet normal 2.3608e-1 6.6666e-1 7.0699e-1
    outer loop
      vertex 6.5223e+0 1.6991e+1 1.6200e+2
      vertex 5.6241e+0 1.7309e+1 1.6200e+2
      vertex 3.2970e+0 8.5889e+0 1.7100e+2
    endloop
  endfacet
  facet normal 2.3608e-1 6.6666e-1 7.0699e-1
    outer loop
      vertex 5.6241e+0 1.7309e+1 1.6200e+2
      vertex 2.8430e+0 8.7497e+0 1.7100e+2
      vertex 3.2970e+0 8.5889e+0 1.7100e+2
    endloop
  endfacet
  facet normal -3.2244e-1 -9.1054e-1 2.5874e-1
    outer loop
      vertex 2.2219e+0 5.7882e+0 1.7100e+2
      vertex 3.5120e+0 9.1491e+0 1.8444e+2
      vertex 1.9159e+0 5.8966e+0 1.7100e+2
    endloop
  endfacet
  facet normal -3.2244e-1 -9.1054e-1 2.5874e-1
    outer loop
      vertex 1.9159e+0 5.8966e+0 1.7100e+2
      vertex 3.5120e+0 9.1491e+0 1.8444e+2
      vertex 3.0284e+0 9.3204e+0 1.8444e+2
    endloop
  endfacet
  facet normal 3.2244e-1 9.1054e-1 -2.5874e-1
    outer loop
      vertex 3.2970e+0 8.5889e+0 1.7100e+2
      vertex 2.8430e+0 8.7497e+0 1.7100e+2
      vertex 4.5871e+0 1.1950e+1 1.8444e+2
    endloop
  endfacet
  facet normal 3.2244e-1 9.1054e-1 -2.5874e-1
    outer loop
      vertex 2.8430e+0 8.7497e+0 1.7100e+2
      vertex 3.9554e+0 1.2174e+1 1.8444e+2
      vertex 4.5871e+0 1.1950e+1 1.8444e+2
    endloop
  endfacet
  facet normal 0.0000e+0 0.0000e+0 -1.0000e+0
    outer loop
      vertex 5.4472e+0 1.4190e+1 0.0000e+0
      vertex 4.6971e+0 1.4456e+1 0.0000e+0
      vertex 6.5223e+0 1.6991e+1 0.0000e+0
    endloop
  endfacet
  facet normal 0.0000e+0 0.0000e+0 -1.0000e+0
    outer loop
      vertex 4.6971e+0 1.4456e+1 0.0000e+0
      vertex 5.6241e+0 1.7309e+1 0.0000e+0
      vertex 6.5223e+0 1.6991e+1 0.0000e+0
    endloop
  endfacet
  facet normal 0.0000e+0 0.0000e+0 1.0000e+0
    outer loop
      vertex 3.5120e+0 9.1491e+0 1.8444e+2
      vertex 4.5871e+0 1.1950e+1 1.8444e+2
      vertex 3.0284e+0 9.3204e+0 1.8444e+2
    endloop
  endfacet
  facet normal 0.0000e+0 0.0000e+0 1.0000e+0
    outer loop
      vertex 3.0284e+0 9.3204e+0 1.8444e+2
      vertex 4.5871e+0 1.1950e+1 1.8444e+2
      vertex 3.9554e+0 1.2174e+1 1.8444e+2
    endloop
  endfacet
  facet normal -2.8402e-1 -9.5882e-1 0.0000e+0
    outer loop
      vertex 4.6971e+0 1.4456e+1 0.0000e+0
      vertex 4.6971e+0 1.4456e+1 1.6200e+2
      vertex 3.9340e+0 1.4682e+1 0.0000e+0
    endloop
  endfacet
  facet normal -2.8402e-1 -9.5882e-1 0.0000e+0
    outer loop
      vertex 3.9340e+0 1.4682e+1 0.0000e+0
      vertex 4.6971e+0 1.4456e+1 1.6200e+2
      vertex 3.9340e+0 1.4682e+1 1.6200e+2
    endloop
  endfacet
  facet normal 2.8402e-1 9.5882e-1 0.0000e+0
    outer loop
      vertex 5.6241e+0 1.7309e+1 0.0000e+0
      vertex 4.7105e+0 1.7580e+1 0.0000e+0
      vertex 5.6241e+0 1.7309e+1 1.6200e+2
    endloop
  endfacet
  facet normal 2.8402e-1 9.5882e-1 0.0000e+0
    outer loop
      vertex 4.7105e+0 1.7580e+1 0.0000e+0
      vertex 4.7105e+0 1.7580e+1 1.6200e+2
      vertex 5.6241e+0 1.7309e+1 1.6200e+2
    endloop
  endfacet
  facet normal -2.0086e-1 -6.7810e-1 -7.0699e-1
    outer loop
      vertex 4.6971e+0 1.4456e+1 1.6200e+2
      vertex 1.9159e+0 5.8966e+0 1.7100e+2
      vertex 3.9340e+0 1.4682e+1 1.6200e+2
    endloop
  endfacet
  facet normal -2.0086e-1 -6.7810e-1 -7.0699e-1
    outer loop
      vertex 3.9340e+0 1.4682e+1 1.6200e+2
      vertex 1.9159e+0 5.8966e+0 1.7100e+2
      vertex 1.6047e+0 5.9887e+0 1.7100e+2
    endloop
  endfacet
  facet normal 2.0086e-1 6.7810e-1 7.0699e-1
    outer loop
      vertex 5.6241e+0 1.7309e+1 1.6200e+2
      vertex 4.7105e+0 1.7580e+1 1.6200e+2
      vertex 2.8430e+0 8.7497e+0 1.7100e+2
    endloop
  endfacet
  facet normal 2.0086e-1 6.7810e-1 7.0699e-1
    outer loop
      vertex 4.7105e+0 1.7580e+1 1.6200e+2
      vertex 2.3811e+0 8.8865e+0 1.7100e+2
      vertex 2.8430e+0 8.7497e+0 1.7100e+2
    endloop
  endfacet
  facet normal -2.7434e-1 -9.2617e-1 2.5874e-1
    outer loop
      vertex 1.9159e+0 5.8966e+0 1.7100e+2
      vertex 3.0284e+0 9.3204e+0 1.8444e+2
      vertex 1.6047e+0 5.9887e+0 1.7100e+2
    endloop
  endfacet
  facet normal -2.7434e-1 -9.2617e-1 2.5874e-1
    outer loop
      vertex 1.6047e+0 5.9887e+0 1.7100e+2
      vertex 3.0284e+0 9.3204e+0 1.8444e+2
      vertex 2.5364e+0 9.4661e+0 1.8444e+2
    endloop
  endfacet
  facet normal 2.7434e-1 9.2617e-1 -2.5874e-1
    outer loop
      vertex 2.8430e+0 8.7497e+0 1.7100e+2
      vertex 2.3811e+0 8.8865e+0 1.7100e+2
      vertex 3.9554e+0 1.2174e+1 1.8444e+2
    endloop
  endfacet
  facet normal 2.7434e-1 9.2617e-1 -2.5874e-1
    outer loop
      vertex 2.3811e+0 8.8865e+0 1.7100e+2
      vertex 3.3129e+0 1.2364e+1 1.8444e+2
      vertex 3.9554e+0 1.2174e+1 1.8444e+2
    endloop
  endfacet
  facet normal 0.0000e+0 0.0000e+0 -1.0000e+0
    outer loop
      vertex 4.6971e+0 1.4456e+1 0.0000e+0
      vertex 3.9340e+0 1.4682e+1 0.0000e+0
      vertex 5.6241e+0 1.7309e+1 0.0000e+0
    endloop
  endfacet
  facet normal 0.0000e+0 0.0000e+0 -1.0000e+0
    outer loop
      vertex 3.9340e+0 1.4682e+1 0.0000e+0
      vertex 4.7105e+0 1.7580e+1 0.0000e+0
      vertex 5.6241e+0 1.7309e+1 0.0000e+0
    endloop
  endfacet
  facet normal 0.0000e+0 0.0000e+0 1.0000e+0
    outer loop
      vertex 3.0284e+0 9.3204e+0 1.8444e+2
      vertex 3.9554e+0 1.2174e+1 1.8444e+2
      vertex 2.5364e+0 9.4661e+0 1.8444e+2
    endloop
  endfacet
  facet normal 0.0000e+0 0.0000e+0 1.0000e+0
    outer loop
      vertex 2.5364e+0 9.4661e+0 1.8444e+2
      vertex 3.9554e+0 1.2174e+1 1.8444e+2
      vertex 3.3129e+0 1.2364e+1 1.8444e+2
    endloop
  endfacet
  facet normal -2.3345e-1 -9.7237e-1 0.0000e+0
    outer loop
      vertex 3.9340e+0 1.4682e+1 0.0000e+0
      vertex 3.9340e+0 1.4682e+1 1.6200e+2
      vertex 3.1603e+0 1.4868e+1 0.0000e+0
    endloop
  endfacet
  facet normal -2.3345e-1 -9.7237e-1 0.0000e+0
    outer loop
      vertex 3.1603e+0 1.4868e+1 0.0000e+0
      vertex 3.9340e+0 1.4682e+1 1.6200e+2
      vertex 3.1603e+0 1.4868e+1 1.6200e+2
    endloop
  endfacet
  facet normal 2.3345e-1 9.7237e-1 0.0000e+0
    outer loop
      vertex 4.7105e+0 1.7580e+1 0.0000e+0
      vertex 3.7840e+0 1.7802e+1 0.0000e+0
      vertex 4.7105e+0 1.7580e+1 1.6200e+2
    endloop
  endfacet
  facet normal 2.3345e-1 9.7237e-1 0.0000e+0
    outer loop
      vertex 3.7840e+0 1.7802e+1 0.0000e+0
      vertex 3.7840e+0 1.7802e+1 1.6200e+2
      vertex 4.7105e+0 1.7580e+1 1.6200e+2
    endloop
  endfacet
  facet normal -1.6510e-1 -6.8769e-1 -7.0699e-1
    outer loop
      vertex 3.9340e+0 1.4682e+1 1.6200e+2
      vertex 1.6047e+0 5.9887e+0 1.7100e+2
      vertex 3.1603e+0 1.4868e+1 1.6200e+2
    endloop
  endfacet
  facet normal -1.6510e-1 -6.8769e-1 -7.0699e-1
    outer loop
      vertex 3.1603e+0 1.4868e+1 1.6200e+2
      vertex 1.6047e+0 5.9887e+0 1.7100e+2
      vertex 1.2891e+0 6.0645e+0 1.7100e+2
    endloop
  endfacet
  facet normal 1.6510e-1 6.8769e-1 7.0699e-1
    outer loop
      vertex 4.7105e+0 1.7580e+1 1.6200e+2
      vertex 3.7840e+0 1.7802e+1 1.6200e+2
      vertex 2.3811e+0 8.8865e+0 1.7100e+2
    endloop
  endfacet
  facet normal 1.6510e-1 6.8769e-1 7.0699e-1
    outer loop
      vertex 3.7840e+0 1.7802e+1 1.6200e+2
      vertex 1.9128e+0 8.9990e+0 1.7100e+2
      vertex 2.3811e+0 8.8865e+0 1.7100e+2
    endloop
  endfacet
  facet normal -2.2550e-1 -9.3926e-1 2.5874e-1
    outer loop
      vertex 1.6047e+0 5.9887e+0 1.7100e+2
      vertex 2.5364e+0 9.4661e+0 1.8444e+2
      vertex 1.2891e+0 6.0645e+0 1.7100e+2
    endloop
  endfacet
  facet normal -2.2550e-1 -9.3926e-1 2.5874e-1
    outer loop
      vertex 1.2891e+0 6.0645e+0 1.7100e+2
      vertex 2.5364e+0 9.4661e+0 1.8444e+2
      vertex 2.0375e+0 9.5858e+0 1.8444e+2
    endloop
  endfacet
  facet normal 2.2550e-1 9.3926e-1 -2.5874e-1
    outer loop
      vertex 2.3811e+0 8.8865e+0 1.7100e+2
      vertex 1.9128e+0 8.9990e+0 1.7100e+2
      vertex 3.3129e+0 1.2364e+1 1.8444e+2
    endloop
  endfacet
  facet normal 2.2550e-1 9.3926e-1 -2.5874e-1
    outer loop
      vertex 1.9128e+0 8.9990e+0 1.7100e+2
      vertex 2.6613e+0 1.2520e+1 1.8444e+2
      vertex 3.3129e+0 1.2364e+1 1.8444e+2
    endloop
  endfacet
  facet normal 0.0000e+0 0.0000e+0 -1.0000e+0
    outer loop
      vertex 3.9340e+0 1.4682e+1 0.0000e+0
      vertex 3.1603e+0 1.4868e+1 0.0000e+0
      vertex 4.7105e+0 1.7580e+1 0.0000e+0
    endloop
  endfacet
  facet normal 0.0000e+0 0.0000e+0 -1.0000e+0
    outer loop
      vertex 3.1603e+0 1.4868e+1 0.0000e+0
      vertex 3.7840e+0 1.7802e+1 0.0000e+0
      vertex 4.7105e+0 1.7580e+1 0.0000e+0
    endloop
  endfacet
  facet normal 0.0000e+0 0.0000e+0 1.0000e+0
    outer loop
      vertex 2.5364e+0 9.4661e+0 1.8444e+2
      vertex 3.3129e+0 1.2364e+1 1.8444e+2
      vertex 2.0375e+0 9.5858e+0 1.8444e+2
    endloop
  endfacet
  facet normal 0.0000e+0 0.0000e+0 1.0000e+0
    outer loop
      vertex 2.0375e+0 9.5858e+0 1.8444e+2
      vertex 3.3129e+0 1.2364e+1 1.8444e+2
      vertex 2.6613e+0 1.2520e+1 1.8444e+2
    endloop
  endfacet
  facet normal -1.8224e-1 -9.8325e-1 0.0000e+0
    outer loop
      vertex 3.1603e+0 1.4868e+1 0.0000e+0
      vertex 3.1603e+0 1.4868e+1 1.6200e+2
      vertex 2.3778e+0 1.5013e+1 0.0000e+0
    endloop
  endfacet
  facet normal -1.8224e-1 -9.8325e-1 0.0000e+0
    outer loop
      vertex 2.3778e+0 1.5013e+1 0.0000e+0
      vertex 3.1603e+0 1.4868e+1 1.6200e+2
      vertex 2.3778e+0 1.5013e+1 1.6200e+2
    endloop
  endfacet
  facet normal 1.8224e-1 9.8325e-1 0.0000e+0
    outer loop
      vertex 3.7840e+0 1.7802e+1 0.0000e+0
      vertex 2.8471e+0 1.7976e+1 0.0000e+0
      vertex 3.7840e+0 1.7802e+1 1.6200e+2
    endloop
  endfacet
  facet normal 1.8224e-1 9.8325e-1 0.0000e+0
    outer loop
      vertex 2.8471e+0 1.7976e+1 0.0000e+0
      vertex 2.8471e+0 1.7976e+1 1.6200e+2
      vertex 3.7840e+0 1.7802e+1 1.6200e+2
    endloop
  endfacet
  facet normal -1.2888e-1 -6.9539e-1 -7.0699e-1
    outer loop
      vertex 3.1603e+0 1.4868e+1 1.6200e+2
      vertex 1.2891e+0 6.0645e+0 1.7100e+2
      vertex 2.3778e+0 1.5013e+1 1.6200e+2
    endloop
  endfacet
  facet normal -1.2888e-1 -6.9539e-1 -7.0699e-1
    outer loop
      vertex 2.3778e+0 1.5013e+1 1.6200e+2
      vertex 1.2891e+0 6.0645e+0 1.7100e+2
      vertex 9.6989e-1 6.1237e+0 1.7100e+2
    endloop
  endfacet
  facet normal 1.2888e-1 6.9539e-1 7.0699e-1
    outer loop
      vertex 3.7840e+0 1.7802e+1 1.6200e+2
      vertex 2.8471e+0 1.7976e+1 1.6200e+2
      vertex 1.9128e+0 8.9990e+0 1.7100e+2
    endloop
  endfacet
  facet normal 1.2888e-1 6.9539e-1 7.0699e-1
    outer loop
      vertex 2.8471e+0 1.7976e+1 1.6200e+2
      vertex 1.4392e+0 9.0867e+0 1.7100e+2
      vertex 1.9128e+0 8.9990e+0 1.7100e+2
    endloop
  endfacet
  facet normal -1.7603e-1 -9.4977e-1 2.5874e-1
    outer loop
      vertex 1.2891e+0 6.0645e+0 1.7100e+2
      vertex 2.0375e+0 9.5858e+0 1.8444e+2
      vertex 9.6989e-1 6.1237e+0 1.7100e+2
    endloop
  endfacet
  facet normal -1.7603e-1 -9.4977e-1 2.5874e-1
    outer loop
      vertex 9.6989e-1 6.1237e+0 1.7100e+2
      vertex 2.0375e+0 9.5858e+0 1.8444e+2
      vertex 1.5331e+0 9.6793e+0 1.8444e+2
    endloop
  endfacet
  facet normal 1.7603e-1 9.4977e-1 -2.5874e-1
    outer loop
      vertex 1.9128e+0 8.9990e+0 1.7100e+2
      vertex 1.4392e+0 9.0867e+0 1.7100e+2
      vertex 2.6613e+0 1.2520e+1 1.8444e+2
    endloop
  endfacet
  facet normal 1.7603e-1 9.4977e-1 -2.5874e-1
    outer loop
      vertex 1.4392e+0 9.0867e+0 1.7100e+2
      vertex 2.0024e+0 1.2642e+1 1.8444e+2
      vertex 2.6613e+0 1.2520e+1 1.8444e+2
    endloop
  endfacet
  facet normal 0.0000e+0 0.0000e+0 -1.0000e+0
    outer loop
      vertex 3.1603e+0 1.4868e+1 0.0000e+0
      vertex 2.3778e+0 1.5013e+1 0.0000e+0
      vertex 3.7840e+0 1.7802e+1 0.0000e+0
    endloop
  endfacet
  facet normal 0.0000e+0 0.0000e+0 -1.0000e+0
    outer loop
      vertex 2.3778e+0 1.5013e+1 0.0000e+0
      vertex 2.8471e+0 1.7976e+1 0.0000e+0
      vertex 3.7840e+0 1.7802e+1 0.0000e+0
    endloop
  endfacet
  facet normal 0.0000e+0 0.0000e+0 1.0000e+0
    outer loop
      vertex 2.0375e+0 9.5858e+0 1.8444e+2
      vertex 2.6613e+0 1.2520e+1 1.8444e+2
      vertex 1.5331e+0 9.6793e+0 1.8444e+2
    endloop
  endfacet
  facet normal 0.0000e+0 0.0000e+0 1.0000e+0
    outer loop
      vertex 1.5331e+0 9.6793e+0 1.8444e+2
      vertex 2.6613e+0 1.2520e+1 1.8444e+2
      vertex 2.0024e+0 1.2642e+1 1.8444e+2
    endloop
  endfacet
  facet normal -1.3053e-1 -9.9144e-1 0.0000e+0
    outer loop
      vertex 2.3778e+0 1.5013e+1 0.0000e+0
      vertex 2.3778e+0 1.5013e+1 1.6200e+2
      vertex 1.5888e+0 1.5117e+1 0.0000e+0
    endloop
  endfacet
  facet normal -1.3053e-1 -9.9144e-1 0.0000e+0
    outer loop
      vertex 1.5888e+0 1.5117e+1 0.0000e+0
      vertex 2.3778e+0 1.5013e+1 1.6200e+2
      vertex 1.5888e+0 1.5117e+1 1.6200e+2
    endloop
  endfacet
  facet normal 1.3053e-1 9.9144e-1 0.0000e+0
    outer loop
      vertex 2.8471e+0 1.7976e+1 0.0000e+0
      vertex 1.9024e+0 1.8100e+1 0.0000e+0
      vertex 2.8471e+0 1.7976e+1 1.6200e+2
    endloop
  endfacet
  facet normal 1.3053e-1 9.9144e-1 0.0000e+0
    outer loop
      vertex 1.9024e+0 1.8100e+1 0.0000e+0
      vertex 1.9024e+0 1.8100e+1 1.6200e+2
      vertex 2.8471e+0 1.7976e+1 1.6200e+2
    endloop
  endfacet
  facet normal -9.2312e-2 -7.0118e-1 -7.0699e-1
    outer loop
      vertex 2.3778e+0 1.5013e+1 1.6200e+2
      vertex 9.6989e-1 6.1237e+0 1.7100e+2
      vertex 1.5888e+0 1.5117e+1 1.6200e+2
    endloop
  endfacet
  facet normal -9.2312e-2 -7.0118e-1 -7.0699e-1
    outer loop
      vertex 1.5888e+0 1.5117e+1 1.6200e+2
      vertex 9.6989e-1 6.1237e+0 1.7100e+2
      vertex 6.4808e-1 6.1660e+0 1.7100e+2
    endloop
  endfacet
  facet normal 9.2312e-2 7.0118e-1 7.0699e-1
    outer loop
      vertex 2.8471e+0 1.7976e+1 1.6200e+2
      vertex 1.9024e+0 1.8100e+1 1.6200e+2
      vertex 1.4392e+0 9.0867e+0 1.7100e+2
    endloop
  endfacet
  facet normal 9.2312e-2 7.0118e-1 7.0699e-1
    outer loop
      vertex 1.9024e+0 1.8100e+1 1.6200e+2
      vertex 9.6166e-1 9.1496e+0 1.7100e+2
      vertex 1.4392e+0 9.0867e+0 1.7100e+2
    endloop
  endfacet
  facet normal -1.2608e-1 -9.5768e-1 2.5874e-1
    outer loop
      vertex 9.6989e-1 6.1237e+0 1.7100e+2
      vertex 1.5331e+0 9.6793e+0 1.8444e+2
      vertex 6.4808e-1 6.1660e+0 1.7100e+2
    endloop
  endfacet
  facet normal -1.2608e-1 -9.5768e-1 2.5874e-1
    outer loop
      vertex 6.4808e-1 6.1660e+0 1.7100e+2
      vertex 1.5331e+0 9.6793e+0 1.8444e+2
      vertex 1.0244e+0 9.7463e+0 1.8444e+2
    endloop
  endfacet
  facet normal 1.2608e-1 9.5768e-1 -2.5874e-1
    outer loop
      vertex 1.4392e+0 9.0867e+0 1.7100e+2
      vertex 9.6166e-1 9.1496e+0 1.7100e+2
      vertex 2.0024e+0 1.2642e+1 1.8444e+2
    endloop
  endfacet
  facet normal 1.2608e-1 9.5768e-1 -2.5874e-1
    outer loop
      vertex 9.6166e-1 9.1496e+0 1.7100e+2
      vertex 1.3380e+0 1.2730e+1 1.8444e+2
      vertex 2.0024e+0 1.2642e+1 1.8444e+2
    endloop
  endfacet
  facet normal 0.0000e+0 0.0000e+0 -1.0000e+0
    outer loop
      vertex 2.3778e+0 1.5013e+1 0.0000e+0
      vertex 1.5888e+0 1.5117e+1 0.0000e+0
      vertex 2.8471e+0 1.7976e+1 0.0000e+0
    endloop
  endfacet
  facet normal 0.0000e+0 0.0000e+0 -1.0000e+0
    outer loop
      vertex 1.5888e+0 1.5117e+1 0.0000e+0
      vertex 1.9024e+0 1.8100e+1 0.0000e+0
      vertex 2.8471e+0 1.7976e+1 0.0000e+0
    endloop
  endfacet
  facet normal 0.0000e+0 0.0000e+0 1.0000e+0
    outer loop
      vertex 1.5331e+0 9.6793e+0 1.8444e+2
      vertex 2.0024e+0 1.2642e+1 1.8444e+2
      vertex 1.0244e+0 9.7463e+0 1.8444e+2
    endloop
  endfacet
  facet normal 0.0000e+0 0.0000e+0 1.0000e+0
    outer loop
      vertex 1.0244e+0 9.7463e+0 1.8444e+2
      vertex 2.0024e+0 1.2642e+1 1.8444e+2
      vertex 1.3380e+0 1.2730e+1 1.8444e+2
    endloop
  endfacet
  facet normal -7.8459e-2 -9.9692e-1 0.0000e+0
    outer loop
      vertex 1.5888e+0 1.5117e+1 0.0000e+0
      vertex 1.5888e+0 1.5117e+1 1.6200e+2
      vertex 7.9551e-1 1.5179e+1 0.0000e+0
    endloop
  endfacet
  facet normal -7.8459e-2 -9.9692e-1 0.0000e+0
    outer loop
      vertex 7.9551e-1 1.5179e+1 0.0000e+0
      vertex 1.5888e+0 1.5117e+1 1.6200e+2
      vertex 7.9551e-1 1.5179e+1 1.6200e+2
    endloop
  endfacet
  facet normal 7.8459e-2 9.9692e-1 0.0000e+0
    outer loop
      vertex 1.9024e+0 1.8100e+1 0.0000e+0
      vertex 9.5251e-1 1.8175e+1 0.0000e+0
      vertex 1.9024e+0 1.8100e+1 1.6200e+2
    endloop
  endfacet
  facet normal 7.8459e-2 9.9692e-1 0.0000e+0
    outer loop
      vertex 9.5251e-1 1.8175e+1 0.0000e+0
      vertex 9.5251e-1 1.8175e+1 1.6200e+2
      vertex 1.9024e+0 1.8100e+1 1.6200e+2
    endloop
  endfacet
  facet normal -5.5488e-2 -7.0505e-1 -7.0699e-1
    outer loop
      vertex 1.5888e+0 1.5117e+1 1.6200e+2
      vertex 6.4808e-1 6.1660e+0 1.7100e+2
      vertex 7.9551e-1 1.5179e+1 1.6200e+2
    endloop
  endfacet
  facet normal -5.5488e-2 -7.0505e-1 -7.0699e-1
    outer loop
      vertex 7.9551e-1 1.5179e+1 1.6200e+2
      vertex 6.4808e-1 6.1660e+0 1.7100e+2
      vertex 3.2448e-1 6.1915e+0 1.7100e+2
    endloop
  endfacet
  facet normal 5.5488e-2 7.0505e-1 7.0699e-1
    outer loop
      vertex 1.9024e+0 1.8100e+1 1.6200e+2
      vertex 9.5251e-1 1.8175e+1 1.6200e+2
      vertex 9.6166e-1 9.1496e+0 1.7100e+2
    endloop
  endfacet
  facet normal 5.5488e-2 7.0505e-1 7.0699e-1
    outer loop
      vertex 9.5251e-1 1.8175e+1 1.6200e+2
      vertex 4.8149e-1 9.1874e+0 1.7100e+2
      vertex 9.6166e-1 9.1496e+0 1.7100e+2
    endloop
  endfacet
  facet normal -7.5787e-2 -9.6297e-1 2.5874e-1
    outer loop
      vertex 6.4808e-1 6.1660e+0 1.7100e+2
      vertex 1.0244e+0 9.7463e+0 1.8444e+2
      vertex 3.2448e-1 6.1915e+0 1.7100e+2
    endloop
  endfacet
  facet normal -7.5787e-2 -9.6297e-1 2.5874e-1
    outer loop
      vertex 3.2448e-1 6.1915e+0 1.7100e+2
      vertex 1.0244e+0 9.7463e+0 1.8444e+2
      vertex 5.1289e-1 9.7866e+0 1.8444e+2
    endloop
  endfacet
  facet normal 7.5787e-2 9.6297e-1 -2.5874e-1
    outer loop
      vertex 9.6166e-1 9.1496e+0 1.7100e+2
      vertex 4.8149e-1 9.1874e+0 1.7100e+2
      vertex 1.3380e+0 1.2730e+1 1.8444e+2
    endloop
  endfacet
  facet normal 7.5787e-2 9.6297e-1 -2.5874e-1
    outer loop
      vertex 4.8149e-1 9.1874e+0 1.7100e+2
      vertex 6.6990e-1 1.2782e+1 1.8444e+2
      vertex 1.3380e+0 1.2730e+1 1.8444e+2
    endloop
  endfacet
  facet normal 0.0000e+0 0.0000e+0 -1.0000e+0
    outer loop
      vertex 1.5888e+0 1.5117e+1 0.0000e+0
      vertex 7.9551e-1 1.5179e+1 0.0000e+0
      vertex 1.9024e+0 1.8100e+1 0.0000e+0
    endloop
  endfacet
  facet normal 0.0000e+0 0.0000e+0 -1.0000e+0
    outer loop
      vertex 7.9551e-1 1.5179e+1 0.0000e+0
      vertex 9.5251e-1 1.8175e+1 0.0000e+0
      vertex 1.9024e+0 1.8100e+1 0.0000e+0
    endloop
  endfacet
  facet normal 0.0000e+0 0.0000e+0 1.0000e+0
    outer loop
      vertex 1.0244e+0 9.7463e+0 1.8444e+2
      vertex 1.3380e+0 1.2730e+1 1.8444e+2
      vertex 5.1289e-1 9.7866e+0 1.8444e+2
    endloop
  endfacet
  facet normal 0.0000e+0 0.0000e+0 1.0000e+0
    outer loop
      vertex 5.1289e-1 9.7866e+0 1.8444e+2
      vertex 1.3380e+0 1.2730e+1 1.8444e+2
      vertex 6.6990e-1 1.2782e+1 1.8444e+2
    endloop
  endfacet
  facet normal -2.6177e-2 -9.9966e-1 0.0000e+0
    outer loop
      vertex 7.9551e-1 1.5179e+1 0.0000e+0
      vertex 7.9551e-1 1.5179e+1 1.6200e+2
      vertex 9.3073e-16 1.5200e+1 0.0000e+0
    endloop
  endfacet
  facet normal -2.6177e-2 -9.9966e-1 0.0000e+0
    outer loop
      vertex 9.3073e-16 1.5200e+1 0.0000e+0
      vertex 7.9551e-1 1.5179e+1 1.6200e+2
      vertex 9.3073e-16 1.5200e+1 1.6200e+2
    endloop
  endfacet
  facet normal 2.6177e-2 9.9966e-1 0.0000e+0
    outer loop
      vertex 9.5251e-1 1.8175e+1 0.0000e+0
      vertex 1.1144e-15 1.8200e+1 0.0000e+0
      vertex 9.5251e-1 1.8175e+1 1.6200e+2
    endloop
  endfacet
  facet normal 2.6177e-2 9.9966e-1 0.0000e+0
    outer loop
      vertex 1.1144e-15 1.8200e+1 0.0000e+0
      vertex 1.1144e-15 1.8200e+1 1.6200e+2
      vertex 9.5251e-1 1.8175e+1 1.6200e+2
    endloop
  endfacet
  facet normal -1.8513e-2 -7.0699e-1 -7.0699e-1
    outer loop
      vertex 7.9551e-1 1.5179e+1 1.6200e+2
      vertex 3.2448e-1 6.1915e+0 1.7100e+2
      vertex 9.3073e-16 1.5200e+1 1.6200e+2
    endloop
  endfacet
  facet normal -1.8513e-2 -7.0699e-1 -7.0699e-1
    outer loop
      vertex 9.3073e-16 1.5200e+1 1.6200e+2
      vertex 3.2448e-1 6.1915e+0 1.7100e+2
      vertex 3.7964e-16 6.2000e+0 1.7100e+2
    endloop
  endfacet
  facet normal 1.8513e-2 7.0699e-1 7.0699e-1
    outer loop
      vertex 9.5251e-1 1.8175e+1 1.6200e+2
      vertex 1.1144e-15 1.8200e+1 1.6200e+2
      vertex 4.8149e-1 9.1874e+0 1.7100e+2
    endloop
  endfacet
  facet normal 1.8513e-2 7.0699e-1 7.0699e-1
    outer loop
      vertex 1.1144e-15 1.8200e+1 1.6200e+2
      vertex 5.6334e-16 9.2000e+0 1.7100e+2
      vertex 4.8149e-1 9.1874e+0 1.7100e+2
    endloop
  endfacet
  facet normal -2.5286e-2 -9.6562e-1 2.5874e-1
    outer loop
      vertex 3.2448e-1 6.1915e+0 1.7100e+2
      vertex 5.1289e-1 9.7866e+0 1.8444e+2
      vertex 3.7964e-16 6.2000e+0 1.7100e+2
    endloop
  endfacet
  facet normal -2.5286e-2 -9.6562e-1 2.5874e-1
    outer loop
      vertex 3.7964e-16 6.2000e+0 1.7100e+2
      vertex 5.1289e-1 9.7866e+0 1.8444e+2
      vertex 6.0008e-16 9.8000e+0 1.8444e+2
    endloop
  endfacet
  facet normal 2.5286e-2 9.6562e-1 -2.5874e-1
    outer loop
      vertex 4.8149e-1 9.1874e+0 1.7100e+2
      vertex 5.6334e-16 9.2000e+0 1.7100e+2
      vertex 6.6990e-1 1.2782e+1 1.8444e+2
    endloop
  endfacet
  facet normal 2.5286e-2 9.6562e-1 -2.5874e-1
    outer loop
      vertex 5.6334e-16 9.2000e+0 1.7100e+2
      vertex 7.8377e-16 1.2800e+1 1.8444e+2
      vertex 6.6990e-1 1.2782e+1 1.8444e+2
    endloop
  endfacet
  facet normal 0.0000e+0 0.0000e+0 -1.0000e+0
    outer loop
      vertex 7.9551e-1 1.5179e+1 0.0000e+0
      vertex 9.3073e-16 1.5200e+1 0.0000e+0
      vertex 9.5251e-1 1.8175e+1 0.0000e+0
    endloop
  endfacet
  facet normal 0.0000e+0 0.0000e+0 -1.0000e+0
    outer loop
      vertex 9.3073e-16 1.5200e+1 0.0000e+0
      vertex 1.1144e-15 1.8200e+1 0.0000e+0
      vertex 9.5251e-1 1.8175e+1 0.0000e+0
    endloop
  endfacet
  facet normal 0.0000e+0 0.0000e+0 1.0000e+0
    outer loop
      vertex 5.1289e-1 9.7866e+0 1.8444e+2
      vertex 6.6990e-1 1.2782e+1 1.8444e+2
      vertex 6.0008e-16 9.8000e+0 1.8444e+2
    endloop
  endfacet
  facet normal 0.0000e+0 0.0000e+0 1.0000e+0
    outer loop
      vertex 6.0008e-16 9.8000e+0 1.8444e+2
      vertex 6.6990e-1 1.2782e+1 1.8444e+2
      vertex 7.8377e-16 1.2800e+1 1.8444e+2
    endloop
  endfacet
  facet normal 2.6177e-2 -9.9966e-1 0.0000e+0
    outer loop
      vertex 9.3073e-16 1.5200e+1 0.0000e+0
      vertex 9.3073e-16 1.5200e+1 1.6200e+2
      vertex -7.9551e-1 1.5179e+1 0.0000e+0
    endloop
  endfacet
  facet normal 2.6177e-2 -9.9966e-1 0.0000e+0
    outer loop
      vertex -7.9551e-1 1.5179e+1 0.0000e+0
      vertex 9.3073e-16 1.5200e+1 1.6200e+2
      vertex -7.9551e-1 1.5179e+1 1.6200e+2
    endloop
  endfacet
  facet normal -2.6177e-2 9.9966e-1 0.0000e+0
    outer loop
      vertex 1.1144e-15 1.8200e+1 0.0000e+0
      vertex -9.5251e-1 1.8175e+1 0.0000e+0
      vertex 1.1144e-15 1.8200e+1 1.6200e+2
    endloop
  endfacet
  facet normal -2.6177e-2 9.9966e-1 0.0000e+0
    outer loop
      vertex -9.5251e-1 1.8175e+1 0.0000e+0
      vertex -9.5251e-1 1.8175e+1 1.6200e+2
      vertex 1.1144e-15 1.8200e+1 1.6200e+2
    endloop
  endfacet
  facet normal 1.8513e-2 -7.0699e-1 -7.0699e-1
    outer loop
      vertex 9.3073e-16 1.5200e+1 1.6200e+2
      vertex 3.7964e-16 6.2000e+0 1.7100e+2
      vertex -7.9551e-1 1.5179e+1 1.6200e+2
    endloop
  endfacet
  facet normal 1.8513e-2 -7.0699e-1 -7.0699e-1
    outer loop
      vertex -7.9551e-1 1.5179e+1 1.6200e+2
      vertex 3.7964e-16 6.2000e+0 1.7100e+2
      vertex -3.2448e-1 6.1915e+0 1.7100e+2
    endloop
  endfacet
  facet normal -1.8513e-2 7.0699e-1 7.0699e-1
    outer loop
      vertex 1.1144e-15 1.8200e+1 1.6200e+2
      vertex -9.5251e-1 1.8175e+1 1.6200e+2
      vertex 5.6334e-16 9.2000e+0 1.7100e+2
    endloop
  endfacet
  facet normal -1.8513e-2 7.0699e-1 7.0699e-1
    outer loop
      vertex -9.5251e-1 1.8175e+1 1.6200e+2
      vertex -4.8149e-1 9.1874e+0 1.7100e+2
      vertex 5.6334e-16 9.2000e+0 1.7100e+2
    endloop
  endfacet
  facet normal 2.5286e-2 -9.6562e-1 2.5874e-1
    outer loop
      vertex 3.7964e-16 6.2000e+0 1.7100e+2
      vertex 6.0008e-16 9.8000e+0 1.8444e+2
      vertex -3.2448e-1 6.1915e+0 1.7100e+2
    endloop
  endfacet
  facet normal 2.5286e-2 -9.6562e-1 2.5874e-1
    outer loop
      vertex -3.2448e-1 6.1915e+0 1.7100e+2
      vertex 6.0008e-16 9.8000e+0 1.8444e+2
      vertex -5.1289e-1 9.7866e+0 1.8444e+2
    endloop
  endfacet
  facet normal -2.5286e-2 9.6562e-1 -2.5874e-1
    outer loop
      vertex 5.6334e-16 9.2000e+0 1.7100e+2
      vertex -4.8149e-1 9.1874e+0 1.7100e+2
      vertex 7.8377e-16 1.2800e+1 1.8444e+2
    endloop
  endfacet
  facet normal -2.5286e-2 9.6562e-1 -2.5874e-1
    outer loop
      vertex -4.8149e-1 9.1874e+0 1.7100e+2
      vertex -6.6990e-1 1.2782e+1 1.8444e+2
      vertex 7.8377e-16 1.2800e+1 1.8444e+2
    endloop
  endfacet
  facet normal 0.0000e+0 0.0000e+0 -1.0000e+0
    outer loop
      vertex 9.3073e-16 1.5200e+1 0.0000e+0
      vertex -7.9551e-1 1.5179e+1 0.0000e+0
      vertex 1.1144e-15 1.8200e+1 0.0000e+0
    endloop
  endfacet
  facet normal 0.0000e+0 0.0000e+0 -1.0000e+0
    outer loop
      vertex -7.9551e-1 1.5179e+1 0.0000e+0
      vertex -9.5251e-1 1.8175e+1 0.0000e+0
      vertex 1.1144e-15 1.8200e+1 0.0000e+0
    endloop
  endfacet
  facet normal 0.0000e+0 0.0000e+0 1.0000e+0
    outer loop
      vertex 6.0008e-16 9.8000e+0 1.8444e+2
      vertex 7.8377e-16 1.2800e+1 1.8444e+2
      vertex -5.1289e-1 9.7866e+0 1.8444e+2
    endloop
  endfacet
  facet normal 0.0000e+0 0.0000e+0 1.0000e+0
    outer loop
      vertex -5.1289e-1 9.7866e+0 1.8444e+2
      vertex 7.8377e-16 1.2800e+1 1.8444e+2
      vertex -6.6990e-1 1.2782e+1 1.8444e+2
    endloop
  endfacet
  facet normal 7.8459e-2 -9.9692e-1 0.0000e+0
    outer loop
      vertex -7.9551e-1 1.5179e+1 0.0000e+0
      vertex -7.9551e-1 1.5179e+1 1.6200e+2
      vertex -1.5888e+0 1.5117e+1 0.0000e+0
    endloop
  endfacet
  facet normal 7.8459e-2 -9.9692e-1 0.0000e+0
    outer loop
      vertex -1.5888e+0 1.5117e+1 0.0000e+0
      vertex -7.9551e-1 1.5179e+1 1.6200e+2
      vertex -1.5888e+0 1.5117e+1 1.6200e+2
    endloop
  endfacet
  facet normal -7.8459e-2 9.9692e-1 0.0000e+0
    outer loop
      vertex -9.5251e-1 1.8175e+1 0.0000e+0
      vertex -1.9024e+0 1.8100e+1 0.0000e+0
      vertex -9.5251e-1 1.8175e+1 1.6200e+2
    endloop
  endfacet
  facet normal -7.8459e-2 9.9692e-1 0.0000e+0
    outer loop
      vertex -1.9024e+0 1.8100e+1 0.0000e+0
      vertex -1.9024e+0 1.8100e+1 1.6200e+2
      vertex -9.5251e-1 1.8175e+1 1.6200e+2
    endloop
  endfacet
  facet normal 5.5488e-2 -7.0505e-1 -7.0699e-1
    outer loop
      vertex -7.9551e-1 1.5179e+1 1.6200e+2
      vertex -3.2448e-1 6.1915e+0 1.7100e+2
      vertex -1.5888e+0 1.5117e+1 1.6200e+2
    endloop
  endfacet
  facet normal 5.5488e-2 -7.0505e-1 -7.0699e-1
    outer loop
      vertex -1.5888e+0 1.5117e+1 1.6200e+2
      vertex -3.2448e-1 6.1915e+0 1.7100e+2
      vertex -6.4808e-1 6.1660e+0 1.7100e+2
    endloop
  endfacet
  facet normal -5.5488e-2 7.0505e-1 7.0699e-1
    outer loop
      vertex -9.5251e-1 1.8175e+1 1.6200e+2
      vertex -1.9024e+0 1.8100e+1 1.6200e+2
      vertex -4.8149e-1 9.1874e+0 1.7100e+2
    endloop
  endfacet
  facet normal -5.5488e-2 7.0505e-1 7.0699e-1
    outer loop
      vertex -1.9024e+0 1.8100e+1 1.6200e+2
      vertex -9.6166e-1 9.1496e+0 1.7100e+2
      vertex -4.8149e-1 9.1874e+0 1.7100e+2
    endloop
  endfacet
  facet normal 7.5787e-2 -9.6297e-1 2.5874e-1
    outer loop
      vertex -3.2448e-1 6.1915e+0 1.7100e+2
      vertex -5.1289e-1 9.7866e+0 1.8444e+2
      vertex -6.4808e-1 6.1660e+0 1.7100e+2
    endloop
  endfacet
  facet normal 7.5787e-2 -9.6297e-1 2.5874e-1
    outer loop
      vertex -6.4808e-1 6.1660e+0 1.7100e+2
      vertex -5.1289e-1 9.7866e+0 1.8444e+2
      vertex -1.0244e+0 9.7463e+0 1.8444e+2
    endloop
  endfacet
  facet normal -7.5787e-2 9.6297e-1 -2.5874e-1
    outer loop
      vertex -4.8149e-1 9.1874e+0 1.7100e+2
      vertex -9.6166e-1 9.1496e+0 1.7100e+2
      vertex -6.6990e-1 1.2782e+1 1.8444e+2
    endloop
  endfacet
  facet normal -7.5787e-2 9.6297e-1 -2.5874e-1
    outer loop
      vertex -9.6166e-1 9.1496e+0 1.7100e+2
      vertex -1.3380e+0 1.2730e+1 1.8444e+2
      vertex -6.6990e-1 1.2782e+1 1.8444e+2
    endloop
  endfacet
  facet normal 0.0000e+0 0.0000e+0 -1.0000e+0
    outer loop
      vertex -7.9551e-1 1.5179e+1 0.0000e+0
      vertex -1.5888e+0 1.5117e+1 0.0000e+0
      vertex -9.5251e-1 1.8175e+1 0.0000e+0
    endloop
  endfacet
  facet normal 0.0000e+0 0.0000e+0 -1.0000e+0
    outer loop
      vertex -1.5888e+0 1.5117e+1 0.0000e+0
      vertex -1.9024e+0 1.8100e+1 0.0000e+0
      vertex -9.5251e-1 1.8175e+1 0.0000e+0
    endloop
  endfacet
  facet normal 0.0000e+0 0.0000e+0 1.0000e+0
    outer loop
      vertex -5.1289e-1 9.7866e+0 1.8444e+2
      vertex -6.6990e-1 1.2782e+1 1.8444e+2
      vertex -1.0244e+0 9.7463e+0 1.8444e+2
    endloop
  endfacet
  facet normal 0.0000e+0 0.0000e+0 1.0000e+0
    outer loop
      vertex -1.0244e+0 9.7463e+0 1.8444e+2
      vertex -6.6990e-1 1.2782e+1 1.8444e+2
      vertex -1.3380e+0 1.2730e+1 1.8444e+2
    endloop
  endfacet
  facet normal 1.3053e-1 -9.9144e-1 0.0000e+0
    outer loop
      vertex -1.5888e+0 1.5117e+1 0.0000e+0
      vertex -1.5888e+0 1.5117e+1 1.6200e+2
      vertex -2.3778e+0 1.5013e+1 0.0000e+0
    endloop
  endfacet
  facet normal 1.3053e-1 -9.9144e-1 0.0000e+0
    outer loop
      vertex -2.3778e+0 1.5013e+1 0.0000e+0
      vertex -1.5888e+0 1.5117e+1 1.6200e+2
      vertex -2.3778e+0 1.5013e+1 1.6200e+2
    endloop
  endfacet
  facet normal -1.3053e-1 9.9144e-1 0.0000e+0
    outer loop
      vertex -1.9024e+0 1.8100e+1 0.0000e+0
      vertex -2.8471e+0 1.7976e+1 0.0000e+0
      vertex -1.9024e+0 1.8100e+1 1.6200e+2
    endloop
  endfacet
  facet normal -1.3053e-1 9.9144e-1 0.0000e+0
    outer loop
      vertex -2.8471e+0 1.7976e+1 0.0000e+0
      vertex -2.8471e+0 1.7976e+1 1.6200e+2
      vertex -1.9024e+0 1.8100e+1 1.6200e+2
    endloop
  endfacet
  facet normal 9.2312e-2 -7.0118e-1 -7.0699e-1
    outer loop
      vertex -1.5888e+0 1.5117e+1 1.6200e+2
      vertex -6.4808e-1 6.1660e+0 1.7100e+2
      vertex -2.3778e+0 1.5013e+1 1.6200e+2
    endloop
  endfacet
  facet normal 9.2312e-2 -7.0118e-1 -7.0699e-1
    outer loop
      vertex -2.3778e+0 1.5013e+1 1.6200e+2
      vertex -6.4808e-1 6.1660e+0 1.7100e+2
      vertex -9.6989e-1 6.1237e+0 1.7100e+2
    endloop
  endfacet
  facet normal -9.2312e-2 7.0118e-1 7.0699e-1
    outer loop
      vertex -1.9024e+0 1.8100e+1 1.6200e+2
      vertex -2.8471e+0 1.7976e+1 1.6200e+2
      vertex -9.6166e-1 9.1496e+0 1.7100e+2
    endloop
  endfacet
  facet normal -9.2312e-2 7.0118e-1 7.0699e-1
    outer loop
      vertex -2.8471e+0 1.7976e+1 1.6200e+2
      vertex -1.4392e+0 9.0867e+0 1.7100e+2
      vertex -9.6166e-1 9.1496e+0 1.7100e+2
    endloop
  endfacet
  facet normal 1.2608e-1 -9.5768e-1 2.5874e-1
    outer loop
      vertex -6.4808e-1 6.1660e+0 1.7100e+2
      vertex -1.0244e+0 9.7463e+0 1.8444e+2
      vertex -9.6989e-1 6.1237e+0 1.7100e+2
    endloop
  endfacet
  facet normal 1.2608e-1 -9.5768e-1 2.5874e-1
    outer loop
      vertex -9.6989e-1 6.1237e+0 1.7100e+2
      vertex -1.0244e+0 9.7463e+0 1.8444e+2
      vertex -1.5331e+0 9.6793e+0 1.8444e+2
    endloop
  endfacet
  facet normal -1.2608e-1 9.5768e-1 -2.5874e-1
    outer loop
      vertex -9.6166e-1 9.1496e+0 1.7100e+2
      vertex -1.4392e+0 9.0867e+0 1.7100e+2
      vertex -1.3380e+0 1.2730e+1 1.8444e+2
    endloop
  endfacet
  facet normal -1.2608e-1 9.5768e-1 -2.5874e-1
    outer loop
      vertex -1.4392e+0 9.0867e+0 1.7100e+2
      vertex -2.0024e+0 1.2642e+1 1.8444e+2
      vertex -1.3380e+0 1.2730e+1 1.8444e+2
    endloop
  endfacet
  facet normal 0.0000e+0 0.0000e+0 -1.0000e+0
    outer loop
      vertex -1.5888e+0 1.5117e+1 0.0000e+0
      vertex -2.3778e+0 1.5013e+1 0.0000e+0
      vertex -1.9024e+0 1.8100e+1 0.0000e+0
    endloop
  endfacet
  facet normal 0.0000e+0 0.0000e+0 -1.0000e+0
    outer loop
      vertex -2.3778e+0 1.5013e+1 0.0000e+0
      vertex -2.8471e+0 1.7976e+1 0.0000e+0
      vertex -1.9024e+0 1.8100e+1 0.0000e+0
    endloop
  endfacet
  facet normal 0.0000e+0 0.0000e+0 1.0000e+0
    outer loop
      vertex -1.0244e+0 9.7463e+0 1.8444e+2
      vertex -1.3380e+0 1.2730e+1 1.8444e+2
      vertex -1.5331e+0 9.6793e+0 1.8444e+2
    endloop
  endfacet
  facet normal 0.0000e+0 0.0000e+0 1.0000e+0
    outer loop
      vertex -1.5331e+0 9.6793e+0 1.8444e+2
      vertex -1.3380e+0 1.2730e+1 1.8444e+2
      vertex -2.0024e+0 1.2642e+1 1.8444e+2
    endloop
  endfacet
  facet normal 1.8224e-1 -9.8325e-1 0.0000e+0
    outer loop
      vertex -2.3778e+0 1.5013e+1 0.0000e+0
      vertex -2.3778e+0 1.5013e+1 1.6200e+2
      vertex -3.1603e+0 1.4868e+1 0.0000e+0
    endloop
  endfacet
  facet normal 1.8224e-1 -9.8325e-1 0.0000e+0
    outer loop
      vertex -3.1603e+0 1.4868e+1 0.0000e+0
      vertex -2.3778e+0 1.5013e+1 1.6200e+2
      vertex -3.1603e+0 1.4868e+1 1.6200e+2
    endloop
  endfacet
  facet normal -1.8224e-1 9.8325e-1 0.0000e+0
    outer loop
      vertex -2.8471e+0 1.7976e+1 0.0000e+0
      vertex -3.7840e+0 1.7802e+1 0.0000e+0
      vertex -2.8471e+0 1.7976e+1 1.6200e+2
    endloop
  endfacet
  facet normal -1.8224e-1 9.8325e-1 0.0000e+0
    outer loop
      vertex -3.7840e+0 1.7802e+1 0.0000e+0
      vertex -3.7840e+0 1.7802e+1 1.6200e+2
      vertex -2.8471e+0 1.7976e+1 1.6200e+2
    endloop
  endfacet
  facet normal 1.2888e-1 -6.9539e-1 -7.0699e-1
    outer loop
      vertex -2.3778e+0 1.5013e+1 1.6200e+2
      vertex -9.6989e-1 6.1237e+0 1.7100e+2
      vertex -3.1603e+0 1.4868e+1 1.6200e+2
    endloop
  endfacet
  facet normal 1.2888e-1 -6.9539e-1 -7.0699e-1
    outer loop
      vertex -3.1603e+0 1.4868e+1 1.6200e+2
      vertex -9.6989e-1 6.1237e+0 1.7100e+2
      vertex -1.2891e+0 6.0645e+0 1.7100e+2
    endloop
  endfacet
  facet normal -1.2888e-1 6.9539e-1 7.0699e-1
    outer loop
      vertex -2.8471e+0 1.7976e+1 1.6200e+2
      vertex -3.7840e+0 1.7802e+1 1.6200e+2
      vertex -1.4392e+0 9.0867e+0 1.7100e+2
    endloop
  endfacet
  facet normal -1.2888e-1 6.9539e-1 7.0699e-1
    outer loop
      vertex -3.7840e+0 1.7802e+1 1.6200e+2
      vertex -1.9128e+0 8.9990e+0 1.7100e+2
      vertex -1.4392e+0 9.0867e+0 1.7100e+2
    endloop
  endfacet
  facet normal 1.7603e-1 -9.4977e-1 2.5874e-1
    outer loop
      vertex -9.6989e-1 6.1237e+0 1.7100e+2
      vertex -1.5331e+0 9.6793e+0 1.8444e+2
      vertex -1.2891e+0 6.0645e+0 1.7100e+2
    endloop
  endfacet
  facet normal 1.7603e-1 -9.4977e-1 2.5874e-1
    outer loop
      vertex -1.2891e+0 6.0645e+0 1.7100e+2
      vertex -1.5331e+0 9.6793e+0 1.8444e+2
      vertex -2.0375e+0 9.5858e+0 1.8444e+2
    endloop
  endfacet
  facet normal -1.7603e-1 9.4977e-1 -2.5874e-1
    outer loop
      vertex -1.4392e+0 9.0867e+0 1.7100e+2
      vertex -1.9128e+0 8.9990e+0 1.7100e+2
      vertex -2.0024e+0 1.2642e+1 1.8444e+2
    endloop
  endfacet
  facet normal -1.7603e-1 9.4977e-1 -2.5874e-1
    outer loop
      vertex -1.9128e+0 8.9990e+0 1.7100e+2
      vertex -2.6613e+0 1.2520e+1 1.8444e+2
      vertex -2.0024e+0 1.2642e+1 1.8444e+2
    endloop
  endfacet
  facet normal 0.0000e+0 0.0000e+0 -1.0000e+0
    outer loop
      vertex -2.3778e+0 1.5013e+1 0.0000e+0
      vertex -3.1603e+0 1.4868e+1 0.0000e+0
      vertex -2.8471e+0 1.7976e+1 0.0000e+0
    endloop
  endfacet
  facet normal 0.0000e+0 0.0000e+0 -1.0000e+0
    outer loop
      vertex -3.1603e+0 1.4868e+1 0.0000e+0
      vertex -3.7840e+0 1.7802e+1 0.0000e+0
      vertex -2.8471e+0 1.7976e+1 0.0000e+0
    endloop
  endfacet
  facet normal 0.0000e+0 0.0000e+0 1.0000e+0
    outer loop
      vertex -1.5331e+0 9.6793e+0 1.8444e+2
      vertex -2.0024e+0 1.2642e+1 1.8444e+2
      vertex -2.0375e+0 9.5858e+0 1.8444e+2
    endloop
  endfacet
  facet normal 0.0000e+0 0.0000e+0 1.0000e+0
    outer loop
      vertex -2.0375e+0 9.5858e+0 1.8444e+2
      vertex -2.0024e+0 1.2642e+1 1.8444e+2
      vertex -2.6613e+0 1.2520e+1 1.8444e+2
    endloop
  endfacet
  facet normal 2.3345e-1 -9.7237e-1 0.0000e+0
    outer loop
      vertex -3.1603e+0 1.4868e+1 0.0000e+0
      vertex -3.1603e+0 1.4868e+1 1.6200e+2
      vertex -3.9340e+0 1.4682e+1 0.0000e+0
    endloop
  endfacet
  facet normal 2.3345e-1 -9.7237e-1 0.0000e+0
    outer loop
      vertex -3.9340e+0 1.4682e+1 0.0000e+0
      vertex -3.1603e+0 1.4868e+1 1.6200e+2
      vertex -3.9340e+0 1.4682e+1 1.6200e+2
    endloop
  endfacet
  facet normal -2.3345e-1 9.7237e-1 0.0000e+0
    outer loop
      vertex -3.7840e+0 1.7802e+1 0.0000e+0
      vertex -4.7105e+0 1.7580e+1 0.0000e+0
      vertex -3.7840e+0 1.7802e+1 1.6200e+2
    endloop
  endfacet
  facet normal -2.3345e-1 9.7237e-1 0.0000e+0
    outer loop
      vertex -4.7105e+0 1.7580e+1 0.0000e+0
      vertex -4.7105e+0 1.7580e+1 1.6200e+2
      vertex -3.7840e+0 1.7802e+1 1.6200e+2
    endloop
  endfacet
  facet normal 1.6510e-1 -6.8769e-1 -7.0699e-1
    outer loop
      vertex -3.1603e+0 1.4868e+1 1.6200e+2
      vertex -1.2891e+0 6.0645e+0 1.7100e+2
      vertex -3.9340e+0 1.4682e+1 1.6200e+2
    endloop
  endfacet
  facet normal 1.6510e-1 -6.8769e-1 -7.0699e-1
    outer loop
      vertex -3.9340e+0 1.4682e+1 1.6200e+2
      vertex -1.2891e+0 6.0645e+0 1.7100e+2
      vertex -1.6047e+0 5.9887e+0 1.7100e+2
    endloop
  endfacet
  facet normal -1.6510e-1 6.8769e-1 7.0699e-1
    outer loop
      vertex -3.7840e+0 1.7802e+1 1.6200e+2
      vertex -4.7105e+0 1.7580e+1 1.6200e+2
      vertex -1.9128e+0 8.9990e+0 1.7100e+2
    endloop
  endfacet
  facet normal -1.6510e-1 6.8769e-1 7.0699e-1
    outer loop
      vertex -4.7105e+0 1.7580e+1 1.6200e+2
      vertex -2.3811e+0 8.8865e+0 1.7100e+2
      vertex -1.9128e+0 8.9990e+0 1.7100e+2
    endloop
  endfacet
  facet normal 2.2550e-1 -9.3926e-1 2.5874e-1
    outer loop
      vertex -1.2891e+0 6.0645e+0 1.7100e+2
      vertex -2.0375e+0 9.5858e+0 1.8444e+2
      vertex -1.6047e+0 5.9887e+0 1.7100e+2
    endloop
  endfacet
  facet normal 2.2550e-1 -9.3926e-1 2.5874e-1
    outer loop
      vertex -1.6047e+0 5.9887e+0 1.7100e+2
      vertex -2.0375e+0 9.5858e+0 1.8444e+2
      vertex -2.5364e+0 9.4661e+0 1.8444e+2
    endloop
  endfacet
  facet normal -2.2550e-1 9.3926e-1 -2.5874e-1
    outer loop
      vertex -1.9128e+0 8.9990e+0 1.7100e+2
      vertex -2.3811e+0 8.8865e+0 1.7100e+2
      vertex -2.6613e+0 1.2520e+1 1.8444e+2
    endloop
  endfacet
  facet normal -2.2550e-1 9.3926e-1 -2.5874e-1
    outer loop
      vertex -2.3811e+0 8.8865e+0 1.7100e+2
      vertex -3.3129e+0 1.2364e+1 1.8444e+2
      vertex -2.6613e+0 1.2520e+1 1.8444e+2
    endloop
  endfacet
  facet normal 0.0000e+0 0.0000e+0 -1.0000e+0
    outer loop
      vertex -3.1603e+0 1.4868e+1 0.0000e+0
      vertex -3.9340e+0 1.4682e+1 0.0000e+0
      vertex -3.7840e+0 1.7802e+1 0.0000e+0
    endloop
  endfacet
  facet normal 0.0000e+0 0.0000e+0 -1.0000e+0
    outer loop
      vertex -3.9340e+0 1.4682e+1 0.0000e+0
      vertex -4.7105e+0 1.7580e+1 0.0000e+0
      vertex -3.7840e+0 1.7802e+1 0.0000e+0
    endloop
  endfacet
  facet normal 0.0000e+0 0.0000e+0 1.0000e+0
    outer loop
      vertex -2.0375e+0 9.5858e+0 1.8444e+2
      vertex -2.6613e+0 1.2520e+1 1.8444e+2
      vertex -2.5364e+0 9.4661e+0 1.8444e+2
    endloop
  endfacet
  facet normal 0.0000e+0 0.0000e+0 1.0000e+0
    outer loop
      vertex -2.5364e+0 9.4661e+0 1.8444e+2
      vertex -2.6613e+0 1.2520e+1 1.8444e+2
      vertex -3.3129e+0 1.2364e+1 1.8444e+2
    endloop
  endfacet
  facet normal 2.8402e-1 -9.5882e-1 0.0000e+0
    outer loop
      vertex -3.9340e+0 1.4682e+1 0.0000e+0
      vertex -3.9340e+0 1.4682e+1 1.6200e+2
      vertex -4.6971e+0 1.4456e+1 0.0000e+0
    endloop
  endfacet
  facet normal 2.8402e-1 -9.5882e-1 0.0000e+0
    outer loop
      vertex -4.6971e+0 1.4456e+1 0.0000e+0
      vertex -3.9340e+0 1.4682e+1 1.6200e+2
      vertex -4.6971e+0 1.4456e+1 1.6200e+2
    endloop
  endfacet
  facet normal -2.8402e-1 9.5882e-1 0.0000e+0
    outer loop
      vertex -4.7105e+0 1.7580e+1 0.0000e+0
      vertex -5.6241e+0 1.7309e+1 0.0000e+0
      vertex -4.7105e+0 1.7580e+1 1.6200e+2
    endloop
  endfacet
  facet normal -2.8402e-1 9.5882e-1 0.0000e+0
    outer loop
      vertex -5.6241e+0 1.7309e+1 0.0000e+0
      vertex -5.6241e+0 1.7309e+1 1.6200e+2
      vertex -4.7105e+0 1.7580e+1 1.6200e+2
    endloop
  endfacet
  facet normal 2.0086e-1 -6.7810e-1 -7.0699e-1
    outer loop
      vertex -3.9340e+0 1.4682e+1 1.6200e+2
      vertex -1.6047e+0 5.9887e+0 1.7100e+2
      vertex -4.6971e+0 1.4456e+1 1.6200e+2
    endloop
  endfacet
  facet normal 2.0086e-1 -6.7810e-1 -7.0699e-1
    outer loop
      vertex -4.6971e+0 1.4456e+1 1.6200e+2
      vertex -1.6047e+0 5.9887e+0 1.7100e+2
      vertex -1.9159e+0 5.8966e+0 1.7100e+2
    endloop
  endfacet
  facet normal -2.0086e-1 6.7810e-1 7.0699e-1
    outer loop
      vertex -4.7105e+0 1.7580e+1 1.6200e+2
      vertex -5.6241e+0 1.7309e+1 1.6200e+2
      vertex -2.3811e+0 8.8865e+0 1.7100e+2
    endloop
  endfacet
  facet normal -2.0086e-1 6.7810e-1 7.0699e-1
    outer loop
      vertex -5.6241e+0 1.7309e+1 1.6200e+2
      vertex -2.8430e+0 8.7497e+0 1.7100e+2
      vertex -2.3811e+0 8.8865e+0 1.7100e+2
    endloop
  endfacet
  facet normal 2.7434e-1 -9.2617e-1 2.5874e-1
    outer loop
      vertex -1.6047e+0 5.9887e+0 1.7100e+2
      vertex -2.5364e+0 9.4661e+0 1.8444e+2
      vertex -1.9159e+0 5.8966e+0 1.7100e+2
    endloop
  endfacet
  facet normal 2.7434e-1 -9.2617e-1 2.5874e-1
    outer loop
      vertex -1.9159e+0 5.8966e+0 1.7100e+2
      vertex -2.5364e+0 9.4661e+0 1.8444e+2
      vertex -3.0284e+0 9.3204e+0 1.8444e+2
    endloop
  endfacet
  facet normal -2.7434e-1 9.2617e-1 -2.5874e-1
    outer loop
      vertex -2.3811e+0 8.8865e+0 1.7100e+2
      vertex -2.8430e+0 8.7497e+0 1.7100e+2
      vertex -3.3129e+0 1.2364e+1 1.8444e+2
    endloop
  endfacet
  facet normal -2.7434e-1 9.2617e-1 -2.5874e-1
    outer loop
      vertex -2.8430e+0 8.7497e+0 1.7100e+2
      vertex -3.9554e+0 1.2174e+1 1.8444e+2
      vertex -3.3129e+0 1.2364e+1 1.8444e+2
    endloop
  endfacet
  facet normal 0.0000e+0 0.0000e+0 -1.0000e+0
    outer loop
      vertex -3.9340e+0 1.4682e+1 0.0000e+0
      vertex -4.6971e+0 1.4456e+1 0.0000e+0
      vertex -4.7105e+0 1.7580e+1 0.0000e+0
    endloop
  endfacet
  facet normal 0.0000e+0 0.0000e+0 -1.0000e+0
    outer loop
      vertex -4.6971e+0 1.4456e+1 0.0000e+0
      vertex -5.6241e+0 1.7309e+1 0.0000e+0
      vertex -4.7105e+0 1.7580e+1 0.0000e+0
    endloop
  endfacet
  facet normal 0.0000e+0 0.0000e+0 1.0000e+0
    outer loop
      vertex -2.5364e+0 9.4661e+0 1.8444e+2
      vertex -3.3129e+0 1.2364e+1 1.8444e+2
      vertex -3.0284e+0 9.3204e+0 1.8444e+2
    endloop
  endfacet
  facet normal 0.0000e+0 0.0000e+0 1.0000e+0
    outer loop
      vertex -3.0284e+0 9.3204e+0 1.8444e+2
      vertex -3.3129e+0 1.2364e+1 1.8444e+2
      vertex -3.9554e+0 1.2174e+1 1.8444e+2
    endloop
  endfacet
  facet normal 3.3381e-1 -9.4264e-1 0.0000e+0
    outer loop
      vertex -4.6971e+0 1.4456e+1 0.0000e+0
      vertex -4.6971e+0 1.4456e+1 1.6200e+2
      vertex -5.4472e+0 1.4190e+1 0.0000e+0
    endloop
  endfacet
  facet normal 3.3381e-1 -9.4264e-1 0.0000e+0
    outer loop
      vertex -5.4472e+0 1.4190e+1 0.0000e+0
      vertex -4.6971e+0 1.4456e+1 1.6200e+2
      vertex -5.4472e+0 1.4190e+1 1.6200e+2
    endloop
  endfacet
  facet normal -3.3381e-1 9.4264e-1 0.0000e+0
    outer loop
      vertex -5.6241e+0 1.7309e+1 0.0000e+0
      vertex -6.5223e+0 1.6991e+1 0.0000e+0
      vertex -5.6241e+0 1.7309e+1 1.6200e+2
    endloop
  endfacet
  facet normal -3.3381e-1 9.4264e-1 0.0000e+0
    outer loop
      vertex -6.5223e+0 1.6991e+1 0.0000e+0
      vertex -6.5223e+0 1.6991e+1 1.6200e+2
      vertex -5.6241e+0 1.7309e+1 1.6200e+2
    endloop
  endfacet
  facet normal 2.3608e-1 -6.6666e-1 -7.0699e-1
    outer loop
      vertex -4.6971e+0 1.4456e+1 1.6200e+2
      vertex -1.9159e+0 5.8966e+0 1.7100e+2
      vertex -5.4472e+0 1.4190e+1 1.6200e+2
    endloop
  endfacet
  facet normal 2.3608e-1 -6.6666e-1 -7.0699e-1
    outer loop
      vertex -5.4472e+0 1.4190e+1 1.6200e+2
      vertex -1.9159e+0 5.8966e+0 1.7100e+2
      vertex -2.2219e+0 5.7882e+0 1.7100e+2
    endloop
  endfacet
  facet normal -2.3608e-1 6.6666e-1 7.0699e-1
    outer loop
      vertex -5.6241e+0 1.7309e+1 1.6200e+2
      vertex -6.5223e+0 1.6991e+1 1.6200e+2
      vertex -2.8430e+0 8.7497e+0 1.7100e+2
    endloop
  endfacet
  facet normal -2.3608e-1 6.6666e-1 7.0699e-1
    outer loop
      vertex -6.5223e+0 1.6991e+1 1.6200e+2
      vertex -3.2970e+0 8.5889e+0 1.7100e+2
      vertex -2.8430e+0 8.7497e+0 1.7100e+2
    endloop
  endfacet
  facet normal 3.2244e-1 -9.1054e-1 2.5874e-1
    outer loop
      vertex -1.9159e+0 5.8966e+0 1.7100e+2
      vertex -3.0284e+0 9.3204e+0 1.8444e+2
      vertex -2.2219e+0 5.7882e+0 1.7100e+2
    endloop
  endfacet
  facet normal 3.2244e-1 -9.1054e-1 2.5874e-1
    outer loop
      vertex -2.2219e+0 5.7882e+0 1.7100e+2
      vertex -3.0284e+0 9.3204e+0 1.8444e+2
      vertex -3.5120e+0 9.1491e+0 1.8444e+2
    endloop
  endfacet
  facet normal -3.2244e-1 9.1054e-1 -2.5874e-1
    outer loop
      vertex -2.8430e+0 8.7497e+0 1.7100e+2
      vertex -3.2970e+0 8.5889e+0 1.7100e+2
      vertex -3.9554e+0 1.2174e+1 1.8444e+2
    endloop
  endfacet
  facet normal -3.2244e-1 9.1054e-1 -2.5874e-1
    outer loop
      vertex -3.2970e+0 8.5889e+0 1.7100e+2
      vertex -4.5871e+0 1.1950e+1 1.8444e+2
      vertex -3.9554e+0 1.2174e+1 1.8444e+2
    endloop
  endfacet
  facet normal 0.0000e+0 0.0000e+0 -1.0000e+0
    outer loop
      vertex -4.6971e+0 1.4456e+1 0.0000e+0
      vertex -5.4472e+0 1.4190e+1 0.0000e+0
      vertex -5.6241e+0 1.7309e+1 0.0000e+0
    endloop
  endfacet
  facet normal 0.0000e+0 0.0000e+0 -1.0000e+0
    outer loop
      vertex -5.4472e+0 1.4190e+1 0.0000e+0
      vertex -6.5223e+0 1.6991e+1 0.0000e+0
      vertex -5.6241e+0 1.7309e+1 0.0000e+0
    endloop
  endfacet
  facet normal 0.0000e+0 0.0000e+0 1.0000e+0
    outer loop
      vertex -3.0284e+0 9.3204e+0 1.8444e+2
      vertex -3.9554e+0 1.2174e+1 1.8444e+2
      vertex -3.5120e+0 9.1491e+0 1.8444e+2
    endloop
  endfacet
  facet normal 0.0000e+0 0.0000e+0 1.0000e+0
    outer loop
      vertex -3.5120e+0 9.1491e+0 1.8444e+2
      vertex -3.9554e+0 1.2174e+1 1.8444e+2
      vertex -4.5871e+0 1.1950e+1 1.8444e+2
    endloop
  endfacet
  facet normal 3.8268e-1 -9.2388e-1 0.0000e+0
    outer loop
      vertex -5.4472e+0 1.4190e+1 0.0000e+0
      vertex -5.4472e+0 1.4190e+1 1.6200e+2
      vertex -6.1824e+0 1.3886e+1 0.0000e+0
    endloop
  endfacet
  facet normal 3.8268e-1 -9.2388e-1 0.0000e+0
    outer loop
      vertex -6.1824e+0 1.3886e+1 0.0000e+0
      vertex -5.4472e+0 1.4190e+1 1.6200e+2
      vertex -6.1824e+0 1.3886e+1 1.6200e+2
    endloop
  endfacet
  facet normal -3.8268e-1 9.2388e-1 0.0000e+0
    outer loop
      vertex -6.5223e+0 1.6991e+1 0.0000e+0
      vertex -7.4026e+0 1.6627e+1 0.0000e+0
      vertex -6.5223e+0 1.6991e+1 1.6200e+2
    endloop
  endfacet
  facet normal -3.8268e-1 9.2388e-1 0.0000e+0
    outer loop
      vertex -7.4026e+0 1.6627e+1 0.0000e+0
      vertex -7.4026e+0 1.6627e+1 1.6200e+2
      vertex -6.5223e+0 1.6991e+1 1.6200e+2
    endloop
  endfacet
  facet normal 2.7064e-1 -6.5339e-1 -7.0699e-1
    outer loop
      vertex -5.4472e+0 1.4190e+1 1.6200e+2
      vertex -2.2219e+0 5.7882e+0 1.7100e+2
      vertex -6.1824e+0 1.3886e+1 1.6200e+2
    endloop
  endfacet
  facet normal 2.7064e-1 -6.5339e-1 -7.0699e-1
    outer loop
      vertex -6.1824e+0 1.3886e+1 1.6200e+2
      vertex -2.2219e+0 5.7882e+0 1.7100e+2
      vertex -2.5218e+0 5.6640e+0 1.7100e+2
    endloop
  endfacet
  facet normal -2.7064e-1 6.5339e-1 7.0699e-1
    outer loop
      vertex -6.5223e+0 1.6991e+1 1.6200e+2
      vertex -7.4026e+0 1.6627e+1 1.6200e+2
      vertex -3.2970e+0 8.5889e+0 1.7100e+2
    endloop
  endfacet
  facet normal -2.7064e-1 6.5339e-1 7.0699e-1
    outer loop
      vertex -7.4026e+0 1.6627e+1 1.6200e+2
      vertex -3.7420e+0 8.4046e+0 1.7100e+2
      vertex -3.2970e+0 8.5889e+0 1.7100e+2
    endloop
  endfacet
  facet normal 3.6965e-1 -8.9242e-1 2.5874e-1
    outer loop
      vertex -2.2219e+0 5.7882e+0 1.7100e+2
      vertex -3.5120e+0 9.1491e+0 1.8444e+2
      vertex -2.5218e+0 5.6640e+0 1.7100e+2
    endloop
  endfacet
  facet normal 3.6965e-1 -8.9242e-1 2.5874e-1
    outer loop
      vertex -2.5218e+0 5.6640e+0 1.7100e+2
      vertex -3.5120e+0 9.1491e+0 1.8444e+2
      vertex -3.9860e+0 8.9527e+0 1.8444e+2
    endloop
  endfacet
  facet normal -3.6965e-1 8.9242e-1 -2.5874e-1
    outer loop
      vertex -3.2970e+0 8.5889e+0 1.7100e+2
      vertex -3.7420e+0 8.4046e+0 1.7100e+2
      vertex -4.5871e+0 1.1950e+1 1.8444e+2
    endloop
  endfacet
  facet normal -3.6965e-1 8.9242e-1 -2.5874e-1
    outer loop
      vertex -3.7420e+0 8.4046e+0 1.7100e+2
      vertex -5.2062e+0 1.1693e+1 1.8444e+2
      vertex -4.5871e+0 1.1950e+1 1.8444e+2
    endloop
  endfacet
  facet normal 0.0000e+0 0.0000e+0 -1.0000e+0
    outer loop
      vertex -5.4472e+0 1.4190e+1 0.0000e+0
      vertex -6.1824e+0 1.3886e+1 0.0000e+0
      vertex -6.5223e+0 1.6991e+1 0.0000e+0
    endloop
  endfacet
  facet normal 0.0000e+0 0.0000e+0 -1.0000e+0
    outer loop
      vertex -6.1824e+0 1.3886e+1 0.0000e+0
      vertex -7.4026e+0 1.6627e+1 0.0000e+0
      vertex -6.5223e+0 1.6991e+1 0.0000e+0
    endloop
  endfacet
  facet normal 0.0000e+0 0.0000e+0 1.0000e+0
    outer loop
      vertex -3.5120e+0 9.1491e+0 1.8444e+2
      vertex -4.5871e+0 1.1950e+1 1.8444e+2
      vertex -3.9860e+0 8.9527e+0 1.8444e+2
    endloop
  endfacet
  facet normal 0.0000e+0 0.0000e+0 1.0000e+0
    outer loop
      vertex -3.9860e+0 8.9527e+0 1.8444e+2
      vertex -4.5871e+0 1.1950e+1 1.8444e+2
      vertex -5.2062e+0 1.1693e+1 1.8444e+2
    endloop
  endfacet
  facet normal 4.3051e-1 -9.0259e-1 0.0000e+0
    outer loop
      vertex -6.1824e+0 1.3886e+1 0.0000e+0
      vertex -6.1824e+0 1.3886e+1 1.6200e+2
      vertex -6.9007e+0 1.3543e+1 0.0000e+0
    endloop
  endfacet
  facet normal 4.3051e-1 -9.0259e-1 0.0000e+0
    outer loop
      vertex -6.9007e+0 1.3543e+1 0.0000e+0
      vertex -6.1824e+0 1.3886e+1 1.6200e+2
      vertex -6.9007e+0 1.3543e+1 1.6200e+2
    endloop
  endfacet
  facet normal -4.3051e-1 9.0259e-1 0.0000e+0
    outer loop
      vertex -7.4026e+0 1.6627e+1 0.0000e+0
      vertex -8.2626e+0 1.6216e+1 0.0000e+0
      vertex -7.4026e+0 1.6627e+1 1.6200e+2
    endloop
  endfacet
  facet normal -4.3051e-1 9.0259e-1 0.0000e+0
    outer loop
      vertex -8.2626e+0 1.6216e+1 0.0000e+0
      vertex -8.2626e+0 1.6216e+1 1.6200e+2
      vertex -7.4026e+0 1.6627e+1 1.6200e+2
    endloop
  endfacet
  facet normal 3.0447e-1 -6.3833e-1 -7.0699e-1
    outer loop
      vertex -6.1824e+0 1.3886e+1 1.6200e+2
      vertex -2.5218e+0 5.6640e+0 1.7100e+2
      vertex -6.9007e+0 1.3543e+1 1.6200e+2
    endloop
  endfacet
  facet normal 3.0447e-1 -6.3833e-1 -7.0699e-1
    outer loop
      vertex -6.9007e+0 1.3543e+1 1.6200e+2
      vertex -2.5218e+0 5.6640e+0 1.7100e+2
      vertex -2.8147e+0 5.5242e+0 1.7100e+2
    endloop
  endfacet
  facet normal -3.0447e-1 6.3833e-1 7.0699e-1
    outer loop
      vertex -7.4026e+0 1.6627e+1 1.6200e+2
      vertex -8.2626e+0 1.6216e+1 1.6200e+2
      vertex -3.7420e+0 8.4046e+0 1.7100e+2
    endloop
  endfacet
  facet normal -3.0447e-1 6.3833e-1 7.0699e-1
    outer loop
      vertex -8.2626e+0 1.6216e+1 1.6200e+2
      vertex -4.1767e+0 8.1973e+0 1.7100e+2
      vertex -3.7420e+0 8.4046e+0 1.7100e+2
    endloop
  endfacet
  facet normal 4.1585e-1 -8.7185e-1 2.5874e-1
    outer loop
      vertex -2.5218e+0 5.6640e+0 1.7100e+2
      vertex -3.9860e+0 8.9527e+0 1.8444e+2
      vertex -2.8147e+0 5.5242e+0 1.7100e+2
    endloop
  endfacet
  facet normal 4.1585e-1 -8.7185e-1 2.5874e-1
    outer loop
      vertex -2.8147e+0 5.5242e+0 1.7100e+2
      vertex -3.9860e+0 8.9527e+0 1.8444e+2
      vertex -4.4491e+0 8.7319e+0 1.8444e+2
    endloop
  endfacet
  facet normal -4.1585e-1 8.7185e-1 -2.5874e-1
    outer loop
      vertex -3.7420e+0 8.4046e+0 1.7100e+2
      vertex -4.1767e+0 8.1973e+0 1.7100e+2
      vertex -5.2062e+0 1.1693e+1 1.8444e+2
    endloop
  endfacet
  facet normal -4.1585e-1 8.7185e-1 -2.5874e-1
    outer loop
      vertex -4.1767e+0 8.1973e+0 1.7100e+2
      vertex -5.8111e+0 1.1405e+1 1.8444e+2
      vertex -5.2062e+0 1.1693e+1 1.8444e+2
    endloop
  endfacet
  facet normal 0.0000e+0 0.0000e+0 -1.0000e+0
    outer loop
      vertex -6.1824e+0 1.3886e+1 0.0000e+0
      vertex -6.9007e+0 1.3543e+1 0.0000e+0
      vertex -7.4026e+0 1.6627e+1 0.0000e+0
    endloop
  endfacet
  facet normal 0.0000e+0 0.0000e+0 -1.0000e+0
    outer loop
      vertex -6.9007e+0 1.3543e+1 0.0000e+0
      vertex -8.2626e+0 1.6216e+1 0.0000e+0
      vertex -7.4026e+0 1.6627e+1 0.0000e+0
    endloop
  endfacet
  facet normal 0.0000e+0 0.0000e+0 1.0000e+0
    outer loop
      vertex -3.9860e+0 8.9527e+0 1.8444e+2
      vertex -5.2062e+0 1.1693e+1 1.8444e+2
      vertex -4.4491e+0 8.7319e+0 1.8444e+2
    endloop
  endfacet
  facet normal 0.0000e+0 0.0000e+0 1.0000e+0
    outer loop
      vertex -4.4491e+0 8.7319e+0 1.8444e+2
      vertex -5.2062e+0 1.1693e+1 1.8444e+2
      vertex -5.8111e+0 1.1405e+1 1.8444e+2
    endloop
  endfacet
  facet normal 4.7716e-1 -8.7882e-1 0.0000e+0
    outer loop
      vertex -6.9007e+0 1.3543e+1 0.0000e+0
      vertex -6.9007e+0 1.3543e+1 1.6200e+2
      vertex -7.6000e+0 1.3164e+1 0.0000e+0
    endloop
  endfacet
  facet normal 4.7716e-1 -8.7882e-1 0.0000e+0
    outer loop
      vertex -7.6000e+0 1.3164e+1 0.0000e+0
      vertex -6.9007e+0 1.3543e+1 1.6200e+2
      vertex -7.6000e+0 1.3164e+1 1.6200e+2
    endloop
  endfacet
  facet normal -4.7716e-1 8.7882e-1 0.0000e+0
    outer loop
      vertex -8.2626e+0 1.6216e+1 0.0000e+0
      vertex -9.1000e+0 1.5762e+1 0.0000e+0
      vertex -8.2626e+0 1.6216e+1 1.6200e+2
    endloop
  endfacet
  facet normal -4.7716e-1 8.7882e-1 0.0000e+0
    outer loop
      vertex -9.1000e+0 1.5762e+1 0.0000e+0
      vertex -9.1000e+0 1.5762e+1 1.6200e+2
      vertex -8.2626e+0 1.6216e+1 1.6200e+2
    endloop
  endfacet
  facet normal 3.3746e-1 -6.2152e-1 -7.0699e-1
    outer loop
      vertex -6.9007e+0 1.3543e+1 1.6200e+2
      vertex -2.8147e+0 5.5242e+0 1.7100e+2
      vertex -7.6000e+0 1.3164e+1 1.6200e+2
    endloop
  endfacet
  facet normal 3.3746e-1 -6.2152e-1 -7.0699e-1
    outer loop
      vertex -7.6000e+0 1.3164e+1 1.6200e+2
      vertex -2.8147e+0 5.5242e+0 1.7100e+2
      vertex -3.1000e+0 5.3694e+0 1.7100e+2
    endloop
  endfacet
  facet normal -3.3746e-1 6.2152e-1 7.0699e-1
    outer loop
      vertex -8.2626e+0 1.6216e+1 1.6200e+2
      vertex -9.1000e+0 1.5762e+1 1.6200e+2
      vertex -4.1767e+0 8.1973e+0 1.7100e+2
    endloop
  endfacet
  facet normal -3.3746e-1 6.2152e-1 7.0699e-1
    outer loop
      vertex -9.1000e+0 1.5762e+1 1.6200e+2
      vertex -4.6000e+0 7.9674e+0 1.7100e+2
      vertex -4.1767e+0 8.1973e+0 1.7100e+2
    endloop
  endfacet
  facet normal 4.6091e-1 -8.4889e-1 2.5874e-1
    outer loop
      vertex -2.8147e+0 5.5242e+0 1.7100e+2
      vertex -4.4491e+0 8.7319e+0 1.8444e+2
      vertex -3.1000e+0 5.3694e+0 1.7100e+2
    endloop
  endfacet
  facet normal 4.6091e-1 -8.4889e-1 2.5874e-1
    outer loop
      vertex -3.1000e+0 5.3694e+0 1.7100e+2
      vertex -4.4491e+0 8.7319e+0 1.8444e+2
      vertex -4.9000e+0 8.4870e+0 1.8444e+2
    endloop
  endfacet
  facet normal -4.6091e-1 8.4889e-1 -2.5874e-1
    outer loop
      vertex -4.1767e+0 8.1973e+0 1.7100e+2
      vertex -4.6000e+0 7.9674e+0 1.7100e+2
      vertex -5.8111e+0 1.1405e+1 1.8444e+2
    endloop
  endfacet
  facet normal -4.6091e-1 8.4889e-1 -2.5874e-1
    outer loop
      vertex -4.6000e+0 7.9674e+0 1.7100e+2
      vertex -6.4000e+0 1.1085e+1 1.8444e+2
      vertex -5.8111e+0 1.1405e+1 1.8444e+2
    endloop
  endfacet
  facet normal 0.0000e+0 0.0000e+0 -1.0000e+0
    outer loop
      vertex -6.9007e+0 1.3543e+1 0.0000e+0
      vertex -7.6000e+0 1.3164e+1 0.0000e+0
      vertex -8.2626e+0 1.6216e+1 0.0000e+0
    endloop
  endfacet
  facet normal 0.0000e+0 0.0000e+0 -1.0000e+0
    outer loop
      vertex -7.6000e+0 1.3164e+1 0.0000e+0
      vertex -9.1000e+0 1.5762e+1 0.0000e+0
      vertex -8.2626e+0 1.6216e+1 0.0000e+0
    endloop
  endfacet
  facet normal 0.0000e+0 0.0000e+0 1.0000e+0
    outer loop
      vertex -4.4491e+0 8.7319e+0 1.8444e+2
      vertex -5.8111e+0 1.1405e+1 1.8444e+2
      vertex -4.9000e+0 8.4870e+0 1.8444e+2
    endloop
  endfacet
  facet normal 0.0000e+0 0.0000e+0 1.0000e+0
    outer loop
      vertex -4.9000e+0 8.4870e+0 1.8444e+2
      vertex -5.8111e+0 1.1405e+1 1.8444e+2
      vertex -6.4000e+0 1.1085e+1 1.8444e+2
    endloop
  endfacet
  facet normal 5.2250e-1 -8.5264e-1 0.0000e+0
    outer loop
      vertex -7.6000e+0 1.3164e+1 0.0000e+0
      vertex -7.6000e+0 1.3164e+1 1.6200e+2
      vertex -8.2785e+0 1.2748e+1 0.0000e+0
    endloop
  endfacet
  facet normal 5.2250e-1 -8.5264e-1 0.0000e+0
    outer loop
      vertex -8.2785e+0 1.2748e+1 0.0000e+0
      vertex -7.6000e+0 1.3164e+1 1.6200e+2
      vertex -8.2785e+0 1.2748e+1 1.6200e+2
    endloop
  endfacet
  facet normal -5.2250e-1 8.5264e-1 0.0000e+0
    outer loop
      vertex -9.1000e+0 1.5762e+1 0.0000e+0
      vertex -9.9124e+0 1.5264e+1 0.0000e+0
      vertex -9.1000e+0 1.5762e+1 1.6200e+2
    endloop
  endfacet
  facet normal -5.2250e-1 8.5264e-1 0.0000e+0
    outer loop
      vertex -9.9124e+0 1.5264e+1 0.0000e+0
      vertex -9.9124e+0 1.5264e+1 1.6200e+2
      vertex -9.1000e+0 1.5762e+1 1.6200e+2
    endloop
  endfacet
  facet normal 3.6953e-1 -6.0301e-1 -7.0699e-1
    outer loop
      vertex -7.6000e+0 1.3164e+1 1.6200e+2
      vertex -3.1000e+0 5.3694e+0 1.7100e+2
      vertex -8.2785e+0 1.2748e+1 1.6200e+2
    endloop
  endfacet
  facet normal 3.6953e-1 -6.0301e-1 -7.0699e-1
    outer loop
      vertex -8.2785e+0 1.2748e+1 1.6200e+2
      vertex -3.1000e+0 5.3694e+0 1.7100e+2
      vertex -3.3768e+0 5.1998e+0 1.7100e+2
    endloop
  endfacet
  facet normal -3.6953e-1 6.0301e-1 7.0699e-1
    outer loop
      vertex -9.1000e+0 1.5762e+1 1.6200e+2
      vertex -9.9124e+0 1.5264e+1 1.6200e+2
      vertex -4.6000e+0 7.9674e+0 1.7100e+2
    endloop
  endfacet
  facet normal -3.6953e-1 6.0301e-1 7.0699e-1
    outer loop
      vertex -9.9124e+0 1.5264e+1 1.6200e+2
      vertex -5.0107e+0 7.7158e+0 1.7100e+2
      vertex -4.6000e+0 7.9674e+0 1.7100e+2
    endloop
  endfacet
  facet normal 5.0471e-1 -8.2361e-1 2.5874e-1
    outer loop
      vertex -3.1000e+0 5.3694e+0 1.7100e+2
      vertex -4.9000e+0 8.4870e+0 1.8444e+2
      vertex -3.3768e+0 5.1998e+0 1.7100e+2
    endloop
  endfacet
  facet normal 5.0471e-1 -8.2361e-1 2.5874e-1
    outer loop
      vertex -3.3768e+0 5.1998e+0 1.7100e+2
      vertex -4.9000e+0 8.4870e+0 1.8444e+2
      vertex -5.3375e+0 8.2190e+0 1.8444e+2
    endloop
  endfacet
  facet normal -5.0471e-1 8.2361e-1 -2.5874e-1
    outer loop
      vertex -4.6000e+0 7.9674e+0 1.7100e+2
      vertex -5.0107e+0 7.7158e+0 1.7100e+2
      vertex -6.4000e+0 1.1085e+1 1.8444e+2
    endloop
  endfacet
  facet normal -5.0471e-1 8.2361e-1 -2.5874e-1
    outer loop
      vertex -5.0107e+0 7.7158e+0 1.7100e+2
      vertex -6.9714e+0 1.0735e+1 1.8444e+2
      vertex -6.4000e+0 1.1085e+1 1.8444e+2
    endloop
  endfacet
  facet normal 0.0000e+0 0.0000e+0 -1.0000e+0
    outer loop
      vertex -7.6000e+0 1.3164e+1 0.0000e+0
      vertex -8.2785e+0 1.2748e+1 0.0000e+0
      vertex -9.1000e+0 1.5762e+1 0.0000e+0
    endloop
  endfacet
  facet normal 0.0000e+0 0.0000e+0 -1.0000e+0
    outer loop
      vertex -8.2785e+0 1.2748e+1 0.0000e+0
      vertex -9.9124e+0 1.5264e+1 0.0000e+0
      vertex -9.1000e+0 1.5762e+1 0.0000e+0
    endloop
  endfacet
  facet normal 0.0000e+0 0.0000e+0 1.0000e+0
    outer loop
      vertex -4.9000e+0 8.4870e+0 1.8444e+2
      vertex -6.4000e+0 1.1085e+1 1.8444e+2
      vertex -5.3375e+0 8.2190e+0 1.8444e+2
    endloop
  endfacet
  facet normal 0.0000e+0 0.0000e+0 1.0000e+0
    outer loop
      vertex -5.3375e+0 8.2190e+0 1.8444e+2
      vertex -6.4000e+0 1.1085e+1 1.8444e+2
      vertex -6.9714e+0 1.0735e+1 1.8444e+2
    endloop
  endfacet
  facet normal 5.6641e-1 -8.2413e-1 0.0000e+0
    outer loop
      vertex -8.2785e+0 1.2748e+1 0.0000e+0
      vertex -8.2785e+0 1.2748e+1 1.6200e+2
      vertex -8.9343e+0 1.2297e+1 0.0000e+0
    endloop
  endfacet
  facet normal 5.6641e-1 -8.2413e-1 0.0000e+0
    outer loop
      vertex -8.9343e+0 1.2297e+1 0.0000e+0
      vertex -8.2785e+0 1.2748e+1 1.6200e+2
      vertex -8.9343e+0 1.2297e+1 1.6200e+2
    endloop
  endfacet
  facet normal -5.6641e-1 8.2413e-1 0.0000e+0
    outer loop
      vertex -9.9124e+0 1.5264e+1 0.0000e+0
      vertex -1.0698e+1 1.4724e+1 0.0000e+0
      vertex -9.9124e+0 1.5264e+1 1.6200e+2
    endloop
  endfacet
  facet normal -5.6641e-1 8.2413e-1 0.0000e+0
    outer loop
      vertex -1.0698e+1 1.4724e+1 0.0000e+0
      vertex -1.0698e+1 1.4724e+1 1.6200e+2
      vertex -9.9124e+0 1.5264e+1 1.6200e+2
    endloop
  endfacet
  facet normal 4.0058e-1 -5.8285e-1 -7.0699e-1
    outer loop
      vertex -8.2785e+0 1.2748e+1 1.6200e+2
      vertex -3.3768e+0 5.1998e+0 1.7100e+2
      vertex -8.9343e+0 1.2297e+1 1.6200e+2
    endloop
  endfacet
  facet normal 4.0058e-1 -5.8285e-1 -7.0699e-1
    outer loop
      vertex -8.9343e+0 1.2297e+1 1.6200e+2
      vertex -3.3768e+0 5.1998e+0 1.7100e+2
      vertex -3.6443e+0 5.0159e+0 1.7100e+2
    endloop
  endfacet
  facet normal -4.0058e-1 5.8285e-1 7.0699e-1
    outer loop
      vertex -9.9124e+0 1.5264e+1 1.6200e+2
      vertex -1.0698e+1 1.4724e+1 1.6200e+2
      vertex -5.0107e+0 7.7158e+0 1.7100e+2
    endloop
  endfacet
  facet normal -4.0058e-1 5.8285e-1 7.0699e-1
    outer loop
      vertex -1.0698e+1 1.4724e+1 1.6200e+2
      vertex -5.4076e+0 7.4430e+0 1.7100e+2
      vertex -5.0107e+0 7.7158e+0 1.7100e+2
    endloop
  endfacet
  facet normal 5.4712e-1 -7.9606e-1 2.5874e-1
    outer loop
      vertex -3.3768e+0 5.1998e+0 1.7100e+2
      vertex -5.3375e+0 8.2190e+0 1.8444e+2
      vertex -3.6443e+0 5.0159e+0 1.7100e+2
    endloop
  endfacet
  facet normal 5.4712e-1 -7.9606e-1 2.5874e-1
    outer loop
      vertex -3.6443e+0 5.0159e+0 1.7100e+2
      vertex -5.3375e+0 8.2190e+0 1.8444e+2
      vertex -5.7603e+0 7.9284e+0 1.8444e+2
    endloop
  endfacet
  facet normal -5.4712e-1 7.9606e-1 -2.5874e-1
    outer loop
      vertex -5.0107e+0 7.7158e+0 1.7100e+2
      vertex -5.4076e+0 7.4430e+0 1.7100e+2
      vertex -6.9714e+0 1.0735e+1 1.8444e+2
    endloop
  endfacet
  facet normal -5.4712e-1 7.9606e-1 -2.5874e-1
    outer loop
      vertex -5.4076e+0 7.4430e+0 1.7100e+2
      vertex -7.5237e+0 1.0355e+1 1.8444e+2
      vertex -6.9714e+0 1.0735e+1 1.8444e+2
    endloop
  endfacet
  facet normal 0.0000e+0 0.0000e+0 -1.0000e+0
    outer loop
      vertex -8.2785e+0 1.2748e+1 0.0000e+0
      vertex -8.9343e+0 1.2297e+1 0.0000e+0
      vertex -9.9124e+0 1.5264e+1 0.0000e+0
    endloop
  endfacet
  facet normal 0.0000e+0 0.0000e+0 -1.0000e+0
    outer loop
      vertex -8.9343e+0 1.2297e+1 0.0000e+0
      vertex -1.0698e+1 1.4724e+1 0.0000e+0
      vertex -9.9124e+0 1.5264e+1 0.0000e+0
    endloop
  endfacet
  facet normal 0.0000e+0 0.0000e+0 1.0000e+0
    outer loop
      vertex -5.3375e+0 8.2190e+0 1.8444e+2
      vertex -6.9714e+0 1.0735e+1 1.8444e+2
      vertex -5.7603e+0 7.9284e+0 1.8444e+2
    endloop
  endfacet
  facet normal 0.0000e+0 0.0000e+0 1.0000e+0
    outer loop
      vertex -5.7603e+0 7.9284e+0 1.8444e+2
      vertex -6.9714e+0 1.0735e+1 1.8444e+2
      vertex -7.5237e+0 1.0355e+1 1.8444e+2
    endloop
  endfacet
  facet normal 6.0876e-1 -7.9335e-1 0.0000e+0
    outer loop
      vertex -8.9343e+0 1.2297e+1 0.0000e+0
      vertex -8.9343e+0 1.2297e+1 1.6200e+2
      vertex -9.5657e+0 1.1813e+1 0.0000e+0
    endloop
  endfacet
  facet normal 6.0876e-1 -7.9335e-1 0.0000e+0
    outer loop
      vertex -9.5657e+0 1.1813e+1 0.0000e+0
      vertex -8.9343e+0 1.2297e+1 1.6200e+2
      vertex -9.5657e+0 1.1813e+1 1.6200e+2
    endloop
  endfacet
  facet normal -6.0876e-1 7.9335e-1 0.0000e+0
    outer loop
      vertex -1.0698e+1 1.4724e+1 0.0000e+0
      vertex -1.1454e+1 1.4144e+1 0.0000e+0
      vertex -1.0698e+1 1.4724e+1 1.6200e+2
    endloop
  endfacet
  facet normal -6.0876e-1 7.9335e-1 0.0000e+0
    outer loop
      vertex -1.1454e+1 1.4144e+1 0.0000e+0
      vertex -1.1454e+1 1.4144e+1 1.6200e+2
      vertex -1.0698e+1 1.4724e+1 1.6200e+2
    endloop
  endfacet
  facet normal 4.3053e-1 -5.6108e-1 -7.0699e-1
    outer loop
      vertex -8.9343e+0 1.2297e+1 1.6200e+2
      vertex -3.6443e+0 5.0159e+0 1.7100e+2
      vertex -9.5657e+0 1.1813e+1 1.6200e+2
    endloop
  endfacet
  facet normal 4.3053e-1 -5.6108e-1 -7.0699e-1
    outer loop
      vertex -9.5657e+0 1.1813e+1 1.6200e+2
      vertex -3.6443e+0 5.0159e+0 1.7100e+2
      vertex -3.9018e+0 4.8183e+0 1.7100e+2
    endloop
  endfacet
  facet normal -4.3053e-1 5.6108e-1 7.0699e-1
    outer loop
      vertex -1.0698e+1 1.4724e+1 1.6200e+2
      vertex -1.1454e+1 1.4144e+1 1.6200e+2
      vertex -5.4076e+0 7.4430e+0 1.7100e+2
    endloop
  endfacet
  facet normal -4.3053e-1 5.6108e-1 7.0699e-1
    outer loop
      vertex -1.1454e+1 1.4144e+1 1.6200e+2
      vertex -5.7897e+0 7.1497e+0 1.7100e+2
      vertex -5.4076e+0 7.4430e+0 1.7100e+2
    endloop
  endfacet
  facet normal 5.8803e-1 -7.6634e-1 2.5874e-1
    outer loop
      vertex -3.6443e+0 5.0159e+0 1.7100e+2
      vertex -5.7603e+0 7.9284e+0 1.8444e+2
      vertex -3.9018e+0 4.8183e+0 1.7100e+2
    endloop
  endfacet
  facet normal 5.8803e-1 -7.6634e-1 2.5874e-1
    outer loop
      vertex -3.9018e+0 4.8183e+0 1.7100e+2
      vertex -5.7603e+0 7.9284e+0 1.8444e+2
      vertex -6.1673e+0 7.6160e+0 1.8444e+2
    endloop
  endfacet
  facet normal -5.8803e-1 7.6634e-1 -2.5874e-1
    outer loop
      vertex -5.4076e+0 7.4430e+0 1.7100e+2
      vertex -5.7897e+0 7.1497e+0 1.7100e+2
      vertex -7.5237e+0 1.0355e+1 1.8444e+2
    endloop
  endfacet
  facet normal -5.8803e-1 7.6634e-1 -2.5874e-1
    outer loop
      vertex -5.7897e+0 7.1497e+0 1.7100e+2
      vertex -8.0553e+0 9.9475e+0 1.8444e+2
      vertex -7.5237e+0 1.0355e+1 1.8444e+2
    endloop
  endfacet
  facet normal 0.0000e+0 0.0000e+0 -1.0000e+0
    outer loop
      vertex -8.9343e+0 1.2297e+1 0.0000e+0
      vertex -9.5657e+0 1.1813e+1 0.0000e+0
      vertex -1.0698e+1 1.4724e+1 0.0000e+0
    endloop
  endfacet
  facet normal 0.0000e+0 0.0000e+0 -1.0000e+0
    outer loop
      vertex -9.5657e+0 1.1813e+1 0.0000e+0
      vertex -1.1454e+1 1.4144e+1 0.0000e+0
      vertex -1.0698e+1 1.4724e+1 0.0000e+0
    endloop
  endfacet
  facet normal 0.0000e+0 0.0000e+0 1.0000e+0
    outer loop
      vertex -5.7603e+0 7.9284e+0 1.8444e+2
      vertex -7.5237e+0 1.0355e+1 1.8444e+2
      vertex -6.1673e+0 7.6160e+0 1.8444e+2
    endloop
  endfacet
  facet normal 0.0000e+0 0.0000e+0 1.0000e+0
    outer loop
      vertex -6.1673e+0 7.6160e+0 1.8444e+2
      vertex -7.5237e+0 1.0355e+1 1.8444e+2
      vertex -8.0553e+0 9.9475e+0 1.8444e+2
    endloop
  endfacet
  facet normal 6.4945e-1 -7.6041e-1 0.0000e+0
    outer loop
      vertex -9.5657e+0 1.1813e+1 0.0000e+0
      vertex -9.5657e+0 1.1813e+1 1.6200e+2
      vertex -1.0171e+1 1.1296e+1 0.0000e+0
    endloop
  endfacet
  facet normal 6.4945e-1 -7.6041e-1 0.0000e+0
    outer loop
      vertex -1.0171e+1 1.1296e+1 0.0000e+0
      vertex -9.5657e+0 1.1813e+1 1.6200e+2
      vertex -1.0171e+1 1.1296e+1 1.6200e+2
    endloop
  endfacet
  facet normal -6.4945e-1 7.6041e-1 0.0000e+0
    outer loop
      vertex -1.1454e+1 1.4144e+1 0.0000e+0
      vertex -1.2178e+1 1.3525e+1 0.0000e+0
      vertex -1.1454e+1 1.4144e+1 1.6200e+2
    endloop
  endfacet
  facet normal -6.4945e-1 7.6041e-1 0.0000e+0
    outer loop
      vertex -1.2178e+1 1.3525e+1 0.0000e+0
      vertex -1.2178e+1 1.3525e+1 1.6200e+2
      vertex -1.1454e+1 1.4144e+1 1.6200e+2
    endloop
  endfacet
  facet normal 4.5931e-1 -5.3778e-1 -7.0699e-1
    outer loop
      vertex -9.5657e+0 1.1813e+1 1.6200e+2
      vertex -3.9018e+0 4.8183e+0 1.7100e+2
      vertex -1.0171e+1 1.1296e+1 1.6200e+2
    endloop
  endfacet
  facet normal 4.5931e-1 -5.3778e-1 -7.0699e-1
    outer loop
      vertex -1.0171e+1 1.1296e+1 1.6200e+2
      vertex -3.9018e+0 4.8183e+0 1.7100e+2
      vertex -4.1486e+0 4.6075e+0 1.7100e+2
    endloop
  endfacet
  facet normal -4.5931e-1 5.3778e-1 7.0699e-1
    outer loop
      vertex -1.1454e+1 1.4144e+1 1.6200e+2
      vertex -1.2178e+1 1.3525e+1 1.6200e+2
      vertex -5.7897e+0 7.1497e+0 1.7100e+2
    endloop
  endfacet
  facet normal -4.5931e-1 5.3778e-1 7.0699e-1
    outer loop
      vertex -1.2178e+1 1.3525e+1 1.6200e+2
      vertex -6.1560e+0 6.8369e+0 1.7100e+2
      vertex -5.7897e+0 7.1497e+0 1.7100e+2
    endloop
  endfacet
  facet normal 6.2733e-1 -7.3451e-1 2.5874e-1
    outer loop
      vertex -3.9018e+0 4.8183e+0 1.7100e+2
      vertex -6.1673e+0 7.6160e+0 1.8444e+2
      vertex -4.1486e+0 4.6075e+0 1.7100e+2
    endloop
  endfacet
  facet normal 6.2733e-1 -7.3451e-1 2.5874e-1
    outer loop
      vertex -4.1486e+0 4.6075e+0 1.7100e+2
      vertex -6.1673e+0 7.6160e+0 1.8444e+2
      vertex -6.5575e+0 7.2828e+0 1.8444e+2
    endloop
  endfacet
  facet normal -6.2733e-1 7.3451e-1 -2.5874e-1
    outer loop
      vertex -5.7897e+0 7.1497e+0 1.7100e+2
      vertex -6.1560e+0 6.8369e+0 1.7100e+2
      vertex -8.0553e+0 9.9475e+0 1.8444e+2
    endloop
  endfacet
  facet normal -6.2733e-1 7.3451e-1 -2.5874e-1
    outer loop
      vertex -6.1560e+0 6.8369e+0 1.7100e+2
      vertex -8.5649e+0 9.5123e+0 1.8444e+2
      vertex -8.0553e+0 9.9475e+0 1.8444e+2
    endloop
  endfacet
  facet normal 0.0000e+0 0.0000e+0 -1.0000e+0
    outer loop
      vertex -9.5657e+0 1.1813e+1 0.0000e+0
      vertex -1.0171e+1 1.1296e+1 0.0000e+0
      vertex -1.1454e+1 1.4144e+1 0.0000e+0
    endloop
  endfacet
  facet normal 0.0000e+0 0.0000e+0 -1.0000e+0
    outer loop
      vertex -1.0171e+1 1.1296e+1 0.0000e+0
      vertex -1.2178e+1 1.3525e+1 0.0000e+0
      vertex -1.1454e+1 1.4144e+1 0.0000e+0
    endloop
  endfacet
  facet normal 0.0000e+0 0.0000e+0 1.0000e+0
    outer loop
      vertex -6.1673e+0 7.6160e+0 1.8444e+2
      vertex -8.0553e+0 9.9475e+0 1.8444e+2
      vertex -6.5575e+0 7.2828e+0 1.8444e+2
    endloop
  endfacet
  facet normal 0.0000e+0 0.0000e+0 1.0000e+0
    outer loop
      vertex -6.5575e+0 7.2828e+0 1.8444e+2
      vertex -8.0553e+0 9.9475e+0 1.8444e+2
      vertex -8.5649e+0 9.5123e+0 1.8444e+2
    endloop
  endfacet
  facet normal 6.8835e-1 -7.2537e-1 0.0000e+0
    outer loop
      vertex -1.0171e+1 1.1296e+1 0.0000e+0
      vertex -1.0171e+1 1.1296e+1 1.6200e+2
      vertex -1.0748e+1 1.0748e+1 0.0000e+0
    endloop
  endfacet
  facet normal 6.8835e-1 -7.2537e-1 0.0000e+0
    outer loop
      vertex -1.0748e+1 1.0748e+1 0.0000e+0
      vertex -1.0171e+1 1.1296e+1 1.6200e+2
      vertex -1.0748e+1 1.0748e+1 1.6200e+2
    endloop
  endfacet
  facet normal -6.8835e-1 7.2537e-1 0.0000e+0
    outer loop
      vertex -1.2178e+1 1.3525e+1 0.0000e+0
      vertex -1.2869e+1 1.2869e+1 0.0000e+0
      vertex -1.2178e+1 1.3525e+1 1.6200e+2
    endloop
  endfacet
  facet normal -6.8835e-1 7.2537e-1 0.0000e+0
    outer loop
      vertex -1.2869e+1 1.2869e+1 0.0000e+0
      vertex -1.2869e+1 1.2869e+1 1.6200e+2
      vertex -1.2178e+1 1.3525e+1 1.6200e+2
    endloop
  endfacet
  facet normal 4.8682e-1 -5.1301e-1 -7.0699e-1
    outer loop
      vertex -1.0171e+1 1.1296e+1 1.6200e+2
      vertex -4.1486e+0 4.6075e+0 1.7100e+2
      vertex -1.0748e+1 1.0748e+1 1.6200e+2
    endloop
  endfacet
  facet normal 4.8682e-1 -5.1301e-1 -7.0699e-1
    outer loop
      vertex -1.0748e+1 1.0748e+1 1.6200e+2
      vertex -4.1486e+0 4.6075e+0 1.7100e+2
      vertex -4.3841e+0 4.3841e+0 1.7100e+2
    endloop
  endfacet
  facet normal -4.8682e-1 5.1301e-1 7.0699e-1
    outer loop
      vertex -1.2178e+1 1.3525e+1 1.6200e+2
      vertex -1.2869e+1 1.2869e+1 1.6200e+2
      vertex -6.1560e+0 6.8369e+0 1.7100e+2
    endloop
  endfacet
  facet normal -4.8682e-1 5.1301e-1 7.0699e-1
    outer loop
      vertex -1.2869e+1 1.2869e+1 1.6200e+2
      vertex -6.5054e+0 6.5054e+0 1.7100e+2
      vertex -6.1560e+0 6.8369e+0 1.7100e+2
    endloop
  endfacet
  facet normal 6.6491e-1 -7.0067e-1 2.5874e-1
    outer loop
      vertex -4.1486e+0 4.6075e+0 1.7100e+2
      vertex -6.5575e+0 7.2828e+0 1.8444e+2
      vertex -4.3841e+0 4.3841e+0 1.7100e+2
    endloop
  endfacet
  facet normal 6.6491e-1 -7.0067e-1 2.5874e-1
    outer loop
      vertex -4.3841e+0 4.3841e+0 1.7100e+2
      vertex -6.5575e+0 7.2828e+0 1.8444e+2
      vertex -6.9296e+0 6.9296e+0 1.8444e+2
    endloop
  endfacet
  facet normal -6.6491e-1 7.0067e-1 -2.5874e-1
    outer loop
      vertex -6.1560e+0 6.8369e+0 1.7100e+2
      vertex -6.5054e+0 6.5054e+0 1.7100e+2
      vertex -8.5649e+0 9.5123e+0 1.8444e+2
    endloop
  endfacet
  facet normal -6.6491e-1 7.0067e-1 -2.5874e-1
    outer loop
      vertex -6.5054e+0 6.5054e+0 1.7100e+2
      vertex -9.0510e+0 9.0510e+0 1.8444e+2
      vertex -8.5649e+0 9.5123e+0 1.8444e+2
    endloop
  endfacet
  facet normal 0.0000e+0 0.0000e+0 -1.0000e+0
    outer loop
      vertex -1.0171e+1 1.1296e+1 0.0000e+0
      vertex -1.0748e+1 1.0748e+1 0.0000e+0
      vertex -1.2178e+1 1.3525e+1 0.0000e+0
    endloop
  endfacet
  facet normal 0.0000e+0 0.0000e+0 -1.0000e+0
    outer loop
      vertex -1.0748e+1 1.0748e+1 0.0000e+0
      vertex -1.2869e+1 1.2869e+1 0.0000e+0
      vertex -1.2178e+1 1.3525e+1 0.0000e+0
    endloop
  endfacet
  facet normal 0.0000e+0 0.0000e+0 1.0000e+0
    outer loop
      vertex -6.5575e+0 7.2828e+0 1.8444e+2
      vertex -8.5649e+0 9.5123e+0 1.8444e+2
      vertex -6.9296e+0 6.9296e+0 1.8444e+2
    endloop
  endfacet
  facet normal 0.0000e+0 0.0000e+0 1.0000e+0
    outer loop
      vertex -6.9296e+0 6.9296e+0 1.8444e+2
      vertex -8.5649e+0 9.5123e+0 1.8444e+2
      vertex -9.0510e+0 9.0510e+0 1.8444e+2
    endloop
  endfacet
  facet normal 7.2537e-1 -6.8835e-1 0.0000e+0
    outer loop
      vertex -1.0748e+1 1.0748e+1 0.0000e+0
      vertex -1.0748e+1 1.0748e+1 1.6200e+2
      vertex -1.1296e+1 1.0171e+1 0.0000e+0
    endloop
  endfacet
  facet normal 7.2537e-1 -6.8835e-1 0.0000e+0
    outer loop
      vertex -1.1296e+1 1.0171e+1 0.0000e+0
      vertex -1.0748e+1 1.0748e+1 1.6200e+2
      vertex -1.1296e+1 1.0171e+1 1.6200e+2
    endloop
  endfacet
  facet normal -7.2537e-1 6.8835e-1 0.0000e+0
    outer loop
      vertex -1.2869e+1 1.2869e+1 0.0000e+0
      vertex -1.3525e+1 1.2178e+1 0.0000e+0
      vertex -1.2869e+1 1.2869e+1 1.6200e+2
    endloop
  endfacet
  facet normal -7.2537e-1 6.8835e-1 0.0000e+0
    outer loop
      vertex -1.3525e+1 1.2178e+1 0.0000e+0
      vertex -1.3525e+1 1.2178e+1 1.6200e+2
      vertex -1.2869e+1 1.2869e+1 1.6200e+2
    endloop
  endfacet
  facet normal 5.1301e-1 -4.8682e-1 -7.0699e-1
    outer loop
      vertex -1.0748e+1 1.0748e+1 1.6200e+2
      vertex -4.3841e+0 4.3841e+0 1.7100e+2
      vertex -1.1296e+1 1.0171e+1 1.6200e+2
    endloop
  endfacet
  facet normal 5.1301e-1 -4.8682e-1 -7.0699e-1
    outer loop
      vertex -1.1296e+1 1.0171e+1 1.6200e+2
      vertex -4.3841e+0 4.3841e+0 1.7100e+2
      vertex -4.6075e+0 4.1486e+0 1.7100e+2
    endloop
  endfacet
  facet normal -5.1301e-1 4.8682e-1 7.0699e-1
    outer loop
      vertex -1.2869e+1 1.2869e+1 1.6200e+2
      vertex -1.3525e+1 1.2178e+1 1.6200e+2
      vertex -6.5054e+0 6.5054e+0 1.7100e+2
    endloop
  endfacet
  facet normal -5.1301e-1 4.8682e-1 7.0699e-1
    outer loop
      vertex -1.3525e+1 1.2178e+1 1.6200e+2
      vertex -6.8369e+0 6.1560e+0 1.7100e+2
      vertex -6.5054e+0 6.5054e+0 1.7100e+2
    endloop
  endfacet
  facet normal 7.0067e-1 -6.6491e-1 2.5874e-1
    outer loop
      vertex -4.3841e+0 4.3841e+0 1.7100e+2
      vertex -6.9296e+0 6.9296e+0 1.8444e+2
      vertex -4.6075e+0 4.1486e+0 1.7100e+2
    endloop
  endfacet
  facet normal 7.0067e-1 -6.6491e-1 2.5874e-1
    outer loop
      vertex -4.6075e+0 4.1486e+0 1.7100e+2
      vertex -6.9296e+0 6.9296e+0 1.8444e+2
      vertex -7.2828e+0 6.5575e+0 1.8444e+2
    endloop
  endfacet
  facet normal -7.0067e-1 6.6491e-1 -2.5874e-1
    outer loop
      vertex -6.5054e+0 6.5054e+0 1.7100e+2
      vertex -6.8369e+0 6.1560e+0 1.7100e+2
      vertex -9.0510e+0 9.0510e+0 1.8444e+2
    endloop
  endfacet
  facet normal -7.0067e-1 6.6491e-1 -2.5874e-1
    outer loop
      vertex -6.8369e+0 6.1560e+0 1.7100e+2
      vertex -9.5123e+0 8.5649e+0 1.8444e+2
      vertex -9.0510e+0 9.0510e+0 1.8444e+2
    endloop
  endfacet
  facet normal 0.0000e+0 0.0000e+0 -1.0000e+0
    outer loop
      vertex -1.0748e+1 1.0748e+1 0.0000e+0
      vertex -1.1296e+1 1.0171e+1 0.0000e+0
      vertex -1.2869e+1 1.2869e+1 0.0000e+0
    endloop
  endfacet
  facet normal 0.0000e+0 0.0000e+0 -1.0000e+0
    outer loop
      vertex -1.1296e+1 1.0171e+1 0.0000e+0
      vertex -1.3525e+1 1.2178e+1 0.0000e+0
      vertex -1.2869e+1 1.2869e+1 0.0000e+0
    endloop
  endfacet
  facet normal 0.0000e+0 0.0000e+0 1.0000e+0
    outer loop
      vertex -6.9296e+0 6.9296e+0 1.8444e+2
      vertex -9.0510e+0 9.0510e+0 1.8444e+2
      vertex -7.2828e+0 6.5575e+0 1.8444e+2
    endloop
  endfacet
  facet normal 0.0000e+0 0.0000e+0 1.0000e+0
    outer loop
      vertex -7.2828e+0 6.5575e+0 1.8444e+2
      vertex -9.0510e+0 9.0510e+0 1.8444e+2
      vertex -9.5123e+0 8.5649e+0 1.8444e+2
    endloop
  endfacet
  facet normal 7.6041e-1 -6.4945e-1 0.0000e+0
    outer loop
      vertex -1.1296e+1 1.0171e+1 0.0000e+0
      vertex -1.1296e+1 1.0171e+1 1.6200e+2
      vertex -1.1813e+1 9.5657e+0 0.0000e+0
    endloop
  endfacet
  facet normal 7.6041e-1 -6.4945e-1 0.0000e+0
    outer loop
      vertex -1.1813e+1 9.5657e+0 0.0000e+0
      vertex -1.1296e+1 1.0171e+1 1.6200e+2
      vertex -1.1813e+1 9.5657e+0 1.6200e+2
    endloop
  endfacet
  facet normal -7.6041e-1 6.4945e-1 0.0000e+0
    outer loop
      vertex -1.3525e+1 1.2178e+1 0.0000e+0
      vertex -1.4144e+1 1.1454e+1 0.0000e+0
      vertex -1.3525e+1 1.2178e+1 1.6200e+2
    endloop
  endfacet
  facet normal -7.6041e-1 6.4945e-1 0.0000e+0
    outer loop
      vertex -1.4144e+1 1.1454e+1 0.0000e+0
      vertex -1.4144e+1 1.1454e+1 1.6200e+2
      vertex -1.3525e+1 1.2178e+1 1.6200e+2
    endloop
  endfacet
  facet normal 5.3778e-1 -4.5931e-1 -7.0699e-1
    outer loop
      vertex -1.1296e+1 1.0171e+1 1.6200e+2
      vertex -4.6075e+0 4.1486e+0 1.7100e+2
      vertex -1.1813e+1 9.5657e+0 1.6200e+2
    endloop
  endfacet
  facet normal 5.3778e-1 -4.5931e-1 -7.0699e-1
    outer loop
      vertex -1.1813e+1 9.5657e+0 1.6200e+2
      vertex -4.6075e+0 4.1486e+0 1.7100e+2
      vertex -4.8183e+0 3.9018e+0 1.7100e+2
    endloop
  endfacet
  facet normal -5.3778e-1 4.5931e-1 7.0699e-1
    outer loop
      vertex -1.3525e+1 1.2178e+1 1.6200e+2
      vertex -1.4144e+1 1.1454e+1 1.6200e+2
      vertex -6.8369e+0 6.1560e+0 1.7100e+2
    endloop
  endfacet
  facet normal -5.3778e-1 4.5931e-1 7.0699e-1
    outer loop
      vertex -1.4144e+1 1.1454e+1 1.6200e+2
      vertex -7.1497e+0 5.7897e+0 1.7100e+2
      vertex -6.8369e+0 6.1560e+0 1.7100e+2
    endloop
  endfacet
  facet normal 7.3451e-1 -6.2733e-1 2.5874e-1
    outer loop
      vertex -4.6075e+0 4.1486e+0 1.7100e+2
      vertex -7.2828e+0 6.5575e+0 1.8444e+2
      vertex -4.8183e+0 3.9018e+0 1.7100e+2
    endloop
  endfacet
  facet normal 7.3451e-1 -6.2733e-1 2.5874e-1
    outer loop
      vertex -4.8183e+0 3.9018e+0 1.7100e+2
      vertex -7.2828e+0 6.5575e+0 1.8444e+2
      vertex -7.6160e+0 6.1673e+0 1.8444e+2
    endloop
  endfacet
  facet normal -7.3451e-1 6.2733e-1 -2.5874e-1
    outer loop
      vertex -6.8369e+0 6.1560e+0 1.7100e+2
      vertex -7.1497e+0 5.7897e+0 1.7100e+2
      vertex -9.5123e+0 8.5649e+0 1.8444e+2
    endloop
  endfacet
  facet normal -7.3451e-1 6.2733e-1 -2.5874e-1
    outer loop
      vertex -7.1497e+0 5.7897e+0 1.7100e+2
      vertex -9.9475e+0 8.0553e+0 1.8444e+2
      vertex -9.5123e+0 8.5649e+0 1.8444e+2
    endloop
  endfacet
  facet normal 0.0000e+0 0.0000e+0 -1.0000e+0
    outer loop
      vertex -1.1296e+1 1.0171e+1 0.0000e+0
      vertex -1.1813e+1 9.5657e+0 0.0000e+0
      vertex -1.3525e+1 1.2178e+1 0.0000e+0
    endloop
  endfacet
  facet normal 0.0000e+0 0.0000e+0 -1.0000e+0
    outer loop
      vertex -1.1813e+1 9.5657e+0 0.0000e+0
      vertex -1.4144e+1 1.1454e+1 0.0000e+0
      vertex -1.3525e+1 1.2178e+1 0.0000e+0
    endloop
  endfacet
  facet normal 0.0000e+0 0.0000e+0 1.0000e+0
    outer loop
      vertex -7.2828e+0 6.5575e+0 1.8444e+2
      vertex -9.5123e+0 8.5649e+0 1.8444e+2
      vertex -7.6160e+0 6.1673e+0 1.8444e+2
    endloop
  endfacet
  facet normal 0.0000e+0 0.0000e+0 1.0000e+0
    outer loop
      vertex -7.6160e+0 6.1673e+0 1.8444e+2
      vertex -9.5123e+0 8.5649e+0 1.8444e+2
      vertex -9.9475e+0 8.0553e+0 1.8444e+2
    endloop
  endfacet
  facet normal 7.9335e-1 -6.0876e-1 0.0000e+0
    outer loop
      vertex -1.1813e+1 9.5657e+0 0.0000e+0
      vertex -1.1813e+1 9.5657e+0 1.6200e+2
      vertex -1.2297e+1 8.9343e+0 0.0000e+0
    endloop
  endfacet
  facet normal 7.9335e-1 -6.0876e-1 0.0000e+0
    outer loop
      vertex -1.2297e+1 8.9343e+0 0.0000e+0
      vertex -1.1813e+1 9.5657e+0 1.6200e+2
      vertex -1.2297e+1 8.9343e+0 1.6200e+2
    endloop
  endfacet
  facet normal -7.9335e-1 6.0876e-1 0.0000e+0
    outer loop
      vertex -1.4144e+1 1.1454e+1 0.0000e+0
      vertex -1.4724e+1 1.0698e+1 0.0000e+0
      vertex -1.4144e+1 1.1454e+1 1.6200e+2
    endloop
  endfacet
  facet normal -7.9335e-1 6.0876e-1 0.0000e+0
    outer loop
      vertex -1.4724e+1 1.0698e+1 0.0000e+0
      vertex -1.4724e+1 1.0698e+1 1.6200e+2
      vertex -1.4144e+1 1.1454e+1 1.6200e+2
    endloop
  endfacet
  facet normal 5.6108e-1 -4.3053e-1 -7.0699e-1
    outer loop
      vertex -1.1813e+1 9.5657e+0 1.6200e+2
      vertex -4.8183e+0 3.9018e+0 1.7100e+2
      vertex -1.2297e+1 8.9343e+0 1.6200e+2
    endloop
  endfacet
  facet normal 5.6108e-1 -4.3053e-1 -7.0699e-1
    outer loop
      vertex -1.2297e+1 8.9343e+0 1.6200e+2
      vertex -4.8183e+0 3.9018e+0 1.7100e+2
      vertex -5.0159e+0 3.6443e+0 1.7100e+2
    endloop
  endfacet
  facet normal -5.6108e-1 4.3053e-1 7.0699e-1
    outer loop
      vertex -1.4144e+1 1.1454e+1 1.6200e+2
      vertex -1.4724e+1 1.0698e+1 1.6200e+2
      vertex -7.1497e+0 5.7897e+0 1.7100e+2
    endloop
  endfacet
  facet normal -5.6108e-1 4.3053e-1 7.0699e-1
    outer loop
      vertex -1.4724e+1 1.0698e+1 1.6200e+2
      vertex -7.4430e+0 5.4076e+0 1.7100e+2
      vertex -7.1497e+0 5.7897e+0 1.7100e+2
    endloop
  endfacet
  facet normal 7.6634e-1 -5.8803e-1 2.5874e-1
    outer loop
      vertex -4.8183e+0 3.9018e+0 1.7100e+2
      vertex -7.6160e+0 6.1673e+0 1.8444e+2
      vertex -5.0159e+0 3.6443e+0 1.7100e+2
    endloop
  endfacet
  facet normal 7.6634e-1 -5.8803e-1 2.5874e-1
    outer loop
      vertex -5.0159e+0 3.6443e+0 1.7100e+2
      vertex -7.6160e+0 6.1673e+0 1.8444e+2
      vertex -7.9284e+0 5.7603e+0 1.8444e+2
    endloop
  endfacet
  facet normal -7.6634e-1 5.8803e-1 -2.5874e-1
    outer loop
      vertex -7.1497e+0 5.7897e+0 1.7100e+2
      vertex -7.4430e+0 5.4076e+0 1.7100e+2
      vertex -9.9475e+0 8.0553e+0 1.8444e+2
    endloop
  endfacet
  facet normal -7.6634e-1 5.8803e-1 -2.5874e-1
    outer loop
      vertex -7.4430e+0 5.4076e+0 1.7100e+2
      vertex -1.0355e+1 7.5237e+0 1.8444e+2
      vertex -9.9475e+0 8.0553e+0 1.8444e+2
    endloop
  endfacet
  facet normal 0.0000e+0 0.0000e+0 -1.0000e+0
    outer loop
      vertex -1.1813e+1 9.5657e+0 0.0000e+0
      vertex -1.2297e+1 8.9343e+0 0.0000e+0
      vertex -1.4144e+1 1.1454e+1 0.0000e+0
    endloop
  endfacet
  facet normal 0.0000e+0 0.0000e+0 -1.0000e+0
    outer loop
      vertex -1.2297e+1 8.9343e+0 0.0000e+0
      vertex -1.4724e+1 1.0698e+1 0.0000e+0
      vertex -1.4144e+1 1.1454e+1 0.0000e+0
    endloop
  endfacet
  facet normal 0.0000e+0 0.0000e+0 1.0000e+0
    outer loop
      vertex -7.6160e+0 6.1673e+0 1.8444e+2
      vertex -9.9475e+0 8.0553e+0 1.8444e+2
      vertex -7.9284e+0 5.7603e+0 1.8444e+2
    endloop
  endfacet
  facet normal 0.0000e+0 0.0000e+0 1.0000e+0
    outer loop
      vertex -7.9284e+0 5.7603e+0 1.8444e+2
      vertex -9.9475e+0 8.0553e+0 1.8444e+2
      vertex -1.0355e+1 7.5237e+0 1.8444e+2
    endloop
  endfacet
  facet normal 8.2413e-1 -5.6641e-1 0.0000e+0
    outer loop
      vertex -1.2297e+1 8.9343e+0 0.0000e+0
      vertex -1.2297e+1 8.9343e+0 1.6200e+2
      vertex -1.2748e+1 8.2785e+0 0.0000e+0
    endloop
  endfacet
  facet normal 8.2413e-1 -5.6641e-1 0.0000e+0
    outer loop
      vertex -1.2748e+1 8.2785e+0 0.0000e+0
      vertex -1.2297e+1 8.9343e+0 1.6200e+2
      vertex -1.2748e+1 8.2785e+0 1.6200e+2
    endloop
  endfacet
  facet normal -8.2413e-1 5.6641e-1 0.0000e+0
    outer loop
      vertex -1.4724e+1 1.0698e+1 0.0000e+0
      vertex -1.5264e+1 9.9124e+0 0.0000e+0
      vertex -1.4724e+1 1.0698e+1 1.6200e+2
    endloop
  endfacet
  facet normal -8.2413e-1 5.6641e-1 0.0000e+0
    outer loop
      vertex -1.5264e+1 9.9124e+0 0.0000e+0
      vertex -1.5264e+1 9.9124e+0 1.6200e+2
      vertex -1.4724e+1 1.0698e+1 1.6200e+2
    endloop
  endfacet
  facet normal 5.8285e-1 -4.0058e-1 -7.0699e-1
    outer loop
      vertex -1.2297e+1 8.9343e+0 1.6200e+2
      vertex -5.0159e+0 3.6443e+0 1.7100e+2
      vertex -1.2748e+1 8.2785e+0 1.6200e+2
    endloop
  endfacet
  facet normal 5.8285e-1 -4.0058e-1 -7.0699e-1
    outer loop
      vertex -1.2748e+1 8.2785e+0 1.6200e+2
      vertex -5.0159e+0 3.6443e+0 1.7100e+2
      vertex -5.1998e+0 3.3768e+0 1.7100e+2
    endloop
  endfacet
  facet normal -5.8285e-1 4.0058e-1 7.0699e-1
    outer loop
      vertex -1.4724e+1 1.0698e+1 1.6200e+2
      vertex -1.5264e+1 9.9124e+0 1.6200e+2
      vertex -7.4430e+0 5.4076e+0 1.7100e+2
    endloop
  endfacet
  facet normal -5.8285e-1 4.0058e-1 7.0699e-1
    outer loop
      vertex -1.5264e+1 9.9124e+0 1.6200e+2
      vertex -7.7158e+0 5.0107e+0 1.7100e+2
      vertex -7.4430e+0 5.4076e+0 1.7100e+2
    endloop
  endfacet
  facet normal 7.9606e-1 -5.4712e-1 2.5874e-1
    outer loop
      vertex -5.0159e+0 3.6443e+0 1.7100e+2
      vertex -7.9284e+0 5.7603e+0 1.8444e+2
      vertex -5.1998e+0 3.3768e+0 1.7100e+2
    endloop
  endfacet
  facet normal 7.9606e-1 -5.4712e-1 2.5874e-1
    outer loop
      vertex -5.1998e+0 3.3768e+0 1.7100e+2
      vertex -7.9284e+0 5.7603e+0 1.8444e+2
      vertex -8.2190e+0 5.3375e+0 1.8444e+2
    endloop
  endfacet
  facet normal -7.9606e-1 5.4712e-1 -2.5874e-1
    outer loop
      vertex -7.4430e+0 5.4076e+0 1.7100e+2
      vertex -7.7158e+0 5.0107e+0 1.7100e+2
      vertex -1.0355e+1 7.5237e+0 1.8444e+2
    endloop
  endfacet
  facet normal -7.9606e-1 5.4712e-1 -2.5874e-1
    outer loop
      vertex -7.7158e+0 5.0107e+0 1.7100e+2
      vertex -1.0735e+1 6.9714e+0 1.8444e+2
      vertex -1.0355e+1 7.5237e+0 1.8444e+2
    endloop
  endfacet
  facet normal 0.0000e+0 0.0000e+0 -1.0000e+0
    outer loop
      vertex -1.2297e+1 8.9343e+0 0.0000e+0
      vertex -1.2748e+1 8.2785e+0 0.0000e+0
      vertex -1.4724e+1 1.0698e+1 0.0000e+0
    endloop
  endfacet
  facet normal 0.0000e+0 0.0000e+0 -1.0000e+0
    outer loop
      vertex -1.2748e+1 8.2785e+0 0.0000e+0
      vertex -1.5264e+1 9.9124e+0 0.0000e+0
      vertex -1.4724e+1 1.0698e+1 0.0000e+0
    endloop
  endfacet
  facet normal 0.0000e+0 0.0000e+0 1.0000e+0
    outer loop
      vertex -7.9284e+0 5.7603e+0 1.8444e+2
      vertex -1.0355e+1 7.5237e+0 1.8444e+2
      vertex -8.2190e+0 5.3375e+0 1.8444e+2
    endloop
  endfacet
  facet normal 0.0000e+0 0.0000e+0 1.0000e+0
    outer loop
      vertex -8.2190e+0 5.3375e+0 1.8444e+2
      vertex -1.0355e+1 7.5237e+0 1.8444e+2
      vertex -1.0735e+1 6.9714e+0 1.8444e+2
    endloop
  endfacet
  facet normal 8.5264e-1 -5.2250e-1 0.0000e+0
    outer loop
      vertex -1.2748e+1 8.2785e+0 0.0000e+0
      vertex -1.2748e+1 8.2785e+0 1.6200e+2
      vertex -1.3164e+1 7.6000e+0 0.0000e+0
    endloop
  endfacet
  facet normal 8.5264e-1 -5.2250e-1 0.0000e+0
    outer loop
      vertex -1.3164e+1 7.6000e+0 0.0000e+0
      vertex -1.2748e+1 8.2785e+0 1.6200e+2
      vertex -1.3164e+1 7.6000e+0 1.6200e+2
    endloop
  endfacet
  facet normal -8.5264e-1 5.2250e-1 0.0000e+0
    outer loop
      vertex -1.5264e+1 9.9124e+0 0.0000e+0
      vertex -1.5762e+1 9.1000e+0 0.0000e+0
      vertex -1.5264e+1 9.9124e+0 1.6200e+2
    endloop
  endfacet
  facet normal -8.5264e-1 5.2250e-1 0.0000e+0
    outer loop
      vertex -1.5762e+1 9.1000e+0 0.0000e+0
      vertex -1.5762e+1 9.1000e+0 1.6200e+2
      vertex -1.5264e+1 9.9124e+0 1.6200e+2
    endloop
  endfacet
  facet normal 6.0301e-1 -3.6953e-1 -7.0699e-1
    outer loop
      vertex -1.2748e+1 8.2785e+0 1.6200e+2
      vertex -5.1998e+0 3.3768e+0 1.7100e+2
      vertex -1.3164e+1 7.6000e+0 1.6200e+2
    endloop
  endfacet
  facet normal 6.0301e-1 -3.6953e-1 -7.0699e-1
    outer loop
      vertex -1.3164e+1 7.6000e+0 1.6200e+2
      vertex -5.1998e+0 3.3768e+0 1.7100e+2
      vertex -5.3694e+0 3.1000e+0 1.7100e+2
    endloop
  endfacet
  facet normal -6.0301e-1 3.6953e-1 7.0699e-1
    outer loop
      vertex -1.5264e+1 9.9124e+0 1.6200e+2
      vertex -1.5762e+1 9.1000e+0 1.6200e+2
      vertex -7.7158e+0 5.0107e+0 1.7100e+2
    endloop
  endfacet
  facet normal -6.0301e-1 3.6953e-1 7.0699e-1
    outer loop
      vertex -1.5762e+1 9.1000e+0 1.6200e+2
      vertex -7.9674e+0 4.6000e+0 1.7100e+2
      vertex -7.7158e+0 5.0107e+0 1.7100e+2
    endloop
  endfacet
  facet normal 8.2361e-1 -5.0471e-1 2.5874e-1
    outer loop
      vertex -5.1998e+0 3.3768e+0 1.7100e+2
      vertex -8.2190e+0 5.3375e+0 1.8444e+2
      vertex -5.3694e+0 3.1000e+0 1.7100e+2
    endloop
  endfacet
  facet normal 8.2361e-1 -5.0471e-1 2.5874e-1
    outer loop
      vertex -5.3694e+0 3.1000e+0 1.7100e+2
      vertex -8.2190e+0 5.3375e+0 1.8444e+2
      vertex -8.4870e+0 4.9000e+0 1.8444e+2
    endloop
  endfacet
  facet normal -8.2361e-1 5.0471e-1 -2.5874e-1
    outer loop
      vertex -7.7158e+0 5.0107e+0 1.7100e+2
      vertex -7.9674e+0 4.6000e+0 1.7100e+2
      vertex -1.0735e+1 6.9714e+0 1.8444e+2
    endloop
  endfacet
  facet normal -8.2361e-1 5.0471e-1 -2.5874e-1
    outer loop
      vertex -7.9674e+0 4.6000e+0 1.7100e+2
      vertex -1.1085e+1 6.4000e+0 1.8444e+2
      vertex -1.0735e+1 6.9714e+0 1.8444e+2
    endloop
  endfacet
  facet normal 0.0000e+0 0.0000e+0 -1.0000e+0
    outer loop
      vertex -1.2748e+1 8.2785e+0 0.0000e+0
      vertex -1.3164e+1 7.6000e+0 0.0000e+0
      vertex -1.5264e+1 9.9124e+0 0.0000e+0
    endloop
  endfacet
  facet normal 0.0000e+0 0.0000e+0 -1.0000e+0
    outer loop
      vertex -1.3164e+1 7.6000e+0 0.0000e+0
      vertex -1.5762e+1 9.1000e+0 0.0000e+0
      vertex -1.5264e+1 9.9124e+0 0.0000e+0
    endloop
  endfacet
  facet normal 0.0000e+0 0.0000e+0 1.0000e+0
    outer loop
      vertex -8.2190e+0 5.3375e+0 1.8444e+2
      vertex -1.0735e+1 6.9714e+0 1.8444e+2
      vertex -8.4870e+0 4.9000e+0 1.8444e+2
    endloop
  endfacet
  facet normal 0.0000e+0 0.0000e+0 1.0000e+0
    outer loop
      vertex -8.4870e+0 4.9000e+0 1.8444e+2
      vertex -1.0735e+1 6.9714e+0 1.8444e+2
      vertex -1.1085e+1 6.4000e+0 1.8444e+2
    endloop
  endfacet
  facet normal 8.7882e-1 -4.7716e-1 0.0000e+0
    outer loop
      vertex -1.3164e+1 7.6000e+0 0.0000e+0
      vertex -1.3164e+1 7.6000e+0 1.6200e+2
      vertex -1.3543e+1 6.9007e+0 0.0000e+0
    endloop
  endfacet
  facet normal 8.7882e-1 -4.7716e-1 0.0000e+0
    outer loop
      vertex -1.3543e+1 6.9007e+0 0.0000e+0
      vertex -1.3164e+1 7.6000e+0 1.6200e+2
      vertex -1.3543e+1 6.9007e+0 1.6200e+2
    endloop
  endfacet
  facet normal -8.7882e-1 4.7716e-1 0.0000e+0
    outer loop
      vertex -1.5762e+1 9.1000e+0 0.0000e+0
      vertex -1.6216e+1 8.2626e+0 0.0000e+0
      vertex -1.5762e+1 9.1000e+0 1.6200e+2
    endloop
  endfacet
  facet normal -8.7882e-1 4.7716e-1 0.0000e+0
    outer loop
      vertex -1.6216e+1 8.2626e+0 0.0000e+0
      vertex -1.6216e+1 8.2626e+0 1.6200e+2
      vertex -1.5762e+1 9.1000e+0 1.6200e+2
    endloop
  endfacet
  facet normal 6.2152e-1 -3.3746e-1 -7.0699e-1
    outer loop
      vertex -1.3164e+1 7.6000e+0 1.6200e+2
      vertex -5.3694e+0 3.1000e+0 1.7100e+2
      vertex -1.3543e+1 6.9007e+0 1.6200e+2
    endloop
  endfacet
  facet normal 6.2152e-1 -3.3746e-1 -7.0699e-1
    outer loop
      vertex -1.3543e+1 6.9007e+0 1.6200e+2
      vertex -5.3694e+0 3.1000e+0 1.7100e+2
      vertex -5.5242e+0 2.8147e+0 1.7100e+2
    endloop
  endfacet
  facet normal -6.2152e-1 3.3746e-1 7.0699e-1
    outer loop
      vertex -1.5762e+1 9.1000e+0 1.6200e+2
      vertex -1.6216e+1 8.2626e+0 1.6200e+2
      vertex -7.9674e+0 4.6000e+0 1.7100e+2
    endloop
  endfacet
  facet normal -6.2152e-1 3.3746e-1 7.0699e-1
    outer loop
      vertex -1.6216e+1 8.2626e+0 1.6200e+2
      vertex -8.1973e+0 4.1767e+0 1.7100e+2
      vertex -7.9674e+0 4.6000e+0 1.7100e+2
    endloop
  endfacet
  facet normal 8.4889e-1 -4.6091e-1 2.5874e-1
    outer loop
      vertex -5.3694e+0 3.1000e+0 1.7100e+2
      vertex -8.4870e+0 4.9000e+0 1.8444e+2
      vertex -5.5242e+0 2.8147e+0 1.7100e+2
    endloop
  endfacet
  facet normal 8.4889e-1 -4.6091e-1 2.5874e-1
    outer loop
      vertex -5.5242e+0 2.8147e+0 1.7100e+2
      vertex -8.4870e+0 4.9000e+0 1.8444e+2
      vertex -8.7319e+0 4.4491e+0 1.8444e+2
    endloop
  endfacet
  facet normal -8.4889e-1 4.6091e-1 -2.5874e-1
    outer loop
      vertex -7.9674e+0 4.6000e+0 1.7100e+2
      vertex -8.1973e+0 4.1767e+0 1.7100e+2
      vertex -1.1085e+1 6.4000e+0 1.8444e+2
    endloop
  endfacet
  facet normal -8.4889e-1 4.6091e-1 -2.5874e-1
    outer loop
      vertex -8.1973e+0 4.1767e+0 1.7100e+2
      vertex -1.1405e+1 5.8111e+0 1.8444e+2
      vertex -1.1085e+1 6.4000e+0 1.8444e+2
    endloop
  endfacet
  facet normal 0.0000e+0 0.0000e+0 -1.0000e+0
    outer loop
      vertex -1.3164e+1 7.6000e+0 0.0000e+0
      vertex -1.3543e+1 6.9007e+0 0.0000e+0
      vertex -1.5762e+1 9.1000e+0 0.0000e+0
    endloop
  endfacet
  facet normal 0.0000e+0 0.0000e+0 -1.0000e+0
    outer loop
      vertex -1.3543e+1 6.9007e+0 0.0000e+0
      vertex -1.6216e+1 8.2626e+0 0.0000e+0
      vertex -1.5762e+1 9.1000e+0 0.0000e+0
    endloop
  endfacet
  facet normal 0.0000e+0 0.0000e+0 1.0000e+0
    outer loop
      vertex -8.4870e+0 4.9000e+0 1.8444e+2
      vertex -1.1085e+1 6.4000e+0 1.8444e+2
      vertex -8.7319e+0 4.4491e+0 1.8444e+2
    endloop
  endfacet
  facet normal 0.0000e+0 0.0000e+0 1.0000e+0
    outer loop
      vertex -8.7319e+0 4.4491e+0 1.8444e+2
      vertex -1.1085e+1 6.4000e+0 1.8444e+2
      vertex -1.1405e+1 5.8111e+0 1.8444e+2
    endloop
  endfacet
  facet normal 9.0259e-1 -4.3051e-1 0.0000e+0
    outer loop
      vertex -1.3543e+1 6.9007e+0 0.0000e+0
      vertex -1.3543e+1 6.9007e+0 1.6200e+2
      vertex -1.3886e+1 6.1824e+0 0.0000e+0
    endloop
  endfacet
  facet normal 9.0259e-1 -4.3051e-1 0.0000e+0
    outer loop
      vertex -1.3886e+1 6.1824e+0 0.0000e+0
      vertex -1.3543e+1 6.9007e+0 1.6200e+2
      vertex -1.3886e+1 6.1824e+0 1.6200e+2
    endloop
  endfacet
  facet normal -9.0259e-1 4.3051e-1 0.0000e+0
    outer loop
      vertex -1.6216e+1 8.2626e+0 0.0000e+0
      vertex -1.6627e+1 7.4026e+0 0.0000e+0
      vertex -1.6216e+1 8.2626e+0 1.6200e+2
    endloop
  endfacet
  facet normal -9.0259e-1 4.3051e-1 0.0000e+0
    outer loop
      vertex -1.6627e+1 7.4026e+0 0.0000e+0
      vertex -1.6627e+1 7.4026e+0 1.6200e+2
      vertex -1.6216e+1 8.2626e+0 1.6200e+2
    endloop
  endfacet
  facet normal 6.3833e-1 -3.0447e-1 -7.0699e-1
    outer loop
      vertex -1.3543e+1 6.9007e+0 1.6200e+2
      vertex -5.5242e+0 2.8147e+0 1.7100e+2
      vertex -1.3886e+1 6.1824e+0 1.6200e+2
    endloop
  endfacet
  facet normal 6.3833e-1 -3.0447e-1 -7.0699e-1
    outer loop
      vertex -1.3886e+1 6.1824e+0 1.6200e+2
      vertex -5.5242e+0 2.8147e+0 1.7100e+2
      vertex -5.6640e+0 2.5218e+0 1.7100e+2
    endloop
  endfacet
  facet normal -6.3833e-1 3.0447e-1 7.0699e-1
    outer loop
      vertex -1.6216e+1 8.2626e+0 1.6200e+2
      vertex -1.6627e+1 7.4026e+0 1.6200e+2
      vertex -8.1973e+0 4.1767e+0 1.7100e+2
    endloop
  endfacet
  facet normal -6.3833e-1 3.0447e-1 7.0699e-1
    outer loop
      vertex -1.6627e+1 7.4026e+0 1.6200e+2
      vertex -8.4046e+0 3.7420e+0 1.7100e+2
      vertex -8.1973e+0 4.1767e+0 1.7100e+2
    endloop
  endfacet
  facet normal 8.7185e-1 -4.1585e-1 2.5874e-1
    outer loop
      vertex -5.5242e+0 2.8147e+0 1.7100e+2
      vertex -8.7319e+0 4.4491e+0 1.8444e+2
      vertex -5.6640e+0 2.5218e+0 1.7100e+2
    endloop
  endfacet
  facet normal 8.7185e-1 -4.1585e-1 2.5874e-1
    outer loop
      vertex -5.6640e+0 2.5218e+0 1.7100e+2
      vertex -8.7319e+0 4.4491e+0 1.8444e+2
      vertex -8.9527e+0 3.9860e+0 1.8444e+2
    endloop
  endfacet
  facet normal -8.7185e-1 4.1585e-1 -2.5874e-1
    outer loop
      vertex -8.1973e+0 4.1767e+0 1.7100e+2
      vertex -8.4046e+0 3.7420e+0 1.7100e+2
      vertex -1.1405e+1 5.8111e+0 1.8444e+2
    endloop
  endfacet
  facet normal -8.7185e-1 4.1585e-1 -2.5874e-1
    outer loop
      vertex -8.4046e+0 3.7420e+0 1.7100e+2
      vertex -1.1693e+1 5.2062e+0 1.8444e+2
      vertex -1.1405e+1 5.8111e+0 1.8444e+2
    endloop
  endfacet
  facet normal 0.0000e+0 0.0000e+0 -1.0000e+0
    outer loop
      vertex -1.3543e+1 6.9007e+0 0.0000e+0
      vertex -1.3886e+1 6.1824e+0 0.0000e+0
      vertex -1.6216e+1 8.2626e+0 0.0000e+0
    endloop
  endfacet
  facet normal 0.0000e+0 0.0000e+0 -1.0000e+0
    outer loop
      vertex -1.3886e+1 6.1824e+0 0.0000e+0
      vertex -1.6627e+1 7.4026e+0 0.0000e+0
      vertex -1.6216e+1 8.2626e+0 0.0000e+0
    endloop
  endfacet
  facet normal 0.0000e+0 0.0000e+0 1.0000e+0
    outer loop
      vertex -8.7319e+0 4.4491e+0 1.8444e+2
      vertex -1.1405e+1 5.8111e+0 1.8444e+2
      vertex -8.9527e+0 3.9860e+0 1.8444e+2
    endloop
  endfacet
  facet normal 0.0000e+0 0.0000e+0 1.0000e+0
    outer loop
      vertex -8.9527e+0 3.9860e+0 1.8444e+2
      vertex -1.1405e+1 5.8111e+0 1.8444e+2
      vertex -1.1693e+1 5.2062e+0 1.8444e+2
    endloop
  endfacet
  facet normal 9.2388e-1 -3.8268e-1 0.0000e+0
    outer loop
      vertex -1.3886e+1 6.1824e+0 0.0000e+0
      vertex -1.3886e+1 6.1824e+0 1.6200e+2
      vertex -1.4190e+1 5.4472e+0 0.0000e+0
    endloop
  endfacet
  facet normal 9.2388e-1 -3.8268e-1 0.0000e+0
    outer loop
      vertex -1.4190e+1 5.4472e+0 0.0000e+0
      vertex -1.3886e+1 6.1824e+0 1.6200e+2
      vertex -1.4190e+1 5.4472e+0 1.6200e+2
    endloop
  endfacet
  facet normal -9.2388e-1 3.8268e-1 0.0000e+0
    outer loop
      vertex -1.6627e+1 7.4026e+0 0.0000e+0
      vertex -1.6991e+1 6.5223e+0 0.0000e+0
      vertex -1.6627e+1 7.4026e+0 1.6200e+2
    endloop
  endfacet
  facet normal -9.2388e-1 3.8268e-1 0.0000e+0
    outer loop
      vertex -1.6991e+1 6.5223e+0 0.0000e+0
      vertex -1.6991e+1 6.5223e+0 1.6200e+2
      vertex -1.6627e+1 7.4026e+0 1.6200e+2
    endloop
  endfacet
  facet normal 6.5339e-1 -2.7064e-1 -7.0699e-1
    outer loop
      vertex -1.3886e+1 6.1824e+0 1.6200e+2
      vertex -5.6640e+0 2.5218e+0 1.7100e+2
      vertex -1.4190e+1 5.4472e+0 1.6200e+2
    endloop
  endfacet
  facet normal 6.5339e-1 -2.7064e-1 -7.0699e-1
    outer loop
      vertex -1.4190e+1 5.4472e+0 1.6200e+2
      vertex -5.6640e+0 2.5218e+0 1.7100e+2
      vertex -5.7882e+0 2.2219e+0 1.7100e+2
    endloop
  endfacet
  facet normal -6.5339e-1 2.7064e-1 7.0699e-1
    outer loop
      vertex -1.6627e+1 7.4026e+0 1.6200e+2
      vertex -1.6991e+1 6.5223e+0 1.6200e+2
      vertex -8.4046e+0 3.7420e+0 1.7100e+2
    endloop
  endfacet
  facet normal -6.5339e-1 2.7064e-1 7.0699e-1
    outer loop
      vertex -1.6991e+1 6.5223e+0 1.6200e+2
      vertex -8.5889e+0 3.2970e+0 1.7100e+2
      vertex -8.4046e+0 3.7420e+0 1.7100e+2
    endloop
  endfacet
  facet normal 8.9242e-1 -3.6965e-1 2.5874e-1
    outer loop
      vertex -5.6640e+0 2.5218e+0 1.7100e+2
      vertex -8.9527e+0 3.9860e+0 1.8444e+2
      vertex -5.7882e+0 2.2219e+0 1.7100e+2
    endloop
  endfacet
  facet normal 8.9242e-1 -3.6965e-1 2.5874e-1
    outer loop
      vertex -5.7882e+0 2.2219e+0 1.7100e+2
      vertex -8.9527e+0 3.9860e+0 1.8444e+2
      vertex -9.1491e+0 3.5120e+0 1.8444e+2
    endloop
  endfacet
  facet normal -8.9242e-1 3.6965e-1 -2.5874e-1
    outer loop
      vertex -8.4046e+0 3.7420e+0 1.7100e+2
      vertex -8.5889e+0 3.2970e+0 1.7100e+2
      vertex -1.1693e+1 5.2062e+0 1.8444e+2
    endloop
  endfacet
  facet normal -8.9242e-1 3.6965e-1 -2.5874e-1
    outer loop
      vertex -8.5889e+0 3.2970e+0 1.7100e+2
      vertex -1.1950e+1 4.5871e+0 1.8444e+2
      vertex -1.1693e+1 5.2062e+0 1.8444e+2
    endloop
  endfacet
  facet normal 0.0000e+0 0.0000e+0 -1.0000e+0
    outer loop
      vertex -1.3886e+1 6.1824e+0 0.0000e+0
      vertex -1.4190e+1 5.4472e+0 0.0000e+0
      vertex -1.6627e+1 7.4026e+0 0.0000e+0
    endloop
  endfacet
  facet normal 0.0000e+0 0.0000e+0 -1.0000e+0
    outer loop
      vertex -1.4190e+1 5.4472e+0 0.0000e+0
      vertex -1.6991e+1 6.5223e+0 0.0000e+0
      vertex -1.6627e+1 7.4026e+0 0.0000e+0
    endloop
  endfacet
  facet normal 0.0000e+0 0.0000e+0 1.0000e+0
    outer loop
      vertex -8.9527e+0 3.9860e+0 1.8444e+2
      vertex -1.1693e+1 5.2062e+0 1.8444e+2
      vertex -9.1491e+0 3.5120e+0 1.8444e+2
    endloop
  endfacet
  facet normal 0.0000e+0 0.0000e+0 1.0000e+0
    outer loop
      vertex -9.1491e+0 3.5120e+0 1.8444e+2
      vertex -1.1693e+1 5.2062e+0 1.8444e+2
      vertex -1.1950e+1 4.5871e+0 1.8444e+2
    endloop
  endfacet
  facet normal 9.4264e-1 -3.3381e-1 0.0000e+0
    outer loop
      vertex -1.4190e+1 5.4472e+0 0.0000e+0
      vertex -1.4190e+1 5.4472e+0 1.6200e+2
      vertex -1.4456e+1 4.6971e+0 0.0000e+0
    endloop
  endfacet
  facet normal 9.4264e-1 -3.3381e-1 0.0000e+0
    outer loop
      vertex -1.4456e+1 4.6971e+0 0.0000e+0
      vertex -1.4190e+1 5.4472e+0 1.6200e+2
      vertex -1.4456e+1 4.6971e+0 1.6200e+2
    endloop
  endfacet
  facet normal -9.4264e-1 3.3381e-1 0.0000e+0
    outer loop
      vertex -1.6991e+1 6.5223e+0 0.0000e+0
      vertex -1.7309e+1 5.6241e+0 0.0000e+0
      vertex -1.6991e+1 6.5223e+0 1.6200e+2
    endloop
  endfacet
  facet normal -9.4264e-1 3.3381e-1 0.0000e+0
    outer loop
      vertex -1.7309e+1 5.6241e+0 0.0000e+0
      vertex -1.7309e+1 5.6241e+0 1.6200e+2
      vertex -1.6991e+1 6.5223e+0 1.6200e+2
    endloop
  endfacet
  facet normal 6.6666e-1 -2.3608e-1 -7.0699e-1
    outer loop
      vertex -1.4190e+1 5.4472e+0 1.6200e+2
      vertex -5.7882e+0 2.2219e+0 1.7100e+2
      vertex -1.4456e+1 4.6971e+0 1.6200e+2
    endloop
  endfacet
  facet normal 6.6666e-1 -2.3608e-1 -7.0699e-1
    outer loop
      vertex -1.4456e+1 4.6971e+0 1.6200e+2
      vertex -5.7882e+0 2.2219e+0 1.7100e+2
      vertex -5.8966e+0 1.9159e+0 1.7100e+2
    endloop
  endfacet
  facet normal -6.6666e-1 2.3608e-1 7.0699e-1
    outer loop
      vertex -1.6991e+1 6.5223e+0 1.6200e+2
      vertex -1.7309e+1 5.6241e+0 1.6200e+2
      vertex -8.5889e+0 3.2970e+0 1.7100e+2
    endloop
  endfacet
  facet normal -6.6666e-1 2.3608e-1 7.0699e-1
    outer loop
      vertex -1.7309e+1 5.6241e+0 1.6200e+2
      vertex -8.7497e+0 2.8430e+0 1.7100e+2
      vertex -8.5889e+0 3.2970e+0 1.7100e+2
    endloop
  endfacet
  facet normal 9.1054e-1 -3.2244e-1 2.5874e-1
    outer loop
      vertex -5.7882e+0 2.2219e+0 1.7100e+2
      vertex -9.1491e+0 3.5120e+0 1.8444e+2
      vertex -5.8966e+0 1.9159e+0 1.7100e+2
    endloop
  endfacet
  facet normal 9.1054e-1 -3.2244e-1 2.5874e-1
    outer loop
      vertex -5.8966e+0 1.9159e+0 1.7100e+2
      vertex -9.1491e+0 3.5120e+0 1.8444e+2
      vertex -9.3204e+0 3.0284e+0 1.8444e+2
    endloop
  endfacet
  facet normal -9.1054e-1 3.2244e-1 -2.5874e-1
    outer loop
      vertex -8.5889e+0 3.2970e+0 1.7100e+2
      vertex -8.7497e+0 2.8430e+0 1.7100e+2
      vertex -1.1950e+1 4.5871e+0 1.8444e+2
    endloop
  endfacet
  facet normal -9.1054e-1 3.2244e-1 -2.5874e-1
    outer loop
      vertex -8.7497e+0 2.8430e+0 1.7100e+2
      vertex -1.2174e+1 3.9554e+0 1.8444e+2
      vertex -1.1950e+1 4.5871e+0 1.8444e+2
    endloop
  endfacet
  facet normal 0.0000e+0 0.0000e+0 -1.0000e+0
    outer loop
      vertex -1.4190e+1 5.4472e+0 0.0000e+0
      vertex -1.4456e+1 4.6971e+0 0.0000e+0
      vertex -1.6991e+1 6.5223e+0 0.0000e+0
    endloop
  endfacet
  facet normal 0.0000e+0 0.0000e+0 -1.0000e+0
    outer loop
      vertex -1.4456e+1 4.6971e+0 0.0000e+0
      vertex -1.7309e+1 5.6241e+0 0.0000e+0
      vertex -1.6991e+1 6.5223e+0 0.0000e+0
    endloop
  endfacet
  facet normal 0.0000e+0 0.0000e+0 1.0000e+0
    outer loop
      vertex -9.1491e+0 3.5120e+0 1.8444e+2
      vertex -1.1950e+1 4.5871e+0 1.8444e+2
      vertex -9.3204e+0 3.0284e+0 1.8444e+2
    endloop
  endfacet
  facet normal 0.0000e+0 0.0000e+0 1.0000e+0
    outer loop
      vertex -9.3204e+0 3.0284e+0 1.8444e+2
      vertex -1.1950e+1 4.5871e+0 1.8444e+2
      vertex -1.2174e+1 3.9554e+0 1.8444e+2
    endloop
  endfacet
  facet normal 9.5882e-1 -2.8402e-1 0.0000e+0
    outer loop
      vertex -1.4456e+1 4.6971e+0 0.0000e+0
      vertex -1.4456e+1 4.6971e+0 1.6200e+2
      vertex -1.4682e+1 3.9340e+0 0.0000e+0
    endloop
  endfacet
  facet normal 9.5882e-1 -2.8402e-1 0.0000e+0
    outer loop
      vertex -1.4682e+1 3.9340e+0 0.0000e+0
      vertex -1.4456e+1 4.6971e+0 1.6200e+2
      vertex -1.4682e+1 3.9340e+0 1.6200e+2
    endloop
  endfacet
  facet normal -9.5882e-1 2.8402e-1 0.0000e+0
    outer loop
      vertex -1.7309e+1 5.6241e+0 0.0000e+0
      vertex -1.7580e+1 4.7105e+0 0.0000e+0
      vertex -1.7309e+1 5.6241e+0 1.6200e+2
    endloop
  endfacet
  facet normal -9.5882e-1 2.8402e-1 0.0000e+0
    outer loop
      vertex -1.7580e+1 4.7105e+0 0.0000e+0
      vertex -1.7580e+1 4.7105e+0 1.6200e+2
      vertex -1.7309e+1 5.6241e+0 1.6200e+2
    endloop
  endfacet
  facet normal 6.7810e-1 -2.0086e-1 -7.0699e-1
    outer loop
      vertex -1.4456e+1 4.6971e+0 1.6200e+2
      vertex -5.8966e+0 1.9159e+0 1.7100e+2
      vertex -1.4682e+1 3.9340e+0 1.6200e+2
    endloop
  endfacet
  facet normal 6.7810e-1 -2.0086e-1 -7.0699e-1
    outer loop
      vertex -1.4682e+1 3.9340e+0 1.6200e+2
      vertex -5.8966e+0 1.9159e+0 1.7100e+2
      vertex -5.9887e+0 1.6047e+0 1.7100e+2
    endloop
  endfacet
  facet normal -6.7810e-1 2.0086e-1 7.0699e-1
    outer loop
      vertex -1.7309e+1 5.6241e+0 1.6200e+2
      vertex -1.7580e+1 4.7105e+0 1.6200e+2
      vertex -8.7497e+0 2.8430e+0 1.7100e+2
    endloop
  endfacet
  facet normal -6.7810e-1 2.0086e-1 7.0699e-1
    outer loop
      vertex -1.7580e+1 4.7105e+0 1.6200e+2
      vertex -8.8865e+0 2.3811e+0 1.7100e+2
      vertex -8.7497e+0 2.8430e+0 1.7100e+2
    endloop
  endfacet
  facet normal 9.2617e-1 -2.7434e-1 2.5874e-1
    outer loop
      vertex -5.8966e+0 1.9159e+0 1.7100e+2
      vertex -9.3204e+0 3.0284e+0 1.8444e+2
      vertex -5.9887e+0 1.6047e+0 1.7100e+2
    endloop
  endfacet
  facet normal 9.2617e-1 -2.7434e-1 2.5874e-1
    outer loop
      vertex -5.9887e+0 1.6047e+0 1.7100e+2
      vertex -9.3204e+0 3.0284e+0 1.8444e+2
      vertex -9.4661e+0 2.5364e+0 1.8444e+2
    endloop
  endfacet
  facet normal -9.2617e-1 2.7434e-1 -2.5874e-1
    outer loop
      vertex -8.7497e+0 2.8430e+0 1.7100e+2
      vertex -8.8865e+0 2.3811e+0 1.7100e+2
      vertex -1.2174e+1 3.9554e+0 1.8444e+2
    endloop
  endfacet
  facet normal -9.2617e-1 2.7434e-1 -2.5874e-1
    outer loop
      vertex -8.8865e+0 2.3811e+0 1.7100e+2
      vertex -1.2364e+1 3.3129e+0 1.8444e+2
      vertex -1.2174e+1 3.9554e+0 1.8444e+2
    endloop
  endfacet
  facet normal 0.0000e+0 0.0000e+0 -1.0000e+0
    outer loop
      vertex -1.4456e+1 4.6971e+0 0.0000e+0
      vertex -1.4682e+1 3.9340e+0 0.0000e+0
      vertex -1.7309e+1 5.6241e+0 0.0000e+0
    endloop
  endfacet
  facet normal 0.0000e+0 0.0000e+0 -1.0000e+0
    outer loop
      vertex -1.4682e+1 3.9340e+0 0.0000e+0
      vertex -1.7580e+1 4.7105e+0 0.0000e+0
      vertex -1.7309e+1 5.6241e+0 0.0000e+0
    endloop
  endfacet
  facet normal 0.0000e+0 0.0000e+0 1.0000e+0
    outer loop
      vertex -9.3204e+0 3.0284e+0 1.8444e+2
      vertex -1.2174e+1 3.9554e+0 1.8444e+2
      vertex -9.4661e+0 2.5364e+0 1.8444e+2
    endloop
  endfacet
  facet normal 0.0000e+0 0.0000e+0 1.0000e+0
    outer loop
      vertex -9.4661e+0 2.5364e+0 1.8444e+2
      vertex -1.2174e+1 3.9554e+0 1.8444e+2
      vertex -1.2364e+1 3.3129e+0 1.8444e+2
    endloop
  endfacet
  facet normal 9.7237e-1 -2.3345e-1 0.0000e+0
    outer loop
      vertex -1.4682e+1 3.9340e+0 0.0000e+0
      vertex -1.4682e+1 3.9340e+0 1.6200e+2
      vertex -1.4868e+1 3.1603e+0 0.0000e+0
    endloop
  endfacet
  facet normal 9.7237e-1 -2.3345e-1 0.0000e+0
    outer loop
      vertex -1.4868e+1 3.1603e+0 0.0000e+0
      vertex -1.4682e+1 3.9340e+0 1.6200e+2
      vertex -1.4868e+1 3.1603e+0 1.6200e+2
    endloop
  endfacet
  facet normal -9.7237e-1 2.3345e-1 0.0000e+0
    outer loop
      vertex -1.7580e+1 4.7105e+0 0.0000e+0
      vertex -1.7802e+1 3.7840e+0 0.0000e+0
      vertex -1.7580e+1 4.7105e+0 1.6200e+2
    endloop
  endfacet
  facet normal -9.7237e-1 2.3345e-1 0.0000e+0
    outer loop
      vertex -1.7802e+1 3.7840e+0 0.0000e+0
      vertex -1.7802e+1 3.7840e+0 1.6200e+2
      vertex -1.7580e+1 4.7105e+0 1.6200e+2
    endloop
  endfacet
  facet normal 6.8769e-1 -1.6510e-1 -7.0699e-1
    outer loop
      vertex -1.4682e+1 3.9340e+0 1.6200e+2
      vertex -5.9887e+0 1.6047e+0 1.7100e+2
      vertex -1.4868e+1 3.1603e+0 1.6200e+2
    endloop
  endfacet
  facet normal 6.8769e-1 -1.6510e-1 -7.0699e-1
    outer loop
      vertex -1.4868e+1 3.1603e+0 1.6200e+2
      vertex -5.9887e+0 1.6047e+0 1.7100e+2
      vertex -6.0645e+0 1.2891e+0 1.7100e+2
    endloop
  endfacet
  facet normal -6.8769e-1 1.6510e-1 7.0699e-1
    outer loop
      vertex -1.7580e+1 4.7105e+0 1.6200e+2
      vertex -1.7802e+1 3.7840e+0 1.6200e+2
      vertex -8.8865e+0 2.3811e+0 1.7100e+2
    endloop
  endfacet
  facet normal -6.8769e-1 1.6510e-1 7.0699e-1
    outer loop
      vertex -1.7802e+1 3.7840e+0 1.6200e+2
      vertex -8.9990e+0 1.9128e+0 1.7100e+2
      vertex -8.8865e+0 2.3811e+0 1.7100e+2
    endloop
  endfacet
  facet normal 9.3926e-1 -2.2550e-1 2.5874e-1
    outer loop
      vertex -5.9887e+0 1.6047e+0 1.7100e+2
      vertex -9.4661e+0 2.5364e+0 1.8444e+2
      vertex -6.0645e+0 1.2891e+0 1.7100e+2
    endloop
  endfacet
  facet normal 9.3926e-1 -2.2550e-1 2.5874e-1
    outer loop
      vertex -6.0645e+0 1.2891e+0 1.7100e+2
      vertex -9.4661e+0 2.5364e+0 1.8444e+2
      vertex -9.5858e+0 2.0375e+0 1.8444e+2
    endloop
  endfacet
  facet normal -9.3926e-1 2.2550e-1 -2.5874e-1
    outer loop
      vertex -8.8865e+0 2.3811e+0 1.7100e+2
      vertex -8.9990e+0 1.9128e+0 1.7100e+2
      vertex -1.2364e+1 3.3129e+0 1.8444e+2
    endloop
  endfacet
  facet normal -9.3926e-1 2.2550e-1 -2.5874e-1
    outer loop
      vertex -8.9990e+0 1.9128e+0 1.7100e+2
      vertex -1.2520e+1 2.6613e+0 1.8444e+2
      vertex -1.2364e+1 3.3129e+0 1.8444e+2
    endloop
  endfacet
  facet normal 0.0000e+0 0.0000e+0 -1.0000e+0
    outer loop
      vertex -1.4682e+1 3.9340e+0 0.0000e+0
      vertex -1.4868e+1 3.1603e+0 0.0000e+0
      vertex -1.7580e+1 4.7105e+0 0.0000e+0
    endloop
  endfacet
  facet normal 0.0000e+0 0.0000e+0 -1.0000e+0
    outer loop
      vertex -1.4868e+1 3.1603e+0 0.0000e+0
      vertex -1.7802e+1 3.7840e+0 0.0000e+0
      vertex -1.7580e+1 4.7105e+0 0.0000e+0
    endloop
  endfacet
  facet normal 0.0000e+0 0.0000e+0 1.0000e+0
    outer loop
      vertex -9.4661e+0 2.5364e+0 1.8444e+2
      vertex -1.2364e+1 3.3129e+0 1.8444e+2
      vertex -9.5858e+0 2.0375e+0 1.8444e+2
    endloop
  endfacet
  facet normal 0.0000e+0 0.0000e+0 1.0000e+0
    outer loop
      vertex -9.5858e+0 2.0375e+0 1.8444e+2
      vertex -1.2364e+1 3.3129e+0 1.8444e+2
      vertex -1.2520e+1 2.6613e+0 1.8444e+2
    endloop
  endfacet
  facet normal 9.8325e-1 -1.8224e-1 0.0000e+0
    outer loop
      vertex -1.4868e+1 3.1603e+0 0.0000e+0
      vertex -1.4868e+1 3.1603e+0 1.6200e+2
      vertex -1.5013e+1 2.3778e+0 0.0000e+0
    endloop
  endfacet
  facet normal 9.8325e-1 -1.8224e-1 0.0000e+0
    outer loop
      vertex -1.5013e+1 2.3778e+0 0.0000e+0
      vertex -1.4868e+1 3.1603e+0 1.6200e+2
      vertex -1.5013e+1 2.3778e+0 1.6200e+2
    endloop
  endfacet
  facet normal -9.8325e-1 1.8224e-1 0.0000e+0
    outer loop
      vertex -1.7802e+1 3.7840e+0 0.0000e+0
      vertex -1.7976e+1 2.8471e+0 0.0000e+0
      vertex -1.7802e+1 3.7840e+0 1.6200e+2
    endloop
  endfacet
  facet normal -9.8325e-1 1.8224e-1 0.0000e+0
    outer loop
      vertex -1.7976e+1 2.8471e+0 0.0000e+0
      vertex -1.7976e+1 2.8471e+0 1.6200e+2
      vertex -1.7802e+1 3.7840e+0 1.6200e+2
    endloop
  endfacet
  facet normal 6.9539e-1 -1.2888e-1 -7.0699e-1
    outer loop
      vertex -1.4868e+1 3.1603e+0 1.6200e+2
      vertex -6.0645e+0 1.2891e+0 1.7100e+2
      vertex -1.5013e+1 2.3778e+0 1.6200e+2
    endloop
  endfacet
  facet normal 6.9539e-1 -1.2888e-1 -7.0699e-1
    outer loop
      vertex -1.5013e+1 2.3778e+0 1.6200e+2
      vertex -6.0645e+0 1.2891e+0 1.7100e+2
      vertex -6.1237e+0 9.6989e-1 1.7100e+2
    endloop
  endfacet
  facet normal -6.9539e-1 1.2888e-1 7.0699e-1
    outer loop
      vertex -1.7802e+1 3.7840e+0 1.6200e+2
      vertex -1.7976e+1 2.8471e+0 1.6200e+2
      vertex -8.9990e+0 1.9128e+0 1.7100e+2
    endloop
  endfacet
  facet normal -6.9539e-1 1.2888e-1 7.0699e-1
    outer loop
      vertex -1.7976e+1 2.8471e+0 1.6200e+2
      vertex -9.0867e+0 1.4392e+0 1.7100e+2
      vertex -8.9990e+0 1.9128e+0 1.7100e+2
    endloop
  endfacet
  facet normal 9.4977e-1 -1.7603e-1 2.5874e-1
    outer loop
      vertex -6.0645e+0 1.2891e+0 1.7100e+2
      vertex -9.5858e+0 2.0375e+0 1.8444e+2
      vertex -6.1237e+0 9.6989e-1 1.7100e+2
    endloop
  endfacet
  facet normal 9.4977e-1 -1.7603e-1 2.5874e-1
    outer loop
      vertex -6.1237e+0 9.6989e-1 1.7100e+2
      vertex -9.5858e+0 2.0375e+0 1.8444e+2
      vertex -9.6793e+0 1.5331e+0 1.8444e+2
    endloop
  endfacet
  facet normal -9.4977e-1 1.7603e-1 -2.5874e-1
    outer loop
      vertex -8.9990e+0 1.9128e+0 1.7100e+2
      vertex -9.0867e+0 1.4392e+0 1.7100e+2
      vertex -1.2520e+1 2.6613e+0 1.8444e+2
    endloop
  endfacet
  facet normal -9.4977e-1 1.7603e-1 -2.5874e-1
    outer loop
      vertex -9.0867e+0 1.4392e+0 1.7100e+2
      vertex -1.2642e+1 2.0024e+0 1.8444e+2
      vertex -1.2520e+1 2.6613e+0 1.8444e+2
    endloop
  endfacet
  facet normal 0.0000e+0 0.0000e+0 -1.0000e+0
    outer loop
      vertex -1.4868e+1 3.1603e+0 0.0000e+0
      vertex -1.5013e+1 2.3778e+0 0.0000e+0
      vertex -1.7802e+1 3.7840e+0 0.0000e+0
    endloop
  endfacet
  facet normal 0.0000e+0 0.0000e+0 -1.0000e+0
    outer loop
      vertex -1.5013e+1 2.3778e+0 0.0000e+0
      vertex -1.7976e+1 2.8471e+0 0.0000e+0
      vertex -1.7802e+1 3.7840e+0 0.0000e+0
    endloop
  endfacet
  facet normal 0.0000e+0 0.0000e+0 1.0000e+0
    outer loop
      vertex -9.5858e+0 2.0375e+0 1.8444e+2
      vertex -1.2520e+1 2.6613e+0 1.8444e+2
      vertex -9.6793e+0 1.5331e+0 1.8444e+2
    endloop
  endfacet
  facet normal 0.0000e+0 0.0000e+0 1.0000e+0
    outer loop
      vertex -9.6793e+0 1.5331e+0 1.8444e+2
      vertex -1.2520e+1 2.6613e+0 1.8444e+2
      vertex -1.2642e+1 2.0024e+0 1.8444e+2
    endloop
  endfacet
  facet normal 9.9144e-1 -1.3053e-1 0.0000e+0
    outer loop
      vertex -1.5013e+1 2.3778e+0 0.0000e+0
      vertex -1.5013e+1 2.3778e+0 1.6200e+2
      vertex -1.5117e+1 1.5888e+0 0.0000e+0
    endloop
  endfacet
  facet normal 9.9144e-1 -1.3053e-1 0.0000e+0
    outer loop
      vertex -1.5117e+1 1.5888e+0 0.0000e+0
      vertex -1.5013e+1 2.3778e+0 1.6200e+2
      vertex -1.5117e+1 1.5888e+0 1.6200e+2
    endloop
  endfacet
  facet normal -9.9144e-1 1.3053e-1 0.0000e+0
    outer loop
      vertex -1.7976e+1 2.8471e+0 0.0000e+0
      vertex -1.8100e+1 1.9024e+0 0.0000e+0
      vertex -1.7976e+1 2.8471e+0 1.6200e+2
    endloop
  endfacet
  facet normal -9.9144e-1 1.3053e-1 0.0000e+0
    outer loop
      vertex -1.8100e+1 1.9024e+0 0.0000e+0
      vertex -1.8100e+1 1.9024e+0 1.6200e+2
      vertex -1.7976e+1 2.8471e+0 1.6200e+2
    endloop
  endfacet
  facet normal 7.0118e-1 -9.2312e-2 -7.0699e-1
    outer loop
      vertex -1.5013e+1 2.3778e+0 1.6200e+2
      vertex -6.1237e+0 9.6989e-1 1.7100e+2
      vertex -1.5117e+1 1.5888e+0 1.6200e+2
    endloop
  endfacet
  facet normal 7.0118e-1 -9.2312e-2 -7.0699e-1
    outer loop
      vertex -1.5117e+1 1.5888e+0 1.6200e+2
      vertex -6.1237e+0 9.6989e-1 1.7100e+2
      vertex -6.1660e+0 6.4808e-1 1.7100e+2
    endloop
  endfacet
  facet normal -7.0118e-1 9.2312e-2 7.0699e-1
    outer loop
      vertex -1.7976e+1 2.8471e+0 1.6200e+2
      vertex -1.8100e+1 1.9024e+0 1.6200e+2
      vertex -9.0867e+0 1.4392e+0 1.7100e+2
    endloop
  endfacet
  facet normal -7.0118e-1 9.2312e-2 7.0699e-1
    outer loop
      vertex -1.8100e+1 1.9024e+0 1.6200e+2
      vertex -9.1496e+0 9.6166e-1 1.7100e+2
      vertex -9.0867e+0 1.4392e+0 1.7100e+2
    endloop
  endfacet
  facet normal 9.5768e-1 -1.2608e-1 2.5874e-1
    outer loop
      vertex -6.1237e+0 9.6989e-1 1.7100e+2
      vertex -9.6793e+0 1.5331e+0 1.8444e+2
      vertex -6.1660e+0 6.4808e-1 1.7100e+2
    endloop
  endfacet
  facet normal 9.5768e-1 -1.2608e-1 2.5874e-1
    outer loop
      vertex -6.1660e+0 6.4808e-1 1.7100e+2
      vertex -9.6793e+0 1.5331e+0 1.8444e+2
      vertex -9.7463e+0 1.0244e+0 1.8444e+2
    endloop
  endfacet
  facet normal -9.5768e-1 1.2608e-1 -2.5874e-1
    outer loop
      vertex -9.0867e+0 1.4392e+0 1.7100e+2
      vertex -9.1496e+0 9.6166e-1 1.7100e+2
      vertex -1.2642e+1 2.0024e+0 1.8444e+2
    endloop
  endfacet
  facet normal -9.5768e-1 1.2608e-1 -2.5874e-1
    outer loop
      vertex -9.1496e+0 9.6166e-1 1.7100e+2
      vertex -1.2730e+1 1.3380e+0 1.8444e+2
      vertex -1.2642e+1 2.0024e+0 1.8444e+2
    endloop
  endfacet
  facet normal 0.0000e+0 0.0000e+0 -1.0000e+0
    outer loop
      vertex -1.5013e+1 2.3778e+0 0.0000e+0
      vertex -1.5117e+1 1.5888e+0 0.0000e+0
      vertex -1.7976e+1 2.8471e+0 0.0000e+0
    endloop
  endfacet
  facet normal 0.0000e+0 0.0000e+0 -1.0000e+0
    outer loop
      vertex -1.5117e+1 1.5888e+0 0.0000e+0
      vertex -1.8100e+1 1.9024e+0 0.0000e+0
      vertex -1.7976e+1 2.8471e+0 0.0000e+0
    endloop
  endfacet
  facet normal 0.0000e+0 0.0000e+0 1.0000e+0
    outer loop
      vertex -9.6793e+0 1.5331e+0 1.8444e+2
      vertex -1.2642e+1 2.0024e+0 1.8444e+2
      vertex -9.7463e+0 1.0244e+0 1.8444e+2
    endloop
  endfacet
  facet normal 0.0000e+0 0.0000e+0 1.0000e+0
    outer loop
      vertex -9.7463e+0 1.0244e+0 1.8444e+2
      vertex -1.2642e+1 2.0024e+0 1.8444e+2
      vertex -1.2730e+1 1.3380e+0 1.8444e+2
    endloop
  endfacet
  facet normal 9.9692e-1 -7.8459e-2 0.0000e+0
    outer loop
      vertex -1.5117e+1 1.5888e+0 0.0000e+0
      vertex -1.5117e+1 1.5888e+0 1.6200e+2
      vertex -1.5179e+1 7.9551e-1 0.0000e+0
    endloop
  endfacet
  facet normal 9.9692e-1 -7.8459e-2 0.0000e+0
    outer loop
      vertex -1.5179e+1 7.9551e-1 0.0000e+0
      vertex -1.5117e+1 1.5888e+0 1.6200e+2
      vertex -1.5179e+1 7.9551e-1 1.6200e+2
    endloop
  endfacet
  facet normal -9.9692e-1 7.8459e-2 0.0000e+0
    outer loop
      vertex -1.8100e+1 1.9024e+0 0.0000e+0
      vertex -1.8175e+1 9.5251e-1 0.0000e+0
      vertex -1.8100e+1 1.9024e+0 1.6200e+2
    endloop
  endfacet
  facet normal -9.9692e-1 7.8459e-2 0.0000e+0
    outer loop
      vertex -1.8175e+1 9.5251e-1 0.0000e+0
      vertex -1.8175e+1 9.5251e-1 1.6200e+2
      vertex -1.8100e+1 1.9024e+0 1.6200e+2
    endloop
  endfacet
  facet normal 7.0505e-1 -5.5488e-2 -7.0699e-1
    outer loop
      vertex -1.5117e+1 1.5888e+0 1.6200e+2
      vertex -6.1660e+0 6.4808e-1 1.7100e+2
      vertex -1.5179e+1 7.9551e-1 1.6200e+2
    endloop
  endfacet
  facet normal 7.0505e-1 -5.5488e-2 -7.0699e-1
    outer loop
      vertex -1.5179e+1 7.9551e-1 1.6200e+2
      vertex -6.1660e+0 6.4808e-1 1.7100e+2
      vertex -6.1915e+0 3.2448e-1 1.7100e+2
    endloop
  endfacet
  facet normal -7.0505e-1 5.5488e-2 7.0699e-1
    outer loop
      vertex -1.8100e+1 1.9024e+0 1.6200e+2
      vertex -1.8175e+1 9.5251e-1 1.6200e+2
      vertex -9.1496e+0 9.6166e-1 1.7100e+2
    endloop
  endfacet
  facet normal -7.0505e-1 5.5488e-2 7.0699e-1
    outer loop
      vertex -1.8175e+1 9.5251e-1 1.6200e+2
      vertex -9.1874e+0 4.8149e-1 1.7100e+2
      vertex -9.1496e+0 9.6166e-1 1.7100e+2
    endloop
  endfacet
  facet normal 9.6297e-1 -7.5787e-2 2.5874e-1
    outer loop
      vertex -6.1660e+0 6.4808e-1 1.7100e+2
      vertex -9.7463e+0 1.0244e+0 1.8444e+2
      vertex -6.1915e+0 3.2448e-1 1.7100e+2
    endloop
  endfacet
  facet normal 9.6297e-1 -7.5787e-2 2.5874e-1
    outer loop
      vertex -6.1915e+0 3.2448e-1 1.7100e+2
      vertex -9.7463e+0 1.0244e+0 1.8444e+2
      vertex -9.7866e+0 5.1289e-1 1.8444e+2
    endloop
  endfacet
  facet normal -9.6297e-1 7.5787e-2 -2.5874e-1
    outer loop
      vertex -9.1496e+0 9.6166e-1 1.7100e+2
      vertex -9.1874e+0 4.8149e-1 1.7100e+2
      vertex -1.2730e+1 1.3380e+0 1.8444e+2
    endloop
  endfacet
  facet normal -9.6297e-1 7.5787e-2 -2.5874e-1
    outer loop
      vertex -9.1874e+0 4.8149e-1 1.7100e+2
      vertex -1.2782e+1 6.6990e-1 1.8444e+2
      vertex -1.2730e+1 1.3380e+0 1.8444e+2
    endloop
  endfacet
  facet normal 0.0000e+0 0.0000e+0 -1.0000e+0
    outer loop
      vertex -1.5117e+1 1.5888e+0 0.0000e+0
      vertex -1.5179e+1 7.9551e-1 0.0000e+0
      vertex -1.8100e+1 1.9024e+0 0.0000e+0
    endloop
  endfacet
  facet normal 0.0000e+0 0.0000e+0 -1.0000e+0
    outer loop
      vertex -1.5179e+1 7.9551e-1 0.0000e+0
      vertex -1.8175e+1 9.5251e-1 0.0000e+0
      vertex -1.8100e+1 1.9024e+0 0.0000e+0
    endloop
  endfacet
  facet normal 0.0000e+0 0.0000e+0 1.0000e+0
    outer loop
      vertex -9.7463e+0 1.0244e+0 1.8444e+2
      vertex -1.2730e+1 1.3380e+0 1.8444e+2
      vertex -9.7866e+0 5.1289e-1 1.8444e+2
    endloop
  endfacet
  facet normal 0.0000e+0 0.0000e+0 1.0000e+0
    outer loop
      vertex -9.7866e+0 5.1289e-1 1.8444e+2
      vertex -1.2730e+1 1.3380e+0 1.8444e+2
      vertex -1.2782e+1 6.6990e-1 1.8444e+2
    endloop
  endfacet
  facet normal 9.9966e-1 -2.6177e-2 0.0000e+0
    outer loop
      vertex -1.5179e+1 7.9551e-1 0.0000e+0
      vertex -1.5179e+1 7.9551e-1 1.6200e+2
      vertex -1.5200e+1 1.8615e-15 0.0000e+0
    endloop
  endfacet
  facet normal 9.9966e-1 -2.6177e-2 0.0000e+0
    outer loop
      vertex -1.5200e+1 1.8615e-15 0.0000e+0
      vertex -1.5179e+1 7.9551e-1 1.6200e+2
      vertex -1.5200e+1 1.8615e-15 1.6200e+2
    endloop
  endfacet
  facet normal -9.9966e-1 2.6177e-2 0.0000e+0
    outer loop
      vertex -1.8175e+1 9.5251e-1 0.0000e+0
      vertex -1.8200e+1 2.2289e-15 0.0000e+0
      vertex -1.8175e+1 9.5251e-1 1.6200e+2
    endloop
  endfacet
  facet normal -9.9966e-1 2.6177e-2 0.0000e+0
    outer loop
      vertex -1.8200e+1 2.2289e-15 0.0000e+0
      vertex -1.8200e+1 2.2289e-15 1.6200e+2
      vertex -1.8175e+1 9.5251e-1 1.6200e+2
    endloop
  endfacet
  facet normal 7.0699e-1 -1.8513e-2 -7.0699e-1
    outer loop
      vertex -1.5179e+1 7.9551e-1 1.6200e+2
      vertex -6.1915e+0 3.2448e-1 1.7100e+2
      vertex -1.5200e+1 1.8615e-15 1.6200e+2
    endloop
  endfacet
  facet normal 7.0699e-1 -1.8513e-2 -7.0699e-1
    outer loop
      vertex -1.5200e+1 1.8615e-15 1.6200e+2
      vertex -6.1915e+0 3.2448e-1 1.7100e+2
      vertex -6.2000e+0 7.5928e-16 1.7100e+2
    endloop
  endfacet
  facet normal -7.0699e-1 1.8513e-2 7.0699e-1
    outer loop
      vertex -1.8175e+1 9.5251e-1 1.6200e+2
      vertex -1.8200e+1 2.2289e-15 1.6200e+2
      vertex -9.1874e+0 4.8149e-1 1.7100e+2
    endloop
  endfacet
  facet normal -7.0699e-1 1.8513e-2 7.0699e-1
    outer loop
      vertex -1.8200e+1 2.2289e-15 1.6200e+2
      vertex -9.2000e+0 1.1267e-15 1.7100e+2
      vertex -9.1874e+0 4.8149e-1 1.7100e+2
    endloop
  endfacet
  facet normal 9.6562e-1 -2.5286e-2 2.5874e-1
    outer loop
      vertex -6.1915e+0 3.2448e-1 1.7100e+2
      vertex -9.7866e+0 5.1289e-1 1.8444e+2
      vertex -6.2000e+0 7.5928e-16 1.7100e+2
    endloop
  endfacet
  facet normal 9.6562e-1 -2.5286e-2 2.5874e-1
    outer loop
      vertex -6.2000e+0 7.5928e-16 1.7100e+2
      vertex -9.7866e+0 5.1289e-1 1.8444e+2
      vertex -9.8000e+0 1.2002e-15 1.8444e+2
    endloop
  endfacet
  facet normal -9.6562e-1 2.5286e-2 -2.5874e-1
    outer loop
      vertex -9.1874e+0 4.8149e-1 1.7100e+2
      vertex -9.2000e+0 1.1267e-15 1.7100e+2
      vertex -1.2782e+1 6.6990e-1 1.8444e+2
    endloop
  endfacet
  facet normal -9.6562e-1 2.5286e-2 -2.5874e-1
    outer loop
      vertex -9.2000e+0 1.1267e-15 1.7100e+2
      vertex -1.2800e+1 1.5675e-15 1.8444e+2
      vertex -1.2782e+1 6.6990e-1 1.8444e+2
    endloop
  endfacet
  facet normal 0.0000e+0 0.0000e+0 -1.0000e+0
    outer loop
      vertex -1.5179e+1 7.9551e-1 0.0000e+0
      vertex -1.5200e+1 1.8615e-15 0.0000e+0
      vertex -1.8175e+1 9.5251e-1 0.0000e+0
    endloop
  endfacet
  facet normal 0.0000e+0 0.0000e+0 -1.0000e+0
    outer loop
      vertex -1.5200e+1 1.8615e-15 0.0000e+0
      vertex -1.8200e+1 2.2289e-15 0.0000e+0
      vertex -1.8175e+1 9.5251e-1 0.0000e+0
    endloop
  endfacet
  facet normal 0.0000e+0 0.0000e+0 1.0000e+0
    outer loop
      vertex -9.7866e+0 5.1289e-1 1.8444e+2
      vertex -1.2782e+1 6.6990e-1 1.8444e+2
      vertex -9.8000e+0 1.2002e-15 1.8444e+2
    endloop
  endfacet
  facet normal 0.0000e+0 0.0000e+0 1.0000e+0
    outer loop
      vertex -9.8000e+0 1.2002e-15 1.8444e+2
      vertex -1.2782e+1 6.6990e-1 1.8444e+2
      vertex -1.2800e+1 1.5675e-15 1.8444e+2
    endloop
  endfacet
  facet normal 9.9966e-1 2.6177e-2 0.0000e+0
    outer loop
      vertex -1.5200e+1 1.8615e-15 0.0000e+0
      vertex -1.5200e+1 1.8615e-15 1.6200e+2
      vertex -1.5179e+1 -7.9551e-1 0.0000e+0
    endloop
  endfacet
  facet normal 9.9966e-1 2.6177e-2 0.0000e+0
    outer loop
      vertex -1.5179e+1 -7.9551e-1 0.0000e+0
      vertex -1.5200e+1 1.8615e-15 1.6200e+2
      vertex -1.5179e+1 -7.9551e-1 1.6200e+2
    endloop
  endfacet
  facet normal -9.9966e-1 -2.6177e-2 0.0000e+0
    outer loop
      vertex -1.8200e+1 2.2289e-15 0.0000e+0
      vertex -1.8175e+1 -9.5251e-1 0.0000e+0
      vertex -1.8200e+1 2.2289e-15 1.6200e+2
    endloop
  endfacet
  facet normal -9.9966e-1 -2.6177e-2 0.0000e+0
    outer loop
      vertex -1.8175e+1 -9.5251e-1 0.0000e+0
      vertex -1.8175e+1 -9.5251e-1 1.6200e+2
      vertex -1.8200e+1 2.2289e-15 1.6200e+2
    endloop
  endfacet
  facet normal 7.0699e-1 1.8513e-2 -7.0699e-1
    outer loop
      vertex -1.5200e+1 1.8615e-15 1.6200e+2
      vertex -6.2000e+0 7.5928e-16 1.7100e+2
      vertex -1.5179e+1 -7.9551e-1 1.6200e+2
    endloop
  endfacet
  facet normal 7.0699e-1 1.8513e-2 -7.0699e-1
    outer loop
      vertex -1.5179e+1 -7.9551e-1 1.6200e+2
      vertex -6.2000e+0 7.5928e-16 1.7100e+2
      vertex -6.1915e+0 -3.2448e-1 1.7100e+2
    endloop
  endfacet
  facet normal -7.0699e-1 -1.8513e-2 7.0699e-1
    outer loop
      vertex -1.8200e+1 2.2289e-15 1.6200e+2
      vertex -1.8175e+1 -9.5251e-1 1.6200e+2
      vertex -9.2000e+0 1.1267e-15 1.7100e+2
    endloop
  endfacet
  facet normal -7.0699e-1 -1.8513e-2 7.0699e-1
    outer loop
      vertex -1.8175e+1 -9.5251e-1 1.6200e+2
      vertex -9.1874e+0 -4.8149e-1 1.7100e+2
      vertex -9.2000e+0 1.1267e-15 1.7100e+2
    endloop
  endfacet
  facet normal 9.6562e-1 2.5286e-2 2.5874e-1
    outer loop
      vertex -6.2000e+0 7.5928e-16 1.7100e+2
      vertex -9.8000e+0 1.2002e-15 1.8444e+2
      vertex -6.1915e+0 -3.2448e-1 1.7100e+2
    endloop
  endfacet
  facet normal 9.6562e-1 2.5286e-2 2.5874e-1
    outer loop
      vertex -6.1915e+0 -3.2448e-1 1.7100e+2
      vertex -9.8000e+0 1.2002e-15 1.8444e+2
      vertex -9.7866e+0 -5.1289e-1 1.8444e+2
    endloop
  endfacet
  facet normal -9.6562e-1 -2.5286e-2 -2.5874e-1
    outer loop
      vertex -9.2000e+0 1.1267e-15 1.7100e+2
      vertex -9.1874e+0 -4.8149e-1 1.7100e+2
      vertex -1.2800e+1 1.5675e-15 1.8444e+2
    endloop
  endfacet
  facet normal -9.6562e-1 -2.5286e-2 -2.5874e-1
    outer loop
      vertex -9.1874e+0 -4.8149e-1 1.7100e+2
      vertex -1.2782e+1 -6.6990e-1 1.8444e+2
      vertex -1.2800e+1 1.5675e-15 1.8444e+2
    endloop
  endfacet
  facet normal 0.0000e+0 0.0000e+0 -1.0000e+0
    outer loop
      vertex -1.5200e+1 1.8615e-15 0.0000e+0
      vertex -1.5179e+1 -7.9551e-1 0.0000e+0
      vertex -1.8200e+1 2.2289e-15 0.0000e+0
    endloop
  endfacet
  facet normal 0.0000e+0 0.0000e+0 -1.0000e+0
    outer loop
      vertex -1.5179e+1 -7.9551e-1 0.0000e+0
      vertex -1.8175e+1 -9.5251e-1 0.0000e+0
      vertex -1.8200e+1 2.2289e-15 0.0000e+0
    endloop
  endfacet
  facet normal 0.0000e+0 0.0000e+0 1.0000e+0
    outer loop
      vertex -9.8000e+0 1.2002e-15 1.8444e+2
      vertex -1.2800e+1 1.5675e-15 1.8444e+2
      vertex -9.7866e+0 -5.1289e-1 1.8444e+2
    endloop
  endfacet
  facet normal 0.0000e+0 0.0000e+0 1.0000e+0
    outer loop
      vertex -9.7866e+0 -5.1289e-1 1.8444e+2
      vertex -1.2800e+1 1.5675e-15 1.8444e+2
      vertex -1.2782e+1 -6.6990e-1 1.8444e+2
    endloop
  endfacet
  facet normal 9.9692e-1 7.8459e-2 0.0000e+0
    outer loop
      vertex -1.5179e+1 -7.9551e-1 0.0000e+0
      vertex -1.5179e+1 -7.9551e-1 1.6200e+2
      vertex -1.5117e+1 -1.5888e+0 0.0000e+0
    endloop
  endfacet
  facet normal 9.9692e-1 7.8459e-2 0.0000e+0
    outer loop
      vertex -1.5117e+1 -1.5888e+0 0.0000e+0
      vertex -1.5179e+1 -7.9551e-1 1.6200e+2
      vertex -1.5117e+1 -1.5888e+0 1.6200e+2
    endloop
  endfacet
  facet normal -9.9692e-1 -7.8459e-2 0.0000e+0
    outer loop
      vertex -1.8175e+1 -9.5251e-1 0.0000e+0
      vertex -1.8100e+1 -1.9024e+0 0.0000e+0
      vertex -1.8175e+1 -9.5251e-1 1.6200e+2
    endloop
  endfacet
  facet normal -9.9692e-1 -7.8459e-2 0.0000e+0
    outer loop
      vertex -1.8100e+1 -1.9024e+0 0.0000e+0
      vertex -1.8100e+1 -1.9024e+0 1.6200e+2
      vertex -1.8175e+1 -9.5251e-1 1.6200e+2
    endloop
  endfacet
  facet normal 7.0505e-1 5.5488e-2 -7.0699e-1
    outer loop
      vertex -1.5179e+1 -7.9551e-1 1.6200e+2
      vertex -6.1915e+0 -3.2448e-1 1.7100e+2
      vertex -1.5117e+1 -1.5888e+0 1.6200e+2
    endloop
  endfacet
  facet normal 7.0505e-1 5.5488e-2 -7.0699e-1
    outer loop
      vertex -1.5117e+1 -1.5888e+0 1.6200e+2
      vertex -6.1915e+0 -3.2448e-1 1.7100e+2
      vertex -6.1660e+0 -6.4808e-1 1.7100e+2
    endloop
  endfacet
  facet normal -7.0505e-1 -5.5488e-2 7.0699e-1
    outer loop
      vertex -1.8175e+1 -9.5251e-1 1.6200e+2
      vertex -1.8100e+1 -1.9024e+0 1.6200e+2
      vertex -9.1874e+0 -4.8149e-1 1.7100e+2
    endloop
  endfacet
  facet normal -7.0505e-1 -5.5488e-2 7.0699e-1
    outer loop
      vertex -1.8100e+1 -1.9024e+0 1.6200e+2
      vertex -9.1496e+0 -9.6166e-1 1.7100e+2
      vertex -9.1874e+0 -4.8149e-1 1.7100e+2
    endloop
  endfacet
  facet normal 9.6297e-1 7.5787e-2 2.5874e-1
    outer loop
      vertex -6.1915e+0 -3.2448e-1 1.7100e+2
      vertex -9.7866e+0 -5.1289e-1 1.8444e+2
      vertex -6.1660e+0 -6.4808e-1 1.7100e+2
    endloop
  endfacet
  facet normal 9.6297e-1 7.5787e-2 2.5874e-1
    outer loop
      vertex -6.1660e+0 -6.4808e-1 1.7100e+2
      vertex -9.7866e+0 -5.1289e-1 1.8444e+2
      vertex -9.7463e+0 -1.0244e+0 1.8444e+2
    endloop
  endfacet
  facet normal -9.6297e-1 -7.5787e-2 -2.5874e-1
    outer loop
      vertex -9.1874e+0 -4.8149e-1 1.7100e+2
      vertex -9.1496e+0 -9.6166e-1 1.7100e+2
      vertex -1.2782e+1 -6.6990e-1 1.8444e+2
    endloop
  endfacet
  facet normal -9.6297e-1 -7.5787e-2 -2.5874e-1
    outer loop
      vertex -9.1496e+0 -9.6166e-1 1.7100e+2
      vertex -1.2730e+1 -1.3380e+0 1.8444e+2
      vertex -1.2782e+1 -6.6990e-1 1.8444e+2
    endloop
  endfacet
  facet normal 0.0000e+0 0.0000e+0 -1.0000e+0
    outer loop
      vertex -1.5179e+1 -7.9551e-1 0.0000e+0
      vertex -1.5117e+1 -1.5888e+0 0.0000e+0
      vertex -1.8175e+1 -9.5251e-1 0.0000e+0
    endloop
  endfacet
  facet normal 0.0000e+0 0.0000e+0 -1.0000e+0
    outer loop
      vertex -1.5117e+1 -1.5888e+0 0.0000e+0
      vertex -1.8100e+1 -1.9024e+0 0.0000e+0
      vertex -1.8175e+1 -9.5251e-1 0.0000e+0
    endloop
  endfacet
  facet normal 0.0000e+0 0.0000e+0 1.0000e+0
    outer loop
      vertex -9.7866e+0 -5.1289e-1 1.8444e+2
      vertex -1.2782e+1 -6.6990e-1 1.8444e+2
      vertex -9.7463e+0 -1.0244e+0 1.8444e+2
    endloop
  endfacet
  facet normal 0.0000e+0 0.0000e+0 1.0000e+0
    outer loop
      vertex -9.7463e+0 -1.0244e+0 1.8444e+2
      vertex -1.2782e+1 -6.6990e-1 1.8444e+2
      vertex -1.2730e+1 -1.3380e+0 1.8444e+2
    endloop
  endfacet
  facet normal 9.9144e-1 1.3053e-1 0.0000e+0
    outer loop
      vertex -1.5117e+1 -1.5888e+0 0.0000e+0
      vertex -1.5117e+1 -1.5888e+0 1.6200e+2
      vertex -1.5013e+1 -2.3778e+0 0.0000e+0
    endloop
  endfacet
  facet normal 9.9144e-1 1.3053e-1 0.0000e+0
    outer loop
      vertex -1.5013e+1 -2.3778e+0 0.0000e+0
      vertex -1.5117e+1 -1.5888e+0 1.6200e+2
      vertex -1.5013e+1 -2.3778e+0 1.6200e+2
    endloop
  endfacet
  facet normal -9.9144e-1 -1.3053e-1 0.0000e+0
    outer loop
      vertex -1.8100e+1 -1.9024e+0 0.0000e+0
      vertex -1.7976e+1 -2.8471e+0 0.0000e+0
      vertex -1.8100e+1 -1.9024e+0 1.6200e+2
    endloop
  endfacet
  facet normal -9.9144e-1 -1.3053e-1 0.0000e+0
    outer loop
      vertex -1.7976e+1 -2.8471e+0 0.0000e+0
      vertex -1.7976e+1 -2.8471e+0 1.6200e+2
      vertex -1.8100e+1 -1.9024e+0 1.6200e+2
    endloop
  endfacet
  facet normal 7.0118e-1 9.2312e-2 -7.0699e-1
    outer loop
      vertex -1.5117e+1 -1.5888e+0 1.6200e+2
      vertex -6.1660e+0 -6.4808e-1 1.7100e+2
      vertex -1.5013e+1 -2.3778e+0 1.6200e+2
    endloop
  endfacet
  facet normal 7.0118e-1 9.2312e-2 -7.0699e-1
    outer loop
      vertex -1.5013e+1 -2.3778e+0 1.6200e+2
      vertex -6.1660e+0 -6.4808e-1 1.7100e+2
      vertex -6.1237e+0 -9.6989e-1 1.7100e+2
    endloop
  endfacet
  facet normal -7.0118e-1 -9.2312e-2 7.0699e-1
    outer loop
      vertex -1.8100e+1 -1.9024e+0 1.6200e+2
      vertex -1.7976e+1 -2.8471e+0 1.6200e+2
      vertex -9.1496e+0 -9.6166e-1 1.7100e+2
    endloop
  endfacet
  facet normal -7.0118e-1 -9.2312e-2 7.0699e-1
    outer loop
      vertex -1.7976e+1 -2.8471e+0 1.6200e+2
      vertex -9.0867e+0 -1.4392e+0 1.7100e+2
      vertex -9.1496e+0 -9.6166e-1 1.7100e+2
    endloop
  endfacet
  facet normal 9.5768e-1 1.2608e-1 2.5874e-1
    outer loop
      vertex -6.1660e+0 -6.4808e-1 1.7100e+2
      vertex -9.7463e+0 -1.0244e+0 1.8444e+2
      vertex -6.1237e+0 -9.6989e-1 1.7100e+2
    endloop
  endfacet
  facet normal 9.5768e-1 1.2608e-1 2.5874e-1
    outer loop
      vertex -6.1237e+0 -9.6989e-1 1.7100e+2
      vertex -9.7463e+0 -1.0244e+0 1.8444e+2
      vertex -9.6793e+0 -1.5331e+0 1.8444e+2
    endloop
  endfacet
  facet normal -9.5768e-1 -1.2608e-1 -2.5874e-1
    outer loop
      vertex -9.1496e+0 -9.6166e-1 1.7100e+2
      vertex -9.0867e+0 -1.4392e+0 1.7100e+2
      vertex -1.2730e+1 -1.3380e+0 1.8444e+2
    endloop
  endfacet
  facet normal -9.5768e-1 -1.2608e-1 -2.5874e-1
    outer loop
      vertex -9.0867e+0 -1.4392e+0 1.7100e+2
      vertex -1.2642e+1 -2.0024e+0 1.8444e+2
      vertex -1.2730e+1 -1.3380e+0 1.8444e+2
    endloop
  endfacet
  facet normal 0.0000e+0 0.0000e+0 -1.0000e+0
    outer loop
      vertex -1.5117e+1 -1.5888e+0 0.0000e+0
      vertex -1.5013e+1 -2.3778e+0 0.0000e+0
      vertex -1.8100e+1 -1.9024e+0 0.0000e+0
    endloop
  endfacet
  facet normal 0.0000e+0 0.0000e+0 -1.0000e+0
    outer loop
      vertex -1.5013e+1 -2.3778e+0 0.0000e+0
      vertex -1.7976e+1 -2.8471e+0 0.0000e+0
      vertex -1.8100e+1 -1.9024e+0 0.0000e+0
    endloop
  endfacet
  facet normal 0.0000e+0 0.0000e+0 1.0000e+0
    outer loop
      vertex -9.7463e+0 -1.0244e+0 1.8444e+2
      vertex -1.2730e+1 -1.3380e+0 1.8444e+2
      vertex -9.6793e+0 -1.5331e+0 1.8444e+2
    endloop
  endfacet
  facet normal 0.0000e+0 0.0000e+0 1.0000e+0
    outer loop
      vertex -9.6793e+0 -1.5331e+0 1.8444e+2
      vertex -1.2730e+1 -1.3380e+0 1.8444e+2
      vertex -1.2642e+1 -2.0024e+0 1.8444e+2
    endloop
  endfacet
  facet normal 9.8325e-1 1.8224e-1 0.0000e+0
    outer loop
      vertex -1.5013e+1 -2.3778e+0 0.0000e+0
      vertex -1.5013e+1 -2.3778e+0 1.6200e+2
      vertex -1.4868e+1 -3.1603e+0 0.0000e+0
    endloop
  endfacet
  facet normal 9.8325e-1 1.8224e-1 0.0000e+0
    outer loop
      vertex -1.4868e+1 -3.1603e+0 0.0000e+0
      vertex -1.5013e+1 -2.3778e+0 1.6200e+2
      vertex -1.4868e+1 -3.1603e+0 1.6200e+2
    endloop
  endfacet
  facet normal -9.8325e-1 -1.8224e-1 0.0000e+0
    outer loop
      vertex -1.7976e+1 -2.8471e+0 0.0000e+0
      vertex -1.7802e+1 -3.7840e+0 0.0000e+0
      vertex -1.7976e+1 -2.8471e+0 1.6200e+2
    endloop
  endfacet
  facet normal -9.8325e-1 -1.8224e-1 0.0000e+0
    outer loop
      vertex -1.7802e+1 -3.7840e+0 0.0000e+0
      vertex -1.7802e+1 -3.7840e+0 1.6200e+2
      vertex -1.7976e+1 -2.8471e+0 1.6200e+2
    endloop
  endfacet
  facet normal 6.9539e-1 1.2888e-1 -7.0699e-1
    outer loop
      vertex -1.5013e+1 -2.3778e+0 1.6200e+2
      vertex -6.1237e+0 -9.6989e-1 1.7100e+2
      vertex -1.4868e+1 -3.1603e+0 1.6200e+2
    endloop
  endfacet
  facet normal 6.9539e-1 1.2888e-1 -7.0699e-1
    outer loop
      vertex -1.4868e+1 -3.1603e+0 1.6200e+2
      vertex -6.1237e+0 -9.6989e-1 1.7100e+2
      vertex -6.0645e+0 -1.2891e+0 1.7100e+2
    endloop
  endfacet
  facet normal -6.9539e-1 -1.2888e-1 7.0699e-1
    outer loop
      vertex -1.7976e+1 -2.8471e+0 1.6200e+2
      vertex -1.7802e+1 -3.7840e+0 1.6200e+2
      vertex -9.0867e+0 -1.4392e+0 1.7100e+2
    endloop
  endfacet
  facet normal -6.9539e-1 -1.2888e-1 7.0699e-1
    outer loop
      vertex -1.7802e+1 -3.7840e+0 1.6200e+2
      vertex -8.9990e+0 -1.9128e+0 1.7100e+2
      vertex -9.0867e+0 -1.4392e+0 1.7100e+2
    endloop
  endfacet
  facet normal 9.4977e-1 1.7603e-1 2.5874e-1
    outer loop
      vertex -6.1237e+0 -9.6989e-1 1.7100e+2
      vertex -9.6793e+0 -1.5331e+0 1.8444e+2
      vertex -6.0645e+0 -1.2891e+0 1.7100e+2
    endloop
  endfacet
  facet normal 9.4977e-1 1.7603e-1 2.5874e-1
    outer loop
      vertex -6.0645e+0 -1.2891e+0 1.7100e+2
      vertex -9.6793e+0 -1.5331e+0 1.8444e+2
      vertex -9.5858e+0 -2.0375e+0 1.8444e+2
    endloop
  endfacet
  facet normal -9.4977e-1 -1.7603e-1 -2.5874e-1
    outer loop
      vertex -9.0867e+0 -1.4392e+0 1.7100e+2
      vertex -8.9990e+0 -1.9128e+0 1.7100e+2
      vertex -1.2642e+1 -2.0024e+0 1.8444e+2
    endloop
  endfacet
  facet normal -9.4977e-1 -1.7603e-1 -2.5874e-1
    outer loop
      vertex -8.9990e+0 -1.9128e+0 1.7100e+2
      vertex -1.2520e+1 -2.6613e+0 1.8444e+2
      vertex -1.2642e+1 -2.0024e+0 1.8444e+2
    endloop
  endfacet
  facet normal 0.0000e+0 0.0000e+0 -1.0000e+0
    outer loop
      vertex -1.5013e+1 -2.3778e+0 0.0000e+0
      vertex -1.4868e+1 -3.1603e+0 0.0000e+0
      vertex -1.7976e+1 -2.8471e+0 0.0000e+0
    endloop
  endfacet
  facet normal 0.0000e+0 0.0000e+0 -1.0000e+0
    outer loop
      vertex -1.4868e+1 -3.1603e+0 0.0000e+0
      vertex -1.7802e+1 -3.7840e+0 0.0000e+0
      vertex -1.7976e+1 -2.8471e+0 0.0000e+0
    endloop
  endfacet
  facet normal 0.0000e+0 0.0000e+0 1.0000e+0
    outer loop
      vertex -9.6793e+0 -1.5331e+0 1.8444e+2
      vertex -1.2642e+1 -2.0024e+0 1.8444e+2
      vertex -9.5858e+0 -2.0375e+0 1.8444e+2
    endloop
  endfacet
  facet normal 0.0000e+0 0.0000e+0 1.0000e+0
    outer loop
      vertex -9.5858e+0 -2.0375e+0 1.8444e+2
      vertex -1.2642e+1 -2.0024e+0 1.8444e+2
      vertex -1.2520e+1 -2.6613e+0 1.8444e+2
    endloop
  endfacet
  facet normal 9.7237e-1 2.3345e-1 0.0000e+0
    outer loop
      vertex -1.4868e+1 -3.1603e+0 0.0000e+0
      vertex -1.4868e+1 -3.1603e+0 1.6200e+2
      vertex -1.4682e+1 -3.9340e+0 0.0000e+0
    endloop
  endfacet
  facet normal 9.7237e-1 2.3345e-1 0.0000e+0
    outer loop
      vertex -1.4682e+1 -3.9340e+0 0.0000e+0
      vertex -1.4868e+1 -3.1603e+0 1.6200e+2
      vertex -1.4682e+1 -3.9340e+0 1.6200e+2
    endloop
  endfacet
  facet normal -9.7237e-1 -2.3345e-1 0.0000e+0
    outer loop
      vertex -1.7802e+1 -3.7840e+0 0.0000e+0
      vertex -1.7580e+1 -4.7105e+0 0.0000e+0
      vertex -1.7802e+1 -3.7840e+0 1.6200e+2
    endloop
  endfacet
  facet normal -9.7237e-1 -2.3345e-1 0.0000e+0
    outer loop
      vertex -1.7580e+1 -4.7105e+0 0.0000e+0
      vertex -1.7580e+1 -4.7105e+0 1.6200e+2
      vertex -1.7802e+1 -3.7840e+0 1.6200e+2
    endloop
  endfacet
  facet normal 6.8769e-1 1.6510e-1 -7.0699e-1
    outer loop
      vertex -1.4868e+1 -3.1603e+0 1.6200e+2
      vertex -6.0645e+0 -1.2891e+0 1.7100e+2
      vertex -1.4682e+1 -3.9340e+0 1.6200e+2
    endloop
  endfacet
  facet normal 6.8769e-1 1.6510e-1 -7.0699e-1
    outer loop
      vertex -1.4682e+1 -3.9340e+0 1.6200e+2
      vertex -6.0645e+0 -1.2891e+0 1.7100e+2
      vertex -5.9887e+0 -1.6047e+0 1.7100e+2
    endloop
  endfacet
  facet normal -6.8769e-1 -1.6510e-1 7.0699e-1
    outer loop
      vertex -1.7802e+1 -3.7840e+0 1.6200e+2
      vertex -1.7580e+1 -4.7105e+0 1.6200e+2
      vertex -8.9990e+0 -1.9128e+0 1.7100e+2
    endloop
  endfacet
  facet normal -6.8769e-1 -1.6510e-1 7.0699e-1
    outer loop
      vertex -1.7580e+1 -4.7105e+0 1.6200e+2
      vertex -8.8865e+0 -2.3811e+0 1.7100e+2
      vertex -8.9990e+0 -1.9128e+0 1.7100e+2
    endloop
  endfacet
  facet normal 9.3926e-1 2.2550e-1 2.5874e-1
    outer loop
      vertex -6.0645e+0 -1.2891e+0 1.7100e+2
      vertex -9.5858e+0 -2.0375e+0 1.8444e+2
      vertex -5.9887e+0 -1.6047e+0 1.7100e+2
    endloop
  endfacet
  facet normal 9.3926e-1 2.2550e-1 2.5874e-1
    outer loop
      vertex -5.9887e+0 -1.6047e+0 1.7100e+2
      vertex -9.5858e+0 -2.0375e+0 1.8444e+2
      vertex -9.4661e+0 -2.5364e+0 1.8444e+2
    endloop
  endfacet
  facet normal -9.3926e-1 -2.2550e-1 -2.5874e-1
    outer loop
      vertex -8.9990e+0 -1.9128e+0 1.7100e+2
      vertex -8.8865e+0 -2.3811e+0 1.7100e+2
      vertex -1.2520e+1 -2.6613e+0 1.8444e+2
    endloop
  endfacet
  facet normal -9.3926e-1 -2.2550e-1 -2.5874e-1
    outer loop
      vertex -8.8865e+0 -2.3811e+0 1.7100e+2
      vertex -1.2364e+1 -3.3129e+0 1.8444e+2
      vertex -1.2520e+1 -2.6613e+0 1.8444e+2
    endloop
  endfacet
  facet normal 0.0000e+0 0.0000e+0 -1.0000e+0
    outer loop
      vertex -1.4868e+1 -3.1603e+0 0.0000e+0
      vertex -1.4682e+1 -3.9340e+0 0.0000e+0
      vertex -1.7802e+1 -3.7840e+0 0.0000e+0
    endloop
  endfacet
  facet normal 0.0000e+0 0.0000e+0 -1.0000e+0
    outer loop
      vertex -1.4682e+1 -3.9340e+0 0.0000e+0
      vertex -1.7580e+1 -4.7105e+0 0.0000e+0
      vertex -1.7802e+1 -3.7840e+0 0.0000e+0
    endloop
  endfacet
  facet normal 0.0000e+0 0.0000e+0 1.0000e+0
    outer loop
      vertex -9.5858e+0 -2.0375e+0 1.8444e+2
      vertex -1.2520e+1 -2.6613e+0 1.8444e+2
      vertex -9.4661e+0 -2.5364e+0 1.8444e+2
    endloop
  endfacet
  facet normal 0.0000e+0 0.0000e+0 1.0000e+0
    outer loop
      vertex -9.4661e+0 -2.5364e+0 1.8444e+2
      vertex -1.2520e+1 -2.6613e+0 1.8444e+2
      vertex -1.2364e+1 -3.3129e+0 1.8444e+2
    endloop
  endfacet
  facet normal 9.5882e-1 2.8402e-1 0.0000e+0
    outer loop
      vertex -1.4682e+1 -3.9340e+0 0.0000e+0
      vertex -1.4682e+1 -3.9340e+0 1.6200e+2
      vertex -1.4456e+1 -4.6971e+0 0.0000e+0
    endloop
  endfacet
  facet normal 9.5882e-1 2.8402e-1 0.0000e+0
    outer loop
      vertex -1.4456e+1 -4.6971e+0 0.0000e+0
      vertex -1.4682e+1 -3.9340e+0 1.6200e+2
      vertex -1.4456e+1 -4.6971e+0 1.6200e+2
    endloop
  endfacet
  facet normal -9.5882e-1 -2.8402e-1 0.0000e+0
    outer loop
      vertex -1.7580e+1 -4.7105e+0 0.0000e+0
      vertex -1.7309e+1 -5.6241e+0 0.0000e+0
      vertex -1.7580e+1 -4.7105e+0 1.6200e+2
    endloop
  endfacet
  facet normal -9.5882e-1 -2.8402e-1 0.0000e+0
    outer loop
      vertex -1.7309e+1 -5.6241e+0 0.0000e+0
      vertex -1.7309e+1 -5.6241e+0 1.6200e+2
      vertex -1.7580e+1 -4.7105e+0 1.6200e+2
    endloop
  endfacet
  facet normal 6.7810e-1 2.0086e-1 -7.0699e-1
    outer loop
      vertex -1.4682e+1 -3.9340e+0 1.6200e+2
      vertex -5.9887e+0 -1.6047e+0 1.7100e+2
      vertex -1.4456e+1 -4.6971e+0 1.6200e+2
    endloop
  endfacet
  facet normal 6.7810e-1 2.0086e-1 -7.0699e-1
    outer loop
      vertex -1.4456e+1 -4.6971e+0 1.6200e+2
      vertex -5.9887e+0 -1.6047e+0 1.7100e+2
      vertex -5.8966e+0 -1.9159e+0 1.7100e+2
    endloop
  endfacet
  facet normal -6.7810e-1 -2.0086e-1 7.0699e-1
    outer loop
      vertex -1.7580e+1 -4.7105e+0 1.6200e+2
      vertex -1.7309e+1 -5.6241e+0 1.6200e+2
      vertex -8.8865e+0 -2.3811e+0 1.7100e+2
    endloop
  endfacet
  facet normal -6.7810e-1 -2.0086e-1 7.0699e-1
    outer loop
      vertex -1.7309e+1 -5.6241e+0 1.6200e+2
      vertex -8.7497e+0 -2.8430e+0 1.7100e+2
      vertex -8.8865e+0 -2.3811e+0 1.7100e+2
    endloop
  endfacet
  facet normal 9.2617e-1 2.7434e-1 2.5874e-1
    outer loop
      vertex -5.9887e+0 -1.6047e+0 1.7100e+2
      vertex -9.4661e+0 -2.5364e+0 1.8444e+2
      vertex -5.8966e+0 -1.9159e+0 1.7100e+2
    endloop
  endfacet
  facet normal 9.2617e-1 2.7434e-1 2.5874e-1
    outer loop
      vertex -5.8966e+0 -1.9159e+0 1.7100e+2
      vertex -9.4661e+0 -2.5364e+0 1.8444e+2
      vertex -9.3204e+0 -3.0284e+0 1.8444e+2
    endloop
  endfacet
  facet normal -9.2617e-1 -2.7434e-1 -2.5874e-1
    outer loop
      vertex -8.8865e+0 -2.3811e+0 1.7100e+2
      vertex -8.7497e+0 -2.8430e+0 1.7100e+2
      vertex -1.2364e+1 -3.3129e+0 1.8444e+2
    endloop
  endfacet
  facet normal -9.2617e-1 -2.7434e-1 -2.5874e-1
    outer loop
      vertex -8.7497e+0 -2.8430e+0 1.7100e+2
      vertex -1.2174e+1 -3.9554e+0 1.8444e+2
      vertex -1.2364e+1 -3.3129e+0 1.8444e+2
    endloop
  endfacet
  facet normal 0.0000e+0 0.0000e+0 -1.0000e+0
    outer loop
      vertex -1.4682e+1 -3.9340e+0 0.0000e+0
      vertex -1.4456e+1 -4.6971e+0 0.0000e+0
      vertex -1.7580e+1 -4.7105e+0 0.0000e+0
    endloop
  endfacet
  facet normal 0.0000e+0 0.0000e+0 -1.0000e+0
    outer loop
      vertex -1.4456e+1 -4.6971e+0 0.0000e+0
      vertex -1.7309e+1 -5.6241e+0 0.0000e+0
      vertex -1.7580e+1 -4.7105e+0 0.0000e+0
    endloop
  endfacet
  facet normal 0.0000e+0 0.0000e+0 1.0000e+0
    outer loop
      vertex -9.4661e+0 -2.5364e+0 1.8444e+2
      vertex -1.2364e+1 -3.3129e+0 1.8444e+2
      vertex -9.3204e+0 -3.0284e+0 1.8444e+2
    endloop
  endfacet
  facet normal 0.0000e+0 0.0000e+0 1.0000e+0
    outer loop
      vertex -9.3204e+0 -3.0284e+0 1.8444e+2
      vertex -1.2364e+1 -3.3129e+0 1.8444e+2
      vertex -1.2174e+1 -3.9554e+0 1.8444e+2
    endloop
  endfacet
  facet normal 9.4264e-1 3.3381e-1 0.0000e+0
    outer loop
      vertex -1.4456e+1 -4.6971e+0 0.0000e+0
      vertex -1.4456e+1 -4.6971e+0 1.6200e+2
      vertex -1.4190e+1 -5.4472e+0 0.0000e+0
    endloop
  endfacet
  facet normal 9.4264e-1 3.3381e-1 0.0000e+0
    outer loop
      vertex -1.4190e+1 -5.4472e+0 0.0000e+0
      vertex -1.4456e+1 -4.6971e+0 1.6200e+2
      vertex -1.4190e+1 -5.4472e+0 1.6200e+2
    endloop
  endfacet
  facet normal -9.4264e-1 -3.3381e-1 0.0000e+0
    outer loop
      vertex -1.7309e+1 -5.6241e+0 0.0000e+0
      vertex -1.6991e+1 -6.5223e+0 0.0000e+0
      vertex -1.7309e+1 -5.6241e+0 1.6200e+2
    endloop
  endfacet
  facet normal -9.4264e-1 -3.3381e-1 0.0000e+0
    outer loop
      vertex -1.6991e+1 -6.5223e+0 0.0000e+0
      vertex -1.6991e+1 -6.5223e+0 1.6200e+2
      vertex -1.7309e+1 -5.6241e+0 1.6200e+2
    endloop
  endfacet
  facet normal 6.6666e-1 2.3608e-1 -7.0699e-1
    outer loop
      vertex -1.4456e+1 -4.6971e+0 1.6200e+2
      vertex -5.8966e+0 -1.9159e+0 1.7100e+2
      vertex -1.4190e+1 -5.4472e+0 1.6200e+2
    endloop
  endfacet
  facet normal 6.6666e-1 2.3608e-1 -7.0699e-1
    outer loop
      vertex -1.4190e+1 -5.4472e+0 1.6200e+2
      vertex -5.8966e+0 -1.9159e+0 1.7100e+2
      vertex -5.7882e+0 -2.2219e+0 1.7100e+2
    endloop
  endfacet
  facet normal -6.6666e-1 -2.3608e-1 7.0699e-1
    outer loop
      vertex -1.7309e+1 -5.6241e+0 1.6200e+2
      vertex -1.6991e+1 -6.5223e+0 1.6200e+2
      vertex -8.7497e+0 -2.8430e+0 1.7100e+2
    endloop
  endfacet
  facet normal -6.6666e-1 -2.3608e-1 7.0699e-1
    outer loop
      vertex -1.6991e+1 -6.5223e+0 1.6200e+2
      vertex -8.5889e+0 -3.2970e+0 1.7100e+2
      vertex -8.7497e+0 -2.8430e+0 1.7100e+2
    endloop
  endfacet
  facet normal 9.1054e-1 3.2244e-1 2.5874e-1
    outer loop
      vertex -5.8966e+0 -1.9159e+0 1.7100e+2
      vertex -9.3204e+0 -3.0284e+0 1.8444e+2
      vertex -5.7882e+0 -2.2219e+0 1.7100e+2
    endloop
  endfacet
  facet normal 9.1054e-1 3.2244e-1 2.5874e-1
    outer loop
      vertex -5.7882e+0 -2.2219e+0 1.7100e+2
      vertex -9.3204e+0 -3.0284e+0 1.8444e+2
      vertex -9.1491e+0 -3.5120e+0 1.8444e+2
    endloop
  endfacet
  facet normal -9.1054e-1 -3.2244e-1 -2.5874e-1
    outer loop
      vertex -8.7497e+0 -2.8430e+0 1.7100e+2
      vertex -8.5889e+0 -3.2970e+0 1.7100e+2
      vertex -1.2174e+1 -3.9554e+0 1.8444e+2
    endloop
  endfacet
  facet normal -9.1054e-1 -3.2244e-1 -2.5874e-1
    outer loop
      vertex -8.5889e+0 -3.2970e+0 1.7100e+2
      vertex -1.1950e+1 -4.5871e+0 1.8444e+2
      vertex -1.2174e+1 -3.9554e+0 1.8444e+2
    endloop
  endfacet
  facet normal 0.0000e+0 0.0000e+0 -1.0000e+0
    outer loop
      vertex -1.4456e+1 -4.6971e+0 0.0000e+0
      vertex -1.4190e+1 -5.4472e+0 0.0000e+0
      vertex -1.7309e+1 -5.6241e+0 0.0000e+0
    endloop
  endfacet
  facet normal 0.0000e+0 0.0000e+0 -1.0000e+0
    outer loop
      vertex -1.4190e+1 -5.4472e+0 0.0000e+0
      vertex -1.6991e+1 -6.5223e+0 0.0000e+0
      vertex -1.7309e+1 -5.6241e+0 0.0000e+0
    endloop
  endfacet
  facet normal 0.0000e+0 0.0000e+0 1.0000e+0
    outer loop
      vertex -9.3204e+0 -3.0284e+0 1.8444e+2
      vertex -1.2174e+1 -3.9554e+0 1.8444e+2
      vertex -9.1491e+0 -3.5120e+0 1.8444e+2
    endloop
  endfacet
  facet normal 0.0000e+0 0.0000e+0 1.0000e+0
    outer loop
      vertex -9.1491e+0 -3.5120e+0 1.8444e+2
      vertex -1.2174e+1 -3.9554e+0 1.8444e+2
      vertex -1.1950e+1 -4.5871e+0 1.8444e+2
    endloop
  endfacet
  facet normal 9.2388e-1 3.8268e-1 0.0000e+0
    outer loop
      vertex -1.4190e+1 -5.4472e+0 0.0000e+0
      vertex -1.4190e+1 -5.4472e+0 1.6200e+2
      vertex -1.3886e+1 -6.1824e+0 0.0000e+0
    endloop
  endfacet
  facet normal 9.2388e-1 3.8268e-1 0.0000e+0
    outer loop
      vertex -1.3886e+1 -6.1824e+0 0.0000e+0
      vertex -1.4190e+1 -5.4472e+0 1.6200e+2
      vertex -1.3886e+1 -6.1824e+0 1.6200e+2
    endloop
  endfacet
  facet normal -9.2388e-1 -3.8268e-1 0.0000e+0
    outer loop
      vertex -1.6991e+1 -6.5223e+0 0.0000e+0
      vertex -1.6627e+1 -7.4026e+0 0.0000e+0
      vertex -1.6991e+1 -6.5223e+0 1.6200e+2
    endloop
  endfacet
  facet normal -9.2388e-1 -3.8268e-1 0.0000e+0
    outer loop
      vertex -1.6627e+1 -7.4026e+0 0.0000e+0
      vertex -1.6627e+1 -7.4026e+0 1.6200e+2
      vertex -1.6991e+1 -6.5223e+0 1.6200e+2
    endloop
  endfacet
  facet normal 6.5339e-1 2.7064e-1 -7.0699e-1
    outer loop
      vertex -1.4190e+1 -5.4472e+0 1.6200e+2
      vertex -5.7882e+0 -2.2219e+0 1.7100e+2
      vertex -1.3886e+1 -6.1824e+0 1.6200e+2
    endloop
  endfacet
  facet normal 6.5339e-1 2.7064e-1 -7.0699e-1
    outer loop
      vertex -1.3886e+1 -6.1824e+0 1.6200e+2
      vertex -5.7882e+0 -2.2219e+0 1.7100e+2
      vertex -5.6640e+0 -2.5218e+0 1.7100e+2
    endloop
  endfacet
  facet normal -6.5339e-1 -2.7064e-1 7.0699e-1
    outer loop
      vertex -1.6991e+1 -6.5223e+0 1.6200e+2
      vertex -1.6627e+1 -7.4026e+0 1.6200e+2
      vertex -8.5889e+0 -3.2970e+0 1.7100e+2
    endloop
  endfacet
  facet normal -6.5339e-1 -2.7064e-1 7.0699e-1
    outer loop
      vertex -1.6627e+1 -7.4026e+0 1.6200e+2
      vertex -8.4046e+0 -3.7420e+0 1.7100e+2
      vertex -8.5889e+0 -3.2970e+0 1.7100e+2
    endloop
  endfacet
  facet normal 8.9242e-1 3.6965e-1 2.5874e-1
    outer loop
      vertex -5.7882e+0 -2.2219e+0 1.7100e+2
      vertex -9.1491e+0 -3.5120e+0 1.8444e+2
      vertex -5.6640e+0 -2.5218e+0 1.7100e+2
    endloop
  endfacet
  facet normal 8.9242e-1 3.6965e-1 2.5874e-1
    outer loop
      vertex -5.6640e+0 -2.5218e+0 1.7100e+2
      vertex -9.1491e+0 -3.5120e+0 1.8444e+2
      vertex -8.9527e+0 -3.9860e+0 1.8444e+2
    endloop
  endfacet
  facet normal -8.9242e-1 -3.6965e-1 -2.5874e-1
    outer loop
      vertex -8.5889e+0 -3.2970e+0 1.7100e+2
      vertex -8.4046e+0 -3.7420e+0 1.7100e+2
      vertex -1.1950e+1 -4.5871e+0 1.8444e+2
    endloop
  endfacet
  facet normal -8.9242e-1 -3.6965e-1 -2.5874e-1
    outer loop
      vertex -8.4046e+0 -3.7420e+0 1.7100e+2
      vertex -1.1693e+1 -5.2062e+0 1.8444e+2
      vertex -1.1950e+1 -4.5871e+0 1.8444e+2
    endloop
  endfacet
  facet normal 0.0000e+0 0.0000e+0 -1.0000e+0
    outer loop
      vertex -1.4190e+1 -5.4472e+0 0.0000e+0
      vertex -1.3886e+1 -6.1824e+0 0.0000e+0
      vertex -1.6991e+1 -6.5223e+0 0.0000e+0
    endloop
  endfacet
  facet normal 0.0000e+0 0.0000e+0 -1.0000e+0
    outer loop
      vertex -1.3886e+1 -6.1824e+0 0.0000e+0
      vertex -1.6627e+1 -7.4026e+0 0.0000e+0
      vertex -1.6991e+1 -6.5223e+0 0.0000e+0
    endloop
  endfacet
  facet normal 0.0000e+0 0.0000e+0 1.0000e+0
    outer loop
      vertex -9.1491e+0 -3.5120e+0 1.8444e+2
      vertex -1.1950e+1 -4.5871e+0 1.8444e+2
      vertex -8.9527e+0 -3.9860e+0 1.8444e+2
    endloop
  endfacet
  facet normal 0.0000e+0 0.0000e+0 1.0000e+0
    outer loop
      vertex -8.9527e+0 -3.9860e+0 1.8444e+2
      vertex -1.1950e+1 -4.5871e+0 1.8444e+2
      vertex -1.1693e+1 -5.2062e+0 1.8444e+2
    endloop
  endfacet
  facet normal 9.0259e-1 4.3051e-1 0.0000e+0
    outer loop
      vertex -1.3886e+1 -6.1824e+0 0.0000e+0
      vertex -1.3886e+1 -6.1824e+0 1.6200e+2
      vertex -1.3543e+1 -6.9007e+0 0.0000e+0
    endloop
  endfacet
  facet normal 9.0259e-1 4.3051e-1 0.0000e+0
    outer loop
      vertex -1.3543e+1 -6.9007e+0 0.0000e+0
      vertex -1.3886e+1 -6.1824e+0 1.6200e+2
      vertex -1.3543e+1 -6.9007e+0 1.6200e+2
    endloop
  endfacet
  facet normal -9.0259e-1 -4.3051e-1 0.0000e+0
    outer loop
      vertex -1.6627e+1 -7.4026e+0 0.0000e+0
      vertex -1.6216e+1 -8.2626e+0 0.0000e+0
      vertex -1.6627e+1 -7.4026e+0 1.6200e+2
    endloop
  endfacet
  facet normal -9.0259e-1 -4.3051e-1 0.0000e+0
    outer loop
      vertex -1.6216e+1 -8.2626e+0 0.0000e+0
      vertex -1.6216e+1 -8.2626e+0 1.6200e+2
      vertex -1.6627e+1 -7.4026e+0 1.6200e+2
    endloop
  endfacet
  facet normal 6.3833e-1 3.0447e-1 -7.0699e-1
    outer loop
      vertex -1.3886e+1 -6.1824e+0 1.6200e+2
      vertex -5.6640e+0 -2.5218e+0 1.7100e+2
      vertex -1.3543e+1 -6.9007e+0 1.6200e+2
    endloop
  endfacet
  facet normal 6.3833e-1 3.0447e-1 -7.0699e-1
    outer loop
      vertex -1.3543e+1 -6.9007e+0 1.6200e+2
      vertex -5.6640e+0 -2.5218e+0 1.7100e+2
      vertex -5.5242e+0 -2.8147e+0 1.7100e+2
    endloop
  endfacet
  facet normal -6.3833e-1 -3.0447e-1 7.0699e-1
    outer loop
      vertex -1.6627e+1 -7.4026e+0 1.6200e+2
      vertex -1.6216e+1 -8.2626e+0 1.6200e+2
      vertex -8.4046e+0 -3.7420e+0 1.7100e+2
    endloop
  endfacet
  facet normal -6.3833e-1 -3.0447e-1 7.0699e-1
    outer loop
      vertex -1.6216e+1 -8.2626e+0 1.6200e+2
      vertex -8.1973e+0 -4.1767e+0 1.7100e+2
      vertex -8.4046e+0 -3.7420e+0 1.7100e+2
    endloop
  endfacet
  facet normal 8.7185e-1 4.1585e-1 2.5874e-1
    outer loop
      vertex -5.6640e+0 -2.5218e+0 1.7100e+2
      vertex -8.9527e+0 -3.9860e+0 1.8444e+2
      vertex -5.5242e+0 -2.8147e+0 1.7100e+2
    endloop
  endfacet
  facet normal 8.7185e-1 4.1585e-1 2.5874e-1
    outer loop
      vertex -5.5242e+0 -2.8147e+0 1.7100e+2
      vertex -8.9527e+0 -3.9860e+0 1.8444e+2
      vertex -8.7319e+0 -4.4491e+0 1.8444e+2
    endloop
  endfacet
  facet normal -8.7185e-1 -4.1585e-1 -2.5874e-1
    outer loop
      vertex -8.4046e+0 -3.7420e+0 1.7100e+2
      vertex -8.1973e+0 -4.1767e+0 1.7100e+2
      vertex -1.1693e+1 -5.2062e+0 1.8444e+2
    endloop
  endfacet
  facet normal -8.7185e-1 -4.1585e-1 -2.5874e-1
    outer loop
      vertex -8.1973e+0 -4.1767e+0 1.7100e+2
      vertex -1.1405e+1 -5.8111e+0 1.8444e+2
      vertex -1.1693e+1 -5.2062e+0 1.8444e+2
    endloop
  endfacet
  facet normal 0.0000e+0 0.0000e+0 -1.0000e+0
    outer loop
      vertex -1.3886e+1 -6.1824e+0 0.0000e+0
      vertex -1.3543e+1 -6.9007e+0 0.0000e+0
      vertex -1.6627e+1 -7.4026e+0 0.0000e+0
    endloop
  endfacet
  facet normal 0.0000e+0 0.0000e+0 -1.0000e+0
    outer loop
      vertex -1.3543e+1 -6.9007e+0 0.0000e+0
      vertex -1.6216e+1 -8.2626e+0 0.0000e+0
      vertex -1.6627e+1 -7.4026e+0 0.0000e+0
    endloop
  endfacet
  facet normal 0.0000e+0 0.0000e+0 1.0000e+0
    outer loop
      vertex -8.9527e+0 -3.9860e+0 1.8444e+2
      vertex -1.1693e+1 -5.2062e+0 1.8444e+2
      vertex -8.7319e+0 -4.4491e+0 1.8444e+2
    endloop
  endfacet
  facet normal 0.0000e+0 0.0000e+0 1.0000e+0
    outer loop
      vertex -8.7319e+0 -4.4491e+0 1.8444e+2
      vertex -1.1693e+1 -5.2062e+0 1.8444e+2
      vertex -1.1405e+1 -5.8111e+0 1.8444e+2
    endloop
  endfacet
  facet normal 8.7882e-1 4.7716e-1 0.0000e+0
    outer loop
      vertex -1.3543e+1 -6.9007e+0 0.0000e+0
      vertex -1.3543e+1 -6.9007e+0 1.6200e+2
      vertex -1.3164e+1 -7.6000e+0 0.0000e+0
    endloop
  endfacet
  facet normal 8.7882e-1 4.7716e-1 0.0000e+0
    outer loop
      vertex -1.3164e+1 -7.6000e+0 0.0000e+0
      vertex -1.3543e+1 -6.9007e+0 1.6200e+2
      vertex -1.3164e+1 -7.6000e+0 1.6200e+2
    endloop
  endfacet
  facet normal -8.7882e-1 -4.7716e-1 0.0000e+0
    outer loop
      vertex -1.6216e+1 -8.2626e+0 0.0000e+0
      vertex -1.5762e+1 -9.1000e+0 0.0000e+0
      vertex -1.6216e+1 -8.2626e+0 1.6200e+2
    endloop
  endfacet
  facet normal -8.7882e-1 -4.7716e-1 0.0000e+0
    outer loop
      vertex -1.5762e+1 -9.1000e+0 0.0000e+0
      vertex -1.5762e+1 -9.1000e+0 1.6200e+2
      vertex -1.6216e+1 -8.2626e+0 1.6200e+2
    endloop
  endfacet
  facet normal 6.2152e-1 3.3746e-1 -7.0699e-1
    outer loop
      vertex -1.3543e+1 -6.9007e+0 1.6200e+2
      vertex -5.5242e+0 -2.8147e+0 1.7100e+2
      vertex -1.3164e+1 -7.6000e+0 1.6200e+2
    endloop
  endfacet
  facet normal 6.2152e-1 3.3746e-1 -7.0699e-1
    outer loop
      vertex -1.3164e+1 -7.6000e+0 1.6200e+2
      vertex -5.5242e+0 -2.8147e+0 1.7100e+2
      vertex -5.3694e+0 -3.1000e+0 1.7100e+2
    endloop
  endfacet
  facet normal -6.2152e-1 -3.3746e-1 7.0699e-1
    outer loop
      vertex -1.6216e+1 -8.2626e+0 1.6200e+2
      vertex -1.5762e+1 -9.1000e+0 1.6200e+2
      vertex -8.1973e+0 -4.1767e+0 1.7100e+2
    endloop
  endfacet
  facet normal -6.2152e-1 -3.3746e-1 7.0699e-1
    outer loop
      vertex -1.5762e+1 -9.1000e+0 1.6200e+2
      vertex -7.9674e+0 -4.6000e+0 1.7100e+2
      vertex -8.1973e+0 -4.1767e+0 1.7100e+2
    endloop
  endfacet
  facet normal 8.4889e-1 4.6091e-1 2.5874e-1
    outer loop
      vertex -5.5242e+0 -2.8147e+0 1.7100e+2
      vertex -8.7319e+0 -4.4491e+0 1.8444e+2
      vertex -5.3694e+0 -3.1000e+0 1.7100e+2
    endloop
  endfacet
  facet normal 8.4889e-1 4.6091e-1 2.5874e-1
    outer loop
      vertex -5.3694e+0 -3.1000e+0 1.7100e+2
      vertex -8.7319e+0 -4.4491e+0 1.8444e+2
      vertex -8.4870e+0 -4.9000e+0 1.8444e+2
    endloop
  endfacet
  facet normal -8.4889e-1 -4.6091e-1 -2.5874e-1
    outer loop
      vertex -8.1973e+0 -4.1767e+0 1.7100e+2
      vertex -7.9674e+0 -4.6000e+0 1.7100e+2
      vertex -1.1405e+1 -5.8111e+0 1.8444e+2
    endloop
  endfacet
  facet normal -8.4889e-1 -4.6091e-1 -2.5874e-1
    outer loop
      vertex -7.9674e+0 -4.6000e+0 1.7100e+2
      vertex -1.1085e+1 -6.4000e+0 1.8444e+2
      vertex -1.1405e+1 -5.8111e+0 1.8444e+2
    endloop
  endfacet
  facet normal 0.0000e+0 0.0000e+0 -1.0000e+0
    outer loop
      vertex -1.3543e+1 -6.9007e+0 0.0000e+0
      vertex -1.3164e+1 -7.6000e+0 0.0000e+0
      vertex -1.6216e+1 -8.2626e+0 0.0000e+0
    endloop
  endfacet
  facet normal 0.0000e+0 0.0000e+0 -1.0000e+0
    outer loop
      vertex -1.3164e+1 -7.6000e+0 0.0000e+0
      vertex -1.5762e+1 -9.1000e+0 0.0000e+0
      vertex -1.6216e+1 -8.2626e+0 0.0000e+0
    endloop
  endfacet
  facet normal 0.0000e+0 0.0000e+0 1.0000e+0
    outer loop
      vertex -8.7319e+0 -4.4491e+0 1.8444e+2
      vertex -1.1405e+1 -5.8111e+0 1.8444e+2
      vertex -8.4870e+0 -4.9000e+0 1.8444e+2
    endloop
  endfacet
  facet normal 0.0000e+0 0.0000e+0 1.0000e+0
    outer loop
      vertex -8.4870e+0 -4.9000e+0 1.8444e+2
      vertex -1.1405e+1 -5.8111e+0 1.8444e+2
      vertex -1.1085e+1 -6.4000e+0 1.8444e+2
    endloop
  endfacet
  facet normal 8.5264e-1 5.2250e-1 0.0000e+0
    outer loop
      vertex -1.3164e+1 -7.6000e+0 0.0000e+0
      vertex -1.3164e+1 -7.6000e+0 1.6200e+2
      vertex -1.2748e+1 -8.2785e+0 0.0000e+0
    endloop
  endfacet
  facet normal 8.5264e-1 5.2250e-1 0.0000e+0
    outer loop
      vertex -1.2748e+1 -8.2785e+0 0.0000e+0
      vertex -1.3164e+1 -7.6000e+0 1.6200e+2
      vertex -1.2748e+1 -8.2785e+0 1.6200e+2
    endloop
  endfacet
  facet normal -8.5264e-1 -5.2250e-1 0.0000e+0
    outer loop
      vertex -1.5762e+1 -9.1000e+0 0.0000e+0
      vertex -1.5264e+1 -9.9124e+0 0.0000e+0
      vertex -1.5762e+1 -9.1000e+0 1.6200e+2
    endloop
  endfacet
  facet normal -8.5264e-1 -5.2250e-1 0.0000e+0
    outer loop
      vertex -1.5264e+1 -9.9124e+0 0.0000e+0
      vertex -1.5264e+1 -9.9124e+0 1.6200e+2
      vertex -1.5762e+1 -9.1000e+0 1.6200e+2
    endloop
  endfacet
  facet normal 6.0301e-1 3.6953e-1 -7.0699e-1
    outer loop
      vertex -1.3164e+1 -7.6000e+0 1.6200e+2
      vertex -5.3694e+0 -3.1000e+0 1.7100e+2
      vertex -1.2748e+1 -8.2785e+0 1.6200e+2
    endloop
  endfacet
  facet normal 6.0301e-1 3.6953e-1 -7.0699e-1
    outer loop
      vertex -1.2748e+1 -8.2785e+0 1.6200e+2
      vertex -5.3694e+0 -3.1000e+0 1.7100e+2
      vertex -5.1998e+0 -3.3768e+0 1.7100e+2
    endloop
  endfacet
  facet normal -6.0301e-1 -3.6953e-1 7.0699e-1
    outer loop
      vertex -1.5762e+1 -9.1000e+0 1.6200e+2
      vertex -1.5264e+1 -9.9124e+0 1.6200e+2
      vertex -7.9674e+0 -4.6000e+0 1.7100e+2
    endloop
  endfacet
  facet normal -6.0301e-1 -3.6953e-1 7.0699e-1
    outer loop
      vertex -1.5264e+1 -9.9124e+0 1.6200e+2
      vertex -7.7158e+0 -5.0107e+0 1.7100e+2
      vertex -7.9674e+0 -4.6000e+0 1.7100e+2
    endloop
  endfacet
  facet normal 8.2361e-1 5.0471e-1 2.5874e-1
    outer loop
      vertex -5.3694e+0 -3.1000e+0 1.7100e+2
      vertex -8.4870e+0 -4.9000e+0 1.8444e+2
      vertex -5.1998e+0 -3.3768e+0 1.7100e+2
    endloop
  endfacet
  facet normal 8.2361e-1 5.0471e-1 2.5874e-1
    outer loop
      vertex -5.1998e+0 -3.3768e+0 1.7100e+2
      vertex -8.4870e+0 -4.9000e+0 1.8444e+2
      vertex -8.2190e+0 -5.3375e+0 1.8444e+2
    endloop
  endfacet
  facet normal -8.2361e-1 -5.0471e-1 -2.5874e-1
    outer loop
      vertex -7.9674e+0 -4.6000e+0 1.7100e+2
      vertex -7.7158e+0 -5.0107e+0 1.7100e+2
      vertex -1.1085e+1 -6.4000e+0 1.8444e+2
    endloop
  endfacet
  facet normal -8.2361e-1 -5.0471e-1 -2.5874e-1
    outer loop
      vertex -7.7158e+0 -5.0107e+0 1.7100e+2
      vertex -1.0735e+1 -6.9714e+0 1.8444e+2
      vertex -1.1085e+1 -6.4000e+0 1.8444e+2
    endloop
  endfacet
  facet normal 0.0000e+0 0.0000e+0 -1.0000e+0
    outer loop
      vertex -1.3164e+1 -7.6000e+0 0.0000e+0
      vertex -1.2748e+1 -8.2785e+0 0.0000e+0
      vertex -1.5762e+1 -9.1000e+0 0.0000e+0
    endloop
  endfacet
  facet normal 0.0000e+0 0.0000e+0 -1.0000e+0
    outer loop
      vertex -1.2748e+1 -8.2785e+0 0.0000e+0
      vertex -1.5264e+1 -9.9124e+0 0.0000e+0
      vertex -1.5762e+1 -9.1000e+0 0.0000e+0
    endloop
  endfacet
  facet normal 0.0000e+0 0.0000e+0 1.0000e+0
    outer loop
      vertex -8.4870e+0 -4.9000e+0 1.8444e+2
      vertex -1.1085e+1 -6.4000e+0 1.8444e+2
      vertex -8.2190e+0 -5.3375e+0 1.8444e+2
    endloop
  endfacet
  facet normal 0.0000e+0 0.0000e+0 1.0000e+0
    outer loop
      vertex -8.2190e+0 -5.3375e+0 1.8444e+2
      vertex -1.1085e+1 -6.4000e+0 1.8444e+2
      vertex -1.0735e+1 -6.9714e+0 1.8444e+2
    endloop
  endfacet
  facet normal 8.2413e-1 5.6641e-1 0.0000e+0
    outer loop
      vertex -1.2748e+1 -8.2785e+0 0.0000e+0
      vertex -1.2748e+1 -8.2785e+0 1.6200e+2
      vertex -1.2297e+1 -8.9343e+0 0.0000e+0
    endloop
  endfacet
  facet normal 8.2413e-1 5.6641e-1 0.0000e+0
    outer loop
      vertex -1.2297e+1 -8.9343e+0 0.0000e+0
      vertex -1.2748e+1 -8.2785e+0 1.6200e+2
      vertex -1.2297e+1 -8.9343e+0 1.6200e+2
    endloop
  endfacet
  facet normal -8.2413e-1 -5.6641e-1 0.0000e+0
    outer loop
      vertex -1.5264e+1 -9.9124e+0 0.0000e+0
      vertex -1.4724e+1 -1.0698e+1 0.0000e+0
      vertex -1.5264e+1 -9.9124e+0 1.6200e+2
    endloop
  endfacet
  facet normal -8.2413e-1 -5.6641e-1 0.0000e+0
    outer loop
      vertex -1.4724e+1 -1.0698e+1 0.0000e+0
      vertex -1.4724e+1 -1.0698e+1 1.6200e+2
      vertex -1.5264e+1 -9.9124e+0 1.6200e+2
    endloop
  endfacet
  facet normal 5.8285e-1 4.0058e-1 -7.0699e-1
    outer loop
      vertex -1.2748e+1 -8.2785e+0 1.6200e+2
      vertex -5.1998e+0 -3.3768e+0 1.7100e+2
      vertex -1.2297e+1 -8.9343e+0 1.6200e+2
    endloop
  endfacet
  facet normal 5.8285e-1 4.0058e-1 -7.0699e-1
    outer loop
      vertex -1.2297e+1 -8.9343e+0 1.6200e+2
      vertex -5.1998e+0 -3.3768e+0 1.7100e+2
      vertex -5.0159e+0 -3.6443e+0 1.7100e+2
    endloop
  endfacet
  facet normal -5.8285e-1 -4.0058e-1 7.0699e-1
    outer loop
      vertex -1.5264e+1 -9.9124e+0 1.6200e+2
      vertex -1.4724e+1 -1.0698e+1 1.6200e+2
      vertex -7.7158e+0 -5.0107e+0 1.7100e+2
    endloop
  endfacet
  facet normal -5.8285e-1 -4.0058e-1 7.0699e-1
    outer loop
      vertex -1.4724e+1 -1.0698e+1 1.6200e+2
      vertex -7.4430e+0 -5.4076e+0 1.7100e+2
      vertex -7.7158e+0 -5.0107e+0 1.7100e+2
    endloop
  endfacet
  facet normal 7.9606e-1 5.4712e-1 2.5874e-1
    outer loop
      vertex -5.1998e+0 -3.3768e+0 1.7100e+2
      vertex -8.2190e+0 -5.3375e+0 1.8444e+2
      vertex -5.0159e+0 -3.6443e+0 1.7100e+2
    endloop
  endfacet
  facet normal 7.9606e-1 5.4712e-1 2.5874e-1
    outer loop
      vertex -5.0159e+0 -3.6443e+0 1.7100e+2
      vertex -8.2190e+0 -5.3375e+0 1.8444e+2
      vertex -7.9284e+0 -5.7603e+0 1.8444e+2
    endloop
  endfacet
  facet normal -7.9606e-1 -5.4712e-1 -2.5874e-1
    outer loop
      vertex -7.7158e+0 -5.0107e+0 1.7100e+2
      vertex -7.4430e+0 -5.4076e+0 1.7100e+2
      vertex -1.0735e+1 -6.9714e+0 1.8444e+2
    endloop
  endfacet
  facet normal -7.9606e-1 -5.4712e-1 -2.5874e-1
    outer loop
      vertex -7.4430e+0 -5.4076e+0 1.7100e+2
      vertex -1.0355e+1 -7.5237e+0 1.8444e+2
      vertex -1.0735e+1 -6.9714e+0 1.8444e+2
    endloop
  endfacet
  facet normal 0.0000e+0 0.0000e+0 -1.0000e+0
    outer loop
      vertex -1.2748e+1 -8.2785e+0 0.0000e+0
      vertex -1.2297e+1 -8.9343e+0 0.0000e+0
      vertex -1.5264e+1 -9.9124e+0 0.0000e+0
    endloop
  endfacet
  facet normal 0.0000e+0 0.0000e+0 -1.0000e+0
    outer loop
      vertex -1.2297e+1 -8.9343e+0 0.0000e+0
      vertex -1.4724e+1 -1.0698e+1 0.0000e+0
      vertex -1.5264e+1 -9.9124e+0 0.0000e+0
    endloop
  endfacet
  facet normal 0.0000e+0 0.0000e+0 1.0000e+0
    outer loop
      vertex -8.2190e+0 -5.3375e+0 1.8444e+2
      vertex -1.0735e+1 -6.9714e+0 1.8444e+2
      vertex -7.9284e+0 -5.7603e+0 1.8444e+2
    endloop
  endfacet
  facet normal 0.0000e+0 0.0000e+0 1.0000e+0
    outer loop
      vertex -7.9284e+0 -5.7603e+0 1.8444e+2
      vertex -1.0735e+1 -6.9714e+0 1.8444e+2
      vertex -1.0355e+1 -7.5237e+0 1.8444e+2
    endloop
  endfacet
  facet normal 7.9335e-1 6.0876e-1 0.0000e+0
    outer loop
      vertex -1.2297e+1 -8.9343e+0 0.0000e+0
      vertex -1.2297e+1 -8.9343e+0 1.6200e+2
      vertex -1.1813e+1 -9.5657e+0 0.0000e+0
    endloop
  endfacet
  facet normal 7.9335e-1 6.0876e-1 0.0000e+0
    outer loop
      vertex -1.1813e+1 -9.5657e+0 0.0000e+0
      vertex -1.2297e+1 -8.9343e+0 1.6200e+2
      vertex -1.1813e+1 -9.5657e+0 1.6200e+2
    endloop
  endfacet
  facet normal -7.9335e-1 -6.0876e-1 0.0000e+0
    outer loop
      vertex -1.4724e+1 -1.0698e+1 0.0000e+0
      vertex -1.4144e+1 -1.1454e+1 0.0000e+0
      vertex -1.4724e+1 -1.0698e+1 1.6200e+2
    endloop
  endfacet
  facet normal -7.9335e-1 -6.0876e-1 0.0000e+0
    outer loop
      vertex -1.4144e+1 -1.1454e+1 0.0000e+0
      vertex -1.4144e+1 -1.1454e+1 1.6200e+2
      vertex -1.4724e+1 -1.0698e+1 1.6200e+2
    endloop
  endfacet
  facet normal 5.6108e-1 4.3053e-1 -7.0699e-1
    outer loop
      vertex -1.2297e+1 -8.9343e+0 1.6200e+2
      vertex -5.0159e+0 -3.6443e+0 1.7100e+2
      vertex -1.1813e+1 -9.5657e+0 1.6200e+2
    endloop
  endfacet
  facet normal 5.6108e-1 4.3053e-1 -7.0699e-1
    outer loop
      vertex -1.1813e+1 -9.5657e+0 1.6200e+2
      vertex -5.0159e+0 -3.6443e+0 1.7100e+2
      vertex -4.8183e+0 -3.9018e+0 1.7100e+2
    endloop
  endfacet
  facet normal -5.6108e-1 -4.3053e-1 7.0699e-1
    outer loop
      vertex -1.4724e+1 -1.0698e+1 1.6200e+2
      vertex -1.4144e+1 -1.1454e+1 1.6200e+2
      vertex -7.4430e+0 -5.4076e+0 1.7100e+2
    endloop
  endfacet
  facet normal -5.6108e-1 -4.3053e-1 7.0699e-1
    outer loop
      vertex -1.4144e+1 -1.1454e+1 1.6200e+2
      vertex -7.1497e+0 -5.7897e+0 1.7100e+2
      vertex -7.4430e+0 -5.4076e+0 1.7100e+2
    endloop
  endfacet
  facet normal 7.6634e-1 5.8803e-1 2.5874e-1
    outer loop
      vertex -5.0159e+0 -3.6443e+0 1.7100e+2
      vertex -7.9284e+0 -5.7603e+0 1.8444e+2
      vertex -4.8183e+0 -3.9018e+0 1.7100e+2
    endloop
  endfacet
  facet normal 7.6634e-1 5.8803e-1 2.5874e-1
    outer loop
      vertex -4.8183e+0 -3.9018e+0 1.7100e+2
      vertex -7.9284e+0 -5.7603e+0 1.8444e+2
      vertex -7.6160e+0 -6.1673e+0 1.8444e+2
    endloop
  endfacet
  facet normal -7.6634e-1 -5.8803e-1 -2.5874e-1
    outer loop
      vertex -7.4430e+0 -5.4076e+0 1.7100e+2
      vertex -7.1497e+0 -5.7897e+0 1.7100e+2
      vertex -1.0355e+1 -7.5237e+0 1.8444e+2
    endloop
  endfacet
  facet normal -7.6634e-1 -5.8803e-1 -2.5874e-1
    outer loop
      vertex -7.1497e+0 -5.7897e+0 1.7100e+2
      vertex -9.9475e+0 -8.0553e+0 1.8444e+2
      vertex -1.0355e+1 -7.5237e+0 1.8444e+2
    endloop
  endfacet
  facet normal 0.0000e+0 0.0000e+0 -1.0000e+0
    outer loop
      vertex -1.2297e+1 -8.9343e+0 0.0000e+0
      vertex -1.1813e+1 -9.5657e+0 0.0000e+0
      vertex -1.4724e+1 -1.0698e+1 0.0000e+0
    endloop
  endfacet
  facet normal 0.0000e+0 0.0000e+0 -1.0000e+0
    outer loop
      vertex -1.1813e+1 -9.5657e+0 0.0000e+0
      vertex -1.4144e+1 -1.1454e+1 0.0000e+0
      vertex -1.4724e+1 -1.0698e+1 0.0000e+0
    endloop
  endfacet
  facet normal 0.0000e+0 0.0000e+0 1.0000e+0
    outer loop
      vertex -7.9284e+0 -5.7603e+0 1.8444e+2
      vertex -1.0355e+1 -7.5237e+0 1.8444e+2
      vertex -7.6160e+0 -6.1673e+0 1.8444e+2
    endloop
  endfacet
  facet normal 0.0000e+0 0.0000e+0 1.0000e+0
    outer loop
      vertex -7.6160e+0 -6.1673e+0 1.8444e+2
      vertex -1.0355e+1 -7.5237e+0 1.8444e+2
      vertex -9.9475e+0 -8.0553e+0 1.8444e+2
    endloop
  endfacet
  facet normal 7.6041e-1 6.4945e-1 0.0000e+0
    outer loop
      vertex -1.1813e+1 -9.5657e+0 0.0000e+0
      vertex -1.1813e+1 -9.5657e+0 1.6200e+2
      vertex -1.1296e+1 -1.0171e+1 0.0000e+0
    endloop
  endfacet
  facet normal 7.6041e-1 6.4945e-1 0.0000e+0
    outer loop
      vertex -1.1296e+1 -1.0171e+1 0.0000e+0
      vertex -1.1813e+1 -9.5657e+0 1.6200e+2
      vertex -1.1296e+1 -1.0171e+1 1.6200e+2
    endloop
  endfacet
  facet normal -7.6041e-1 -6.4945e-1 0.0000e+0
    outer loop
      vertex -1.4144e+1 -1.1454e+1 0.0000e+0
      vertex -1.3525e+1 -1.2178e+1 0.0000e+0
      vertex -1.4144e+1 -1.1454e+1 1.6200e+2
    endloop
  endfacet
  facet normal -7.6041e-1 -6.4945e-1 0.0000e+0
    outer loop
      vertex -1.3525e+1 -1.2178e+1 0.0000e+0
      vertex -1.3525e+1 -1.2178e+1 1.6200e+2
      vertex -1.4144e+1 -1.1454e+1 1.6200e+2
    endloop
  endfacet
  facet normal 5.3778e-1 4.5931e-1 -7.0699e-1
    outer loop
      vertex -1.1813e+1 -9.5657e+0 1.6200e+2
      vertex -4.8183e+0 -3.9018e+0 1.7100e+2
      vertex -1.1296e+1 -1.0171e+1 1.6200e+2
    endloop
  endfacet
  facet normal 5.3778e-1 4.5931e-1 -7.0699e-1
    outer loop
      vertex -1.1296e+1 -1.0171e+1 1.6200e+2
      vertex -4.8183e+0 -3.9018e+0 1.7100e+2
      vertex -4.6075e+0 -4.1486e+0 1.7100e+2
    endloop
  endfacet
  facet normal -5.3778e-1 -4.5931e-1 7.0699e-1
    outer loop
      vertex -1.4144e+1 -1.1454e+1 1.6200e+2
      vertex -1.3525e+1 -1.2178e+1 1.6200e+2
      vertex -7.1497e+0 -5.7897e+0 1.7100e+2
    endloop
  endfacet
  facet normal -5.3778e-1 -4.5931e-1 7.0699e-1
    outer loop
      vertex -1.3525e+1 -1.2178e+1 1.6200e+2
      vertex -6.8369e+0 -6.1560e+0 1.7100e+2
      vertex -7.1497e+0 -5.7897e+0 1.7100e+2
    endloop
  endfacet
  facet normal 7.3451e-1 6.2733e-1 2.5874e-1
    outer loop
      vertex -4.8183e+0 -3.9018e+0 1.7100e+2
      vertex -7.6160e+0 -6.1673e+0 1.8444e+2
      vertex -4.6075e+0 -4.1486e+0 1.7100e+2
    endloop
  endfacet
  facet normal 7.3451e-1 6.2733e-1 2.5874e-1
    outer loop
      vertex -4.6075e+0 -4.1486e+0 1.7100e+2
      vertex -7.6160e+0 -6.1673e+0 1.8444e+2
      vertex -7.2828e+0 -6.5575e+0 1.8444e+2
    endloop
  endfacet
  facet normal -7.3451e-1 -6.2733e-1 -2.5874e-1
    outer loop
      vertex -7.1497e+0 -5.7897e+0 1.7100e+2
      vertex -6.8369e+0 -6.1560e+0 1.7100e+2
      vertex -9.9475e+0 -8.0553e+0 1.8444e+2
    endloop
  endfacet
  facet normal -7.3451e-1 -6.2733e-1 -2.5874e-1
    outer loop
      vertex -6.8369e+0 -6.1560e+0 1.7100e+2
      vertex -9.5123e+0 -8.5649e+0 1.8444e+2
      vertex -9.9475e+0 -8.0553e+0 1.8444e+2
    endloop
  endfacet
  facet normal 0.0000e+0 0.0000e+0 -1.0000e+0
    outer loop
      vertex -1.1813e+1 -9.5657e+0 0.0000e+0
      vertex -1.1296e+1 -1.0171e+1 0.0000e+0
      vertex -1.4144e+1 -1.1454e+1 0.0000e+0
    endloop
  endfacet
  facet normal 0.0000e+0 0.0000e+0 -1.0000e+0
    outer loop
      vertex -1.1296e+1 -1.0171e+1 0.0000e+0
      vertex -1.3525e+1 -1.2178e+1 0.0000e+0
      vertex -1.4144e+1 -1.1454e+1 0.0000e+0
    endloop
  endfacet
  facet normal 0.0000e+0 0.0000e+0 1.0000e+0
    outer loop
      vertex -7.6160e+0 -6.1673e+0 1.8444e+2
      vertex -9.9475e+0 -8.0553e+0 1.8444e+2
      vertex -7.2828e+0 -6.5575e+0 1.8444e+2
    endloop
  endfacet
  facet normal 0.0000e+0 0.0000e+0 1.0000e+0
    outer loop
      vertex -7.2828e+0 -6.5575e+0 1.8444e+2
      vertex -9.9475e+0 -8.0553e+0 1.8444e+2
      vertex -9.5123e+0 -8.5649e+0 1.8444e+2
    endloop
  endfacet
  facet normal 7.2537e-1 6.8835e-1 0.0000e+0
    outer loop
      vertex -1.1296e+1 -1.0171e+1 0.0000e+0
      vertex -1.1296e+1 -1.0171e+1 1.6200e+2
      vertex -1.0748e+1 -1.0748e+1 0.0000e+0
    endloop
  endfacet
  facet normal 7.2537e-1 6.8835e-1 0.0000e+0
    outer loop
      vertex -1.0748e+1 -1.0748e+1 0.0000e+0
      vertex -1.1296e+1 -1.0171e+1 1.6200e+2
      vertex -1.0748e+1 -1.0748e+1 1.6200e+2
    endloop
  endfacet
  facet normal -7.2537e-1 -6.8835e-1 0.0000e+0
    outer loop
      vertex -1.3525e+1 -1.2178e+1 0.0000e+0
      vertex -1.2869e+1 -1.2869e+1 0.0000e+0
      vertex -1.3525e+1 -1.2178e+1 1.6200e+2
    endloop
  endfacet
  facet normal -7.2537e-1 -6.8835e-1 0.0000e+0
    outer loop
      vertex -1.2869e+1 -1.2869e+1 0.0000e+0
      vertex -1.2869e+1 -1.2869e+1 1.6200e+2
      vertex -1.3525e+1 -1.2178e+1 1.6200e+2
    endloop
  endfacet
  facet normal 5.1301e-1 4.8682e-1 -7.0699e-1
    outer loop
      vertex -1.1296e+1 -1.0171e+1 1.6200e+2
      vertex -4.6075e+0 -4.1486e+0 1.7100e+2
      vertex -1.0748e+1 -1.0748e+1 1.6200e+2
    endloop
  endfacet
  facet normal 5.1301e-1 4.8682e-1 -7.0699e-1
    outer loop
      vertex -1.0748e+1 -1.0748e+1 1.6200e+2
      vertex -4.6075e+0 -4.1486e+0 1.7100e+2
      vertex -4.3841e+0 -4.3841e+0 1.7100e+2
    endloop
  endfacet
  facet normal -5.1301e-1 -4.8682e-1 7.0699e-1
    outer loop
      vertex -1.3525e+1 -1.2178e+1 1.6200e+2
      vertex -1.2869e+1 -1.2869e+1 1.6200e+2
      vertex -6.8369e+0 -6.1560e+0 1.7100e+2
    endloop
  endfacet
  facet normal -5.1301e-1 -4.8682e-1 7.0699e-1
    outer loop
      vertex -1.2869e+1 -1.2869e+1 1.6200e+2
      vertex -6.5054e+0 -6.5054e+0 1.7100e+2
      vertex -6.8369e+0 -6.1560e+0 1.7100e+2
    endloop
  endfacet
  facet normal 7.0067e-1 6.6491e-1 2.5874e-1
    outer loop
      vertex -4.6075e+0 -4.1486e+0 1.7100e+2
      vertex -7.2828e+0 -6.5575e+0 1.8444e+2
      vertex -4.3841e+0 -4.3841e+0 1.7100e+2
    endloop
  endfacet
  facet normal 7.0067e-1 6.6491e-1 2.5874e-1
    outer loop
      vertex -4.3841e+0 -4.3841e+0 1.7100e+2
      vertex -7.2828e+0 -6.5575e+0 1.8444e+2
      vertex -6.9296e+0 -6.9296e+0 1.8444e+2
    endloop
  endfacet
  facet normal -7.0067e-1 -6.6491e-1 -2.5874e-1
    outer loop
      vertex -6.8369e+0 -6.1560e+0 1.7100e+2
      vertex -6.5054e+0 -6.5054e+0 1.7100e+2
      vertex -9.5123e+0 -8.5649e+0 1.8444e+2
    endloop
  endfacet
  facet normal -7.0067e-1 -6.6491e-1 -2.5874e-1
    outer loop
      vertex -6.5054e+0 -6.5054e+0 1.7100e+2
      vertex -9.0510e+0 -9.0510e+0 1.8444e+2
      vertex -9.5123e+0 -8.5649e+0 1.8444e+2
    endloop
  endfacet
  facet normal 0.0000e+0 0.0000e+0 -1.0000e+0
    outer loop
      vertex -1.1296e+1 -1.0171e+1 0.0000e+0
      vertex -1.0748e+1 -1.0748e+1 0.0000e+0
      vertex -1.3525e+1 -1.2178e+1 0.0000e+0
    endloop
  endfacet
  facet normal 0.0000e+0 0.0000e+0 -1.0000e+0
    outer loop
      vertex -1.0748e+1 -1.0748e+1 0.0000e+0
      vertex -1.2869e+1 -1.2869e+1 0.0000e+0
      vertex -1.3525e+1 -1.2178e+1 0.0000e+0
    endloop
  endfacet
  facet normal 0.0000e+0 0.0000e+0 1.0000e+0
    outer loop
      vertex -7.2828e+0 -6.5575e+0 1.8444e+2
      vertex -9.5123e+0 -8.5649e+0 1.8444e+2
      vertex -6.9296e+0 -6.9296e+0 1.8444e+2
    endloop
  endfacet
  facet normal 0.0000e+0 0.0000e+0 1.0000e+0
    outer loop
      vertex -6.9296e+0 -6.9296e+0 1.8444e+2
      vertex -9.5123e+0 -8.5649e+0 1.8444e+2
      vertex -9.0510e+0 -9.0510e+0 1.8444e+2
    endloop
  endfacet
  facet normal 6.8835e-1 7.2537e-1 0.0000e+0
    outer loop
      vertex -1.0748e+1 -1.0748e+1 0.0000e+0
      vertex -1.0748e+1 -1.0748e+1 1.6200e+2
      vertex -1.0171e+1 -1.1296e+1 0.0000e+0
    endloop
  endfacet
  facet normal 6.8835e-1 7.2537e-1 0.0000e+0
    outer loop
      vertex -1.0171e+1 -1.1296e+1 0.0000e+0
      vertex -1.0748e+1 -1.0748e+1 1.6200e+2
      vertex -1.0171e+1 -1.1296e+1 1.6200e+2
    endloop
  endfacet
  facet normal -6.8835e-1 -7.2537e-1 0.0000e+0
    outer loop
      vertex -1.2869e+1 -1.2869e+1 0.0000e+0
      vertex -1.2178e+1 -1.3525e+1 0.0000e+0
      vertex -1.2869e+1 -1.2869e+1 1.6200e+2
    endloop
  endfacet
  facet normal -6.8835e-1 -7.2537e-1 0.0000e+0
    outer loop
      vertex -1.2178e+1 -1.3525e+1 0.0000e+0
      vertex -1.2178e+1 -1.3525e+1 1.6200e+2
      vertex -1.2869e+1 -1.2869e+1 1.6200e+2
    endloop
  endfacet
  facet normal 4.8682e-1 5.1301e-1 -7.0699e-1
    outer loop
      vertex -1.0748e+1 -1.0748e+1 1.6200e+2
      vertex -4.3841e+0 -4.3841e+0 1.7100e+2
      vertex -1.0171e+1 -1.1296e+1 1.6200e+2
    endloop
  endfacet
  facet normal 4.8682e-1 5.1301e-1 -7.0699e-1
    outer loop
      vertex -1.0171e+1 -1.1296e+1 1.6200e+2
      vertex -4.3841e+0 -4.3841e+0 1.7100e+2
      vertex -4.1486e+0 -4.6075e+0 1.7100e+2
    endloop
  endfacet
  facet normal -4.8682e-1 -5.1301e-1 7.0699e-1
    outer loop
      vertex -1.2869e+1 -1.2869e+1 1.6200e+2
      vertex -1.2178e+1 -1.3525e+1 1.6200e+2
      vertex -6.5054e+0 -6.5054e+0 1.7100e+2
    endloop
  endfacet
  facet normal -4.8682e-1 -5.1301e-1 7.0699e-1
    outer loop
      vertex -1.2178e+1 -1.3525e+1 1.6200e+2
      vertex -6.1560e+0 -6.8369e+0 1.7100e+2
      vertex -6.5054e+0 -6.5054e+0 1.7100e+2
    endloop
  endfacet
  facet normal 6.6491e-1 7.0067e-1 2.5874e-1
    outer loop
      vertex -4.3841e+0 -4.3841e+0 1.7100e+2
      vertex -6.9296e+0 -6.9296e+0 1.8444e+2
      vertex -4.1486e+0 -4.6075e+0 1.7100e+2
    endloop
  endfacet
  facet normal 6.6491e-1 7.0067e-1 2.5874e-1
    outer loop
      vertex -4.1486e+0 -4.6075e+0 1.7100e+2
      vertex -6.9296e+0 -6.9296e+0 1.8444e+2
      vertex -6.5575e+0 -7.2828e+0 1.8444e+2
    endloop
  endfacet
  facet normal -6.6491e-1 -7.0067e-1 -2.5874e-1
    outer loop
      vertex -6.5054e+0 -6.5054e+0 1.7100e+2
      vertex -6.1560e+0 -6.8369e+0 1.7100e+2
      vertex -9.0510e+0 -9.0510e+0 1.8444e+2
    endloop
  endfacet
  facet normal -6.6491e-1 -7.0067e-1 -2.5874e-1
    outer loop
      vertex -6.1560e+0 -6.8369e+0 1.7100e+2
      vertex -8.5649e+0 -9.5123e+0 1.8444e+2
      vertex -9.0510e+0 -9.0510e+0 1.8444e+2
    endloop
  endfacet
  facet normal 0.0000e+0 0.0000e+0 -1.0000e+0
    outer loop
      vertex -1.0748e+1 -1.0748e+1 0.0000e+0
      vertex -1.0171e+1 -1.1296e+1 0.0000e+0
      vertex -1.2869e+1 -1.2869e+1 0.0000e+0
    endloop
  endfacet
  facet normal 0.0000e+0 0.0000e+0 -1.0000e+0
    outer loop
      vertex -1.0171e+1 -1.1296e+1 0.0000e+0
      vertex -1.2178e+1 -1.3525e+1 0.0000e+0
      vertex -1.2869e+1 -1.2869e+1 0.0000e+0
    endloop
  endfacet
  facet normal 0.0000e+0 0.0000e+0 1.0000e+0
    outer loop
      vertex -6.9296e+0 -6.9296e+0 1.8444e+2
      vertex -9.0510e+0 -9.0510e+0 1.8444e+2
      vertex -6.5575e+0 -7.2828e+0 1.8444e+2
    endloop
  endfacet
  facet normal 0.0000e+0 0.0000e+0 1.0000e+0
    outer loop
      vertex -6.5575e+0 -7.2828e+0 1.8444e+2
      vertex -9.0510e+0 -9.0510e+0 1.8444e+2
      vertex -8.5649e+0 -9.5123e+0 1.8444e+2
    endloop
  endfacet
  facet normal 6.4945e-1 7.6041e-1 0.0000e+0
    outer loop
      vertex -1.0171e+1 -1.1296e+1 0.0000e+0
      vertex -1.0171e+1 -1.1296e+1 1.6200e+2
      vertex -9.5657e+0 -1.1813e+1 0.0000e+0
    endloop
  endfacet
  facet normal 6.4945e-1 7.6041e-1 0.0000e+0
    outer loop
      vertex -9.5657e+0 -1.1813e+1 0.0000e+0
      vertex -1.0171e+1 -1.1296e+1 1.6200e+2
      vertex -9.5657e+0 -1.1813e+1 1.6200e+2
    endloop
  endfacet
  facet normal -6.4945e-1 -7.6041e-1 0.0000e+0
    outer loop
      vertex -1.2178e+1 -1.3525e+1 0.0000e+0
      vertex -1.1454e+1 -1.4144e+1 0.0000e+0
      vertex -1.2178e+1 -1.3525e+1 1.6200e+2
    endloop
  endfacet
  facet normal -6.4945e-1 -7.6041e-1 0.0000e+0
    outer loop
      vertex -1.1454e+1 -1.4144e+1 0.0000e+0
      vertex -1.1454e+1 -1.4144e+1 1.6200e+2
      vertex -1.2178e+1 -1.3525e+1 1.6200e+2
    endloop
  endfacet
  facet normal 4.5931e-1 5.3778e-1 -7.0699e-1
    outer loop
      vertex -1.0171e+1 -1.1296e+1 1.6200e+2
      vertex -4.1486e+0 -4.6075e+0 1.7100e+2
      vertex -9.5657e+0 -1.1813e+1 1.6200e+2
    endloop
  endfacet
  facet normal 4.5931e-1 5.3778e-1 -7.0699e-1
    outer loop
      vertex -9.5657e+0 -1.1813e+1 1.6200e+2
      vertex -4.1486e+0 -4.6075e+0 1.7100e+2
      vertex -3.9018e+0 -4.8183e+0 1.7100e+2
    endloop
  endfacet
  facet normal -4.5931e-1 -5.3778e-1 7.0699e-1
    outer loop
      vertex -1.2178e+1 -1.3525e+1 1.6200e+2
      vertex -1.1454e+1 -1.4144e+1 1.6200e+2
      vertex -6.1560e+0 -6.8369e+0 1.7100e+2
    endloop
  endfacet
  facet normal -4.5931e-1 -5.3778e-1 7.0699e-1
    outer loop
      vertex -1.1454e+1 -1.4144e+1 1.6200e+2
      vertex -5.7897e+0 -7.1497e+0 1.7100e+2
      vertex -6.1560e+0 -6.8369e+0 1.7100e+2
    endloop
  endfacet
  facet normal 6.2733e-1 7.3451e-1 2.5874e-1
    outer loop
      vertex -4.1486e+0 -4.6075e+0 1.7100e+2
      vertex -6.5575e+0 -7.2828e+0 1.8444e+2
      vertex -3.9018e+0 -4.8183e+0 1.7100e+2
    endloop
  endfacet
  facet normal 6.2733e-1 7.3451e-1 2.5874e-1
    outer loop
      vertex -3.9018e+0 -4.8183e+0 1.7100e+2
      vertex -6.5575e+0 -7.2828e+0 1.8444e+2
      vertex -6.1673e+0 -7.6160e+0 1.8444e+2
    endloop
  endfacet
  facet normal -6.2733e-1 -7.3451e-1 -2.5874e-1
    outer loop
      vertex -6.1560e+0 -6.8369e+0 1.7100e+2
      vertex -5.7897e+0 -7.1497e+0 1.7100e+2
      vertex -8.5649e+0 -9.5123e+0 1.8444e+2
    endloop
  endfacet
  facet normal -6.2733e-1 -7.3451e-1 -2.5874e-1
    outer loop
      vertex -5.7897e+0 -7.1497e+0 1.7100e+2
      vertex -8.0553e+0 -9.9475e+0 1.8444e+2
      vertex -8.5649e+0 -9.5123e+0 1.8444e+2
    endloop
  endfacet
  facet normal 0.0000e+0 0.0000e+0 -1.0000e+0
    outer loop
      vertex -1.0171e+1 -1.1296e+1 0.0000e+0
      vertex -9.5657e+0 -1.1813e+1 0.0000e+0
      vertex -1.2178e+1 -1.3525e+1 0.0000e+0
    endloop
  endfacet
  facet normal 0.0000e+0 0.0000e+0 -1.0000e+0
    outer loop
      vertex -9.5657e+0 -1.1813e+1 0.0000e+0
      vertex -1.1454e+1 -1.4144e+1 0.0000e+0
      vertex -1.2178e+1 -1.3525e+1 0.0000e+0
    endloop
  endfacet
  facet normal 0.0000e+0 0.0000e+0 1.0000e+0
    outer loop
      vertex -6.5575e+0 -7.2828e+0 1.8444e+2
      vertex -8.5649e+0 -9.5123e+0 1.8444e+2
      vertex -6.1673e+0 -7.6160e+0 1.8444e+2
    endloop
  endfacet
  facet normal 0.0000e+0 0.0000e+0 1.0000e+0
    outer loop
      vertex -6.1673e+0 -7.6160e+0 1.8444e+2
      vertex -8.5649e+0 -9.5123e+0 1.8444e+2
      vertex -8.0553e+0 -9.9475e+0 1.8444e+2
    endloop
  endfacet
  facet normal 6.0876e-1 7.9335e-1 0.0000e+0
    outer loop
      vertex -9.5657e+0 -1.1813e+1 0.0000e+0
      vertex -9.5657e+0 -1.1813e+1 1.6200e+2
      vertex -8.9343e+0 -1.2297e+1 0.0000e+0
    endloop
  endfacet
  facet normal 6.0876e-1 7.9335e-1 0.0000e+0
    outer loop
      vertex -8.9343e+0 -1.2297e+1 0.0000e+0
      vertex -9.5657e+0 -1.1813e+1 1.6200e+2
      vertex -8.9343e+0 -1.2297e+1 1.6200e+2
    endloop
  endfacet
  facet normal -6.0876e-1 -7.9335e-1 0.0000e+0
    outer loop
      vertex -1.1454e+1 -1.4144e+1 0.0000e+0
      vertex -1.0698e+1 -1.4724e+1 0.0000e+0
      vertex -1.1454e+1 -1.4144e+1 1.6200e+2
    endloop
  endfacet
  facet normal -6.0876e-1 -7.9335e-1 0.0000e+0
    outer loop
      vertex -1.0698e+1 -1.4724e+1 0.0000e+0
      vertex -1.0698e+1 -1.4724e+1 1.6200e+2
      vertex -1.1454e+1 -1.4144e+1 1.6200e+2
    endloop
  endfacet
  facet normal 4.3053e-1 5.6108e-1 -7.0699e-1
    outer loop
      vertex -9.5657e+0 -1.1813e+1 1.6200e+2
      vertex -3.9018e+0 -4.8183e+0 1.7100e+2
      vertex -8.9343e+0 -1.2297e+1 1.6200e+2
    endloop
  endfacet
  facet normal 4.3053e-1 5.6108e-1 -7.0699e-1
    outer loop
      vertex -8.9343e+0 -1.2297e+1 1.6200e+2
      vertex -3.9018e+0 -4.8183e+0 1.7100e+2
      vertex -3.6443e+0 -5.0159e+0 1.7100e+2
    endloop
  endfacet
  facet normal -4.3053e-1 -5.6108e-1 7.0699e-1
    outer loop
      vertex -1.1454e+1 -1.4144e+1 1.6200e+2
      vertex -1.0698e+1 -1.4724e+1 1.6200e+2
      vertex -5.7897e+0 -7.1497e+0 1.7100e+2
    endloop
  endfacet
  facet normal -4.3053e-1 -5.6108e-1 7.0699e-1
    outer loop
      vertex -1.0698e+1 -1.4724e+1 1.6200e+2
      vertex -5.4076e+0 -7.4430e+0 1.7100e+2
      vertex -5.7897e+0 -7.1497e+0 1.7100e+2
    endloop
  endfacet
  facet normal 5.8803e-1 7.6634e-1 2.5874e-1
    outer loop
      vertex -3.9018e+0 -4.8183e+0 1.7100e+2
      vertex -6.1673e+0 -7.6160e+0 1.8444e+2
      vertex -3.6443e+0 -5.0159e+0 1.7100e+2
    endloop
  endfacet
  facet normal 5.8803e-1 7.6634e-1 2.5874e-1
    outer loop
      vertex -3.6443e+0 -5.0159e+0 1.7100e+2
      vertex -6.1673e+0 -7.6160e+0 1.8444e+2
      vertex -5.7603e+0 -7.9284e+0 1.8444e+2
    endloop
  endfacet
  facet normal -5.8803e-1 -7.6634e-1 -2.5874e-1
    outer loop
      vertex -5.7897e+0 -7.1497e+0 1.7100e+2
      vertex -5.4076e+0 -7.4430e+0 1.7100e+2
      vertex -8.0553e+0 -9.9475e+0 1.8444e+2
    endloop
  endfacet
  facet normal -5.8803e-1 -7.6634e-1 -2.5874e-1
    outer loop
      vertex -5.4076e+0 -7.4430e+0 1.7100e+2
      vertex -7.5237e+0 -1.0355e+1 1.8444e+2
      vertex -8.0553e+0 -9.9475e+0 1.8444e+2
    endloop
  endfacet
  facet normal 0.0000e+0 0.0000e+0 -1.0000e+0
    outer loop
      vertex -9.5657e+0 -1.1813e+1 0.0000e+0
      vertex -8.9343e+0 -1.2297e+1 0.0000e+0
      vertex -1.1454e+1 -1.4144e+1 0.0000e+0
    endloop
  endfacet
  facet normal 0.0000e+0 0.0000e+0 -1.0000e+0
    outer loop
      vertex -8.9343e+0 -1.2297e+1 0.0000e+0
      vertex -1.0698e+1 -1.4724e+1 0.0000e+0
      vertex -1.1454e+1 -1.4144e+1 0.0000e+0
    endloop
  endfacet
  facet normal 0.0000e+0 0.0000e+0 1.0000e+0
    outer loop
      vertex -6.1673e+0 -7.6160e+0 1.8444e+2
      vertex -8.0553e+0 -9.9475e+0 1.8444e+2
      vertex -5.7603e+0 -7.9284e+0 1.8444e+2
    endloop
  endfacet
  facet normal 0.0000e+0 0.0000e+0 1.0000e+0
    outer loop
      vertex -5.7603e+0 -7.9284e+0 1.8444e+2
      vertex -8.0553e+0 -9.9475e+0 1.8444e+2
      vertex -7.5237e+0 -1.0355e+1 1.8444e+2
    endloop
  endfacet
  facet normal 5.6641e-1 8.2413e-1 0.0000e+0
    outer loop
      vertex -8.9343e+0 -1.2297e+1 0.0000e+0
      vertex -8.9343e+0 -1.2297e+1 1.6200e+2
      vertex -8.2785e+0 -1.2748e+1 0.0000e+0
    endloop
  endfacet
  facet normal 5.6641e-1 8.2413e-1 0.0000e+0
    outer loop
      vertex -8.2785e+0 -1.2748e+1 0.0000e+0
      vertex -8.9343e+0 -1.2297e+1 1.6200e+2
      vertex -8.2785e+0 -1.2748e+1 1.6200e+2
    endloop
  endfacet
  facet normal -5.6641e-1 -8.2413e-1 0.0000e+0
    outer loop
      vertex -1.0698e+1 -1.4724e+1 0.0000e+0
      vertex -9.9124e+0 -1.5264e+1 0.0000e+0
      vertex -1.0698e+1 -1.4724e+1 1.6200e+2
    endloop
  endfacet
  facet normal -5.6641e-1 -8.2413e-1 0.0000e+0
    outer loop
      vertex -9.9124e+0 -1.5264e+1 0.0000e+0
      vertex -9.9124e+0 -1.5264e+1 1.6200e+2
      vertex -1.0698e+1 -1.4724e+1 1.6200e+2
    endloop
  endfacet
  facet normal 4.0058e-1 5.8285e-1 -7.0699e-1
    outer loop
      vertex -8.9343e+0 -1.2297e+1 1.6200e+2
      vertex -3.6443e+0 -5.0159e+0 1.7100e+2
      vertex -8.2785e+0 -1.2748e+1 1.6200e+2
    endloop
  endfacet
  facet normal 4.0058e-1 5.8285e-1 -7.0699e-1
    outer loop
      vertex -8.2785e+0 -1.2748e+1 1.6200e+2
      vertex -3.6443e+0 -5.0159e+0 1.7100e+2
      vertex -3.3768e+0 -5.1998e+0 1.7100e+2
    endloop
  endfacet
  facet normal -4.0058e-1 -5.8285e-1 7.0699e-1
    outer loop
      vertex -1.0698e+1 -1.4724e+1 1.6200e+2
      vertex -9.9124e+0 -1.5264e+1 1.6200e+2
      vertex -5.4076e+0 -7.4430e+0 1.7100e+2
    endloop
  endfacet
  facet normal -4.0058e-1 -5.8285e-1 7.0699e-1
    outer loop
      vertex -9.9124e+0 -1.5264e+1 1.6200e+2
      vertex -5.0107e+0 -7.7158e+0 1.7100e+2
      vertex -5.4076e+0 -7.4430e+0 1.7100e+2
    endloop
  endfacet
  facet normal 5.4712e-1 7.9606e-1 2.5874e-1
    outer loop
      vertex -3.6443e+0 -5.0159e+0 1.7100e+2
      vertex -5.7603e+0 -7.9284e+0 1.8444e+2
      vertex -3.3768e+0 -5.1998e+0 1.7100e+2
    endloop
  endfacet
  facet normal 5.4712e-1 7.9606e-1 2.5874e-1
    outer loop
      vertex -3.3768e+0 -5.1998e+0 1.7100e+2
      vertex -5.7603e+0 -7.9284e+0 1.8444e+2
      vertex -5.3375e+0 -8.2190e+0 1.8444e+2
    endloop
  endfacet
  facet normal -5.4712e-1 -7.9606e-1 -2.5874e-1
    outer loop
      vertex -5.4076e+0 -7.4430e+0 1.7100e+2
      vertex -5.0107e+0 -7.7158e+0 1.7100e+2
      vertex -7.5237e+0 -1.0355e+1 1.8444e+2
    endloop
  endfacet
  facet normal -5.4712e-1 -7.9606e-1 -2.5874e-1
    outer loop
      vertex -5.0107e+0 -7.7158e+0 1.7100e+2
      vertex -6.9714e+0 -1.0735e+1 1.8444e+2
      vertex -7.5237e+0 -1.0355e+1 1.8444e+2
    endloop
  endfacet
  facet normal 0.0000e+0 0.0000e+0 -1.0000e+0
    outer loop
      vertex -8.9343e+0 -1.2297e+1 0.0000e+0
      vertex -8.2785e+0 -1.2748e+1 0.0000e+0
      vertex -1.0698e+1 -1.4724e+1 0.0000e+0
    endloop
  endfacet
  facet normal 0.0000e+0 0.0000e+0 -1.0000e+0
    outer loop
      vertex -8.2785e+0 -1.2748e+1 0.0000e+0
      vertex -9.9124e+0 -1.5264e+1 0.0000e+0
      vertex -1.0698e+1 -1.4724e+1 0.0000e+0
    endloop
  endfacet
  facet normal 0.0000e+0 0.0000e+0 1.0000e+0
    outer loop
      vertex -5.7603e+0 -7.9284e+0 1.8444e+2
      vertex -7.5237e+0 -1.0355e+1 1.8444e+2
      vertex -5.3375e+0 -8.2190e+0 1.8444e+2
    endloop
  endfacet
  facet normal 0.0000e+0 0.0000e+0 1.0000e+0
    outer loop
      vertex -5.3375e+0 -8.2190e+0 1.8444e+2
      vertex -7.5237e+0 -1.0355e+1 1.8444e+2
      vertex -6.9714e+0 -1.0735e+1 1.8444e+2
    endloop
  endfacet
  facet normal 5.2250e-1 8.5264e-1 0.0000e+0
    outer loop
      vertex -8.2785e+0 -1.2748e+1 0.0000e+0
      vertex -8.2785e+0 -1.2748e+1 1.6200e+2
      vertex -7.6000e+0 -1.3164e+1 0.0000e+0
    endloop
  endfacet
  facet normal 5.2250e-1 8.5264e-1 0.0000e+0
    outer loop
      vertex -7.6000e+0 -1.3164e+1 0.0000e+0
      vertex -8.2785e+0 -1.2748e+1 1.6200e+2
      vertex -7.6000e+0 -1.3164e+1 1.6200e+2
    endloop
  endfacet
  facet normal -5.2250e-1 -8.5264e-1 0.0000e+0
    outer loop
      vertex -9.9124e+0 -1.5264e+1 0.0000e+0
      vertex -9.1000e+0 -1.5762e+1 0.0000e+0
      vertex -9.9124e+0 -1.5264e+1 1.6200e+2
    endloop
  endfacet
  facet normal -5.2250e-1 -8.5264e-1 0.0000e+0
    outer loop
      vertex -9.1000e+0 -1.5762e+1 0.0000e+0
      vertex -9.1000e+0 -1.5762e+1 1.6200e+2
      vertex -9.9124e+0 -1.5264e+1 1.6200e+2
    endloop
  endfacet
  facet normal 3.6953e-1 6.0301e-1 -7.0699e-1
    outer loop
      vertex -8.2785e+0 -1.2748e+1 1.6200e+2
      vertex -3.3768e+0 -5.1998e+0 1.7100e+2
      vertex -7.6000e+0 -1.3164e+1 1.6200e+2
    endloop
  endfacet
  facet normal 3.6953e-1 6.0301e-1 -7.0699e-1
    outer loop
      vertex -7.6000e+0 -1.3164e+1 1.6200e+2
      vertex -3.3768e+0 -5.1998e+0 1.7100e+2
      vertex -3.1000e+0 -5.3694e+0 1.7100e+2
    endloop
  endfacet
  facet normal -3.6953e-1 -6.0301e-1 7.0699e-1
    outer loop
      vertex -9.9124e+0 -1.5264e+1 1.6200e+2
      vertex -9.1000e+0 -1.5762e+1 1.6200e+2
      vertex -5.0107e+0 -7.7158e+0 1.7100e+2
    endloop
  endfacet
  facet normal -3.6953e-1 -6.0301e-1 7.0699e-1
    outer loop
      vertex -9.1000e+0 -1.5762e+1 1.6200e+2
      vertex -4.6000e+0 -7.9674e+0 1.7100e+2
      vertex -5.0107e+0 -7.7158e+0 1.7100e+2
    endloop
  endfacet
  facet normal 5.0471e-1 8.2361e-1 2.5874e-1
    outer loop
      vertex -3.3768e+0 -5.1998e+0 1.7100e+2
      vertex -5.3375e+0 -8.2190e+0 1.8444e+2
      vertex -3.1000e+0 -5.3694e+0 1.7100e+2
    endloop
  endfacet
  facet normal 5.0471e-1 8.2361e-1 2.5874e-1
    outer loop
      vertex -3.1000e+0 -5.3694e+0 1.7100e+2
      vertex -5.3375e+0 -8.2190e+0 1.8444e+2
      vertex -4.9000e+0 -8.4870e+0 1.8444e+2
    endloop
  endfacet
  facet normal -5.0471e-1 -8.2361e-1 -2.5874e-1
    outer loop
      vertex -5.0107e+0 -7.7158e+0 1.7100e+2
      vertex -4.6000e+0 -7.9674e+0 1.7100e+2
      vertex -6.9714e+0 -1.0735e+1 1.8444e+2
    endloop
  endfacet
  facet normal -5.0471e-1 -8.2361e-1 -2.5874e-1
    outer loop
      vertex -4.6000e+0 -7.9674e+0 1.7100e+2
      vertex -6.4000e+0 -1.1085e+1 1.8444e+2
      vertex -6.9714e+0 -1.0735e+1 1.8444e+2
    endloop
  endfacet
  facet normal 0.0000e+0 0.0000e+0 -1.0000e+0
    outer loop
      vertex -8.2785e+0 -1.2748e+1 0.0000e+0
      vertex -7.6000e+0 -1.3164e+1 0.0000e+0
      vertex -9.9124e+0 -1.5264e+1 0.0000e+0
    endloop
  endfacet
  facet normal 0.0000e+0 0.0000e+0 -1.0000e+0
    outer loop
      vertex -7.6000e+0 -1.3164e+1 0.0000e+0
      vertex -9.1000e+0 -1.5762e+1 0.0000e+0
      vertex -9.9124e+0 -1.5264e+1 0.0000e+0
    endloop
  endfacet
  facet normal 0.0000e+0 0.0000e+0 1.0000e+0
    outer loop
      vertex -5.3375e+0 -8.2190e+0 1.8444e+2
      vertex -6.9714e+0 -1.0735e+1 1.8444e+2
      vertex -4.9000e+0 -8.4870e+0 1.8444e+2
    endloop
  endfacet
  facet normal 0.0000e+0 0.0000e+0 1.0000e+0
    outer loop
      vertex -4.9000e+0 -8.4870e+0 1.8444e+2
      vertex -6.9714e+0 -1.0735e+1 1.8444e+2
      vertex -6.4000e+0 -1.1085e+1 1.8444e+2
    endloop
  endfacet
  facet normal 4.7716e-1 8.7882e-1 0.0000e+0
    outer loop
      vertex -7.6000e+0 -1.3164e+1 0.0000e+0
      vertex -7.6000e+0 -1.3164e+1 1.6200e+2
      vertex -6.9007e+0 -1.3543e+1 0.0000e+0
    endloop
  endfacet
  facet normal 4.7716e-1 8.7882e-1 0.0000e+0
    outer loop
      vertex -6.9007e+0 -1.3543e+1 0.0000e+0
      vertex -7.6000e+0 -1.3164e+1 1.6200e+2
      vertex -6.9007e+0 -1.3543e+1 1.6200e+2
    endloop
  endfacet
  facet normal -4.7716e-1 -8.7882e-1 0.0000e+0
    outer loop
      vertex -9.1000e+0 -1.5762e+1 0.0000e+0
      vertex -8.2626e+0 -1.6216e+1 0.0000e+0
      vertex -9.1000e+0 -1.5762e+1 1.6200e+2
    endloop
  endfacet
  facet normal -4.7716e-1 -8.7882e-1 0.0000e+0
    outer loop
      vertex -8.2626e+0 -1.6216e+1 0.0000e+0
      vertex -8.2626e+0 -1.6216e+1 1.6200e+2
      vertex -9.1000e+0 -1.5762e+1 1.6200e+2
    endloop
  endfacet
  facet normal 3.3746e-1 6.2152e-1 -7.0699e-1
    outer loop
      vertex -7.6000e+0 -1.3164e+1 1.6200e+2
      vertex -3.1000e+0 -5.3694e+0 1.7100e+2
      vertex -6.9007e+0 -1.3543e+1 1.6200e+2
    endloop
  endfacet
  facet normal 3.3746e-1 6.2152e-1 -7.0699e-1
    outer loop
      vertex -6.9007e+0 -1.3543e+1 1.6200e+2
      vertex -3.1000e+0 -5.3694e+0 1.7100e+2
      vertex -2.8147e+0 -5.5242e+0 1.7100e+2
    endloop
  endfacet
  facet normal -3.3746e-1 -6.2152e-1 7.0699e-1
    outer loop
      vertex -9.1000e+0 -1.5762e+1 1.6200e+2
      vertex -8.2626e+0 -1.6216e+1 1.6200e+2
      vertex -4.6000e+0 -7.9674e+0 1.7100e+2
    endloop
  endfacet
  facet normal -3.3746e-1 -6.2152e-1 7.0699e-1
    outer loop
      vertex -8.2626e+0 -1.6216e+1 1.6200e+2
      vertex -4.1767e+0 -8.1973e+0 1.7100e+2
      vertex -4.6000e+0 -7.9674e+0 1.7100e+2
    endloop
  endfacet
  facet normal 4.6091e-1 8.4889e-1 2.5874e-1
    outer loop
      vertex -3.1000e+0 -5.3694e+0 1.7100e+2
      vertex -4.9000e+0 -8.4870e+0 1.8444e+2
      vertex -2.8147e+0 -5.5242e+0 1.7100e+2
    endloop
  endfacet
  facet normal 4.6091e-1 8.4889e-1 2.5874e-1
    outer loop
      vertex -2.8147e+0 -5.5242e+0 1.7100e+2
      vertex -4.9000e+0 -8.4870e+0 1.8444e+2
      vertex -4.4491e+0 -8.7319e+0 1.8444e+2
    endloop
  endfacet
  facet normal -4.6091e-1 -8.4889e-1 -2.5874e-1
    outer loop
      vertex -4.6000e+0 -7.9674e+0 1.7100e+2
      vertex -4.1767e+0 -8.1973e+0 1.7100e+2
      vertex -6.4000e+0 -1.1085e+1 1.8444e+2
    endloop
  endfacet
  facet normal -4.6091e-1 -8.4889e-1 -2.5874e-1
    outer loop
      vertex -4.1767e+0 -8.1973e+0 1.7100e+2
      vertex -5.8111e+0 -1.1405e+1 1.8444e+2
      vertex -6.4000e+0 -1.1085e+1 1.8444e+2
    endloop
  endfacet
  facet normal 0.0000e+0 0.0000e+0 -1.0000e+0
    outer loop
      vertex -7.6000e+0 -1.3164e+1 0.0000e+0
      vertex -6.9007e+0 -1.3543e+1 0.0000e+0
      vertex -9.1000e+0 -1.5762e+1 0.0000e+0
    endloop
  endfacet
  facet normal 0.0000e+0 0.0000e+0 -1.0000e+0
    outer loop
      vertex -6.9007e+0 -1.3543e+1 0.0000e+0
      vertex -8.2626e+0 -1.6216e+1 0.0000e+0
      vertex -9.1000e+0 -1.5762e+1 0.0000e+0
    endloop
  endfacet
  facet normal 0.0000e+0 0.0000e+0 1.0000e+0
    outer loop
      vertex -4.9000e+0 -8.4870e+0 1.8444e+2
      vertex -6.4000e+0 -1.1085e+1 1.8444e+2
      vertex -4.4491e+0 -8.7319e+0 1.8444e+2
    endloop
  endfacet
  facet normal 0.0000e+0 0.0000e+0 1.0000e+0
    outer loop
      vertex -4.4491e+0 -8.7319e+0 1.8444e+2
      vertex -6.4000e+0 -1.1085e+1 1.8444e+2
      vertex -5.8111e+0 -1.1405e+1 1.8444e+2
    endloop
  endfacet
  facet normal 4.3051e-1 9.0259e-1 0.0000e+0
    outer loop
      vertex -6.9007e+0 -1.3543e+1 0.0000e+0
      vertex -6.9007e+0 -1.3543e+1 1.6200e+2
      vertex -6.1824e+0 -1.3886e+1 0.0000e+0
    endloop
  endfacet
  facet normal 4.3051e-1 9.0259e-1 0.0000e+0
    outer loop
      vertex -6.1824e+0 -1.3886e+1 0.0000e+0
      vertex -6.9007e+0 -1.3543e+1 1.6200e+2
      vertex -6.1824e+0 -1.3886e+1 1.6200e+2
    endloop
  endfacet
  facet normal -4.3051e-1 -9.0259e-1 0.0000e+0
    outer loop
      vertex -8.2626e+0 -1.6216e+1 0.0000e+0
      vertex -7.4026e+0 -1.6627e+1 0.0000e+0
      vertex -8.2626e+0 -1.6216e+1 1.6200e+2
    endloop
  endfacet
  facet normal -4.3051e-1 -9.0259e-1 0.0000e+0
    outer loop
      vertex -7.4026e+0 -1.6627e+1 0.0000e+0
      vertex -7.4026e+0 -1.6627e+1 1.6200e+2
      vertex -8.2626e+0 -1.6216e+1 1.6200e+2
    endloop
  endfacet
  facet normal 3.0447e-1 6.3833e-1 -7.0699e-1
    outer loop
      vertex -6.9007e+0 -1.3543e+1 1.6200e+2
      vertex -2.8147e+0 -5.5242e+0 1.7100e+2
      vertex -6.1824e+0 -1.3886e+1 1.6200e+2
    endloop
  endfacet
  facet normal 3.0447e-1 6.3833e-1 -7.0699e-1
    outer loop
      vertex -6.1824e+0 -1.3886e+1 1.6200e+2
      vertex -2.8147e+0 -5.5242e+0 1.7100e+2
      vertex -2.5218e+0 -5.6640e+0 1.7100e+2
    endloop
  endfacet
  facet normal -3.0447e-1 -6.3833e-1 7.0699e-1
    outer loop
      vertex -8.2626e+0 -1.6216e+1 1.6200e+2
      vertex -7.4026e+0 -1.6627e+1 1.6200e+2
      vertex -4.1767e+0 -8.1973e+0 1.7100e+2
    endloop
  endfacet
  facet normal -3.0447e-1 -6.3833e-1 7.0699e-1
    outer loop
      vertex -7.4026e+0 -1.6627e+1 1.6200e+2
      vertex -3.7420e+0 -8.4046e+0 1.7100e+2
      vertex -4.1767e+0 -8.1973e+0 1.7100e+2
    endloop
  endfacet
  facet normal 4.1585e-1 8.7185e-1 2.5874e-1
    outer loop
      vertex -2.8147e+0 -5.5242e+0 1.7100e+2
      vertex -4.4491e+0 -8.7319e+0 1.8444e+2
      vertex -2.5218e+0 -5.6640e+0 1.7100e+2
    endloop
  endfacet
  facet normal 4.1585e-1 8.7185e-1 2.5874e-1
    outer loop
      vertex -2.5218e+0 -5.6640e+0 1.7100e+2
      vertex -4.4491e+0 -8.7319e+0 1.8444e+2
      vertex -3.9860e+0 -8.9527e+0 1.8444e+2
    endloop
  endfacet
  facet normal -4.1585e-1 -8.7185e-1 -2.5874e-1
    outer loop
      vertex -4.1767e+0 -8.1973e+0 1.7100e+2
      vertex -3.7420e+0 -8.4046e+0 1.7100e+2
      vertex -5.8111e+0 -1.1405e+1 1.8444e+2
    endloop
  endfacet
  facet normal -4.1585e-1 -8.7185e-1 -2.5874e-1
    outer loop
      vertex -3.7420e+0 -8.4046e+0 1.7100e+2
      vertex -5.2062e+0 -1.1693e+1 1.8444e+2
      vertex -5.8111e+0 -1.1405e+1 1.8444e+2
    endloop
  endfacet
  facet normal 0.0000e+0 0.0000e+0 -1.0000e+0
    outer loop
      vertex -6.9007e+0 -1.3543e+1 0.0000e+0
      vertex -6.1824e+0 -1.3886e+1 0.0000e+0
      vertex -8.2626e+0 -1.6216e+1 0.0000e+0
    endloop
  endfacet
  facet normal 0.0000e+0 0.0000e+0 -1.0000e+0
    outer loop
      vertex -6.1824e+0 -1.3886e+1 0.0000e+0
      vertex -7.4026e+0 -1.6627e+1 0.0000e+0
      vertex -8.2626e+0 -1.6216e+1 0.0000e+0
    endloop
  endfacet
  facet normal 0.0000e+0 0.0000e+0 1.0000e+0
    outer loop
      vertex -4.4491e+0 -8.7319e+0 1.8444e+2
      vertex -5.8111e+0 -1.1405e+1 1.8444e+2
      vertex -3.9860e+0 -8.9527e+0 1.8444e+2
    endloop
  endfacet
  facet normal 0.0000e+0 0.0000e+0 1.0000e+0
    outer loop
      vertex -3.9860e+0 -8.9527e+0 1.8444e+2
      vertex -5.8111e+0 -1.1405e+1 1.8444e+2
      vertex -5.2062e+0 -1.1693e+1 1.8444e+2
    endloop
  endfacet
  facet normal 3.8268e-1 9.2388e-1 0.0000e+0
    outer loop
      vertex -6.1824e+0 -1.3886e+1 0.0000e+0
      vertex -6.1824e+0 -1.3886e+1 1.6200e+2
      vertex -5.4472e+0 -1.4190e+1 0.0000e+0
    endloop
  endfacet
  facet normal 3.8268e-1 9.2388e-1 0.0000e+0
    outer loop
      vertex -5.4472e+0 -1.4190e+1 0.0000e+0
      vertex -6.1824e+0 -1.3886e+1 1.6200e+2
      vertex -5.4472e+0 -1.4190e+1 1.6200e+2
    endloop
  endfacet
  facet normal -3.8268e-1 -9.2388e-1 0.0000e+0
    outer loop
      vertex -7.4026e+0 -1.6627e+1 0.0000e+0
      vertex -6.5223e+0 -1.6991e+1 0.0000e+0
      vertex -7.4026e+0 -1.6627e+1 1.6200e+2
    endloop
  endfacet
  facet normal -3.8268e-1 -9.2388e-1 0.0000e+0
    outer loop
      vertex -6.5223e+0 -1.6991e+1 0.0000e+0
      vertex -6.5223e+0 -1.6991e+1 1.6200e+2
      vertex -7.4026e+0 -1.6627e+1 1.6200e+2
    endloop
  endfacet
  facet normal 2.7064e-1 6.5339e-1 -7.0699e-1
    outer loop
      vertex -6.1824e+0 -1.3886e+1 1.6200e+2
      vertex -2.5218e+0 -5.6640e+0 1.7100e+2
      vertex -5.4472e+0 -1.4190e+1 1.6200e+2
    endloop
  endfacet
  facet normal 2.7064e-1 6.5339e-1 -7.0699e-1
    outer loop
      vertex -5.4472e+0 -1.4190e+1 1.6200e+2
      vertex -2.5218e+0 -5.6640e+0 1.7100e+2
      vertex -2.2219e+0 -5.7882e+0 1.7100e+2
    endloop
  endfacet
  facet normal -2.7064e-1 -6.5339e-1 7.0699e-1
    outer loop
      vertex -7.4026e+0 -1.6627e+1 1.6200e+2
      vertex -6.5223e+0 -1.6991e+1 1.6200e+2
      vertex -3.7420e+0 -8.4046e+0 1.7100e+2
    endloop
  endfacet
  facet normal -2.7064e-1 -6.5339e-1 7.0699e-1
    outer loop
      vertex -6.5223e+0 -1.6991e+1 1.6200e+2
      vertex -3.2970e+0 -8.5889e+0 1.7100e+2
      vertex -3.7420e+0 -8.4046e+0 1.7100e+2
    endloop
  endfacet
  facet normal 3.6965e-1 8.9242e-1 2.5874e-1
    outer loop
      vertex -2.5218e+0 -5.6640e+0 1.7100e+2
      vertex -3.9860e+0 -8.9527e+0 1.8444e+2
      vertex -2.2219e+0 -5.7882e+0 1.7100e+2
    endloop
  endfacet
  facet normal 3.6965e-1 8.9242e-1 2.5874e-1
    outer loop
      vertex -2.2219e+0 -5.7882e+0 1.7100e+2
      vertex -3.9860e+0 -8.9527e+0 1.8444e+2
      vertex -3.5120e+0 -9.1491e+0 1.8444e+2
    endloop
  endfacet
  facet normal -3.6965e-1 -8.9242e-1 -2.5874e-1
    outer loop
      vertex -3.7420e+0 -8.4046e+0 1.7100e+2
      vertex -3.2970e+0 -8.5889e+0 1.7100e+2
      vertex -5.2062e+0 -1.1693e+1 1.8444e+2
    endloop
  endfacet
  facet normal -3.6965e-1 -8.9242e-1 -2.5874e-1
    outer loop
      vertex -3.2970e+0 -8.5889e+0 1.7100e+2
      vertex -4.5871e+0 -1.1950e+1 1.8444e+2
      vertex -5.2062e+0 -1.1693e+1 1.8444e+2
    endloop
  endfacet
  facet normal 0.0000e+0 0.0000e+0 -1.0000e+0
    outer loop
      vertex -6.1824e+0 -1.3886e+1 0.0000e+0
      vertex -5.4472e+0 -1.4190e+1 0.0000e+0
      vertex -7.4026e+0 -1.6627e+1 0.0000e+0
    endloop
  endfacet
  facet normal 0.0000e+0 0.0000e+0 -1.0000e+0
    outer loop
      vertex -5.4472e+0 -1.4190e+1 0.0000e+0
      vertex -6.5223e+0 -1.6991e+1 0.0000e+0
      vertex -7.4026e+0 -1.6627e+1 0.0000e+0
    endloop
  endfacet
  facet normal 0.0000e+0 0.0000e+0 1.0000e+0
    outer loop
      vertex -3.9860e+0 -8.9527e+0 1.8444e+2
      vertex -5.2062e+0 -1.1693e+1 1.8444e+2
      vertex -3.5120e+0 -9.1491e+0 1.8444e+2
    endloop
  endfacet
  facet normal 0.0000e+0 0.0000e+0 1.0000e+0
    outer loop
      vertex -3.5120e+0 -9.1491e+0 1.8444e+2
      vertex -5.2062e+0 -1.1693e+1 1.8444e+2
      vertex -4.5871e+0 -1.1950e+1 1.8444e+2
    endloop
  endfacet
  facet normal 3.3381e-1 9.4264e-1 0.0000e+0
    outer loop
      vertex -5.4472e+0 -1.4190e+1 0.0000e+0
      vertex -5.4472e+0 -1.4190e+1 1.6200e+2
      vertex -4.6971e+0 -1.4456e+1 0.0000e+0
    endloop
  endfacet
  facet normal 3.3381e-1 9.4264e-1 0.0000e+0
    outer loop
      vertex -4.6971e+0 -1.4456e+1 0.0000e+0
      vertex -5.4472e+0 -1.4190e+1 1.6200e+2
      vertex -4.6971e+0 -1.4456e+1 1.6200e+2
    endloop
  endfacet
  facet normal -3.3381e-1 -9.4264e-1 0.0000e+0
    outer loop
      vertex -6.5223e+0 -1.6991e+1 0.0000e+0
      vertex -5.6241e+0 -1.7309e+1 0.0000e+0
      vertex -6.5223e+0 -1.6991e+1 1.6200e+2
    endloop
  endfacet
  facet normal -3.3381e-1 -9.4264e-1 0.0000e+0
    outer loop
      vertex -5.6241e+0 -1.7309e+1 0.0000e+0
      vertex -5.6241e+0 -1.7309e+1 1.6200e+2
      vertex -6.5223e+0 -1.6991e+1 1.6200e+2
    endloop
  endfacet
  facet normal 2.3608e-1 6.6666e-1 -7.0699e-1
    outer loop
      vertex -5.4472e+0 -1.4190e+1 1.6200e+2
      vertex -2.2219e+0 -5.7882e+0 1.7100e+2
      vertex -4.6971e+0 -1.4456e+1 1.6200e+2
    endloop
  endfacet
  facet normal 2.3608e-1 6.6666e-1 -7.0699e-1
    outer loop
      vertex -4.6971e+0 -1.4456e+1 1.6200e+2
      vertex -2.2219e+0 -5.7882e+0 1.7100e+2
      vertex -1.9159e+0 -5.8966e+0 1.7100e+2
    endloop
  endfacet
  facet normal -2.3608e-1 -6.6666e-1 7.0699e-1
    outer loop
      vertex -6.5223e+0 -1.6991e+1 1.6200e+2
      vertex -5.6241e+0 -1.7309e+1 1.6200e+2
      vertex -3.2970e+0 -8.5889e+0 1.7100e+2
    endloop
  endfacet
  facet normal -2.3608e-1 -6.6666e-1 7.0699e-1
    outer loop
      vertex -5.6241e+0 -1.7309e+1 1.6200e+2
      vertex -2.8430e+0 -8.7497e+0 1.7100e+2
      vertex -3.2970e+0 -8.5889e+0 1.7100e+2
    endloop
  endfacet
  facet normal 3.2244e-1 9.1054e-1 2.5874e-1
    outer loop
      vertex -2.2219e+0 -5.7882e+0 1.7100e+2
      vertex -3.5120e+0 -9.1491e+0 1.8444e+2
      vertex -1.9159e+0 -5.8966e+0 1.7100e+2
    endloop
  endfacet
  facet normal 3.2244e-1 9.1054e-1 2.5874e-1
    outer loop
      vertex -1.9159e+0 -5.8966e+0 1.7100e+2
      vertex -3.5120e+0 -9.1491e+0 1.8444e+2
      vertex -3.0284e+0 -9.3204e+0 1.8444e+2
    endloop
  endfacet
  facet normal -3.2244e-1 -9.1054e-1 -2.5874e-1
    outer loop
      vertex -3.2970e+0 -8.5889e+0 1.7100e+2
      vertex -2.8430e+0 -8.7497e+0 1.7100e+2
      vertex -4.5871e+0 -1.1950e+1 1.8444e+2
    endloop
  endfacet
  facet normal -3.2244e-1 -9.1054e-1 -2.5874e-1
    outer loop
      vertex -2.8430e+0 -8.7497e+0 1.7100e+2
      vertex -3.9554e+0 -1.2174e+1 1.8444e+2
      vertex -4.5871e+0 -1.1950e+1 1.8444e+2
    endloop
  endfacet
  facet normal 0.0000e+0 0.0000e+0 -1.0000e+0
    outer loop
      vertex -5.4472e+0 -1.4190e+1 0.0000e+0
      vertex -4.6971e+0 -1.4456e+1 0.0000e+0
      vertex -6.5223e+0 -1.6991e+1 0.0000e+0
    endloop
  endfacet
  facet normal 0.0000e+0 0.0000e+0 -1.0000e+0
    outer loop
      vertex -4.6971e+0 -1.4456e+1 0.0000e+0
      vertex -5.6241e+0 -1.7309e+1 0.0000e+0
      vertex -6.5223e+0 -1.6991e+1 0.0000e+0
    endloop
  endfacet
  facet normal 0.0000e+0 0.0000e+0 1.0000e+0
    outer loop
      vertex -3.5120e+0 -9.1491e+0 1.8444e+2
      vertex -4.5871e+0 -1.1950e+1 1.8444e+2
      vertex -3.0284e+0 -9.3204e+0 1.8444e+2
    endloop
  endfacet
  facet normal 0.0000e+0 0.0000e+0 1.0000e+0
    outer loop
      vertex -3.0284e+0 -9.3204e+0 1.8444e+2
      vertex -4.5871e+0 -1.1950e+1 1.8444e+2
      vertex -3.9554e+0 -1.2174e+1 1.8444e+2
    endloop
  endfacet
  facet normal 2.8402e-1 9.5882e-1 0.0000e+0
    outer loop
      vertex -4.6971e+0 -1.4456e+1 0.0000e+0
      vertex -4.6971e+0 -1.4456e+1 1.6200e+2
      vertex -3.9340e+0 -1.4682e+1 0.0000e+0
    endloop
  endfacet
  facet normal 2.8402e-1 9.5882e-1 0.0000e+0
    outer loop
      vertex -3.9340e+0 -1.4682e+1 0.0000e+0
      vertex -4.6971e+0 -1.4456e+1 1.6200e+2
      vertex -3.9340e+0 -1.4682e+1 1.6200e+2
    endloop
  endfacet
  facet normal -2.8402e-1 -9.5882e-1 0.0000e+0
    outer loop
      vertex -5.6241e+0 -1.7309e+1 0.0000e+0
      vertex -4.7105e+0 -1.7580e+1 0.0000e+0
      vertex -5.6241e+0 -1.7309e+1 1.6200e+2
    endloop
  endfacet
  facet normal -2.8402e-1 -9.5882e-1 0.0000e+0
    outer loop
      vertex -4.7105e+0 -1.7580e+1 0.0000e+0
      vertex -4.7105e+0 -1.7580e+1 1.6200e+2
      vertex -5.6241e+0 -1.7309e+1 1.6200e+2
    endloop
  endfacet
  facet normal 2.0086e-1 6.7810e-1 -7.0699e-1
    outer loop
      vertex -4.6971e+0 -1.4456e+1 1.6200e+2
      vertex -1.9159e+0 -5.8966e+0 1.7100e+2
      vertex -3.9340e+0 -1.4682e+1 1.6200e+2
    endloop
  endfacet
  facet normal 2.0086e-1 6.7810e-1 -7.0699e-1
    outer loop
      vertex -3.9340e+0 -1.4682e+1 1.6200e+2
      vertex -1.9159e+0 -5.8966e+0 1.7100e+2
      vertex -1.6047e+0 -5.9887e+0 1.7100e+2
    endloop
  endfacet
  facet normal -2.0086e-1 -6.7810e-1 7.0699e-1
    outer loop
      vertex -5.6241e+0 -1.7309e+1 1.6200e+2
      vertex -4.7105e+0 -1.7580e+1 1.6200e+2
      vertex -2.8430e+0 -8.7497e+0 1.7100e+2
    endloop
  endfacet
  facet normal -2.0086e-1 -6.7810e-1 7.0699e-1
    outer loop
      vertex -4.7105e+0 -1.7580e+1 1.6200e+2
      vertex -2.3811e+0 -8.8865e+0 1.7100e+2
      vertex -2.8430e+0 -8.7497e+0 1.7100e+2
    endloop
  endfacet
  facet normal 2.7434e-1 9.2617e-1 2.5874e-1
    outer loop
      vertex -1.9159e+0 -5.8966e+0 1.7100e+2
      vertex -3.0284e+0 -9.3204e+0 1.8444e+2
      vertex -1.6047e+0 -5.9887e+0 1.7100e+2
    endloop
  endfacet
  facet normal 2.7434e-1 9.2617e-1 2.5874e-1
    outer loop
      vertex -1.6047e+0 -5.9887e+0 1.7100e+2
      vertex -3.0284e+0 -9.3204e+0 1.8444e+2
      vertex -2.5364e+0 -9.4661e+0 1.8444e+2
    endloop
  endfacet
  facet normal -2.7434e-1 -9.2617e-1 -2.5874e-1
    outer loop
      vertex -2.8430e+0 -8.7497e+0 1.7100e+2
      vertex -2.3811e+0 -8.8865e+0 1.7100e+2
      vertex -3.9554e+0 -1.2174e+1 1.8444e+2
    endloop
  endfacet
  facet normal -2.7434e-1 -9.2617e-1 -2.5874e-1
    outer loop
      vertex -2.3811e+0 -8.8865e+0 1.7100e+2
      vertex -3.3129e+0 -1.2364e+1 1.8444e+2
      vertex -3.9554e+0 -1.2174e+1 1.8444e+2
    endloop
  endfacet
  facet normal 0.0000e+0 0.0000e+0 -1.0000e+0
    outer loop
      vertex -4.6971e+0 -1.4456e+1 0.0000e+0
      vertex -3.9340e+0 -1.4682e+1 0.0000e+0
      vertex -5.6241e+0 -1.7309e+1 0.0000e+0
    endloop
  endfacet
  facet normal 0.0000e+0 0.0000e+0 -1.0000e+0
    outer loop
      vertex -3.9340e+0 -1.4682e+1 0.0000e+0
      vertex -4.7105e+0 -1.7580e+1 0.0000e+0
      vertex -5.6241e+0 -1.7309e+1 0.0000e+0
    endloop
  endfacet
  facet normal 0.0000e+0 0.0000e+0 1.0000e+0
    outer loop
      vertex -3.0284e+0 -9.3204e+0 1.8444e+2
      vertex -3.9554e+0 -1.2174e+1 1.8444e+2
      vertex -2.5364e+0 -9.4661e+0 1.8444e+2
    endloop
  endfacet
  facet normal 0.0000e+0 0.0000e+0 1.0000e+0
    outer loop
      vertex -2.5364e+0 -9.4661e+0 1.8444e+2
      vertex -3.9554e+0 -1.2174e+1 1.8444e+2
      vertex -3.3129e+0 -1.2364e+1 1.8444e+2
    endloop
  endfacet
  facet normal 2.3345e-1 9.7237e-1 0.0000e+0
    outer loop
      vertex -3.9340e+0 -1.4682e+1 0.0000e+0
      vertex -3.9340e+0 -1.4682e+1 1.6200e+2
      vertex -3.1603e+0 -1.4868e+1 0.0000e+0
    endloop
  endfacet
  facet normal 2.3345e-1 9.7237e-1 0.0000e+0
    outer loop
      vertex -3.1603e+0 -1.4868e+1 0.0000e+0
      vertex -3.9340e+0 -1.4682e+1 1.6200e+2
      vertex -3.1603e+0 -1.4868e+1 1.6200e+2
    endloop
  endfacet
  facet normal -2.3345e-1 -9.7237e-1 0.0000e+0
    outer loop
      vertex -4.7105e+0 -1.7580e+1 0.0000e+0
      vertex -3.7840e+0 -1.7802e+1 0.0000e+0
      vertex -4.7105e+0 -1.7580e+1 1.6200e+2
    endloop
  endfacet
  facet normal -2.3345e-1 -9.7237e-1 0.0000e+0
    outer loop
      vertex -3.7840e+0 -1.7802e+1 0.0000e+0
      vertex -3.7840e+0 -1.7802e+1 1.6200e+2
      vertex -4.7105e+0 -1.7580e+1 1.6200e+2
    endloop
  endfacet
  facet normal 1.6510e-1 6.8769e-1 -7.0699e-1
    outer loop
      vertex -3.9340e+0 -1.4682e+1 1.6200e+2
      vertex -1.6047e+0 -5.9887e+0 1.7100e+2
      vertex -3.1603e+0 -1.4868e+1 1.6200e+2
    endloop
  endfacet
  facet normal 1.6510e-1 6.8769e-1 -7.0699e-1
    outer loop
      vertex -3.1603e+0 -1.4868e+1 1.6200e+2
      vertex -1.6047e+0 -5.9887e+0 1.7100e+2
      vertex -1.2891e+0 -6.0645e+0 1.7100e+2
    endloop
  endfacet
  facet normal -1.6510e-1 -6.8769e-1 7.0699e-1
    outer loop
      vertex -4.7105e+0 -1.7580e+1 1.6200e+2
      vertex -3.7840e+0 -1.7802e+1 1.6200e+2
      vertex -2.3811e+0 -8.8865e+0 1.7100e+2
    endloop
  endfacet
  facet normal -1.6510e-1 -6.8769e-1 7.0699e-1
    outer loop
      vertex -3.7840e+0 -1.7802e+1 1.6200e+2
      vertex -1.9128e+0 -8.9990e+0 1.7100e+2
      vertex -2.3811e+0 -8.8865e+0 1.7100e+2
    endloop
  endfacet
  facet normal 2.2550e-1 9.3926e-1 2.5874e-1
    outer loop
      vertex -1.6047e+0 -5.9887e+0 1.7100e+2
      vertex -2.5364e+0 -9.4661e+0 1.8444e+2
      vertex -1.2891e+0 -6.0645e+0 1.7100e+2
    endloop
  endfacet
  facet normal 2.2550e-1 9.3926e-1 2.5874e-1
    outer loop
      vertex -1.2891e+0 -6.0645e+0 1.7100e+2
      vertex -2.5364e+0 -9.4661e+0 1.8444e+2
      vertex -2.0375e+0 -9.5858e+0 1.8444e+2
    endloop
  endfacet
  facet normal -2.2550e-1 -9.3926e-1 -2.5874e-1
    outer loop
      vertex -2.3811e+0 -8.8865e+0 1.7100e+2
      vertex -1.9128e+0 -8.9990e+0 1.7100e+2
      vertex -3.3129e+0 -1.2364e+1 1.8444e+2
    endloop
  endfacet
  facet normal -2.2550e-1 -9.3926e-1 -2.5874e-1
    outer loop
      vertex -1.9128e+0 -8.9990e+0 1.7100e+2
      vertex -2.6613e+0 -1.2520e+1 1.8444e+2
      vertex -3.3129e+0 -1.2364e+1 1.8444e+2
    endloop
  endfacet
  facet normal 0.0000e+0 0.0000e+0 -1.0000e+0
    outer loop
      vertex -3.9340e+0 -1.4682e+1 0.0000e+0
      vertex -3.1603e+0 -1.4868e+1 0.0000e+0
      vertex -4.7105e+0 -1.7580e+1 0.0000e+0
    endloop
  endfacet
  facet normal 0.0000e+0 0.0000e+0 -1.0000e+0
    outer loop
      vertex -3.1603e+0 -1.4868e+1 0.0000e+0
      vertex -3.7840e+0 -1.7802e+1 0.0000e+0
      vertex -4.7105e+0 -1.7580e+1 0.0000e+0
    endloop
  endfacet
  facet normal 0.0000e+0 0.0000e+0 1.0000e+0
    outer loop
      vertex -2.5364e+0 -9.4661e+0 1.8444e+2
      vertex -3.3129e+0 -1.2364e+1 1.8444e+2
      vertex -2.0375e+0 -9.5858e+0 1.8444e+2
    endloop
  endfacet
  facet normal 0.0000e+0 0.0000e+0 1.0000e+0
    outer loop
      vertex -2.0375e+0 -9.5858e+0 1.8444e+2
      vertex -3.3129e+0 -1.2364e+1 1.8444e+2
      vertex -2.6613e+0 -1.2520e+1 1.8444e+2
    endloop
  endfacet
  facet normal 1.8224e-1 9.8325e-1 0.0000e+0
    outer loop
      vertex -3.1603e+0 -1.4868e+1 0.0000e+0
      vertex -3.1603e+0 -1.4868e+1 1.6200e+2
      vertex -2.3778e+0 -1.5013e+1 0.0000e+0
    endloop
  endfacet
  facet normal 1.8224e-1 9.8325e-1 0.0000e+0
    outer loop
      vertex -2.3778e+0 -1.5013e+1 0.0000e+0
      vertex -3.1603e+0 -1.4868e+1 1.6200e+2
      vertex -2.3778e+0 -1.5013e+1 1.6200e+2
    endloop
  endfacet
  facet normal -1.8224e-1 -9.8325e-1 0.0000e+0
    outer loop
      vertex -3.7840e+0 -1.7802e+1 0.0000e+0
      vertex -2.8471e+0 -1.7976e+1 0.0000e+0
      vertex -3.7840e+0 -1.7802e+1 1.6200e+2
    endloop
  endfacet
  facet normal -1.8224e-1 -9.8325e-1 0.0000e+0
    outer loop
      vertex -2.8471e+0 -1.7976e+1 0.0000e+0
      vertex -2.8471e+0 -1.7976e+1 1.6200e+2
      vertex -3.7840e+0 -1.7802e+1 1.6200e+2
    endloop
  endfacet
  facet normal 1.2888e-1 6.9539e-1 -7.0699e-1
    outer loop
      vertex -3.1603e+0 -1.4868e+1 1.6200e+2
      vertex -1.2891e+0 -6.0645e+0 1.7100e+2
      vertex -2.3778e+0 -1.5013e+1 1.6200e+2
    endloop
  endfacet
  facet normal 1.2888e-1 6.9539e-1 -7.0699e-1
    outer loop
      vertex -2.3778e+0 -1.5013e+1 1.6200e+2
      vertex -1.2891e+0 -6.0645e+0 1.7100e+2
      vertex -9.6989e-1 -6.1237e+0 1.7100e+2
    endloop
  endfacet
  facet normal -1.2888e-1 -6.9539e-1 7.0699e-1
    outer loop
      vertex -3.7840e+0 -1.7802e+1 1.6200e+2
      vertex -2.8471e+0 -1.7976e+1 1.6200e+2
      vertex -1.9128e+0 -8.9990e+0 1.7100e+2
    endloop
  endfacet
  facet normal -1.2888e-1 -6.9539e-1 7.0699e-1
    outer loop
      vertex -2.8471e+0 -1.7976e+1 1.6200e+2
      vertex -1.4392e+0 -9.0867e+0 1.7100e+2
      vertex -1.9128e+0 -8.9990e+0 1.7100e+2
    endloop
  endfacet
  facet normal 1.7603e-1 9.4977e-1 2.5874e-1
    outer loop
      vertex -1.2891e+0 -6.0645e+0 1.7100e+2
      vertex -2.0375e+0 -9.5858e+0 1.8444e+2
      vertex -9.6989e-1 -6.1237e+0 1.7100e+2
    endloop
  endfacet
  facet normal 1.7603e-1 9.4977e-1 2.5874e-1
    outer loop
      vertex -9.6989e-1 -6.1237e+0 1.7100e+2
      vertex -2.0375e+0 -9.5858e+0 1.8444e+2
      vertex -1.5331e+0 -9.6793e+0 1.8444e+2
    endloop
  endfacet
  facet normal -1.7603e-1 -9.4977e-1 -2.5874e-1
    outer loop
      vertex -1.9128e+0 -8.9990e+0 1.7100e+2
      vertex -1.4392e+0 -9.0867e+0 1.7100e+2
      vertex -2.6613e+0 -1.2520e+1 1.8444e+2
    endloop
  endfacet
  facet normal -1.7603e-1 -9.4977e-1 -2.5874e-1
    outer loop
      vertex -1.4392e+0 -9.0867e+0 1.7100e+2
      vertex -2.0024e+0 -1.2642e+1 1.8444e+2
      vertex -2.6613e+0 -1.2520e+1 1.8444e+2
    endloop
  endfacet
  facet normal 0.0000e+0 0.0000e+0 -1.0000e+0
    outer loop
      vertex -3.1603e+0 -1.4868e+1 0.0000e+0
      vertex -2.3778e+0 -1.5013e+1 0.0000e+0
      vertex -3.7840e+0 -1.7802e+1 0.0000e+0
    endloop
  endfacet
  facet normal 0.0000e+0 0.0000e+0 -1.0000e+0
    outer loop
      vertex -2.3778e+0 -1.5013e+1 0.0000e+0
      vertex -2.8471e+0 -1.7976e+1 0.0000e+0
      vertex -3.7840e+0 -1.7802e+1 0.0000e+0
    endloop
  endfacet
  facet normal 0.0000e+0 0.0000e+0 1.0000e+0
    outer loop
      vertex -2.0375e+0 -9.5858e+0 1.8444e+2
      vertex -2.6613e+0 -1.2520e+1 1.8444e+2
      vertex -1.5331e+0 -9.6793e+0 1.8444e+2
    endloop
  endfacet
  facet normal 0.0000e+0 0.0000e+0 1.0000e+0
    outer loop
      vertex -1.5331e+0 -9.6793e+0 1.8444e+2
      vertex -2.6613e+0 -1.2520e+1 1.8444e+2
      vertex -2.0024e+0 -1.2642e+1 1.8444e+2
    endloop
  endfacet
  facet normal 1.3053e-1 9.9144e-1 0.0000e+0
    outer loop
      vertex -2.3778e+0 -1.5013e+1 0.0000e+0
      vertex -2.3778e+0 -1.5013e+1 1.6200e+2
      vertex -1.5888e+0 -1.5117e+1 0.0000e+0
    endloop
  endfacet
  facet normal 1.3053e-1 9.9144e-1 0.0000e+0
    outer loop
      vertex -1.5888e+0 -1.5117e+1 0.0000e+0
      vertex -2.3778e+0 -1.5013e+1 1.6200e+2
      vertex -1.5888e+0 -1.5117e+1 1.6200e+2
    endloop
  endfacet
  facet normal -1.3053e-1 -9.9144e-1 0.0000e+0
    outer loop
      vertex -2.8471e+0 -1.7976e+1 0.0000e+0
      vertex -1.9024e+0 -1.8100e+1 0.0000e+0
      vertex -2.8471e+0 -1.7976e+1 1.6200e+2
    endloop
  endfacet
  facet normal -1.3053e-1 -9.9144e-1 0.0000e+0
    outer loop
      vertex -1.9024e+0 -1.8100e+1 0.0000e+0
      vertex -1.9024e+0 -1.8100e+1 1.6200e+2
      vertex -2.8471e+0 -1.7976e+1 1.6200e+2
    endloop
  endfacet
  facet normal 9.2312e-2 7.0118e-1 -7.0699e-1
    outer loop
      vertex -2.3778e+0 -1.5013e+1 1.6200e+2
      vertex -9.6989e-1 -6.1237e+0 1.7100e+2
      vertex -1.5888e+0 -1.5117e+1 1.6200e+2
    endloop
  endfacet
  facet normal 9.2312e-2 7.0118e-1 -7.0699e-1
    outer loop
      vertex -1.5888e+0 -1.5117e+1 1.6200e+2
      vertex -9.6989e-1 -6.1237e+0 1.7100e+2
      vertex -6.4808e-1 -6.1660e+0 1.7100e+2
    endloop
  endfacet
  facet normal -9.2312e-2 -7.0118e-1 7.0699e-1
    outer loop
      vertex -2.8471e+0 -1.7976e+1 1.6200e+2
      vertex -1.9024e+0 -1.8100e+1 1.6200e+2
      vertex -1.4392e+0 -9.0867e+0 1.7100e+2
    endloop
  endfacet
  facet normal -9.2312e-2 -7.0118e-1 7.0699e-1
    outer loop
      vertex -1.9024e+0 -1.8100e+1 1.6200e+2
      vertex -9.6166e-1 -9.1496e+0 1.7100e+2
      vertex -1.4392e+0 -9.0867e+0 1.7100e+2
    endloop
  endfacet
  facet normal 1.2608e-1 9.5768e-1 2.5874e-1
    outer loop
      vertex -9.6989e-1 -6.1237e+0 1.7100e+2
      vertex -1.5331e+0 -9.6793e+0 1.8444e+2
      vertex -6.4808e-1 -6.1660e+0 1.7100e+2
    endloop
  endfacet
  facet normal 1.2608e-1 9.5768e-1 2.5874e-1
    outer loop
      vertex -6.4808e-1 -6.1660e+0 1.7100e+2
      vertex -1.5331e+0 -9.6793e+0 1.8444e+2
      vertex -1.0244e+0 -9.7463e+0 1.8444e+2
    endloop
  endfacet
  facet normal -1.2608e-1 -9.5768e-1 -2.5874e-1
    outer loop
      vertex -1.4392e+0 -9.0867e+0 1.7100e+2
      vertex -9.6166e-1 -9.1496e+0 1.7100e+2
      vertex -2.0024e+0 -1.2642e+1 1.8444e+2
    endloop
  endfacet
  facet normal -1.2608e-1 -9.5768e-1 -2.5874e-1
    outer loop
      vertex -9.6166e-1 -9.1496e+0 1.7100e+2
      vertex -1.3380e+0 -1.2730e+1 1.8444e+2
      vertex -2.0024e+0 -1.2642e+1 1.8444e+2
    endloop
  endfacet
  facet normal 0.0000e+0 0.0000e+0 -1.0000e+0
    outer loop
      vertex -2.3778e+0 -1.5013e+1 0.0000e+0
      vertex -1.5888e+0 -1.5117e+1 0.0000e+0
      vertex -2.8471e+0 -1.7976e+1 0.0000e+0
    endloop
  endfacet
  facet normal 0.0000e+0 0.0000e+0 -1.0000e+0
    outer loop
      vertex -1.5888e+0 -1.5117e+1 0.0000e+0
      vertex -1.9024e+0 -1.8100e+1 0.0000e+0
      vertex -2.8471e+0 -1.7976e+1 0.0000e+0
    endloop
  endfacet
  facet normal 0.0000e+0 0.0000e+0 1.0000e+0
    outer loop
      vertex -1.5331e+0 -9.6793e+0 1.8444e+2
      vertex -2.0024e+0 -1.2642e+1 1.8444e+2
      vertex -1.0244e+0 -9.7463e+0 1.8444e+2
    endloop
  endfacet
  facet normal 0.0000e+0 0.0000e+0 1.0000e+0
    outer loop
      vertex -1.0244e+0 -9.7463e+0 1.8444e+2
      vertex -2.0024e+0 -1.2642e+1 1.8444e+2
      vertex -1.3380e+0 -1.2730e+1 1.8444e+2
    endloop
  endfacet
  facet normal 7.8459e-2 9.9692e-1 0.0000e+0
    outer loop
      vertex -1.5888e+0 -1.5117e+1 0.0000e+0
      vertex -1.5888e+0 -1.5117e+1 1.6200e+2
      vertex -7.9551e-1 -1.5179e+1 0.0000e+0
    endloop
  endfacet
  facet normal 7.8459e-2 9.9692e-1 0.0000e+0
    outer loop
      vertex -7.9551e-1 -1.5179e+1 0.0000e+0
      vertex -1.5888e+0 -1.5117e+1 1.6200e+2
      vertex -7.9551e-1 -1.5179e+1 1.6200e+2
    endloop
  endfacet
  facet normal -7.8459e-2 -9.9692e-1 0.0000e+0
    outer loop
      vertex -1.9024e+0 -1.8100e+1 0.0000e+0
      vertex -9.5251e-1 -1.8175e+1 0.0000e+0
      vertex -1.9024e+0 -1.8100e+1 1.6200e+2
    endloop
  endfacet
  facet normal -7.8459e-2 -9.9692e-1 0.0000e+0
    outer loop
      vertex -9.5251e-1 -1.8175e+1 0.0000e+0
      vertex -9.5251e-1 -1.8175e+1 1.6200e+2
      vertex -1.9024e+0 -1.8100e+1 1.6200e+2
    endloop
  endfacet
  facet normal 5.5488e-2 7.0505e-1 -7.0699e-1
    outer loop
      vertex -1.5888e+0 -1.5117e+1 1.6200e+2
      vertex -6.4808e-1 -6.1660e+0 1.7100e+2
      vertex -7.9551e-1 -1.5179e+1 1.6200e+2
    endloop
  endfacet
  facet normal 5.5488e-2 7.0505e-1 -7.0699e-1
    outer loop
      vertex -7.9551e-1 -1.5179e+1 1.6200e+2
      vertex -6.4808e-1 -6.1660e+0 1.7100e+2
      vertex -3.2448e-1 -6.1915e+0 1.7100e+2
    endloop
  endfacet
  facet normal -5.5488e-2 -7.0505e-1 7.0699e-1
    outer loop
      vertex -1.9024e+0 -1.8100e+1 1.6200e+2
      vertex -9.5251e-1 -1.8175e+1 1.6200e+2
      vertex -9.6166e-1 -9.1496e+0 1.7100e+2
    endloop
  endfacet
  facet normal -5.5488e-2 -7.0505e-1 7.0699e-1
    outer loop
      vertex -9.5251e-1 -1.8175e+1 1.6200e+2
      vertex -4.8149e-1 -9.1874e+0 1.7100e+2
      vertex -9.6166e-1 -9.1496e+0 1.7100e+2
    endloop
  endfacet
  facet normal 7.5787e-2 9.6297e-1 2.5874e-1
    outer loop
      vertex -6.4808e-1 -6.1660e+0 1.7100e+2
      vertex -1.0244e+0 -9.7463e+0 1.8444e+2
      vertex -3.2448e-1 -6.1915e+0 1.7100e+2
    endloop
  endfacet
  facet normal 7.5787e-2 9.6297e-1 2.5874e-1
    outer loop
      vertex -3.2448e-1 -6.1915e+0 1.7100e+2
      vertex -1.0244e+0 -9.7463e+0 1.8444e+2
      vertex -5.1289e-1 -9.7866e+0 1.8444e+2
    endloop
  endfacet
  facet normal -7.5787e-2 -9.6297e-1 -2.5874e-1
    outer loop
      vertex -9.6166e-1 -9.1496e+0 1.7100e+2
      vertex -4.8149e-1 -9.1874e+0 1.7100e+2
      vertex -1.3380e+0 -1.2730e+1 1.8444e+2
    endloop
  endfacet
  facet normal -7.5787e-2 -9.6297e-1 -2.5874e-1
    outer loop
      vertex -4.8149e-1 -9.1874e+0 1.7100e+2
      vertex -6.6990e-1 -1.2782e+1 1.8444e+2
      vertex -1.3380e+0 -1.2730e+1 1.8444e+2
    endloop
  endfacet
  facet normal 0.0000e+0 0.0000e+0 -1.0000e+0
    outer loop
      vertex -1.5888e+0 -1.5117e+1 0.0000e+0
      vertex -7.9551e-1 -1.5179e+1 0.0000e+0
      vertex -1.9024e+0 -1.8100e+1 0.0000e+0
    endloop
  endfacet
  facet normal 0.0000e+0 0.0000e+0 -1.0000e+0
    outer loop
      vertex -7.9551e-1 -1.5179e+1 0.0000e+0
      vertex -9.5251e-1 -1.8175e+1 0.0000e+0
      vertex -1.9024e+0 -1.8100e+1 0.0000e+0
    endloop
  endfacet
  facet normal 0.0000e+0 0.0000e+0 1.0000e+0
    outer loop
      vertex -1.0244e+0 -9.7463e+0 1.8444e+2
      vertex -1.3380e+0 -1.2730e+1 1.8444e+2
      vertex -5.1289e-1 -9.7866e+0 1.8444e+2
    endloop
  endfacet
  facet normal 0.0000e+0 0.0000e+0 1.0000e+0
    outer loop
      vertex -5.1289e-1 -9.7866e+0 1.8444e+2
      vertex -1.3380e+0 -1.2730e+1 1.8444e+2
      vertex -6.6990e-1 -1.2782e+1 1.8444e+2
    endloop
  endfacet
  facet normal 2.6177e-2 9.9966e-1 0.0000e+0
    outer loop
      vertex -7.9551e-1 -1.5179e+1 0.0000e+0
      vertex -7.9551e-1 -1.5179e+1 1.6200e+2
      vertex -2.7922e-15 -1.5200e+1 0.0000e+0
    endloop
  endfacet
  facet normal 2.6177e-2 9.9966e-1 0.0000e+0
    outer loop
      vertex -2.7922e-15 -1.5200e+1 0.0000e+0
      vertex -7.9551e-1 -1.5179e+1 1.6200e+2
      vertex -2.7922e-15 -1.5200e+1 1.6200e+2
    endloop
  endfacet
  facet normal -2.6177e-2 -9.9966e-1 0.0000e+0
    outer loop
      vertex -9.5251e-1 -1.8175e+1 0.0000e+0
      vertex -3.3433e-15 -1.8200e+1 0.0000e+0
      vertex -9.5251e-1 -1.8175e+1 1.6200e+2
    endloop
  endfacet
  facet normal -2.6177e-2 -9.9966e-1 0.0000e+0
    outer loop
      vertex -3.3433e-15 -1.8200e+1 0.0000e+0
      vertex -3.3433e-15 -1.8200e+1 1.6200e+2
      vertex -9.5251e-1 -1.8175e+1 1.6200e+2
    endloop
  endfacet
  facet normal 1.8513e-2 7.0699e-1 -7.0699e-1
    outer loop
      vertex -7.9551e-1 -1.5179e+1 1.6200e+2
      vertex -3.2448e-1 -6.1915e+0 1.7100e+2
      vertex -2.7922e-15 -1.5200e+1 1.6200e+2
    endloop
  endfacet
  facet normal 1.8513e-2 7.0699e-1 -7.0699e-1
    outer loop
      vertex -2.7922e-15 -1.5200e+1 1.6200e+2
      vertex -3.2448e-1 -6.1915e+0 1.7100e+2
      vertex -1.1389e-15 -6.2000e+0 1.7100e+2
    endloop
  endfacet
  facet normal -1.8513e-2 -7.0699e-1 7.0699e-1
    outer loop
      vertex -9.5251e-1 -1.8175e+1 1.6200e+2
      vertex -3.3433e-15 -1.8200e+1 1.6200e+2
      vertex -4.8149e-1 -9.1874e+0 1.7100e+2
    endloop
  endfacet
  facet normal -1.8513e-2 -7.0699e-1 7.0699e-1
    outer loop
      vertex -3.3433e-15 -1.8200e+1 1.6200e+2
      vertex -1.6900e-15 -9.2000e+0 1.7100e+2
      vertex -4.8149e-1 -9.1874e+0 1.7100e+2
    endloop
  endfacet
  facet normal 2.5286e-2 9.6562e-1 2.5874e-1
    outer loop
      vertex -3.2448e-1 -6.1915e+0 1.7100e+2
      vertex -5.1289e-1 -9.7866e+0 1.8444e+2
      vertex -1.1389e-15 -6.2000e+0 1.7100e+2
    endloop
  endfacet
  facet normal 2.5286e-2 9.6562e-1 2.5874e-1
    outer loop
      vertex -1.1389e-15 -6.2000e+0 1.7100e+2
      vertex -5.1289e-1 -9.7866e+0 1.8444e+2
      vertex -1.8002e-15 -9.8000e+0 1.8444e+2
    endloop
  endfacet
  facet normal -2.5286e-2 -9.6562e-1 -2.5874e-1
    outer loop
      vertex -4.8149e-1 -9.1874e+0 1.7100e+2
      vertex -1.6900e-15 -9.2000e+0 1.7100e+2
      vertex -6.6990e-1 -1.2782e+1 1.8444e+2
    endloop
  endfacet
  facet normal -2.5286e-2 -9.6562e-1 -2.5874e-1
    outer loop
      vertex -1.6900e-15 -9.2000e+0 1.7100e+2
      vertex -2.3513e-15 -1.2800e+1 1.8444e+2
      vertex -6.6990e-1 -1.2782e+1 1.8444e+2
    endloop
  endfacet
  facet normal 0.0000e+0 0.0000e+0 -1.0000e+0
    outer loop
      vertex -7.9551e-1 -1.5179e+1 0.0000e+0
      vertex -2.7922e-15 -1.5200e+1 0.0000e+0
      vertex -9.5251e-1 -1.8175e+1 0.0000e+0
    endloop
  endfacet
  facet normal 0.0000e+0 0.0000e+0 -1.0000e+0
    outer loop
      vertex -2.7922e-15 -1.5200e+1 0.0000e+0
      vertex -3.3433e-15 -1.8200e+1 0.0000e+0
      vertex -9.5251e-1 -1.8175e+1 0.0000e+0
    endloop
  endfacet
  facet normal 0.0000e+0 0.0000e+0 1.0000e+0
    outer loop
      vertex -5.1289e-1 -9.7866e+0 1.8444e+2
      vertex -6.6990e-1 -1.2782e+1 1.8444e+2
      vertex -1.8002e-15 -9.8000e+0 1.8444e+2
    endloop
  endfacet
  facet normal 0.0000e+0 0.0000e+0 1.0000e+0
    outer loop
      vertex -1.8002e-15 -9.8000e+0 1.8444e+2
      vertex -6.6990e-1 -1.2782e+1 1.8444e+2
      vertex -2.3513e-15 -1.2800e+1 1.8444e+2
    endloop
  endfacet
  facet normal -2.6177e-2 9.9966e-1 0.0000e+0
    outer loop
      vertex -2.7922e-15 -1.5200e+1 0.0000e+0
      vertex -2.7922e-15 -1.5200e+1 1.6200e+2
      vertex 7.9551e-1 -1.5179e+1 0.0000e+0
    endloop
  endfacet
  facet normal -2.6177e-2 9.9966e-1 0.0000e+0
    outer loop
      vertex 7.9551e-1 -1.5179e+1 0.0000e+0
      vertex -2.7922e-15 -1.5200e+1 1.6200e+2
      vertex 7.9551e-1 -1.5179e+1 1.6200e+2
    endloop
  endfacet
  facet normal 2.6177e-2 -9.9966e-1 0.0000e+0
    outer loop
      vertex -3.3433e-15 -1.8200e+1 0.0000e+0
      vertex 9.5251e-1 -1.8175e+1 0.0000e+0
      vertex -3.3433e-15 -1.8200e+1 1.6200e+2
    endloop
  endfacet
  facet normal 2.6177e-2 -9.9966e-1 0.0000e+0
    outer loop
      vertex 9.5251e-1 -1.8175e+1 0.0000e+0
      vertex 9.5251e-1 -1.8175e+1 1.6200e+2
      vertex -3.3433e-15 -1.8200e+1 1.6200e+2
    endloop
  endfacet
  facet normal -1.8513e-2 7.0699e-1 -7.0699e-1
    outer loop
      vertex -2.7922e-15 -1.5200e+1 1.6200e+2
      vertex -1.1389e-15 -6.2000e+0 1.7100e+2
      vertex 7.9551e-1 -1.5179e+1 1.6200e+2
    endloop
  endfacet
  facet normal -1.8513e-2 7.0699e-1 -7.0699e-1
    outer loop
      vertex 7.9551e-1 -1.5179e+1 1.6200e+2
      vertex -1.1389e-15 -6.2000e+0 1.7100e+2
      vertex 3.2448e-1 -6.1915e+0 1.7100e+2
    endloop
  endfacet
  facet normal 1.8513e-2 -7.0699e-1 7.0699e-1
    outer loop
      vertex -3.3433e-15 -1.8200e+1 1.6200e+2
      vertex 9.5251e-1 -1.8175e+1 1.6200e+2
      vertex -1.6900e-15 -9.2000e+0 1.7100e+2
    endloop
  endfacet
  facet normal 1.8513e-2 -7.0699e-1 7.0699e-1
    outer loop
      vertex 9.5251e-1 -1.8175e+1 1.6200e+2
      vertex 4.8149e-1 -9.1874e+0 1.7100e+2
      vertex -1.6900e-15 -9.2000e+0 1.7100e+2
    endloop
  endfacet
  facet normal -2.5286e-2 9.6562e-1 2.5874e-1
    outer loop
      vertex -1.1389e-15 -6.2000e+0 1.7100e+2
      vertex -1.8002e-15 -9.8000e+0 1.8444e+2
      vertex 3.2448e-1 -6.1915e+0 1.7100e+2
    endloop
  endfacet
  facet normal -2.5286e-2 9.6562e-1 2.5874e-1
    outer loop
      vertex 3.2448e-1 -6.1915e+0 1.7100e+2
      vertex -1.8002e-15 -9.8000e+0 1.8444e+2
      vertex 5.1289e-1 -9.7866e+0 1.8444e+2
    endloop
  endfacet
  facet normal 2.5286e-2 -9.6562e-1 -2.5874e-1
    outer loop
      vertex -1.6900e-15 -9.2000e+0 1.7100e+2
      vertex 4.8149e-1 -9.1874e+0 1.7100e+2
      vertex -2.3513e-15 -1.2800e+1 1.8444e+2
    endloop
  endfacet
  facet normal 2.5286e-2 -9.6562e-1 -2.5874e-1
    outer loop
      vertex 4.8149e-1 -9.1874e+0 1.7100e+2
      vertex 6.6990e-1 -1.2782e+1 1.8444e+2
      vertex -2.3513e-15 -1.2800e+1 1.8444e+2
    endloop
  endfacet
  facet normal 0.0000e+0 0.0000e+0 -1.0000e+0
    outer loop
      vertex -2.7922e-15 -1.5200e+1 0.0000e+0
      vertex 7.9551e-1 -1.5179e+1 0.0000e+0
      vertex -3.3433e-15 -1.8200e+1 0.0000e+0
    endloop
  endfacet
  facet normal 0.0000e+0 0.0000e+0 -1.0000e+0
    outer loop
      vertex 7.9551e-1 -1.5179e+1 0.0000e+0
      vertex 9.5251e-1 -1.8175e+1 0.0000e+0
      vertex -3.3433e-15 -1.8200e+1 0.0000e+0
    endloop
  endfacet
  facet normal 0.0000e+0 0.0000e+0 1.0000e+0
    outer loop
      vertex -1.8002e-15 -9.8000e+0 1.8444e+2
      vertex -2.3513e-15 -1.2800e+1 1.8444e+2
      vertex 5.1289e-1 -9.7866e+0 1.8444e+2
    endloop
  endfacet
  facet normal 0.0000e+0 0.0000e+0 1.0000e+0
    outer loop
      vertex 5.1289e-1 -9.7866e+0 1.8444e+2
      vertex -2.3513e-15 -1.2800e+1 1.8444e+2
      vertex 6.6990e-1 -1.2782e+1 1.8444e+2
    endloop
  endfacet
  facet normal -7.8459e-2 9.9692e-1 0.0000e+0
    outer loop
      vertex 7.9551e-1 -1.5179e+1 0.0000e+0
      vertex 7.9551e-1 -1.5179e+1 1.6200e+2
      vertex 1.5888e+0 -1.5117e+1 0.0000e+0
    endloop
  endfacet
  facet normal -7.8459e-2 9.9692e-1 0.0000e+0
    outer loop
      vertex 1.5888e+0 -1.5117e+1 0.0000e+0
      vertex 7.9551e-1 -1.5179e+1 1.6200e+2
      vertex 1.5888e+0 -1.5117e+1 1.6200e+2
    endloop
  endfacet
  facet normal 7.8459e-2 -9.9692e-1 0.0000e+0
    outer loop
      vertex 9.5251e-1 -1.8175e+1 0.0000e+0
      vertex 1.9024e+0 -1.8100e+1 0.0000e+0
      vertex 9.5251e-1 -1.8175e+1 1.6200e+2
    endloop
  endfacet
  facet normal 7.8459e-2 -9.9692e-1 0.0000e+0
    outer loop
      vertex 1.9024e+0 -1.8100e+1 0.0000e+0
      vertex 1.9024e+0 -1.8100e+1 1.6200e+2
      vertex 9.5251e-1 -1.8175e+1 1.6200e+2
    endloop
  endfacet
  facet normal -5.5488e-2 7.0505e-1 -7.0699e-1
    outer loop
      vertex 7.9551e-1 -1.5179e+1 1.6200e+2
      vertex 3.2448e-1 -6.1915e+0 1.7100e+2
      vertex 1.5888e+0 -1.5117e+1 1.6200e+2
    endloop
  endfacet
  facet normal -5.5488e-2 7.0505e-1 -7.0699e-1
    outer loop
      vertex 1.5888e+0 -1.5117e+1 1.6200e+2
      vertex 3.2448e-1 -6.1915e+0 1.7100e+2
      vertex 6.4808e-1 -6.1660e+0 1.7100e+2
    endloop
  endfacet
  facet normal 5.5488e-2 -7.0505e-1 7.0699e-1
    outer loop
      vertex 9.5251e-1 -1.8175e+1 1.6200e+2
      vertex 1.9024e+0 -1.8100e+1 1.6200e+2
      vertex 4.8149e-1 -9.1874e+0 1.7100e+2
    endloop
  endfacet
  facet normal 5.5488e-2 -7.0505e-1 7.0699e-1
    outer loop
      vertex 1.9024e+0 -1.8100e+1 1.6200e+2
      vertex 9.6166e-1 -9.1496e+0 1.7100e+2
      vertex 4.8149e-1 -9.1874e+0 1.7100e+2
    endloop
  endfacet
  facet normal -7.5787e-2 9.6297e-1 2.5874e-1
    outer loop
      vertex 3.2448e-1 -6.1915e+0 1.7100e+2
      vertex 5.1289e-1 -9.7866e+0 1.8444e+2
      vertex 6.4808e-1 -6.1660e+0 1.7100e+2
    endloop
  endfacet
  facet normal -7.5787e-2 9.6297e-1 2.5874e-1
    outer loop
      vertex 6.4808e-1 -6.1660e+0 1.7100e+2
      vertex 5.1289e-1 -9.7866e+0 1.8444e+2
      vertex 1.0244e+0 -9.7463e+0 1.8444e+2
    endloop
  endfacet
  facet normal 7.5787e-2 -9.6297e-1 -2.5874e-1
    outer loop
      vertex 4.8149e-1 -9.1874e+0 1.7100e+2
      vertex 9.6166e-1 -9.1496e+0 1.7100e+2
      vertex 6.6990e-1 -1.2782e+1 1.8444e+2
    endloop
  endfacet
  facet normal 7.5787e-2 -9.6297e-1 -2.5874e-1
    outer loop
      vertex 9.6166e-1 -9.1496e+0 1.7100e+2
      vertex 1.3380e+0 -1.2730e+1 1.8444e+2
      vertex 6.6990e-1 -1.2782e+1 1.8444e+2
    endloop
  endfacet
  facet normal 0.0000e+0 0.0000e+0 -1.0000e+0
    outer loop
      vertex 7.9551e-1 -1.5179e+1 0.0000e+0
      vertex 1.5888e+0 -1.5117e+1 0.0000e+0
      vertex 9.5251e-1 -1.8175e+1 0.0000e+0
    endloop
  endfacet
  facet normal 0.0000e+0 0.0000e+0 -1.0000e+0
    outer loop
      vertex 1.5888e+0 -1.5117e+1 0.0000e+0
      vertex 1.9024e+0 -1.8100e+1 0.0000e+0
      vertex 9.5251e-1 -1.8175e+1 0.0000e+0
    endloop
  endfacet
  facet normal 0.0000e+0 0.0000e+0 1.0000e+0
    outer loop
      vertex 5.1289e-1 -9.7866e+0 1.8444e+2
      vertex 6.6990e-1 -1.2782e+1 1.8444e+2
      vertex 1.0244e+0 -9.7463e+0 1.8444e+2
    endloop
  endfacet
  facet normal 0.0000e+0 0.0000e+0 1.0000e+0
    outer loop
      vertex 1.0244e+0 -9.7463e+0 1.8444e+2
      vertex 6.6990e-1 -1.2782e+1 1.8444e+2
      vertex 1.3380e+0 -1.2730e+1 1.8444e+2
    endloop
  endfacet
  facet normal -1.3053e-1 9.9144e-1 0.0000e+0
    outer loop
      vertex 1.5888e+0 -1.5117e+1 0.0000e+0
      vertex 1.5888e+0 -1.5117e+1 1.6200e+2
      vertex 2.3778e+0 -1.5013e+1 0.0000e+0
    endloop
  endfacet
  facet normal -1.3053e-1 9.9144e-1 0.0000e+0
    outer loop
      vertex 2.3778e+0 -1.5013e+1 0.0000e+0
      vertex 1.5888e+0 -1.5117e+1 1.6200e+2
      vertex 2.3778e+0 -1.5013e+1 1.6200e+2
    endloop
  endfacet
  facet normal 1.3053e-1 -9.9144e-1 0.0000e+0
    outer loop
      vertex 1.9024e+0 -1.8100e+1 0.0000e+0
      vertex 2.8471e+0 -1.7976e+1 0.0000e+0
      vertex 1.9024e+0 -1.8100e+1 1.6200e+2
    endloop
  endfacet
  facet normal 1.3053e-1 -9.9144e-1 0.0000e+0
    outer loop
      vertex 2.8471e+0 -1.7976e+1 0.0000e+0
      vertex 2.8471e+0 -1.7976e+1 1.6200e+2
      vertex 1.9024e+0 -1.8100e+1 1.6200e+2
    endloop
  endfacet
  facet normal -9.2312e-2 7.0118e-1 -7.0699e-1
    outer loop
      vertex 1.5888e+0 -1.5117e+1 1.6200e+2
      vertex 6.4808e-1 -6.1660e+0 1.7100e+2
      vertex 2.3778e+0 -1.5013e+1 1.6200e+2
    endloop
  endfacet
  facet normal -9.2312e-2 7.0118e-1 -7.0699e-1
    outer loop
      vertex 2.3778e+0 -1.5013e+1 1.6200e+2
      vertex 6.4808e-1 -6.1660e+0 1.7100e+2
      vertex 9.6989e-1 -6.1237e+0 1.7100e+2
    endloop
  endfacet
  facet normal 9.2312e-2 -7.0118e-1 7.0699e-1
    outer loop
      vertex 1.9024e+0 -1.8100e+1 1.6200e+2
      vertex 2.8471e+0 -1.7976e+1 1.6200e+2
      vertex 9.6166e-1 -9.1496e+0 1.7100e+2
    endloop
  endfacet
  facet normal 9.2312e-2 -7.0118e-1 7.0699e-1
    outer loop
      vertex 2.8471e+0 -1.7976e+1 1.6200e+2
      vertex 1.4392e+0 -9.0867e+0 1.7100e+2
      vertex 9.6166e-1 -9.1496e+0 1.7100e+2
    endloop
  endfacet
  facet normal -1.2608e-1 9.5768e-1 2.5874e-1
    outer loop
      vertex 6.4808e-1 -6.1660e+0 1.7100e+2
      vertex 1.0244e+0 -9.7463e+0 1.8444e+2
      vertex 9.6989e-1 -6.1237e+0 1.7100e+2
    endloop
  endfacet
  facet normal -1.2608e-1 9.5768e-1 2.5874e-1
    outer loop
      vertex 9.6989e-1 -6.1237e+0 1.7100e+2
      vertex 1.0244e+0 -9.7463e+0 1.8444e+2
      vertex 1.5331e+0 -9.6793e+0 1.8444e+2
    endloop
  endfacet
  facet normal 1.2608e-1 -9.5768e-1 -2.5874e-1
    outer loop
      vertex 9.6166e-1 -9.1496e+0 1.7100e+2
      vertex 1.4392e+0 -9.0867e+0 1.7100e+2
      vertex 1.3380e+0 -1.2730e+1 1.8444e+2
    endloop
  endfacet
  facet normal 1.2608e-1 -9.5768e-1 -2.5874e-1
    outer loop
      vertex 1.4392e+0 -9.0867e+0 1.7100e+2
      vertex 2.0024e+0 -1.2642e+1 1.8444e+2
      vertex 1.3380e+0 -1.2730e+1 1.8444e+2
    endloop
  endfacet
  facet normal 0.0000e+0 0.0000e+0 -1.0000e+0
    outer loop
      vertex 1.5888e+0 -1.5117e+1 0.0000e+0
      vertex 2.3778e+0 -1.5013e+1 0.0000e+0
      vertex 1.9024e+0 -1.8100e+1 0.0000e+0
    endloop
  endfacet
  facet normal 0.0000e+0 0.0000e+0 -1.0000e+0
    outer loop
      vertex 2.3778e+0 -1.5013e+1 0.0000e+0
      vertex 2.8471e+0 -1.7976e+1 0.0000e+0
      vertex 1.9024e+0 -1.8100e+1 0.0000e+0
    endloop
  endfacet
  facet normal 0.0000e+0 0.0000e+0 1.0000e+0
    outer loop
      vertex 1.0244e+0 -9.7463e+0 1.8444e+2
      vertex 1.3380e+0 -1.2730e+1 1.8444e+2
      vertex 1.5331e+0 -9.6793e+0 1.8444e+2
    endloop
  endfacet
  facet normal 0.0000e+0 0.0000e+0 1.0000e+0
    outer loop
      vertex 1.5331e+0 -9.6793e+0 1.8444e+2
      vertex 1.3380e+0 -1.2730e+1 1.8444e+2
      vertex 2.0024e+0 -1.2642e+1 1.8444e+2
    endloop
  endfacet
  facet normal -1.8224e-1 9.8325e-1 0.0000e+0
    outer loop
      vertex 2.3778e+0 -1.5013e+1 0.0000e+0
      vertex 2.3778e+0 -1.5013e+1 1.6200e+2
      vertex 3.1603e+0 -1.4868e+1 0.0000e+0
    endloop
  endfacet
  facet normal -1.8224e-1 9.8325e-1 0.0000e+0
    outer loop
      vertex 3.1603e+0 -1.4868e+1 0.0000e+0
      vertex 2.3778e+0 -1.5013e+1 1.6200e+2
      vertex 3.1603e+0 -1.4868e+1 1.6200e+2
    endloop
  endfacet
  facet normal 1.8224e-1 -9.8325e-1 0.0000e+0
    outer loop
      vertex 2.8471e+0 -1.7976e+1 0.0000e+0
      vertex 3.7840e+0 -1.7802e+1 0.0000e+0
      vertex 2.8471e+0 -1.7976e+1 1.6200e+2
    endloop
  endfacet
  facet normal 1.8224e-1 -9.8325e-1 0.0000e+0
    outer loop
      vertex 3.7840e+0 -1.7802e+1 0.0000e+0
      vertex 3.7840e+0 -1.7802e+1 1.6200e+2
      vertex 2.8471e+0 -1.7976e+1 1.6200e+2
    endloop
  endfacet
  facet normal -1.2888e-1 6.9539e-1 -7.0699e-1
    outer loop
      vertex 2.3778e+0 -1.5013e+1 1.6200e+2
      vertex 9.6989e-1 -6.1237e+0 1.7100e+2
      vertex 3.1603e+0 -1.4868e+1 1.6200e+2
    endloop
  endfacet
  facet normal -1.2888e-1 6.9539e-1 -7.0699e-1
    outer loop
      vertex 3.1603e+0 -1.4868e+1 1.6200e+2
      vertex 9.6989e-1 -6.1237e+0 1.7100e+2
      vertex 1.2891e+0 -6.0645e+0 1.7100e+2
    endloop
  endfacet
  facet normal 1.2888e-1 -6.9539e-1 7.0699e-1
    outer loop
      vertex 2.8471e+0 -1.7976e+1 1.6200e+2
      vertex 3.7840e+0 -1.7802e+1 1.6200e+2
      vertex 1.4392e+0 -9.0867e+0 1.7100e+2
    endloop
  endfacet
  facet normal 1.2888e-1 -6.9539e-1 7.0699e-1
    outer loop
      vertex 3.7840e+0 -1.7802e+1 1.6200e+2
      vertex 1.9128e+0 -8.9990e+0 1.7100e+2
      vertex 1.4392e+0 -9.0867e+0 1.7100e+2
    endloop
  endfacet
  facet normal -1.7603e-1 9.4977e-1 2.5874e-1
    outer loop
      vertex 9.6989e-1 -6.1237e+0 1.7100e+2
      vertex 1.5331e+0 -9.6793e+0 1.8444e+2
      vertex 1.2891e+0 -6.0645e+0 1.7100e+2
    endloop
  endfacet
  facet normal -1.7603e-1 9.4977e-1 2.5874e-1
    outer loop
      vertex 1.2891e+0 -6.0645e+0 1.7100e+2
      vertex 1.5331e+0 -9.6793e+0 1.8444e+2
      vertex 2.0375e+0 -9.5858e+0 1.8444e+2
    endloop
  endfacet
  facet normal 1.7603e-1 -9.4977e-1 -2.5874e-1
    outer loop
      vertex 1.4392e+0 -9.0867e+0 1.7100e+2
      vertex 1.9128e+0 -8.9990e+0 1.7100e+2
      vertex 2.0024e+0 -1.2642e+1 1.8444e+2
    endloop
  endfacet
  facet normal 1.7603e-1 -9.4977e-1 -2.5874e-1
    outer loop
      vertex 1.9128e+0 -8.9990e+0 1.7100e+2
      vertex 2.6613e+0 -1.2520e+1 1.8444e+2
      vertex 2.0024e+0 -1.2642e+1 1.8444e+2
    endloop
  endfacet
  facet normal 0.0000e+0 0.0000e+0 -1.0000e+0
    outer loop
      vertex 2.3778e+0 -1.5013e+1 0.0000e+0
      vertex 3.1603e+0 -1.4868e+1 0.0000e+0
      vertex 2.8471e+0 -1.7976e+1 0.0000e+0
    endloop
  endfacet
  facet normal 0.0000e+0 0.0000e+0 -1.0000e+0
    outer loop
      vertex 3.1603e+0 -1.4868e+1 0.0000e+0
      vertex 3.7840e+0 -1.7802e+1 0.0000e+0
      vertex 2.8471e+0 -1.7976e+1 0.0000e+0
    endloop
  endfacet
  facet normal 0.0000e+0 0.0000e+0 1.0000e+0
    outer loop
      vertex 1.5331e+0 -9.6793e+0 1.8444e+2
      vertex 2.0024e+0 -1.2642e+1 1.8444e+2
      vertex 2.0375e+0 -9.5858e+0 1.8444e+2
    endloop
  endfacet
  facet normal 0.0000e+0 0.0000e+0 1.0000e+0
    outer loop
      vertex 2.0375e+0 -9.5858e+0 1.8444e+2
      vertex 2.0024e+0 -1.2642e+1 1.8444e+2
      vertex 2.6613e+0 -1.2520e+1 1.8444e+2
    endloop
  endfacet
  facet normal -2.3345e-1 9.7237e-1 0.0000e+0
    outer loop
      vertex 3.1603e+0 -1.4868e+1 0.0000e+0
      vertex 3.1603e+0 -1.4868e+1 1.6200e+2
      vertex 3.9340e+0 -1.4682e+1 0.0000e+0
    endloop
  endfacet
  facet normal -2.3345e-1 9.7237e-1 0.0000e+0
    outer loop
      vertex 3.9340e+0 -1.4682e+1 0.0000e+0
      vertex 3.1603e+0 -1.4868e+1 1.6200e+2
      vertex 3.9340e+0 -1.4682e+1 1.6200e+2
    endloop
  endfacet
  facet normal 2.3345e-1 -9.7237e-1 0.0000e+0
    outer loop
      vertex 3.7840e+0 -1.7802e+1 0.0000e+0
      vertex 4.7105e+0 -1.7580e+1 0.0000e+0
      vertex 3.7840e+0 -1.7802e+1 1.6200e+2
    endloop
  endfacet
  facet normal 2.3345e-1 -9.7237e-1 0.0000e+0
    outer loop
      vertex 4.7105e+0 -1.7580e+1 0.0000e+0
      vertex 4.7105e+0 -1.7580e+1 1.6200e+2
      vertex 3.7840e+0 -1.7802e+1 1.6200e+2
    endloop
  endfacet
  facet normal -1.6510e-1 6.8769e-1 -7.0699e-1
    outer loop
      vertex 3.1603e+0 -1.4868e+1 1.6200e+2
      vertex 1.2891e+0 -6.0645e+0 1.7100e+2
      vertex 3.9340e+0 -1.4682e+1 1.6200e+2
    endloop
  endfacet
  facet normal -1.6510e-1 6.8769e-1 -7.0699e-1
    outer loop
      vertex 3.9340e+0 -1.4682e+1 1.6200e+2
      vertex 1.2891e+0 -6.0645e+0 1.7100e+2
      vertex 1.6047e+0 -5.9887e+0 1.7100e+2
    endloop
  endfacet
  facet normal 1.6510e-1 -6.8769e-1 7.0699e-1
    outer loop
      vertex 3.7840e+0 -1.7802e+1 1.6200e+2
      vertex 4.7105e+0 -1.7580e+1 1.6200e+2
      vertex 1.9128e+0 -8.9990e+0 1.7100e+2
    endloop
  endfacet
  facet normal 1.6510e-1 -6.8769e-1 7.0699e-1
    outer loop
      vertex 4.7105e+0 -1.7580e+1 1.6200e+2
      vertex 2.3811e+0 -8.8865e+0 1.7100e+2
      vertex 1.9128e+0 -8.9990e+0 1.7100e+2
    endloop
  endfacet
  facet normal -2.2550e-1 9.3926e-1 2.5874e-1
    outer loop
      vertex 1.2891e+0 -6.0645e+0 1.7100e+2
      vertex 2.0375e+0 -9.5858e+0 1.8444e+2
      vertex 1.6047e+0 -5.9887e+0 1.7100e+2
    endloop
  endfacet
  facet normal -2.2550e-1 9.3926e-1 2.5874e-1
    outer loop
      vertex 1.6047e+0 -5.9887e+0 1.7100e+2
      vertex 2.0375e+0 -9.5858e+0 1.8444e+2
      vertex 2.5364e+0 -9.4661e+0 1.8444e+2
    endloop
  endfacet
  facet normal 2.2550e-1 -9.3926e-1 -2.5874e-1
    outer loop
      vertex 1.9128e+0 -8.9990e+0 1.7100e+2
      vertex 2.3811e+0 -8.8865e+0 1.7100e+2
      vertex 2.6613e+0 -1.2520e+1 1.8444e+2
    endloop
  endfacet
  facet normal 2.2550e-1 -9.3926e-1 -2.5874e-1
    outer loop
      vertex 2.3811e+0 -8.8865e+0 1.7100e+2
      vertex 3.3129e+0 -1.2364e+1 1.8444e+2
      vertex 2.6613e+0 -1.2520e+1 1.8444e+2
    endloop
  endfacet
  facet normal 0.0000e+0 0.0000e+0 -1.0000e+0
    outer loop
      vertex 3.1603e+0 -1.4868e+1 0.0000e+0
      vertex 3.9340e+0 -1.4682e+1 0.0000e+0
      vertex 3.7840e+0 -1.7802e+1 0.0000e+0
    endloop
  endfacet
  facet normal 0.0000e+0 0.0000e+0 -1.0000e+0
    outer loop
      vertex 3.9340e+0 -1.4682e+1 0.0000e+0
      vertex 4.7105e+0 -1.7580e+1 0.0000e+0
      vertex 3.7840e+0 -1.7802e+1 0.0000e+0
    endloop
  endfacet
  facet normal 0.0000e+0 0.0000e+0 1.0000e+0
    outer loop
      vertex 2.0375e+0 -9.5858e+0 1.8444e+2
      vertex 2.6613e+0 -1.2520e+1 1.8444e+2
      vertex 2.5364e+0 -9.4661e+0 1.8444e+2
    endloop
  endfacet
  facet normal 0.0000e+0 0.0000e+0 1.0000e+0
    outer loop
      vertex 2.5364e+0 -9.4661e+0 1.8444e+2
      vertex 2.6613e+0 -1.2520e+1 1.8444e+2
      vertex 3.3129e+0 -1.2364e+1 1.8444e+2
    endloop
  endfacet
  facet normal -2.8402e-1 9.5882e-1 0.0000e+0
    outer loop
      vertex 3.9340e+0 -1.4682e+1 0.0000e+0
      vertex 3.9340e+0 -1.4682e+1 1.6200e+2
      vertex 4.6971e+0 -1.4456e+1 0.0000e+0
    endloop
  endfacet
  facet normal -2.8402e-1 9.5882e-1 0.0000e+0
    outer loop
      vertex 4.6971e+0 -1.4456e+1 0.0000e+0
      vertex 3.9340e+0 -1.4682e+1 1.6200e+2
      vertex 4.6971e+0 -1.4456e+1 1.6200e+2
    endloop
  endfacet
  facet normal 2.8402e-1 -9.5882e-1 0.0000e+0
    outer loop
      vertex 4.7105e+0 -1.7580e+1 0.0000e+0
      vertex 5.6241e+0 -1.7309e+1 0.0000e+0
      vertex 4.7105e+0 -1.7580e+1 1.6200e+2
    endloop
  endfacet
  facet normal 2.8402e-1 -9.5882e-1 0.0000e+0
    outer loop
      vertex 5.6241e+0 -1.7309e+1 0.0000e+0
      vertex 5.6241e+0 -1.7309e+1 1.6200e+2
      vertex 4.7105e+0 -1.7580e+1 1.6200e+2
    endloop
  endfacet
  facet normal -2.0086e-1 6.7810e-1 -7.0699e-1
    outer loop
      vertex 3.9340e+0 -1.4682e+1 1.6200e+2
      vertex 1.6047e+0 -5.9887e+0 1.7100e+2
      vertex 4.6971e+0 -1.4456e+1 1.6200e+2
    endloop
  endfacet
  facet normal -2.0086e-1 6.7810e-1 -7.0699e-1
    outer loop
      vertex 4.6971e+0 -1.4456e+1 1.6200e+2
      vertex 1.6047e+0 -5.9887e+0 1.7100e+2
      vertex 1.9159e+0 -5.8966e+0 1.7100e+2
    endloop
  endfacet
  facet normal 2.0086e-1 -6.7810e-1 7.0699e-1
    outer loop
      vertex 4.7105e+0 -1.7580e+1 1.6200e+2
      vertex 5.6241e+0 -1.7309e+1 1.6200e+2
      vertex 2.3811e+0 -8.8865e+0 1.7100e+2
    endloop
  endfacet
  facet normal 2.0086e-1 -6.7810e-1 7.0699e-1
    outer loop
      vertex 5.6241e+0 -1.7309e+1 1.6200e+2
      vertex 2.8430e+0 -8.7497e+0 1.7100e+2
      vertex 2.3811e+0 -8.8865e+0 1.7100e+2
    endloop
  endfacet
  facet normal -2.7434e-1 9.2617e-1 2.5874e-1
    outer loop
      vertex 1.6047e+0 -5.9887e+0 1.7100e+2
      vertex 2.5364e+0 -9.4661e+0 1.8444e+2
      vertex 1.9159e+0 -5.8966e+0 1.7100e+2
    endloop
  endfacet
  facet normal -2.7434e-1 9.2617e-1 2.5874e-1
    outer loop
      vertex 1.9159e+0 -5.8966e+0 1.7100e+2
      vertex 2.5364e+0 -9.4661e+0 1.8444e+2
      vertex 3.0284e+0 -9.3204e+0 1.8444e+2
    endloop
  endfacet
  facet normal 2.7434e-1 -9.2617e-1 -2.5874e-1
    outer loop
      vertex 2.3811e+0 -8.8865e+0 1.7100e+2
      vertex 2.8430e+0 -8.7497e+0 1.7100e+2
      vertex 3.3129e+0 -1.2364e+1 1.8444e+2
    endloop
  endfacet
  facet normal 2.7434e-1 -9.2617e-1 -2.5874e-1
    outer loop
      vertex 2.8430e+0 -8.7497e+0 1.7100e+2
      vertex 3.9554e+0 -1.2174e+1 1.8444e+2
      vertex 3.3129e+0 -1.2364e+1 1.8444e+2
    endloop
  endfacet
  facet normal 0.0000e+0 0.0000e+0 -1.0000e+0
    outer loop
      vertex 3.9340e+0 -1.4682e+1 0.0000e+0
      vertex 4.6971e+0 -1.4456e+1 0.0000e+0
      vertex 4.7105e+0 -1.7580e+1 0.0000e+0
    endloop
  endfacet
  facet normal 0.0000e+0 0.0000e+0 -1.0000e+0
    outer loop
      vertex 4.6971e+0 -1.4456e+1 0.0000e+0
      vertex 5.6241e+0 -1.7309e+1 0.0000e+0
      vertex 4.7105e+0 -1.7580e+1 0.0000e+0
    endloop
  endfacet
  facet normal 0.0000e+0 0.0000e+0 1.0000e+0
    outer loop
      vertex 2.5364e+0 -9.4661e+0 1.8444e+2
      vertex 3.3129e+0 -1.2364e+1 1.8444e+2
      vertex 3.0284e+0 -9.3204e+0 1.8444e+2
    endloop
  endfacet
  facet normal 0.0000e+0 0.0000e+0 1.0000e+0
    outer loop
      vertex 3.0284e+0 -9.3204e+0 1.8444e+2
      vertex 3.3129e+0 -1.2364e+1 1.8444e+2
      vertex 3.9554e+0 -1.2174e+1 1.8444e+2
    endloop
  endfacet
  facet normal -3.3381e-1 9.4264e-1 0.0000e+0
    outer loop
      vertex 4.6971e+0 -1.4456e+1 0.0000e+0
      vertex 4.6971e+0 -1.4456e+1 1.6200e+2
      vertex 5.4472e+0 -1.4190e+1 0.0000e+0
    endloop
  endfacet
  facet normal -3.3381e-1 9.4264e-1 0.0000e+0
    outer loop
      vertex 5.4472e+0 -1.4190e+1 0.0000e+0
      vertex 4.6971e+0 -1.4456e+1 1.6200e+2
      vertex 5.4472e+0 -1.4190e+1 1.6200e+2
    endloop
  endfacet
  facet normal 3.3381e-1 -9.4264e-1 0.0000e+0
    outer loop
      vertex 5.6241e+0 -1.7309e+1 0.0000e+0
      vertex 6.5223e+0 -1.6991e+1 0.0000e+0
      vertex 5.6241e+0 -1.7309e+1 1.6200e+2
    endloop
  endfacet
  facet normal 3.3381e-1 -9.4264e-1 0.0000e+0
    outer loop
      vertex 6.5223e+0 -1.6991e+1 0.0000e+0
      vertex 6.5223e+0 -1.6991e+1 1.6200e+2
      vertex 5.6241e+0 -1.7309e+1 1.6200e+2
    endloop
  endfacet
  facet normal -2.3608e-1 6.6666e-1 -7.0699e-1
    outer loop
      vertex 4.6971e+0 -1.4456e+1 1.6200e+2
      vertex 1.9159e+0 -5.8966e+0 1.7100e+2
      vertex 5.4472e+0 -1.4190e+1 1.6200e+2
    endloop
  endfacet
  facet normal -2.3608e-1 6.6666e-1 -7.0699e-1
    outer loop
      vertex 5.4472e+0 -1.4190e+1 1.6200e+2
      vertex 1.9159e+0 -5.8966e+0 1.7100e+2
      vertex 2.2219e+0 -5.7882e+0 1.7100e+2
    endloop
  endfacet
  facet normal 2.3608e-1 -6.6666e-1 7.0699e-1
    outer loop
      vertex 5.6241e+0 -1.7309e+1 1.6200e+2
      vertex 6.5223e+0 -1.6991e+1 1.6200e+2
      vertex 2.8430e+0 -8.7497e+0 1.7100e+2
    endloop
  endfacet
  facet normal 2.3608e-1 -6.6666e-1 7.0699e-1
    outer loop
      vertex 6.5223e+0 -1.6991e+1 1.6200e+2
      vertex 3.2970e+0 -8.5889e+0 1.7100e+2
      vertex 2.8430e+0 -8.7497e+0 1.7100e+2
    endloop
  endfacet
  facet normal -3.2244e-1 9.1054e-1 2.5874e-1
    outer loop
      vertex 1.9159e+0 -5.8966e+0 1.7100e+2
      vertex 3.0284e+0 -9.3204e+0 1.8444e+2
      vertex 2.2219e+0 -5.7882e+0 1.7100e+2
    endloop
  endfacet
  facet normal -3.2244e-1 9.1054e-1 2.5874e-1
    outer loop
      vertex 2.2219e+0 -5.7882e+0 1.7100e+2
      vertex 3.0284e+0 -9.3204e+0 1.8444e+2
      vertex 3.5120e+0 -9.1491e+0 1.8444e+2
    endloop
  endfacet
  facet normal 3.2244e-1 -9.1054e-1 -2.5874e-1
    outer loop
      vertex 2.8430e+0 -8.7497e+0 1.7100e+2
      vertex 3.2970e+0 -8.5889e+0 1.7100e+2
      vertex 3.9554e+0 -1.2174e+1 1.8444e+2
    endloop
  endfacet
  facet normal 3.2244e-1 -9.1054e-1 -2.5874e-1
    outer loop
      vertex 3.2970e+0 -8.5889e+0 1.7100e+2
      vertex 4.5871e+0 -1.1950e+1 1.8444e+2
      vertex 3.9554e+0 -1.2174e+1 1.8444e+2
    endloop
  endfacet
  facet normal 0.0000e+0 0.0000e+0 -1.0000e+0
    outer loop
      vertex 4.6971e+0 -1.4456e+1 0.0000e+0
      vertex 5.4472e+0 -1.4190e+1 0.0000e+0
      vertex 5.6241e+0 -1.7309e+1 0.0000e+0
    endloop
  endfacet
  facet normal 0.0000e+0 0.0000e+0 -1.0000e+0
    outer loop
      vertex 5.4472e+0 -1.4190e+1 0.0000e+0
      vertex 6.5223e+0 -1.6991e+1 0.0000e+0
      vertex 5.6241e+0 -1.7309e+1 0.0000e+0
    endloop
  endfacet
  facet normal 0.0000e+0 0.0000e+0 1.0000e+0
    outer loop
      vertex 3.0284e+0 -9.3204e+0 1.8444e+2
      vertex 3.9554e+0 -1.2174e+1 1.8444e+2
      vertex 3.5120e+0 -9.1491e+0 1.8444e+2
    endloop
  endfacet
  facet normal 0.0000e+0 0.0000e+0 1.0000e+0
    outer loop
      vertex 3.5120e+0 -9.1491e+0 1.8444e+2
      vertex 3.9554e+0 -1.2174e+1 1.8444e+2
      vertex 4.5871e+0 -1.1950e+1 1.8444e+2
    endloop
  endfacet
  facet normal -3.8268e-1 9.2388e-1 0.0000e+0
    outer loop
      vertex 5.4472e+0 -1.4190e+1 0.0000e+0
      vertex 5.4472e+0 -1.4190e+1 1.6200e+2
      vertex 6.1824e+0 -1.3886e+1 0.0000e+0
    endloop
  endfacet
  facet normal -3.8268e-1 9.2388e-1 0.0000e+0
    outer loop
      vertex 6.1824e+0 -1.3886e+1 0.0000e+0
      vertex 5.4472e+0 -1.4190e+1 1.6200e+2
      vertex 6.1824e+0 -1.3886e+1 1.6200e+2
    endloop
  endfacet
  facet normal 3.8268e-1 -9.2388e-1 0.0000e+0
    outer loop
      vertex 6.5223e+0 -1.6991e+1 0.0000e+0
      vertex 7.4026e+0 -1.6627e+1 0.0000e+0
      vertex 6.5223e+0 -1.6991e+1 1.6200e+2
    endloop
  endfacet
  facet normal 3.8268e-1 -9.2388e-1 0.0000e+0
    outer loop
      vertex 7.4026e+0 -1.6627e+1 0.0000e+0
      vertex 7.4026e+0 -1.6627e+1 1.6200e+2
      vertex 6.5223e+0 -1.6991e+1 1.6200e+2
    endloop
  endfacet
  facet normal -2.7064e-1 6.5339e-1 -7.0699e-1
    outer loop
      vertex 5.4472e+0 -1.4190e+1 1.6200e+2
      vertex 2.2219e+0 -5.7882e+0 1.7100e+2
      vertex 6.1824e+0 -1.3886e+1 1.6200e+2
    endloop
  endfacet
  facet normal -2.7064e-1 6.5339e-1 -7.0699e-1
    outer loop
      vertex 6.1824e+0 -1.3886e+1 1.6200e+2
      vertex 2.2219e+0 -5.7882e+0 1.7100e+2
      vertex 2.5218e+0 -5.6640e+0 1.7100e+2
    endloop
  endfacet
  facet normal 2.7064e-1 -6.5339e-1 7.0699e-1
    outer loop
      vertex 6.5223e+0 -1.6991e+1 1.6200e+2
      vertex 7.4026e+0 -1.6627e+1 1.6200e+2
      vertex 3.2970e+0 -8.5889e+0 1.7100e+2
    endloop
  endfacet
  facet normal 2.7064e-1 -6.5339e-1 7.0699e-1
    outer loop
      vertex 7.4026e+0 -1.6627e+1 1.6200e+2
      vertex 3.7420e+0 -8.4046e+0 1.7100e+2
      vertex 3.2970e+0 -8.5889e+0 1.7100e+2
    endloop
  endfacet
  facet normal -3.6965e-1 8.9242e-1 2.5874e-1
    outer loop
      vertex 2.2219e+0 -5.7882e+0 1.7100e+2
      vertex 3.5120e+0 -9.1491e+0 1.8444e+2
      vertex 2.5218e+0 -5.6640e+0 1.7100e+2
    endloop
  endfacet
  facet normal -3.6965e-1 8.9242e-1 2.5874e-1
    outer loop
      vertex 2.5218e+0 -5.6640e+0 1.7100e+2
      vertex 3.5120e+0 -9.1491e+0 1.8444e+2
      vertex 3.9860e+0 -8.9527e+0 1.8444e+2
    endloop
  endfacet
  facet normal 3.6965e-1 -8.9242e-1 -2.5874e-1
    outer loop
      vertex 3.2970e+0 -8.5889e+0 1.7100e+2
      vertex 3.7420e+0 -8.4046e+0 1.7100e+2
      vertex 4.5871e+0 -1.1950e+1 1.8444e+2
    endloop
  endfacet
  facet normal 3.6965e-1 -8.9242e-1 -2.5874e-1
    outer loop
      vertex 3.7420e+0 -8.4046e+0 1.7100e+2
      vertex 5.2062e+0 -1.1693e+1 1.8444e+2
      vertex 4.5871e+0 -1.1950e+1 1.8444e+2
    endloop
  endfacet
  facet normal 0.0000e+0 0.0000e+0 -1.0000e+0
    outer loop
      vertex 5.4472e+0 -1.4190e+1 0.0000e+0
      vertex 6.1824e+0 -1.3886e+1 0.0000e+0
      vertex 6.5223e+0 -1.6991e+1 0.0000e+0
    endloop
  endfacet
  facet normal 0.0000e+0 0.0000e+0 -1.0000e+0
    outer loop
      vertex 6.1824e+0 -1.3886e+1 0.0000e+0
      vertex 7.4026e+0 -1.6627e+1 0.0000e+0
      vertex 6.5223e+0 -1.6991e+1 0.0000e+0
    endloop
  endfacet
  facet normal 0.0000e+0 0.0000e+0 1.0000e+0
    outer loop
      vertex 3.5120e+0 -9.1491e+0 1.8444e+2
      vertex 4.5871e+0 -1.1950e+1 1.8444e+2
      vertex 3.9860e+0 -8.9527e+0 1.8444e+2
    endloop
  endfacet
  facet normal 0.0000e+0 0.0000e+0 1.0000e+0
    outer loop
      vertex 3.9860e+0 -8.9527e+0 1.8444e+2
      vertex 4.5871e+0 -1.1950e+1 1.8444e+2
      vertex 5.2062e+0 -1.1693e+1 1.8444e+2
    endloop
  endfacet
  facet normal -4.3051e-1 9.0259e-1 0.0000e+0
    outer loop
      vertex 6.1824e+0 -1.3886e+1 0.0000e+0
      vertex 6.1824e+0 -1.3886e+1 1.6200e+2
      vertex 6.9007e+0 -1.3543e+1 0.0000e+0
    endloop
  endfacet
  facet normal -4.3051e-1 9.0259e-1 0.0000e+0
    outer loop
      vertex 6.9007e+0 -1.3543e+1 0.0000e+0
      vertex 6.1824e+0 -1.3886e+1 1.6200e+2
      vertex 6.9007e+0 -1.3543e+1 1.6200e+2
    endloop
  endfacet
  facet normal 4.3051e-1 -9.0259e-1 0.0000e+0
    outer loop
      vertex 7.4026e+0 -1.6627e+1 0.0000e+0
      vertex 8.2626e+0 -1.6216e+1 0.0000e+0
      vertex 7.4026e+0 -1.6627e+1 1.6200e+2
    endloop
  endfacet
  facet normal 4.3051e-1 -9.0259e-1 0.0000e+0
    outer loop
      vertex 8.2626e+0 -1.6216e+1 0.0000e+0
      vertex 8.2626e+0 -1.6216e+1 1.6200e+2
      vertex 7.4026e+0 -1.6627e+1 1.6200e+2
    endloop
  endfacet
  facet normal -3.0447e-1 6.3833e-1 -7.0699e-1
    outer loop
      vertex 6.1824e+0 -1.3886e+1 1.6200e+2
      vertex 2.5218e+0 -5.6640e+0 1.7100e+2
      vertex 6.9007e+0 -1.3543e+1 1.6200e+2
    endloop
  endfacet
  facet normal -3.0447e-1 6.3833e-1 -7.0699e-1
    outer loop
      vertex 6.9007e+0 -1.3543e+1 1.6200e+2
      vertex 2.5218e+0 -5.6640e+0 1.7100e+2
      vertex 2.8147e+0 -5.5242e+0 1.7100e+2
    endloop
  endfacet
  facet normal 3.0447e-1 -6.3833e-1 7.0699e-1
    outer loop
      vertex 7.4026e+0 -1.6627e+1 1.6200e+2
      vertex 8.2626e+0 -1.6216e+1 1.6200e+2
      vertex 3.7420e+0 -8.4046e+0 1.7100e+2
    endloop
  endfacet
  facet normal 3.0447e-1 -6.3833e-1 7.0699e-1
    outer loop
      vertex 8.2626e+0 -1.6216e+1 1.6200e+2
      vertex 4.1767e+0 -8.1973e+0 1.7100e+2
      vertex 3.7420e+0 -8.4046e+0 1.7100e+2
    endloop
  endfacet
  facet normal -4.1585e-1 8.7185e-1 2.5874e-1
    outer loop
      vertex 2.5218e+0 -5.6640e+0 1.7100e+2
      vertex 3.9860e+0 -8.9527e+0 1.8444e+2
      vertex 2.8147e+0 -5.5242e+0 1.7100e+2
    endloop
  endfacet
  facet normal -4.1585e-1 8.7185e-1 2.5874e-1
    outer loop
      vertex 2.8147e+0 -5.5242e+0 1.7100e+2
      vertex 3.9860e+0 -8.9527e+0 1.8444e+2
      vertex 4.4491e+0 -8.7319e+0 1.8444e+2
    endloop
  endfacet
  facet normal 4.1585e-1 -8.7185e-1 -2.5874e-1
    outer loop
      vertex 3.7420e+0 -8.4046e+0 1.7100e+2
      vertex 4.1767e+0 -8.1973e+0 1.7100e+2
      vertex 5.2062e+0 -1.1693e+1 1.8444e+2
    endloop
  endfacet
  facet normal 4.1585e-1 -8.7185e-1 -2.5874e-1
    outer loop
      vertex 4.1767e+0 -8.1973e+0 1.7100e+2
      vertex 5.8111e+0 -1.1405e+1 1.8444e+2
      vertex 5.2062e+0 -1.1693e+1 1.8444e+2
    endloop
  endfacet
  facet normal 0.0000e+0 0.0000e+0 -1.0000e+0
    outer loop
      vertex 6.1824e+0 -1.3886e+1 0.0000e+0
      vertex 6.9007e+0 -1.3543e+1 0.0000e+0
      vertex 7.4026e+0 -1.6627e+1 0.0000e+0
    endloop
  endfacet
  facet normal 0.0000e+0 0.0000e+0 -1.0000e+0
    outer loop
      vertex 6.9007e+0 -1.3543e+1 0.0000e+0
      vertex 8.2626e+0 -1.6216e+1 0.0000e+0
      vertex 7.4026e+0 -1.6627e+1 0.0000e+0
    endloop
  endfacet
  facet normal 0.0000e+0 0.0000e+0 1.0000e+0
    outer loop
      vertex 3.9860e+0 -8.9527e+0 1.8444e+2
      vertex 5.2062e+0 -1.1693e+1 1.8444e+2
      vertex 4.4491e+0 -8.7319e+0 1.8444e+2
    endloop
  endfacet
  facet normal 0.0000e+0 0.0000e+0 1.0000e+0
    outer loop
      vertex 4.4491e+0 -8.7319e+0 1.8444e+2
      vertex 5.2062e+0 -1.1693e+1 1.8444e+2
      vertex 5.8111e+0 -1.1405e+1 1.8444e+2
    endloop
  endfacet
  facet normal -4.7716e-1 8.7882e-1 0.0000e+0
    outer loop
      vertex 6.9007e+0 -1.3543e+1 0.0000e+0
      vertex 6.9007e+0 -1.3543e+1 1.6200e+2
      vertex 7.6000e+0 -1.3164e+1 0.0000e+0
    endloop
  endfacet
  facet normal -4.7716e-1 8.7882e-1 0.0000e+0
    outer loop
      vertex 7.6000e+0 -1.3164e+1 0.0000e+0
      vertex 6.9007e+0 -1.3543e+1 1.6200e+2
      vertex 7.6000e+0 -1.3164e+1 1.6200e+2
    endloop
  endfacet
  facet normal 4.7716e-1 -8.7882e-1 0.0000e+0
    outer loop
      vertex 8.2626e+0 -1.6216e+1 0.0000e+0
      vertex 9.1000e+0 -1.5762e+1 0.0000e+0
      vertex 8.2626e+0 -1.6216e+1 1.6200e+2
    endloop
  endfacet
  facet normal 4.7716e-1 -8.7882e-1 0.0000e+0
    outer loop
      vertex 9.1000e+0 -1.5762e+1 0.0000e+0
      vertex 9.1000e+0 -1.5762e+1 1.6200e+2
      vertex 8.2626e+0 -1.6216e+1 1.6200e+2
    endloop
  endfacet
  facet normal -3.3746e-1 6.2152e-1 -7.0699e-1
    outer loop
      vertex 6.9007e+0 -1.3543e+1 1.6200e+2
      vertex 2.8147e+0 -5.5242e+0 1.7100e+2
      vertex 7.6000e+0 -1.3164e+1 1.6200e+2
    endloop
  endfacet
  facet normal -3.3746e-1 6.2152e-1 -7.0699e-1
    outer loop
      vertex 7.6000e+0 -1.3164e+1 1.6200e+2
      vertex 2.8147e+0 -5.5242e+0 1.7100e+2
      vertex 3.1000e+0 -5.3694e+0 1.7100e+2
    endloop
  endfacet
  facet normal 3.3746e-1 -6.2152e-1 7.0699e-1
    outer loop
      vertex 8.2626e+0 -1.6216e+1 1.6200e+2
      vertex 9.1000e+0 -1.5762e+1 1.6200e+2
      vertex 4.1767e+0 -8.1973e+0 1.7100e+2
    endloop
  endfacet
  facet normal 3.3746e-1 -6.2152e-1 7.0699e-1
    outer loop
      vertex 9.1000e+0 -1.5762e+1 1.6200e+2
      vertex 4.6000e+0 -7.9674e+0 1.7100e+2
      vertex 4.1767e+0 -8.1973e+0 1.7100e+2
    endloop
  endfacet
  facet normal -4.6091e-1 8.4889e-1 2.5874e-1
    outer loop
      vertex 2.8147e+0 -5.5242e+0 1.7100e+2
      vertex 4.4491e+0 -8.7319e+0 1.8444e+2
      vertex 3.1000e+0 -5.3694e+0 1.7100e+2
    endloop
  endfacet
  facet normal -4.6091e-1 8.4889e-1 2.5874e-1
    outer loop
      vertex 3.1000e+0 -5.3694e+0 1.7100e+2
      vertex 4.4491e+0 -8.7319e+0 1.8444e+2
      vertex 4.9000e+0 -8.4870e+0 1.8444e+2
    endloop
  endfacet
  facet normal 4.6091e-1 -8.4889e-1 -2.5874e-1
    outer loop
      vertex 4.1767e+0 -8.1973e+0 1.7100e+2
      vertex 4.6000e+0 -7.9674e+0 1.7100e+2
      vertex 5.8111e+0 -1.1405e+1 1.8444e+2
    endloop
  endfacet
  facet normal 4.6091e-1 -8.4889e-1 -2.5874e-1
    outer loop
      vertex 4.6000e+0 -7.9674e+0 1.7100e+2
      vertex 6.4000e+0 -1.1085e+1 1.8444e+2
      vertex 5.8111e+0 -1.1405e+1 1.8444e+2
    endloop
  endfacet
  facet normal 0.0000e+0 0.0000e+0 -1.0000e+0
    outer loop
      vertex 6.9007e+0 -1.3543e+1 0.0000e+0
      vertex 7.6000e+0 -1.3164e+1 0.0000e+0
      vertex 8.2626e+0 -1.6216e+1 0.0000e+0
    endloop
  endfacet
  facet normal 0.0000e+0 0.0000e+0 -1.0000e+0
    outer loop
      vertex 7.6000e+0 -1.3164e+1 0.0000e+0
      vertex 9.1000e+0 -1.5762e+1 0.0000e+0
      vertex 8.2626e+0 -1.6216e+1 0.0000e+0
    endloop
  endfacet
  facet normal 0.0000e+0 0.0000e+0 1.0000e+0
    outer loop
      vertex 4.4491e+0 -8.7319e+0 1.8444e+2
      vertex 5.8111e+0 -1.1405e+1 1.8444e+2
      vertex 4.9000e+0 -8.4870e+0 1.8444e+2
    endloop
  endfacet
  facet normal 0.0000e+0 0.0000e+0 1.0000e+0
    outer loop
      vertex 4.9000e+0 -8.4870e+0 1.8444e+2
      vertex 5.8111e+0 -1.1405e+1 1.8444e+2
      vertex 6.4000e+0 -1.1085e+1 1.8444e+2
    endloop
  endfacet
  facet normal -5.2250e-1 8.5264e-1 0.0000e+0
    outer loop
      vertex 7.6000e+0 -1.3164e+1 0.0000e+0
      vertex 7.6000e+0 -1.3164e+1 1.6200e+2
      vertex 8.2785e+0 -1.2748e+1 0.0000e+0
    endloop
  endfacet
  facet normal -5.2250e-1 8.5264e-1 0.0000e+0
    outer loop
      vertex 8.2785e+0 -1.2748e+1 0.0000e+0
      vertex 7.6000e+0 -1.3164e+1 1.6200e+2
      vertex 8.2785e+0 -1.2748e+1 1.6200e+2
    endloop
  endfacet
  facet normal 5.2250e-1 -8.5264e-1 0.0000e+0
    outer loop
      vertex 9.1000e+0 -1.5762e+1 0.0000e+0
      vertex 9.9124e+0 -1.5264e+1 0.0000e+0
      vertex 9.1000e+0 -1.5762e+1 1.6200e+2
    endloop
  endfacet
  facet normal 5.2250e-1 -8.5264e-1 0.0000e+0
    outer loop
      vertex 9.9124e+0 -1.5264e+1 0.0000e+0
      vertex 9.9124e+0 -1.5264e+1 1.6200e+2
      vertex 9.1000e+0 -1.5762e+1 1.6200e+2
    endloop
  endfacet
  facet normal -3.6953e-1 6.0301e-1 -7.0699e-1
    outer loop
      vertex 7.6000e+0 -1.3164e+1 1.6200e+2
      vertex 3.1000e+0 -5.3694e+0 1.7100e+2
      vertex 8.2785e+0 -1.2748e+1 1.6200e+2
    endloop
  endfacet
  facet normal -3.6953e-1 6.0301e-1 -7.0699e-1
    outer loop
      vertex 8.2785e+0 -1.2748e+1 1.6200e+2
      vertex 3.1000e+0 -5.3694e+0 1.7100e+2
      vertex 3.3768e+0 -5.1998e+0 1.7100e+2
    endloop
  endfacet
  facet normal 3.6953e-1 -6.0301e-1 7.0699e-1
    outer loop
      vertex 9.1000e+0 -1.5762e+1 1.6200e+2
      vertex 9.9124e+0 -1.5264e+1 1.6200e+2
      vertex 4.6000e+0 -7.9674e+0 1.7100e+2
    endloop
  endfacet
  facet normal 3.6953e-1 -6.0301e-1 7.0699e-1
    outer loop
      vertex 9.9124e+0 -1.5264e+1 1.6200e+2
      vertex 5.0107e+0 -7.7158e+0 1.7100e+2
      vertex 4.6000e+0 -7.9674e+0 1.7100e+2
    endloop
  endfacet
  facet normal -5.0471e-1 8.2361e-1 2.5874e-1
    outer loop
      vertex 3.1000e+0 -5.3694e+0 1.7100e+2
      vertex 4.9000e+0 -8.4870e+0 1.8444e+2
      vertex 3.3768e+0 -5.1998e+0 1.7100e+2
    endloop
  endfacet
  facet normal -5.0471e-1 8.2361e-1 2.5874e-1
    outer loop
      vertex 3.3768e+0 -5.1998e+0 1.7100e+2
      vertex 4.9000e+0 -8.4870e+0 1.8444e+2
      vertex 5.3375e+0 -8.2190e+0 1.8444e+2
    endloop
  endfacet
  facet normal 5.0471e-1 -8.2361e-1 -2.5874e-1
    outer loop
      vertex 4.6000e+0 -7.9674e+0 1.7100e+2
      vertex 5.0107e+0 -7.7158e+0 1.7100e+2
      vertex 6.4000e+0 -1.1085e+1 1.8444e+2
    endloop
  endfacet
  facet normal 5.0471e-1 -8.2361e-1 -2.5874e-1
    outer loop
      vertex 5.0107e+0 -7.7158e+0 1.7100e+2
      vertex 6.9714e+0 -1.0735e+1 1.8444e+2
      vertex 6.4000e+0 -1.1085e+1 1.8444e+2
    endloop
  endfacet
  facet normal 0.0000e+0 0.0000e+0 -1.0000e+0
    outer loop
      vertex 7.6000e+0 -1.3164e+1 0.0000e+0
      vertex 8.2785e+0 -1.2748e+1 0.0000e+0
      vertex 9.1000e+0 -1.5762e+1 0.0000e+0
    endloop
  endfacet
  facet normal 0.0000e+0 0.0000e+0 -1.0000e+0
    outer loop
      vertex 8.2785e+0 -1.2748e+1 0.0000e+0
      vertex 9.9124e+0 -1.5264e+1 0.0000e+0
      vertex 9.1000e+0 -1.5762e+1 0.0000e+0
    endloop
  endfacet
  facet normal 0.0000e+0 0.0000e+0 1.0000e+0
    outer loop
      vertex 4.9000e+0 -8.4870e+0 1.8444e+2
      vertex 6.4000e+0 -1.1085e+1 1.8444e+2
      vertex 5.3375e+0 -8.2190e+0 1.8444e+2
    endloop
  endfacet
  facet normal 0.0000e+0 0.0000e+0 1.0000e+0
    outer loop
      vertex 5.3375e+0 -8.2190e+0 1.8444e+2
      vertex 6.4000e+0 -1.1085e+1 1.8444e+2
      vertex 6.9714e+0 -1.0735e+1 1.8444e+2
    endloop
  endfacet
  facet normal -5.6641e-1 8.2413e-1 0.0000e+0
    outer loop
      vertex 8.2785e+0 -1.2748e+1 0.0000e+0
      vertex 8.2785e+0 -1.2748e+1 1.6200e+2
      vertex 8.9343e+0 -1.2297e+1 0.0000e+0
    endloop
  endfacet
  facet normal -5.6641e-1 8.2413e-1 0.0000e+0
    outer loop
      vertex 8.9343e+0 -1.2297e+1 0.0000e+0
      vertex 8.2785e+0 -1.2748e+1 1.6200e+2
      vertex 8.9343e+0 -1.2297e+1 1.6200e+2
    endloop
  endfacet
  facet normal 5.6641e-1 -8.2413e-1 0.0000e+0
    outer loop
      vertex 9.9124e+0 -1.5264e+1 0.0000e+0
      vertex 1.0698e+1 -1.4724e+1 0.0000e+0
      vertex 9.9124e+0 -1.5264e+1 1.6200e+2
    endloop
  endfacet
  facet normal 5.6641e-1 -8.2413e-1 0.0000e+0
    outer loop
      vertex 1.0698e+1 -1.4724e+1 0.0000e+0
      vertex 1.0698e+1 -1.4724e+1 1.6200e+2
      vertex 9.9124e+0 -1.5264e+1 1.6200e+2
    endloop
  endfacet
  facet normal -4.0058e-1 5.8285e-1 -7.0699e-1
    outer loop
      vertex 8.2785e+0 -1.2748e+1 1.6200e+2
      vertex 3.3768e+0 -5.1998e+0 1.7100e+2
      vertex 8.9343e+0 -1.2297e+1 1.6200e+2
    endloop
  endfacet
  facet normal -4.0058e-1 5.8285e-1 -7.0699e-1
    outer loop
      vertex 8.9343e+0 -1.2297e+1 1.6200e+2
      vertex 3.3768e+0 -5.1998e+0 1.7100e+2
      vertex 3.6443e+0 -5.0159e+0 1.7100e+2
    endloop
  endfacet
  facet normal 4.0058e-1 -5.8285e-1 7.0699e-1
    outer loop
      vertex 9.9124e+0 -1.5264e+1 1.6200e+2
      vertex 1.0698e+1 -1.4724e+1 1.6200e+2
      vertex 5.0107e+0 -7.7158e+0 1.7100e+2
    endloop
  endfacet
  facet normal 4.0058e-1 -5.8285e-1 7.0699e-1
    outer loop
      vertex 1.0698e+1 -1.4724e+1 1.6200e+2
      vertex 5.4076e+0 -7.4430e+0 1.7100e+2
      vertex 5.0107e+0 -7.7158e+0 1.7100e+2
    endloop
  endfacet
  facet normal -5.4712e-1 7.9606e-1 2.5874e-1
    outer loop
      vertex 3.3768e+0 -5.1998e+0 1.7100e+2
      vertex 5.3375e+0 -8.2190e+0 1.8444e+2
      vertex 3.6443e+0 -5.0159e+0 1.7100e+2
    endloop
  endfacet
  facet normal -5.4712e-1 7.9606e-1 2.5874e-1
    outer loop
      vertex 3.6443e+0 -5.0159e+0 1.7100e+2
      vertex 5.3375e+0 -8.2190e+0 1.8444e+2
      vertex 5.7603e+0 -7.9284e+0 1.8444e+2
    endloop
  endfacet
  facet normal 5.4712e-1 -7.9606e-1 -2.5874e-1
    outer loop
      vertex 5.0107e+0 -7.7158e+0 1.7100e+2
      vertex 5.4076e+0 -7.4430e+0 1.7100e+2
      vertex 6.9714e+0 -1.0735e+1 1.8444e+2
    endloop
  endfacet
  facet normal 5.4712e-1 -7.9606e-1 -2.5874e-1
    outer loop
      vertex 5.4076e+0 -7.4430e+0 1.7100e+2
      vertex 7.5237e+0 -1.0355e+1 1.8444e+2
      vertex 6.9714e+0 -1.0735e+1 1.8444e+2
    endloop
  endfacet
  facet normal 0.0000e+0 0.0000e+0 -1.0000e+0
    outer loop
      vertex 8.2785e+0 -1.2748e+1 0.0000e+0
      vertex 8.9343e+0 -1.2297e+1 0.0000e+0
      vertex 9.9124e+0 -1.5264e+1 0.0000e+0
    endloop
  endfacet
  facet normal 0.0000e+0 0.0000e+0 -1.0000e+0
    outer loop
      vertex 8.9343e+0 -1.2297e+1 0.0000e+0
      vertex 1.0698e+1 -1.4724e+1 0.0000e+0
      vertex 9.9124e+0 -1.5264e+1 0.0000e+0
    endloop
  endfacet
  facet normal 0.0000e+0 0.0000e+0 1.0000e+0
    outer loop
      vertex 5.3375e+0 -8.2190e+0 1.8444e+2
      vertex 6.9714e+0 -1.0735e+1 1.8444e+2
      vertex 5.7603e+0 -7.9284e+0 1.8444e+2
    endloop
  endfacet
  facet normal 0.0000e+0 0.0000e+0 1.0000e+0
    outer loop
      vertex 5.7603e+0 -7.9284e+0 1.8444e+2
      vertex 6.9714e+0 -1.0735e+1 1.8444e+2
      vertex 7.5237e+0 -1.0355e+1 1.8444e+2
    endloop
  endfacet
  facet normal -6.0876e-1 7.9335e-1 0.0000e+0
    outer loop
      vertex 8.9343e+0 -1.2297e+1 0.0000e+0
      vertex 8.9343e+0 -1.2297e+1 1.6200e+2
      vertex 9.5657e+0 -1.1813e+1 0.0000e+0
    endloop
  endfacet
  facet normal -6.0876e-1 7.9335e-1 0.0000e+0
    outer loop
      vertex 9.5657e+0 -1.1813e+1 0.0000e+0
      vertex 8.9343e+0 -1.2297e+1 1.6200e+2
      vertex 9.5657e+0 -1.1813e+1 1.6200e+2
    endloop
  endfacet
  facet normal 6.0876e-1 -7.9335e-1 0.0000e+0
    outer loop
      vertex 1.0698e+1 -1.4724e+1 0.0000e+0
      vertex 1.1454e+1 -1.4144e+1 0.0000e+0
      vertex 1.0698e+1 -1.4724e+1 1.6200e+2
    endloop
  endfacet
  facet normal 6.0876e-1 -7.9335e-1 0.0000e+0
    outer loop
      vertex 1.1454e+1 -1.4144e+1 0.0000e+0
      vertex 1.1454e+1 -1.4144e+1 1.6200e+2
      vertex 1.0698e+1 -1.4724e+1 1.6200e+2
    endloop
  endfacet
  facet normal -4.3053e-1 5.6108e-1 -7.0699e-1
    outer loop
      vertex 8.9343e+0 -1.2297e+1 1.6200e+2
      vertex 3.6443e+0 -5.0159e+0 1.7100e+2
      vertex 9.5657e+0 -1.1813e+1 1.6200e+2
    endloop
  endfacet
  facet normal -4.3053e-1 5.6108e-1 -7.0699e-1
    outer loop
      vertex 9.5657e+0 -1.1813e+1 1.6200e+2
      vertex 3.6443e+0 -5.0159e+0 1.7100e+2
      vertex 3.9018e+0 -4.8183e+0 1.7100e+2
    endloop
  endfacet
  facet normal 4.3053e-1 -5.6108e-1 7.0699e-1
    outer loop
      vertex 1.0698e+1 -1.4724e+1 1.6200e+2
      vertex 1.1454e+1 -1.4144e+1 1.6200e+2
      vertex 5.4076e+0 -7.4430e+0 1.7100e+2
    endloop
  endfacet
  facet normal 4.3053e-1 -5.6108e-1 7.0699e-1
    outer loop
      vertex 1.1454e+1 -1.4144e+1 1.6200e+2
      vertex 5.7897e+0 -7.1497e+0 1.7100e+2
      vertex 5.4076e+0 -7.4430e+0 1.7100e+2
    endloop
  endfacet
  facet normal -5.8803e-1 7.6634e-1 2.5874e-1
    outer loop
      vertex 3.6443e+0 -5.0159e+0 1.7100e+2
      vertex 5.7603e+0 -7.9284e+0 1.8444e+2
      vertex 3.9018e+0 -4.8183e+0 1.7100e+2
    endloop
  endfacet
  facet normal -5.8803e-1 7.6634e-1 2.5874e-1
    outer loop
      vertex 3.9018e+0 -4.8183e+0 1.7100e+2
      vertex 5.7603e+0 -7.9284e+0 1.8444e+2
      vertex 6.1673e+0 -7.6160e+0 1.8444e+2
    endloop
  endfacet
  facet normal 5.8803e-1 -7.6634e-1 -2.5874e-1
    outer loop
      vertex 5.4076e+0 -7.4430e+0 1.7100e+2
      vertex 5.7897e+0 -7.1497e+0 1.7100e+2
      vertex 7.5237e+0 -1.0355e+1 1.8444e+2
    endloop
  endfacet
  facet normal 5.8803e-1 -7.6634e-1 -2.5874e-1
    outer loop
      vertex 5.7897e+0 -7.1497e+0 1.7100e+2
      vertex 8.0553e+0 -9.9475e+0 1.8444e+2
      vertex 7.5237e+0 -1.0355e+1 1.8444e+2
    endloop
  endfacet
  facet normal 0.0000e+0 0.0000e+0 -1.0000e+0
    outer loop
      vertex 8.9343e+0 -1.2297e+1 0.0000e+0
      vertex 9.5657e+0 -1.1813e+1 0.0000e+0
      vertex 1.0698e+1 -1.4724e+1 0.0000e+0
    endloop
  endfacet
  facet normal 0.0000e+0 0.0000e+0 -1.0000e+0
    outer loop
      vertex 9.5657e+0 -1.1813e+1 0.0000e+0
      vertex 1.1454e+1 -1.4144e+1 0.0000e+0
      vertex 1.0698e+1 -1.4724e+1 0.0000e+0
    endloop
  endfacet
  facet normal 0.0000e+0 0.0000e+0 1.0000e+0
    outer loop
      vertex 5.7603e+0 -7.9284e+0 1.8444e+2
      vertex 7.5237e+0 -1.0355e+1 1.8444e+2
      vertex 6.1673e+0 -7.6160e+0 1.8444e+2
    endloop
  endfacet
  facet normal 0.0000e+0 0.0000e+0 1.0000e+0
    outer loop
      vertex 6.1673e+0 -7.6160e+0 1.8444e+2
      vertex 7.5237e+0 -1.0355e+1 1.8444e+2
      vertex 8.0553e+0 -9.9475e+0 1.8444e+2
    endloop
  endfacet
  facet normal -6.4945e-1 7.6041e-1 0.0000e+0
    outer loop
      vertex 9.5657e+0 -1.1813e+1 0.0000e+0
      vertex 9.5657e+0 -1.1813e+1 1.6200e+2
      vertex 1.0171e+1 -1.1296e+1 0.0000e+0
    endloop
  endfacet
  facet normal -6.4945e-1 7.6041e-1 0.0000e+0
    outer loop
      vertex 1.0171e+1 -1.1296e+1 0.0000e+0
      vertex 9.5657e+0 -1.1813e+1 1.6200e+2
      vertex 1.0171e+1 -1.1296e+1 1.6200e+2
    endloop
  endfacet
  facet normal 6.4945e-1 -7.6041e-1 0.0000e+0
    outer loop
      vertex 1.1454e+1 -1.4144e+1 0.0000e+0
      vertex 1.2178e+1 -1.3525e+1 0.0000e+0
      vertex 1.1454e+1 -1.4144e+1 1.6200e+2
    endloop
  endfacet
  facet normal 6.4945e-1 -7.6041e-1 0.0000e+0
    outer loop
      vertex 1.2178e+1 -1.3525e+1 0.0000e+0
      vertex 1.2178e+1 -1.3525e+1 1.6200e+2
      vertex 1.1454e+1 -1.4144e+1 1.6200e+2
    endloop
  endfacet
  facet normal -4.5931e-1 5.3778e-1 -7.0699e-1
    outer loop
      vertex 9.5657e+0 -1.1813e+1 1.6200e+2
      vertex 3.9018e+0 -4.8183e+0 1.7100e+2
      vertex 1.0171e+1 -1.1296e+1 1.6200e+2
    endloop
  endfacet
  facet normal -4.5931e-1 5.3778e-1 -7.0699e-1
    outer loop
      vertex 1.0171e+1 -1.1296e+1 1.6200e+2
      vertex 3.9018e+0 -4.8183e+0 1.7100e+2
      vertex 4.1486e+0 -4.6075e+0 1.7100e+2
    endloop
  endfacet
  facet normal 4.5931e-1 -5.3778e-1 7.0699e-1
    outer loop
      vertex 1.1454e+1 -1.4144e+1 1.6200e+2
      vertex 1.2178e+1 -1.3525e+1 1.6200e+2
      vertex 5.7897e+0 -7.1497e+0 1.7100e+2
    endloop
  endfacet
  facet normal 4.5931e-1 -5.3778e-1 7.0699e-1
    outer loop
      vertex 1.2178e+1 -1.3525e+1 1.6200e+2
      vertex 6.1560e+0 -6.8369e+0 1.7100e+2
      vertex 5.7897e+0 -7.1497e+0 1.7100e+2
    endloop
  endfacet
  facet normal -6.2733e-1 7.3451e-1 2.5874e-1
    outer loop
      vertex 3.9018e+0 -4.8183e+0 1.7100e+2
      vertex 6.1673e+0 -7.6160e+0 1.8444e+2
      vertex 4.1486e+0 -4.6075e+0 1.7100e+2
    endloop
  endfacet
  facet normal -6.2733e-1 7.3451e-1 2.5874e-1
    outer loop
      vertex 4.1486e+0 -4.6075e+0 1.7100e+2
      vertex 6.1673e+0 -7.6160e+0 1.8444e+2
      vertex 6.5575e+0 -7.2828e+0 1.8444e+2
    endloop
  endfacet
  facet normal 6.2733e-1 -7.3451e-1 -2.5874e-1
    outer loop
      vertex 5.7897e+0 -7.1497e+0 1.7100e+2
      vertex 6.1560e+0 -6.8369e+0 1.7100e+2
      vertex 8.0553e+0 -9.9475e+0 1.8444e+2
    endloop
  endfacet
  facet normal 6.2733e-1 -7.3451e-1 -2.5874e-1
    outer loop
      vertex 6.1560e+0 -6.8369e+0 1.7100e+2
      vertex 8.5649e+0 -9.5123e+0 1.8444e+2
      vertex 8.0553e+0 -9.9475e+0 1.8444e+2
    endloop
  endfacet
  facet normal 0.0000e+0 0.0000e+0 -1.0000e+0
    outer loop
      vertex 9.5657e+0 -1.1813e+1 0.0000e+0
      vertex 1.0171e+1 -1.1296e+1 0.0000e+0
      vertex 1.1454e+1 -1.4144e+1 0.0000e+0
    endloop
  endfacet
  facet normal 0.0000e+0 0.0000e+0 -1.0000e+0
    outer loop
      vertex 1.0171e+1 -1.1296e+1 0.0000e+0
      vertex 1.2178e+1 -1.3525e+1 0.0000e+0
      vertex 1.1454e+1 -1.4144e+1 0.0000e+0
    endloop
  endfacet
  facet normal 0.0000e+0 0.0000e+0 1.0000e+0
    outer loop
      vertex 6.1673e+0 -7.6160e+0 1.8444e+2
      vertex 8.0553e+0 -9.9475e+0 1.8444e+2
      vertex 6.5575e+0 -7.2828e+0 1.8444e+2
    endloop
  endfacet
  facet normal 0.0000e+0 0.0000e+0 1.0000e+0
    outer loop
      vertex 6.5575e+0 -7.2828e+0 1.8444e+2
      vertex 8.0553e+0 -9.9475e+0 1.8444e+2
      vertex 8.5649e+0 -9.5123e+0 1.8444e+2
    endloop
  endfacet
  facet normal -6.8835e-1 7.2537e-1 0.0000e+0
    outer loop
      vertex 1.0171e+1 -1.1296e+1 0.0000e+0
      vertex 1.0171e+1 -1.1296e+1 1.6200e+2
      vertex 1.0748e+1 -1.0748e+1 0.0000e+0
    endloop
  endfacet
  facet normal -6.8835e-1 7.2537e-1 0.0000e+0
    outer loop
      vertex 1.0748e+1 -1.0748e+1 0.0000e+0
      vertex 1.0171e+1 -1.1296e+1 1.6200e+2
      vertex 1.0748e+1 -1.0748e+1 1.6200e+2
    endloop
  endfacet
  facet normal 6.8835e-1 -7.2537e-1 0.0000e+0
    outer loop
      vertex 1.2178e+1 -1.3525e+1 0.0000e+0
      vertex 1.2869e+1 -1.2869e+1 0.0000e+0
      vertex 1.2178e+1 -1.3525e+1 1.6200e+2
    endloop
  endfacet
  facet normal 6.8835e-1 -7.2537e-1 0.0000e+0
    outer loop
      vertex 1.2869e+1 -1.2869e+1 0.0000e+0
      vertex 1.2869e+1 -1.2869e+1 1.6200e+2
      vertex 1.2178e+1 -1.3525e+1 1.6200e+2
    endloop
  endfacet
  facet normal -4.8682e-1 5.1301e-1 -7.0699e-1
    outer loop
      vertex 1.0171e+1 -1.1296e+1 1.6200e+2
      vertex 4.1486e+0 -4.6075e+0 1.7100e+2
      vertex 1.0748e+1 -1.0748e+1 1.6200e+2
    endloop
  endfacet
  facet normal -4.8682e-1 5.1301e-1 -7.0699e-1
    outer loop
      vertex 1.0748e+1 -1.0748e+1 1.6200e+2
      vertex 4.1486e+0 -4.6075e+0 1.7100e+2
      vertex 4.3841e+0 -4.3841e+0 1.7100e+2
    endloop
  endfacet
  facet normal 4.8682e-1 -5.1301e-1 7.0699e-1
    outer loop
      vertex 1.2178e+1 -1.3525e+1 1.6200e+2
      vertex 1.2869e+1 -1.2869e+1 1.6200e+2
      vertex 6.1560e+0 -6.8369e+0 1.7100e+2
    endloop
  endfacet
  facet normal 4.8682e-1 -5.1301e-1 7.0699e-1
    outer loop
      vertex 1.2869e+1 -1.2869e+1 1.6200e+2
      vertex 6.5054e+0 -6.5054e+0 1.7100e+2
      vertex 6.1560e+0 -6.8369e+0 1.7100e+2
    endloop
  endfacet
  facet normal -6.6491e-1 7.0067e-1 2.5874e-1
    outer loop
      vertex 4.1486e+0 -4.6075e+0 1.7100e+2
      vertex 6.5575e+0 -7.2828e+0 1.8444e+2
      vertex 4.3841e+0 -4.3841e+0 1.7100e+2
    endloop
  endfacet
  facet normal -6.6491e-1 7.0067e-1 2.5874e-1
    outer loop
      vertex 4.3841e+0 -4.3841e+0 1.7100e+2
      vertex 6.5575e+0 -7.2828e+0 1.8444e+2
      vertex 6.9296e+0 -6.9296e+0 1.8444e+2
    endloop
  endfacet
  facet normal 6.6491e-1 -7.0067e-1 -2.5874e-1
    outer loop
      vertex 6.1560e+0 -6.8369e+0 1.7100e+2
      vertex 6.5054e+0 -6.5054e+0 1.7100e+2
      vertex 8.5649e+0 -9.5123e+0 1.8444e+2
    endloop
  endfacet
  facet normal 6.6491e-1 -7.0067e-1 -2.5874e-1
    outer loop
      vertex 6.5054e+0 -6.5054e+0 1.7100e+2
      vertex 9.0510e+0 -9.0510e+0 1.8444e+2
      vertex 8.5649e+0 -9.5123e+0 1.8444e+2
    endloop
  endfacet
  facet normal 0.0000e+0 0.0000e+0 -1.0000e+0
    outer loop
      vertex 1.0171e+1 -1.1296e+1 0.0000e+0
      vertex 1.0748e+1 -1.0748e+1 0.0000e+0
      vertex 1.2178e+1 -1.3525e+1 0.0000e+0
    endloop
  endfacet
  facet normal 0.0000e+0 0.0000e+0 -1.0000e+0
    outer loop
      vertex 1.0748e+1 -1.0748e+1 0.0000e+0
      vertex 1.2869e+1 -1.2869e+1 0.0000e+0
      vertex 1.2178e+1 -1.3525e+1 0.0000e+0
    endloop
  endfacet
  facet normal 0.0000e+0 0.0000e+0 1.0000e+0
    outer loop
      vertex 6.5575e+0 -7.2828e+0 1.8444e+2
      vertex 8.5649e+0 -9.5123e+0 1.8444e+2
      vertex 6.9296e+0 -6.9296e+0 1.8444e+2
    endloop
  endfacet
  facet normal 0.0000e+0 0.0000e+0 1.0000e+0
    outer loop
      vertex 6.9296e+0 -6.9296e+0 1.8444e+2
      vertex 8.5649e+0 -9.5123e+0 1.8444e+2
      vertex 9.0510e+0 -9.0510e+0 1.8444e+2
    endloop
  endfacet
  facet normal -7.2537e-1 6.8835e-1 0.0000e+0
    outer loop
      vertex 1.0748e+1 -1.0748e+1 0.0000e+0
      vertex 1.0748e+1 -1.0748e+1 1.6200e+2
      vertex 1.1296e+1 -1.0171e+1 0.0000e+0
    endloop
  endfacet
  facet normal -7.2537e-1 6.8835e-1 0.0000e+0
    outer loop
      vertex 1.1296e+1 -1.0171e+1 0.0000e+0
      vertex 1.0748e+1 -1.0748e+1 1.6200e+2
      vertex 1.1296e+1 -1.0171e+1 1.6200e+2
    endloop
  endfacet
  facet normal 7.2537e-1 -6.8835e-1 0.0000e+0
    outer loop
      vertex 1.2869e+1 -1.2869e+1 0.0000e+0
      vertex 1.3525e+1 -1.2178e+1 0.0000e+0
      vertex 1.2869e+1 -1.2869e+1 1.6200e+2
    endloop
  endfacet
  facet normal 7.2537e-1 -6.8835e-1 0.0000e+0
    outer loop
      vertex 1.3525e+1 -1.2178e+1 0.0000e+0
      vertex 1.3525e+1 -1.2178e+1 1.6200e+2
      vertex 1.2869e+1 -1.2869e+1 1.6200e+2
    endloop
  endfacet
  facet normal -5.1301e-1 4.8682e-1 -7.0699e-1
    outer loop
      vertex 1.0748e+1 -1.0748e+1 1.6200e+2
      vertex 4.3841e+0 -4.3841e+0 1.7100e+2
      vertex 1.1296e+1 -1.0171e+1 1.6200e+2
    endloop
  endfacet
  facet normal -5.1301e-1 4.8682e-1 -7.0699e-1
    outer loop
      vertex 1.1296e+1 -1.0171e+1 1.6200e+2
      vertex 4.3841e+0 -4.3841e+0 1.7100e+2
      vertex 4.6075e+0 -4.1486e+0 1.7100e+2
    endloop
  endfacet
  facet normal 5.1301e-1 -4.8682e-1 7.0699e-1
    outer loop
      vertex 1.2869e+1 -1.2869e+1 1.6200e+2
      vertex 1.3525e+1 -1.2178e+1 1.6200e+2
      vertex 6.5054e+0 -6.5054e+0 1.7100e+2
    endloop
  endfacet
  facet normal 5.1301e-1 -4.8682e-1 7.0699e-1
    outer loop
      vertex 1.3525e+1 -1.2178e+1 1.6200e+2
      vertex 6.8369e+0 -6.1560e+0 1.7100e+2
      vertex 6.5054e+0 -6.5054e+0 1.7100e+2
    endloop
  endfacet
  facet normal -7.0067e-1 6.6491e-1 2.5874e-1
    outer loop
      vertex 4.3841e+0 -4.3841e+0 1.7100e+2
      vertex 6.9296e+0 -6.9296e+0 1.8444e+2
      vertex 4.6075e+0 -4.1486e+0 1.7100e+2
    endloop
  endfacet
  facet normal -7.0067e-1 6.6491e-1 2.5874e-1
    outer loop
      vertex 4.6075e+0 -4.1486e+0 1.7100e+2
      vertex 6.9296e+0 -6.9296e+0 1.8444e+2
      vertex 7.2828e+0 -6.5575e+0 1.8444e+2
    endloop
  endfacet
  facet normal 7.0067e-1 -6.6491e-1 -2.5874e-1
    outer loop
      vertex 6.5054e+0 -6.5054e+0 1.7100e+2
      vertex 6.8369e+0 -6.1560e+0 1.7100e+2
      vertex 9.0510e+0 -9.0510e+0 1.8444e+2
    endloop
  endfacet
  facet normal 7.0067e-1 -6.6491e-1 -2.5874e-1
    outer loop
      vertex 6.8369e+0 -6.1560e+0 1.7100e+2
      vertex 9.5123e+0 -8.5649e+0 1.8444e+2
      vertex 9.0510e+0 -9.0510e+0 1.8444e+2
    endloop
  endfacet
  facet normal 0.0000e+0 0.0000e+0 -1.0000e+0
    outer loop
      vertex 1.0748e+1 -1.0748e+1 0.0000e+0
      vertex 1.1296e+1 -1.0171e+1 0.0000e+0
      vertex 1.2869e+1 -1.2869e+1 0.0000e+0
    endloop
  endfacet
  facet normal 0.0000e+0 0.0000e+0 -1.0000e+0
    outer loop
      vertex 1.1296e+1 -1.0171e+1 0.0000e+0
      vertex 1.3525e+1 -1.2178e+1 0.0000e+0
      vertex 1.2869e+1 -1.2869e+1 0.0000e+0
    endloop
  endfacet
  facet normal 0.0000e+0 0.0000e+0 1.0000e+0
    outer loop
      vertex 6.9296e+0 -6.9296e+0 1.8444e+2
      vertex 9.0510e+0 -9.0510e+0 1.8444e+2
      vertex 7.2828e+0 -6.5575e+0 1.8444e+2
    endloop
  endfacet
  facet normal 0.0000e+0 0.0000e+0 1.0000e+0
    outer loop
      vertex 7.2828e+0 -6.5575e+0 1.8444e+2
      vertex 9.0510e+0 -9.0510e+0 1.8444e+2
      vertex 9.5123e+0 -8.5649e+0 1.8444e+2
    endloop
  endfacet
  facet normal -7.6041e-1 6.4945e-1 0.0000e+0
    outer loop
      vertex 1.1296e+1 -1.0171e+1 0.0000e+0
      vertex 1.1296e+1 -1.0171e+1 1.6200e+2
      vertex 1.1813e+1 -9.5657e+0 0.0000e+0
    endloop
  endfacet
  facet normal -7.6041e-1 6.4945e-1 0.0000e+0
    outer loop
      vertex 1.1813e+1 -9.5657e+0 0.0000e+0
      vertex 1.1296e+1 -1.0171e+1 1.6200e+2
      vertex 1.1813e+1 -9.5657e+0 1.6200e+2
    endloop
  endfacet
  facet normal 7.6041e-1 -6.4945e-1 0.0000e+0
    outer loop
      vertex 1.3525e+1 -1.2178e+1 0.0000e+0
      vertex 1.4144e+1 -1.1454e+1 0.0000e+0
      vertex 1.3525e+1 -1.2178e+1 1.6200e+2
    endloop
  endfacet
  facet normal 7.6041e-1 -6.4945e-1 0.0000e+0
    outer loop
      vertex 1.4144e+1 -1.1454e+1 0.0000e+0
      vertex 1.4144e+1 -1.1454e+1 1.6200e+2
      vertex 1.3525e+1 -1.2178e+1 1.6200e+2
    endloop
  endfacet
  facet normal -5.3778e-1 4.5931e-1 -7.0699e-1
    outer loop
      vertex 1.1296e+1 -1.0171e+1 1.6200e+2
      vertex 4.6075e+0 -4.1486e+0 1.7100e+2
      vertex 1.1813e+1 -9.5657e+0 1.6200e+2
    endloop
  endfacet
  facet normal -5.3778e-1 4.5931e-1 -7.0699e-1
    outer loop
      vertex 1.1813e+1 -9.5657e+0 1.6200e+2
      vertex 4.6075e+0 -4.1486e+0 1.7100e+2
      vertex 4.8183e+0 -3.9018e+0 1.7100e+2
    endloop
  endfacet
  facet normal 5.3778e-1 -4.5931e-1 7.0699e-1
    outer loop
      vertex 1.3525e+1 -1.2178e+1 1.6200e+2
      vertex 1.4144e+1 -1.1454e+1 1.6200e+2
      vertex 6.8369e+0 -6.1560e+0 1.7100e+2
    endloop
  endfacet
  facet normal 5.3778e-1 -4.5931e-1 7.0699e-1
    outer loop
      vertex 1.4144e+1 -1.1454e+1 1.6200e+2
      vertex 7.1497e+0 -5.7897e+0 1.7100e+2
      vertex 6.8369e+0 -6.1560e+0 1.7100e+2
    endloop
  endfacet
  facet normal -7.3451e-1 6.2733e-1 2.5874e-1
    outer loop
      vertex 4.6075e+0 -4.1486e+0 1.7100e+2
      vertex 7.2828e+0 -6.5575e+0 1.8444e+2
      vertex 4.8183e+0 -3.9018e+0 1.7100e+2
    endloop
  endfacet
  facet normal -7.3451e-1 6.2733e-1 2.5874e-1
    outer loop
      vertex 4.8183e+0 -3.9018e+0 1.7100e+2
      vertex 7.2828e+0 -6.5575e+0 1.8444e+2
      vertex 7.6160e+0 -6.1673e+0 1.8444e+2
    endloop
  endfacet
  facet normal 7.3451e-1 -6.2733e-1 -2.5874e-1
    outer loop
      vertex 6.8369e+0 -6.1560e+0 1.7100e+2
      vertex 7.1497e+0 -5.7897e+0 1.7100e+2
      vertex 9.5123e+0 -8.5649e+0 1.8444e+2
    endloop
  endfacet
  facet normal 7.3451e-1 -6.2733e-1 -2.5874e-1
    outer loop
      vertex 7.1497e+0 -5.7897e+0 1.7100e+2
      vertex 9.9475e+0 -8.0553e+0 1.8444e+2
      vertex 9.5123e+0 -8.5649e+0 1.8444e+2
    endloop
  endfacet
  facet normal 0.0000e+0 0.0000e+0 -1.0000e+0
    outer loop
      vertex 1.1296e+1 -1.0171e+1 0.0000e+0
      vertex 1.1813e+1 -9.5657e+0 0.0000e+0
      vertex 1.3525e+1 -1.2178e+1 0.0000e+0
    endloop
  endfacet
  facet normal 0.0000e+0 0.0000e+0 -1.0000e+0
    outer loop
      vertex 1.1813e+1 -9.5657e+0 0.0000e+0
      vertex 1.4144e+1 -1.1454e+1 0.0000e+0
      vertex 1.3525e+1 -1.2178e+1 0.0000e+0
    endloop
  endfacet
  facet normal 0.0000e+0 0.0000e+0 1.0000e+0
    outer loop
      vertex 7.2828e+0 -6.5575e+0 1.8444e+2
      vertex 9.5123e+0 -8.5649e+0 1.8444e+2
      vertex 7.6160e+0 -6.1673e+0 1.8444e+2
    endloop
  endfacet
  facet normal 0.0000e+0 0.0000e+0 1.0000e+0
    outer loop
      vertex 7.6160e+0 -6.1673e+0 1.8444e+2
      vertex 9.5123e+0 -8.5649e+0 1.8444e+2
      vertex 9.9475e+0 -8.0553e+0 1.8444e+2
    endloop
  endfacet
  facet normal -7.9335e-1 6.0876e-1 0.0000e+0
    outer loop
      vertex 1.1813e+1 -9.5657e+0 0.0000e+0
      vertex 1.1813e+1 -9.5657e+0 1.6200e+2
      vertex 1.2297e+1 -8.9343e+0 0.0000e+0
    endloop
  endfacet
  facet normal -7.9335e-1 6.0876e-1 0.0000e+0
    outer loop
      vertex 1.2297e+1 -8.9343e+0 0.0000e+0
      vertex 1.1813e+1 -9.5657e+0 1.6200e+2
      vertex 1.2297e+1 -8.9343e+0 1.6200e+2
    endloop
  endfacet
  facet normal 7.9335e-1 -6.0876e-1 0.0000e+0
    outer loop
      vertex 1.4144e+1 -1.1454e+1 0.0000e+0
      vertex 1.4724e+1 -1.0698e+1 0.0000e+0
      vertex 1.4144e+1 -1.1454e+1 1.6200e+2
    endloop
  endfacet
  facet normal 7.9335e-1 -6.0876e-1 0.0000e+0
    outer loop
      vertex 1.4724e+1 -1.0698e+1 0.0000e+0
      vertex 1.4724e+1 -1.0698e+1 1.6200e+2
      vertex 1.4144e+1 -1.1454e+1 1.6200e+2
    endloop
  endfacet
  facet normal -5.6108e-1 4.3053e-1 -7.0699e-1
    outer loop
      vertex 1.1813e+1 -9.5657e+0 1.6200e+2
      vertex 4.8183e+0 -3.9018e+0 1.7100e+2
      vertex 1.2297e+1 -8.9343e+0 1.6200e+2
    endloop
  endfacet
  facet normal -5.6108e-1 4.3053e-1 -7.0699e-1
    outer loop
      vertex 1.2297e+1 -8.9343e+0 1.6200e+2
      vertex 4.8183e+0 -3.9018e+0 1.7100e+2
      vertex 5.0159e+0 -3.6443e+0 1.7100e+2
    endloop
  endfacet
  facet normal 5.6108e-1 -4.3053e-1 7.0699e-1
    outer loop
      vertex 1.4144e+1 -1.1454e+1 1.6200e+2
      vertex 1.4724e+1 -1.0698e+1 1.6200e+2
      vertex 7.1497e+0 -5.7897e+0 1.7100e+2
    endloop
  endfacet
  facet normal 5.6108e-1 -4.3053e-1 7.0699e-1
    outer loop
      vertex 1.4724e+1 -1.0698e+1 1.6200e+2
      vertex 7.4430e+0 -5.4076e+0 1.7100e+2
      vertex 7.1497e+0 -5.7897e+0 1.7100e+2
    endloop
  endfacet
  facet normal -7.6634e-1 5.8803e-1 2.5874e-1
    outer loop
      vertex 4.8183e+0 -3.9018e+0 1.7100e+2
      vertex 7.6160e+0 -6.1673e+0 1.8444e+2
      vertex 5.0159e+0 -3.6443e+0 1.7100e+2
    endloop
  endfacet
  facet normal -7.6634e-1 5.8803e-1 2.5874e-1
    outer loop
      vertex 5.0159e+0 -3.6443e+0 1.7100e+2
      vertex 7.6160e+0 -6.1673e+0 1.8444e+2
      vertex 7.9284e+0 -5.7603e+0 1.8444e+2
    endloop
  endfacet
  facet normal 7.6634e-1 -5.8803e-1 -2.5874e-1
    outer loop
      vertex 7.1497e+0 -5.7897e+0 1.7100e+2
      vertex 7.4430e+0 -5.4076e+0 1.7100e+2
      vertex 9.9475e+0 -8.0553e+0 1.8444e+2
    endloop
  endfacet
  facet normal 7.6634e-1 -5.8803e-1 -2.5874e-1
    outer loop
      vertex 7.4430e+0 -5.4076e+0 1.7100e+2
      vertex 1.0355e+1 -7.5237e+0 1.8444e+2
      vertex 9.9475e+0 -8.0553e+0 1.8444e+2
    endloop
  endfacet
  facet normal 0.0000e+0 0.0000e+0 -1.0000e+0
    outer loop
      vertex 1.1813e+1 -9.5657e+0 0.0000e+0
      vertex 1.2297e+1 -8.9343e+0 0.0000e+0
      vertex 1.4144e+1 -1.1454e+1 0.0000e+0
    endloop
  endfacet
  facet normal 0.0000e+0 0.0000e+0 -1.0000e+0
    outer loop
      vertex 1.2297e+1 -8.9343e+0 0.0000e+0
      vertex 1.4724e+1 -1.0698e+1 0.0000e+0
      vertex 1.4144e+1 -1.1454e+1 0.0000e+0
    endloop
  endfacet
  facet normal 0.0000e+0 0.0000e+0 1.0000e+0
    outer loop
      vertex 7.6160e+0 -6.1673e+0 1.8444e+2
      vertex 9.9475e+0 -8.0553e+0 1.8444e+2
      vertex 7.9284e+0 -5.7603e+0 1.8444e+2
    endloop
  endfacet
  facet normal 0.0000e+0 0.0000e+0 1.0000e+0
    outer loop
      vertex 7.9284e+0 -5.7603e+0 1.8444e+2
      vertex 9.9475e+0 -8.0553e+0 1.8444e+2
      vertex 1.0355e+1 -7.5237e+0 1.8444e+2
    endloop
  endfacet
  facet normal -8.2413e-1 5.6641e-1 0.0000e+0
    outer loop
      vertex 1.2297e+1 -8.9343e+0 0.0000e+0
      vertex 1.2297e+1 -8.9343e+0 1.6200e+2
      vertex 1.2748e+1 -8.2785e+0 0.0000e+0
    endloop
  endfacet
  facet normal -8.2413e-1 5.6641e-1 0.0000e+0
    outer loop
      vertex 1.2748e+1 -8.2785e+0 0.0000e+0
      vertex 1.2297e+1 -8.9343e+0 1.6200e+2
      vertex 1.2748e+1 -8.2785e+0 1.6200e+2
    endloop
  endfacet
  facet normal 8.2413e-1 -5.6641e-1 0.0000e+0
    outer loop
      vertex 1.4724e+1 -1.0698e+1 0.0000e+0
      vertex 1.5264e+1 -9.9124e+0 0.0000e+0
      vertex 1.4724e+1 -1.0698e+1 1.6200e+2
    endloop
  endfacet
  facet normal 8.2413e-1 -5.6641e-1 0.0000e+0
    outer loop
      vertex 1.5264e+1 -9.9124e+0 0.0000e+0
      vertex 1.5264e+1 -9.9124e+0 1.6200e+2
      vertex 1.4724e+1 -1.0698e+1 1.6200e+2
    endloop
  endfacet
  facet normal -5.8285e-1 4.0058e-1 -7.0699e-1
    outer loop
      vertex 1.2297e+1 -8.9343e+0 1.6200e+2
      vertex 5.0159e+0 -3.6443e+0 1.7100e+2
      vertex 1.2748e+1 -8.2785e+0 1.6200e+2
    endloop
  endfacet
  facet normal -5.8285e-1 4.0058e-1 -7.0699e-1
    outer loop
      vertex 1.2748e+1 -8.2785e+0 1.6200e+2
      vertex 5.0159e+0 -3.6443e+0 1.7100e+2
      vertex 5.1998e+0 -3.3768e+0 1.7100e+2
    endloop
  endfacet
  facet normal 5.8285e-1 -4.0058e-1 7.0699e-1
    outer loop
      vertex 1.4724e+1 -1.0698e+1 1.6200e+2
      vertex 1.5264e+1 -9.9124e+0 1.6200e+2
      vertex 7.4430e+0 -5.4076e+0 1.7100e+2
    endloop
  endfacet
  facet normal 5.8285e-1 -4.0058e-1 7.0699e-1
    outer loop
      vertex 1.5264e+1 -9.9124e+0 1.6200e+2
      vertex 7.7158e+0 -5.0107e+0 1.7100e+2
      vertex 7.4430e+0 -5.4076e+0 1.7100e+2
    endloop
  endfacet
  facet normal -7.9606e-1 5.4712e-1 2.5874e-1
    outer loop
      vertex 5.0159e+0 -3.6443e+0 1.7100e+2
      vertex 7.9284e+0 -5.7603e+0 1.8444e+2
      vertex 5.1998e+0 -3.3768e+0 1.7100e+2
    endloop
  endfacet
  facet normal -7.9606e-1 5.4712e-1 2.5874e-1
    outer loop
      vertex 5.1998e+0 -3.3768e+0 1.7100e+2
      vertex 7.9284e+0 -5.7603e+0 1.8444e+2
      vertex 8.2190e+0 -5.3375e+0 1.8444e+2
    endloop
  endfacet
  facet normal 7.9606e-1 -5.4712e-1 -2.5874e-1
    outer loop
      vertex 7.4430e+0 -5.4076e+0 1.7100e+2
      vertex 7.7158e+0 -5.0107e+0 1.7100e+2
      vertex 1.0355e+1 -7.5237e+0 1.8444e+2
    endloop
  endfacet
  facet normal 7.9606e-1 -5.4712e-1 -2.5874e-1
    outer loop
      vertex 7.7158e+0 -5.0107e+0 1.7100e+2
      vertex 1.0735e+1 -6.9714e+0 1.8444e+2
      vertex 1.0355e+1 -7.5237e+0 1.8444e+2
    endloop
  endfacet
  facet normal 0.0000e+0 0.0000e+0 -1.0000e+0
    outer loop
      vertex 1.2297e+1 -8.9343e+0 0.0000e+0
      vertex 1.2748e+1 -8.2785e+0 0.0000e+0
      vertex 1.4724e+1 -1.0698e+1 0.0000e+0
    endloop
  endfacet
  facet normal 0.0000e+0 0.0000e+0 -1.0000e+0
    outer loop
      vertex 1.2748e+1 -8.2785e+0 0.0000e+0
      vertex 1.5264e+1 -9.9124e+0 0.0000e+0
      vertex 1.4724e+1 -1.0698e+1 0.0000e+0
    endloop
  endfacet
  facet normal 0.0000e+0 0.0000e+0 1.0000e+0
    outer loop
      vertex 7.9284e+0 -5.7603e+0 1.8444e+2
      vertex 1.0355e+1 -7.5237e+0 1.8444e+2
      vertex 8.2190e+0 -5.3375e+0 1.8444e+2
    endloop
  endfacet
  facet normal 0.0000e+0 0.0000e+0 1.0000e+0
    outer loop
      vertex 8.2190e+0 -5.3375e+0 1.8444e+2
      vertex 1.0355e+1 -7.5237e+0 1.8444e+2
      vertex 1.0735e+1 -6.9714e+0 1.8444e+2
    endloop
  endfacet
  facet normal -8.5264e-1 5.2250e-1 0.0000e+0
    outer loop
      vertex 1.2748e+1 -8.2785e+0 0.0000e+0
      vertex 1.2748e+1 -8.2785e+0 1.6200e+2
      vertex 1.3164e+1 -7.6000e+0 0.0000e+0
    endloop
  endfacet
  facet normal -8.5264e-1 5.2250e-1 0.0000e+0
    outer loop
      vertex 1.3164e+1 -7.6000e+0 0.0000e+0
      vertex 1.2748e+1 -8.2785e+0 1.6200e+2
      vertex 1.3164e+1 -7.6000e+0 1.6200e+2
    endloop
  endfacet
  facet normal 8.5264e-1 -5.2250e-1 0.0000e+0
    outer loop
      vertex 1.5264e+1 -9.9124e+0 0.0000e+0
      vertex 1.5762e+1 -9.1000e+0 0.0000e+0
      vertex 1.5264e+1 -9.9124e+0 1.6200e+2
    endloop
  endfacet
  facet normal 8.5264e-1 -5.2250e-1 0.0000e+0
    outer loop
      vertex 1.5762e+1 -9.1000e+0 0.0000e+0
      vertex 1.5762e+1 -9.1000e+0 1.6200e+2
      vertex 1.5264e+1 -9.9124e+0 1.6200e+2
    endloop
  endfacet
  facet normal -6.0301e-1 3.6953e-1 -7.0699e-1
    outer loop
      vertex 1.2748e+1 -8.2785e+0 1.6200e+2
      vertex 5.1998e+0 -3.3768e+0 1.7100e+2
      vertex 1.3164e+1 -7.6000e+0 1.6200e+2
    endloop
  endfacet
  facet normal -6.0301e-1 3.6953e-1 -7.0699e-1
    outer loop
      vertex 1.3164e+1 -7.6000e+0 1.6200e+2
      vertex 5.1998e+0 -3.3768e+0 1.7100e+2
      vertex 5.3694e+0 -3.1000e+0 1.7100e+2
    endloop
  endfacet
  facet normal 6.0301e-1 -3.6953e-1 7.0699e-1
    outer loop
      vertex 1.5264e+1 -9.9124e+0 1.6200e+2
      vertex 1.5762e+1 -9.1000e+0 1.6200e+2
      vertex 7.7158e+0 -5.0107e+0 1.7100e+2
    endloop
  endfacet
  facet normal 6.0301e-1 -3.6953e-1 7.0699e-1
    outer loop
      vertex 1.5762e+1 -9.1000e+0 1.6200e+2
      vertex 7.9674e+0 -4.6000e+0 1.7100e+2
      vertex 7.7158e+0 -5.0107e+0 1.7100e+2
    endloop
  endfacet
  facet normal -8.2361e-1 5.0471e-1 2.5874e-1
    outer loop
      vertex 5.1998e+0 -3.3768e+0 1.7100e+2
      vertex 8.2190e+0 -5.3375e+0 1.8444e+2
      vertex 5.3694e+0 -3.1000e+0 1.7100e+2
    endloop
  endfacet
  facet normal -8.2361e-1 5.0471e-1 2.5874e-1
    outer loop
      vertex 5.3694e+0 -3.1000e+0 1.7100e+2
      vertex 8.2190e+0 -5.3375e+0 1.8444e+2
      vertex 8.4870e+0 -4.9000e+0 1.8444e+2
    endloop
  endfacet
  facet normal 8.2361e-1 -5.0471e-1 -2.5874e-1
    outer loop
      vertex 7.7158e+0 -5.0107e+0 1.7100e+2
      vertex 7.9674e+0 -4.6000e+0 1.7100e+2
      vertex 1.0735e+1 -6.9714e+0 1.8444e+2
    endloop
  endfacet
  facet normal 8.2361e-1 -5.0471e-1 -2.5874e-1
    outer loop
      vertex 7.9674e+0 -4.6000e+0 1.7100e+2
      vertex 1.1085e+1 -6.4000e+0 1.8444e+2
      vertex 1.0735e+1 -6.9714e+0 1.8444e+2
    endloop
  endfacet
  facet normal 0.0000e+0 0.0000e+0 -1.0000e+0
    outer loop
      vertex 1.2748e+1 -8.2785e+0 0.0000e+0
      vertex 1.3164e+1 -7.6000e+0 0.0000e+0
      vertex 1.5264e+1 -9.9124e+0 0.0000e+0
    endloop
  endfacet
  facet normal 0.0000e+0 0.0000e+0 -1.0000e+0
    outer loop
      vertex 1.3164e+1 -7.6000e+0 0.0000e+0
      vertex 1.5762e+1 -9.1000e+0 0.0000e+0
      vertex 1.5264e+1 -9.9124e+0 0.0000e+0
    endloop
  endfacet
  facet normal 0.0000e+0 0.0000e+0 1.0000e+0
    outer loop
      vertex 8.2190e+0 -5.3375e+0 1.8444e+2
      vertex 1.0735e+1 -6.9714e+0 1.8444e+2
      vertex 8.4870e+0 -4.9000e+0 1.8444e+2
    endloop
  endfacet
  facet normal 0.0000e+0 0.0000e+0 1.0000e+0
    outer loop
      vertex 8.4870e+0 -4.9000e+0 1.8444e+2
      vertex 1.0735e+1 -6.9714e+0 1.8444e+2
      vertex 1.1085e+1 -6.4000e+0 1.8444e+2
    endloop
  endfacet
  facet normal -8.7882e-1 4.7716e-1 0.0000e+0
    outer loop
      vertex 1.3164e+1 -7.6000e+0 0.0000e+0
      vertex 1.3164e+1 -7.6000e+0 1.6200e+2
      vertex 1.3543e+1 -6.9007e+0 0.0000e+0
    endloop
  endfacet
  facet normal -8.7882e-1 4.7716e-1 0.0000e+0
    outer loop
      vertex 1.3543e+1 -6.9007e+0 0.0000e+0
      vertex 1.3164e+1 -7.6000e+0 1.6200e+2
      vertex 1.3543e+1 -6.9007e+0 1.6200e+2
    endloop
  endfacet
  facet normal 8.7882e-1 -4.7716e-1 0.0000e+0
    outer loop
      vertex 1.5762e+1 -9.1000e+0 0.0000e+0
      vertex 1.6216e+1 -8.2626e+0 0.0000e+0
      vertex 1.5762e+1 -9.1000e+0 1.6200e+2
    endloop
  endfacet
  facet normal 8.7882e-1 -4.7716e-1 0.0000e+0
    outer loop
      vertex 1.6216e+1 -8.2626e+0 0.0000e+0
      vertex 1.6216e+1 -8.2626e+0 1.6200e+2
      vertex 1.5762e+1 -9.1000e+0 1.6200e+2
    endloop
  endfacet
  facet normal -6.2152e-1 3.3746e-1 -7.0699e-1
    outer loop
      vertex 1.3164e+1 -7.6000e+0 1.6200e+2
      vertex 5.3694e+0 -3.1000e+0 1.7100e+2
      vertex 1.3543e+1 -6.9007e+0 1.6200e+2
    endloop
  endfacet
  facet normal -6.2152e-1 3.3746e-1 -7.0699e-1
    outer loop
      vertex 1.3543e+1 -6.9007e+0 1.6200e+2
      vertex 5.3694e+0 -3.1000e+0 1.7100e+2
      vertex 5.5242e+0 -2.8147e+0 1.7100e+2
    endloop
  endfacet
  facet normal 6.2152e-1 -3.3746e-1 7.0699e-1
    outer loop
      vertex 1.5762e+1 -9.1000e+0 1.6200e+2
      vertex 1.6216e+1 -8.2626e+0 1.6200e+2
      vertex 7.9674e+0 -4.6000e+0 1.7100e+2
    endloop
  endfacet
  facet normal 6.2152e-1 -3.3746e-1 7.0699e-1
    outer loop
      vertex 1.6216e+1 -8.2626e+0 1.6200e+2
      vertex 8.1973e+0 -4.1767e+0 1.7100e+2
      vertex 7.9674e+0 -4.6000e+0 1.7100e+2
    endloop
  endfacet
  facet normal -8.4889e-1 4.6091e-1 2.5874e-1
    outer loop
      vertex 5.3694e+0 -3.1000e+0 1.7100e+2
      vertex 8.4870e+0 -4.9000e+0 1.8444e+2
      vertex 5.5242e+0 -2.8147e+0 1.7100e+2
    endloop
  endfacet
  facet normal -8.4889e-1 4.6091e-1 2.5874e-1
    outer loop
      vertex 5.5242e+0 -2.8147e+0 1.7100e+2
      vertex 8.4870e+0 -4.9000e+0 1.8444e+2
      vertex 8.7319e+0 -4.4491e+0 1.8444e+2
    endloop
  endfacet
  facet normal 8.4889e-1 -4.6091e-1 -2.5874e-1
    outer loop
      vertex 7.9674e+0 -4.6000e+0 1.7100e+2
      vertex 8.1973e+0 -4.1767e+0 1.7100e+2
      vertex 1.1085e+1 -6.4000e+0 1.8444e+2
    endloop
  endfacet
  facet normal 8.4889e-1 -4.6091e-1 -2.5874e-1
    outer loop
      vertex 8.1973e+0 -4.1767e+0 1.7100e+2
      vertex 1.1405e+1 -5.8111e+0 1.8444e+2
      vertex 1.1085e+1 -6.4000e+0 1.8444e+2
    endloop
  endfacet
  facet normal 0.0000e+0 0.0000e+0 -1.0000e+0
    outer loop
      vertex 1.3164e+1 -7.6000e+0 0.0000e+0
      vertex 1.3543e+1 -6.9007e+0 0.0000e+0
      vertex 1.5762e+1 -9.1000e+0 0.0000e+0
    endloop
  endfacet
  facet normal 0.0000e+0 0.0000e+0 -1.0000e+0
    outer loop
      vertex 1.3543e+1 -6.9007e+0 0.0000e+0
      vertex 1.6216e+1 -8.2626e+0 0.0000e+0
      vertex 1.5762e+1 -9.1000e+0 0.0000e+0
    endloop
  endfacet
  facet normal 0.0000e+0 0.0000e+0 1.0000e+0
    outer loop
      vertex 8.4870e+0 -4.9000e+0 1.8444e+2
      vertex 1.1085e+1 -6.4000e+0 1.8444e+2
      vertex 8.7319e+0 -4.4491e+0 1.8444e+2
    endloop
  endfacet
  facet normal 0.0000e+0 0.0000e+0 1.0000e+0
    outer loop
      vertex 8.7319e+0 -4.4491e+0 1.8444e+2
      vertex 1.1085e+1 -6.4000e+0 1.8444e+2
      vertex 1.1405e+1 -5.8111e+0 1.8444e+2
    endloop
  endfacet
  facet normal -9.0259e-1 4.3051e-1 0.0000e+0
    outer loop
      vertex 1.3543e+1 -6.9007e+0 0.0000e+0
      vertex 1.3543e+1 -6.9007e+0 1.6200e+2
      vertex 1.3886e+1 -6.1824e+0 0.0000e+0
    endloop
  endfacet
  facet normal -9.0259e-1 4.3051e-1 0.0000e+0
    outer loop
      vertex 1.3886e+1 -6.1824e+0 0.0000e+0
      vertex 1.3543e+1 -6.9007e+0 1.6200e+2
      vertex 1.3886e+1 -6.1824e+0 1.6200e+2
    endloop
  endfacet
  facet normal 9.0259e-1 -4.3051e-1 0.0000e+0
    outer loop
      vertex 1.6216e+1 -8.2626e+0 0.0000e+0
      vertex 1.6627e+1 -7.4026e+0 0.0000e+0
      vertex 1.6216e+1 -8.2626e+0 1.6200e+2
    endloop
  endfacet
  facet normal 9.0259e-1 -4.3051e-1 0.0000e+0
    outer loop
      vertex 1.6627e+1 -7.4026e+0 0.0000e+0
      vertex 1.6627e+1 -7.4026e+0 1.6200e+2
      vertex 1.6216e+1 -8.2626e+0 1.6200e+2
    endloop
  endfacet
  facet normal -6.3833e-1 3.0447e-1 -7.0699e-1
    outer loop
      vertex 1.3543e+1 -6.9007e+0 1.6200e+2
      vertex 5.5242e+0 -2.8147e+0 1.7100e+2
      vertex 1.3886e+1 -6.1824e+0 1.6200e+2
    endloop
  endfacet
  facet normal -6.3833e-1 3.0447e-1 -7.0699e-1
    outer loop
      vertex 1.3886e+1 -6.1824e+0 1.6200e+2
      vertex 5.5242e+0 -2.8147e+0 1.7100e+2
      vertex 5.6640e+0 -2.5218e+0 1.7100e+2
    endloop
  endfacet
  facet normal 6.3833e-1 -3.0447e-1 7.0699e-1
    outer loop
      vertex 1.6216e+1 -8.2626e+0 1.6200e+2
      vertex 1.6627e+1 -7.4026e+0 1.6200e+2
      vertex 8.1973e+0 -4.1767e+0 1.7100e+2
    endloop
  endfacet
  facet normal 6.3833e-1 -3.0447e-1 7.0699e-1
    outer loop
      vertex 1.6627e+1 -7.4026e+0 1.6200e+2
      vertex 8.4046e+0 -3.7420e+0 1.7100e+2
      vertex 8.1973e+0 -4.1767e+0 1.7100e+2
    endloop
  endfacet
  facet normal -8.7185e-1 4.1585e-1 2.5874e-1
    outer loop
      vertex 5.5242e+0 -2.8147e+0 1.7100e+2
      vertex 8.7319e+0 -4.4491e+0 1.8444e+2
      vertex 5.6640e+0 -2.5218e+0 1.7100e+2
    endloop
  endfacet
  facet normal -8.7185e-1 4.1585e-1 2.5874e-1
    outer loop
      vertex 5.6640e+0 -2.5218e+0 1.7100e+2
      vertex 8.7319e+0 -4.4491e+0 1.8444e+2
      vertex 8.9527e+0 -3.9860e+0 1.8444e+2
    endloop
  endfacet
  facet normal 8.7185e-1 -4.1585e-1 -2.5874e-1
    outer loop
      vertex 8.1973e+0 -4.1767e+0 1.7100e+2
      vertex 8.4046e+0 -3.7420e+0 1.7100e+2
      vertex 1.1405e+1 -5.8111e+0 1.8444e+2
    endloop
  endfacet
  facet normal 8.7185e-1 -4.1585e-1 -2.5874e-1
    outer loop
      vertex 8.4046e+0 -3.7420e+0 1.7100e+2
      vertex 1.1693e+1 -5.2062e+0 1.8444e+2
      vertex 1.1405e+1 -5.8111e+0 1.8444e+2
    endloop
  endfacet
  facet normal 0.0000e+0 0.0000e+0 -1.0000e+0
    outer loop
      vertex 1.3543e+1 -6.9007e+0 0.0000e+0
      vertex 1.3886e+1 -6.1824e+0 0.0000e+0
      vertex 1.6216e+1 -8.2626e+0 0.0000e+0
    endloop
  endfacet
  facet normal 0.0000e+0 0.0000e+0 -1.0000e+0
    outer loop
      vertex 1.3886e+1 -6.1824e+0 0.0000e+0
      vertex 1.6627e+1 -7.4026e+0 0.0000e+0
      vertex 1.6216e+1 -8.2626e+0 0.0000e+0
    endloop
  endfacet
  facet normal 0.0000e+0 0.0000e+0 1.0000e+0
    outer loop
      vertex 8.7319e+0 -4.4491e+0 1.8444e+2
      vertex 1.1405e+1 -5.8111e+0 1.8444e+2
      vertex 8.9527e+0 -3.9860e+0 1.8444e+2
    endloop
  endfacet
  facet normal 0.0000e+0 0.0000e+0 1.0000e+0
    outer loop
      vertex 8.9527e+0 -3.9860e+0 1.8444e+2
      vertex 1.1405e+1 -5.8111e+0 1.8444e+2
      vertex 1.1693e+1 -5.2062e+0 1.8444e+2
    endloop
  endfacet
  facet normal -9.2388e-1 3.8268e-1 0.0000e+0
    outer loop
      vertex 1.3886e+1 -6.1824e+0 0.0000e+0
      vertex 1.3886e+1 -6.1824e+0 1.6200e+2
      vertex 1.4190e+1 -5.4472e+0 0.0000e+0
    endloop
  endfacet
  facet normal -9.2388e-1 3.8268e-1 0.0000e+0
    outer loop
      vertex 1.4190e+1 -5.4472e+0 0.0000e+0
      vertex 1.3886e+1 -6.1824e+0 1.6200e+2
      vertex 1.4190e+1 -5.4472e+0 1.6200e+2
    endloop
  endfacet
  facet normal 9.2388e-1 -3.8268e-1 0.0000e+0
    outer loop
      vertex 1.6627e+1 -7.4026e+0 0.0000e+0
      vertex 1.6991e+1 -6.5223e+0 0.0000e+0
      vertex 1.6627e+1 -7.4026e+0 1.6200e+2
    endloop
  endfacet
  facet normal 9.2388e-1 -3.8268e-1 0.0000e+0
    outer loop
      vertex 1.6991e+1 -6.5223e+0 0.0000e+0
      vertex 1.6991e+1 -6.5223e+0 1.6200e+2
      vertex 1.6627e+1 -7.4026e+0 1.6200e+2
    endloop
  endfacet
  facet normal -6.5339e-1 2.7064e-1 -7.0699e-1
    outer loop
      vertex 1.3886e+1 -6.1824e+0 1.6200e+2
      vertex 5.6640e+0 -2.5218e+0 1.7100e+2
      vertex 1.4190e+1 -5.4472e+0 1.6200e+2
    endloop
  endfacet
  facet normal -6.5339e-1 2.7064e-1 -7.0699e-1
    outer loop
      vertex 1.4190e+1 -5.4472e+0 1.6200e+2
      vertex 5.6640e+0 -2.5218e+0 1.7100e+2
      vertex 5.7882e+0 -2.2219e+0 1.7100e+2
    endloop
  endfacet
  facet normal 6.5339e-1 -2.7064e-1 7.0699e-1
    outer loop
      vertex 1.6627e+1 -7.4026e+0 1.6200e+2
      vertex 1.6991e+1 -6.5223e+0 1.6200e+2
      vertex 8.4046e+0 -3.7420e+0 1.7100e+2
    endloop
  endfacet
  facet normal 6.5339e-1 -2.7064e-1 7.0699e-1
    outer loop
      vertex 1.6991e+1 -6.5223e+0 1.6200e+2
      vertex 8.5889e+0 -3.2970e+0 1.7100e+2
      vertex 8.4046e+0 -3.7420e+0 1.7100e+2
    endloop
  endfacet
  facet normal -8.9242e-1 3.6965e-1 2.5874e-1
    outer loop
      vertex 5.6640e+0 -2.5218e+0 1.7100e+2
      vertex 8.9527e+0 -3.9860e+0 1.8444e+2
      vertex 5.7882e+0 -2.2219e+0 1.7100e+2
    endloop
  endfacet
  facet normal -8.9242e-1 3.6965e-1 2.5874e-1
    outer loop
      vertex 5.7882e+0 -2.2219e+0 1.7100e+2
      vertex 8.9527e+0 -3.9860e+0 1.8444e+2
      vertex 9.1491e+0 -3.5120e+0 1.8444e+2
    endloop
  endfacet
  facet normal 8.9242e-1 -3.6965e-1 -2.5874e-1
    outer loop
      vertex 8.4046e+0 -3.7420e+0 1.7100e+2
      vertex 8.5889e+0 -3.2970e+0 1.7100e+2
      vertex 1.1693e+1 -5.2062e+0 1.8444e+2
    endloop
  endfacet
  facet normal 8.9242e-1 -3.6965e-1 -2.5874e-1
    outer loop
      vertex 8.5889e+0 -3.2970e+0 1.7100e+2
      vertex 1.1950e+1 -4.5871e+0 1.8444e+2
      vertex 1.1693e+1 -5.2062e+0 1.8444e+2
    endloop
  endfacet
  facet normal 0.0000e+0 0.0000e+0 -1.0000e+0
    outer loop
      vertex 1.3886e+1 -6.1824e+0 0.0000e+0
      vertex 1.4190e+1 -5.4472e+0 0.0000e+0
      vertex 1.6627e+1 -7.4026e+0 0.0000e+0
    endloop
  endfacet
  facet normal 0.0000e+0 0.0000e+0 -1.0000e+0
    outer loop
      vertex 1.4190e+1 -5.4472e+0 0.0000e+0
      vertex 1.6991e+1 -6.5223e+0 0.0000e+0
      vertex 1.6627e+1 -7.4026e+0 0.0000e+0
    endloop
  endfacet
  facet normal 0.0000e+0 0.0000e+0 1.0000e+0
    outer loop
      vertex 8.9527e+0 -3.9860e+0 1.8444e+2
      vertex 1.1693e+1 -5.2062e+0 1.8444e+2
      vertex 9.1491e+0 -3.5120e+0 1.8444e+2
    endloop
  endfacet
  facet normal 0.0000e+0 0.0000e+0 1.0000e+0
    outer loop
      vertex 9.1491e+0 -3.5120e+0 1.8444e+2
      vertex 1.1693e+1 -5.2062e+0 1.8444e+2
      vertex 1.1950e+1 -4.5871e+0 1.8444e+2
    endloop
  endfacet
  facet normal -9.4264e-1 3.3381e-1 0.0000e+0
    outer loop
      vertex 1.4190e+1 -5.4472e+0 0.0000e+0
      vertex 1.4190e+1 -5.4472e+0 1.6200e+2
      vertex 1.4456e+1 -4.6971e+0 0.0000e+0
    endloop
  endfacet
  facet normal -9.4264e-1 3.3381e-1 0.0000e+0
    outer loop
      vertex 1.4456e+1 -4.6971e+0 0.0000e+0
      vertex 1.4190e+1 -5.4472e+0 1.6200e+2
      vertex 1.4456e+1 -4.6971e+0 1.6200e+2
    endloop
  endfacet
  facet normal 9.4264e-1 -3.3381e-1 0.0000e+0
    outer loop
      vertex 1.6991e+1 -6.5223e+0 0.0000e+0
      vertex 1.7309e+1 -5.6241e+0 0.0000e+0
      vertex 1.6991e+1 -6.5223e+0 1.6200e+2
    endloop
  endfacet
  facet normal 9.4264e-1 -3.3381e-1 0.0000e+0
    outer loop
      vertex 1.7309e+1 -5.6241e+0 0.0000e+0
      vertex 1.7309e+1 -5.6241e+0 1.6200e+2
      vertex 1.6991e+1 -6.5223e+0 1.6200e+2
    endloop
  endfacet
  facet normal -6.6666e-1 2.3608e-1 -7.0699e-1
    outer loop
      vertex 1.4190e+1 -5.4472e+0 1.6200e+2
      vertex 5.7882e+0 -2.2219e+0 1.7100e+2
      vertex 1.4456e+1 -4.6971e+0 1.6200e+2
    endloop
  endfacet
  facet normal -6.6666e-1 2.3608e-1 -7.0699e-1
    outer loop
      vertex 1.4456e+1 -4.6971e+0 1.6200e+2
      vertex 5.7882e+0 -2.2219e+0 1.7100e+2
      vertex 5.8966e+0 -1.9159e+0 1.7100e+2
    endloop
  endfacet
  facet normal 6.6666e-1 -2.3608e-1 7.0699e-1
    outer loop
      vertex 1.6991e+1 -6.5223e+0 1.6200e+2
      vertex 1.7309e+1 -5.6241e+0 1.6200e+2
      vertex 8.5889e+0 -3.2970e+0 1.7100e+2
    endloop
  endfacet
  facet normal 6.6666e-1 -2.3608e-1 7.0699e-1
    outer loop
      vertex 1.7309e+1 -5.6241e+0 1.6200e+2
      vertex 8.7497e+0 -2.8430e+0 1.7100e+2
      vertex 8.5889e+0 -3.2970e+0 1.7100e+2
    endloop
  endfacet
  facet normal -9.1054e-1 3.2244e-1 2.5874e-1
    outer loop
      vertex 5.7882e+0 -2.2219e+0 1.7100e+2
      vertex 9.1491e+0 -3.5120e+0 1.8444e+2
      vertex 5.8966e+0 -1.9159e+0 1.7100e+2
    endloop
  endfacet
  facet normal -9.1054e-1 3.2244e-1 2.5874e-1
    outer loop
      vertex 5.8966e+0 -1.9159e+0 1.7100e+2
      vertex 9.1491e+0 -3.5120e+0 1.8444e+2
      vertex 9.3204e+0 -3.0284e+0 1.8444e+2
    endloop
  endfacet
  facet normal 9.1054e-1 -3.2244e-1 -2.5874e-1
    outer loop
      vertex 8.5889e+0 -3.2970e+0 1.7100e+2
      vertex 8.7497e+0 -2.8430e+0 1.7100e+2
      vertex 1.1950e+1 -4.5871e+0 1.8444e+2
    endloop
  endfacet
  facet normal 9.1054e-1 -3.2244e-1 -2.5874e-1
    outer loop
      vertex 8.7497e+0 -2.8430e+0 1.7100e+2
      vertex 1.2174e+1 -3.9554e+0 1.8444e+2
      vertex 1.1950e+1 -4.5871e+0 1.8444e+2
    endloop
  endfacet
  facet normal 0.0000e+0 0.0000e+0 -1.0000e+0
    outer loop
      vertex 1.4190e+1 -5.4472e+0 0.0000e+0
      vertex 1.4456e+1 -4.6971e+0 0.0000e+0
      vertex 1.6991e+1 -6.5223e+0 0.0000e+0
    endloop
  endfacet
  facet normal 0.0000e+0 0.0000e+0 -1.0000e+0
    outer loop
      vertex 1.4456e+1 -4.6971e+0 0.0000e+0
      vertex 1.7309e+1 -5.6241e+0 0.0000e+0
      vertex 1.6991e+1 -6.5223e+0 0.0000e+0
    endloop
  endfacet
  facet normal 0.0000e+0 0.0000e+0 1.0000e+0
    outer loop
      vertex 9.1491e+0 -3.5120e+0 1.8444e+2
      vertex 1.1950e+1 -4.5871e+0 1.8444e+2
      vertex 9.3204e+0 -3.0284e+0 1.8444e+2
    endloop
  endfacet
  facet normal 0.0000e+0 0.0000e+0 1.0000e+0
    outer loop
      vertex 9.3204e+0 -3.0284e+0 1.8444e+2
      vertex 1.1950e+1 -4.5871e+0 1.8444e+2
      vertex 1.2174e+1 -3.9554e+0 1.8444e+2
    endloop
  endfacet
  facet normal -9.5882e-1 2.8402e-1 0.0000e+0
    outer loop
      vertex 1.4456e+1 -4.6971e+0 0.0000e+0
      vertex 1.4456e+1 -4.6971e+0 1.6200e+2
      vertex 1.4682e+1 -3.9340e+0 0.0000e+0
    endloop
  endfacet
  facet normal -9.5882e-1 2.8402e-1 0.0000e+0
    outer loop
      vertex 1.4682e+1 -3.9340e+0 0.0000e+0
      vertex 1.4456e+1 -4.6971e+0 1.6200e+2
      vertex 1.4682e+1 -3.9340e+0 1.6200e+2
    endloop
  endfacet
  facet normal 9.5882e-1 -2.8402e-1 0.0000e+0
    outer loop
      vertex 1.7309e+1 -5.6241e+0 0.0000e+0
      vertex 1.7580e+1 -4.7105e+0 0.0000e+0
      vertex 1.7309e+1 -5.6241e+0 1.6200e+2
    endloop
  endfacet
  facet normal 9.5882e-1 -2.8402e-1 0.0000e+0
    outer loop
      vertex 1.7580e+1 -4.7105e+0 0.0000e+0
      vertex 1.7580e+1 -4.7105e+0 1.6200e+2
      vertex 1.7309e+1 -5.6241e+0 1.6200e+2
    endloop
  endfacet
  facet normal -6.7810e-1 2.0086e-1 -7.0699e-1
    outer loop
      vertex 1.4456e+1 -4.6971e+0 1.6200e+2
      vertex 5.8966e+0 -1.9159e+0 1.7100e+2
      vertex 1.4682e+1 -3.9340e+0 1.6200e+2
    endloop
  endfacet
  facet normal -6.7810e-1 2.0086e-1 -7.0699e-1
    outer loop
      vertex 1.4682e+1 -3.9340e+0 1.6200e+2
      vertex 5.8966e+0 -1.9159e+0 1.7100e+2
      vertex 5.9887e+0 -1.6047e+0 1.7100e+2
    endloop
  endfacet
  facet normal 6.7810e-1 -2.0086e-1 7.0699e-1
    outer loop
      vertex 1.7309e+1 -5.6241e+0 1.6200e+2
      vertex 1.7580e+1 -4.7105e+0 1.6200e+2
      vertex 8.7497e+0 -2.8430e+0 1.7100e+2
    endloop
  endfacet
  facet normal 6.7810e-1 -2.0086e-1 7.0699e-1
    outer loop
      vertex 1.7580e+1 -4.7105e+0 1.6200e+2
      vertex 8.8865e+0 -2.3811e+0 1.7100e+2
      vertex 8.7497e+0 -2.8430e+0 1.7100e+2
    endloop
  endfacet
  facet normal -9.2617e-1 2.7434e-1 2.5874e-1
    outer loop
      vertex 5.8966e+0 -1.9159e+0 1.7100e+2
      vertex 9.3204e+0 -3.0284e+0 1.8444e+2
      vertex 5.9887e+0 -1.6047e+0 1.7100e+2
    endloop
  endfacet
  facet normal -9.2617e-1 2.7434e-1 2.5874e-1
    outer loop
      vertex 5.9887e+0 -1.6047e+0 1.7100e+2
      vertex 9.3204e+0 -3.0284e+0 1.8444e+2
      vertex 9.4661e+0 -2.5364e+0 1.8444e+2
    endloop
  endfacet
  facet normal 9.2617e-1 -2.7434e-1 -2.5874e-1
    outer loop
      vertex 8.7497e+0 -2.8430e+0 1.7100e+2
      vertex 8.8865e+0 -2.3811e+0 1.7100e+2
      vertex 1.2174e+1 -3.9554e+0 1.8444e+2
    endloop
  endfacet
  facet normal 9.2617e-1 -2.7434e-1 -2.5874e-1
    outer loop
      vertex 8.8865e+0 -2.3811e+0 1.7100e+2
      vertex 1.2364e+1 -3.3129e+0 1.8444e+2
      vertex 1.2174e+1 -3.9554e+0 1.8444e+2
    endloop
  endfacet
  facet normal 0.0000e+0 0.0000e+0 -1.0000e+0
    outer loop
      vertex 1.4456e+1 -4.6971e+0 0.0000e+0
      vertex 1.4682e+1 -3.9340e+0 0.0000e+0
      vertex 1.7309e+1 -5.6241e+0 0.0000e+0
    endloop
  endfacet
  facet normal 0.0000e+0 0.0000e+0 -1.0000e+0
    outer loop
      vertex 1.4682e+1 -3.9340e+0 0.0000e+0
      vertex 1.7580e+1 -4.7105e+0 0.0000e+0
      vertex 1.7309e+1 -5.6241e+0 0.0000e+0
    endloop
  endfacet
  facet normal 0.0000e+0 0.0000e+0 1.0000e+0
    outer loop
      vertex 9.3204e+0 -3.0284e+0 1.8444e+2
      vertex 1.2174e+1 -3.9554e+0 1.8444e+2
      vertex 9.4661e+0 -2.5364e+0 1.8444e+2
    endloop
  endfacet
  facet normal 0.0000e+0 0.0000e+0 1.0000e+0
    outer loop
      vertex 9.4661e+0 -2.5364e+0 1.8444e+2
      vertex 1.2174e+1 -3.9554e+0 1.8444e+2
      vertex 1.2364e+1 -3.3129e+0 1.8444e+2
    endloop
  endfacet
  facet normal -9.7237e-1 2.3345e-1 0.0000e+0
    outer loop
      vertex 1.4682e+1 -3.9340e+0 0.0000e+0
      vertex 1.4682e+1 -3.9340e+0 1.6200e+2
      vertex 1.4868e+1 -3.1603e+0 0.0000e+0
    endloop
  endfacet
  facet normal -9.7237e-1 2.3345e-1 0.0000e+0
    outer loop
      vertex 1.4868e+1 -3.1603e+0 0.0000e+0
      vertex 1.4682e+1 -3.9340e+0 1.6200e+2
      vertex 1.4868e+1 -3.1603e+0 1.6200e+2
    endloop
  endfacet
  facet normal 9.7237e-1 -2.3345e-1 0.0000e+0
    outer loop
      vertex 1.7580e+1 -4.7105e+0 0.0000e+0
      vertex 1.7802e+1 -3.7840e+0 0.0000e+0
      vertex 1.7580e+1 -4.7105e+0 1.6200e+2
    endloop
  endfacet
  facet normal 9.7237e-1 -2.3345e-1 0.0000e+0
    outer loop
      vertex 1.7802e+1 -3.7840e+0 0.0000e+0
      vertex 1.7802e+1 -3.7840e+0 1.6200e+2
      vertex 1.7580e+1 -4.7105e+0 1.6200e+2
    endloop
  endfacet
  facet normal -6.8769e-1 1.6510e-1 -7.0699e-1
    outer loop
      vertex 1.4682e+1 -3.9340e+0 1.6200e+2
      vertex 5.9887e+0 -1.6047e+0 1.7100e+2
      vertex 1.4868e+1 -3.1603e+0 1.6200e+2
    endloop
  endfacet
  facet normal -6.8769e-1 1.6510e-1 -7.0699e-1
    outer loop
      vertex 1.4868e+1 -3.1603e+0 1.6200e+2
      vertex 5.9887e+0 -1.6047e+0 1.7100e+2
      vertex 6.0645e+0 -1.2891e+0 1.7100e+2
    endloop
  endfacet
  facet normal 6.8769e-1 -1.6510e-1 7.0699e-1
    outer loop
      vertex 1.7580e+1 -4.7105e+0 1.6200e+2
      vertex 1.7802e+1 -3.7840e+0 1.6200e+2
      vertex 8.8865e+0 -2.3811e+0 1.7100e+2
    endloop
  endfacet
  facet normal 6.8769e-1 -1.6510e-1 7.0699e-1
    outer loop
      vertex 1.7802e+1 -3.7840e+0 1.6200e+2
      vertex 8.9990e+0 -1.9128e+0 1.7100e+2
      vertex 8.8865e+0 -2.3811e+0 1.7100e+2
    endloop
  endfacet
  facet normal -9.3926e-1 2.2550e-1 2.5874e-1
    outer loop
      vertex 5.9887e+0 -1.6047e+0 1.7100e+2
      vertex 9.4661e+0 -2.5364e+0 1.8444e+2
      vertex 6.0645e+0 -1.2891e+0 1.7100e+2
    endloop
  endfacet
  facet normal -9.3926e-1 2.2550e-1 2.5874e-1
    outer loop
      vertex 6.0645e+0 -1.2891e+0 1.7100e+2
      vertex 9.4661e+0 -2.5364e+0 1.8444e+2
      vertex 9.5858e+0 -2.0375e+0 1.8444e+2
    endloop
  endfacet
  facet normal 9.3926e-1 -2.2550e-1 -2.5874e-1
    outer loop
      vertex 8.8865e+0 -2.3811e+0 1.7100e+2
      vertex 8.9990e+0 -1.9128e+0 1.7100e+2
      vertex 1.2364e+1 -3.3129e+0 1.8444e+2
    endloop
  endfacet
  facet normal 9.3926e-1 -2.2550e-1 -2.5874e-1
    outer loop
      vertex 8.9990e+0 -1.9128e+0 1.7100e+2
      vertex 1.2520e+1 -2.6613e+0 1.8444e+2
      vertex 1.2364e+1 -3.3129e+0 1.8444e+2
    endloop
  endfacet
  facet normal 0.0000e+0 0.0000e+0 -1.0000e+0
    outer loop
      vertex 1.4682e+1 -3.9340e+0 0.0000e+0
      vertex 1.4868e+1 -3.1603e+0 0.0000e+0
      vertex 1.7580e+1 -4.7105e+0 0.0000e+0
    endloop
  endfacet
  facet normal 0.0000e+0 0.0000e+0 -1.0000e+0
    outer loop
      vertex 1.4868e+1 -3.1603e+0 0.0000e+0
      vertex 1.7802e+1 -3.7840e+0 0.0000e+0
      vertex 1.7580e+1 -4.7105e+0 0.0000e+0
    endloop
  endfacet
  facet normal 0.0000e+0 0.0000e+0 1.0000e+0
    outer loop
      vertex 9.4661e+0 -2.5364e+0 1.8444e+2
      vertex 1.2364e+1 -3.3129e+0 1.8444e+2
      vertex 9.5858e+0 -2.0375e+0 1.8444e+2
    endloop
  endfacet
  facet normal 0.0000e+0 0.0000e+0 1.0000e+0
    outer loop
      vertex 9.5858e+0 -2.0375e+0 1.8444e+2
      vertex 1.2364e+1 -3.3129e+0 1.8444e+2
      vertex 1.2520e+1 -2.6613e+0 1.8444e+2
    endloop
  endfacet
  facet normal -9.8325e-1 1.8224e-1 0.0000e+0
    outer loop
      vertex 1.4868e+1 -3.1603e+0 0.0000e+0
      vertex 1.4868e+1 -3.1603e+0 1.6200e+2
      vertex 1.5013e+1 -2.3778e+0 0.0000e+0
    endloop
  endfacet
  facet normal -9.8325e-1 1.8224e-1 0.0000e+0
    outer loop
      vertex 1.5013e+1 -2.3778e+0 0.0000e+0
      vertex 1.4868e+1 -3.1603e+0 1.6200e+2
      vertex 1.5013e+1 -2.3778e+0 1.6200e+2
    endloop
  endfacet
  facet normal 9.8325e-1 -1.8224e-1 0.0000e+0
    outer loop
      vertex 1.7802e+1 -3.7840e+0 0.0000e+0
      vertex 1.7976e+1 -2.8471e+0 0.0000e+0
      vertex 1.7802e+1 -3.7840e+0 1.6200e+2
    endloop
  endfacet
  facet normal 9.8325e-1 -1.8224e-1 0.0000e+0
    outer loop
      vertex 1.7976e+1 -2.8471e+0 0.0000e+0
      vertex 1.7976e+1 -2.8471e+0 1.6200e+2
      vertex 1.7802e+1 -3.7840e+0 1.6200e+2
    endloop
  endfacet
  facet normal -6.9539e-1 1.2888e-1 -7.0699e-1
    outer loop
      vertex 1.4868e+1 -3.1603e+0 1.6200e+2
      vertex 6.0645e+0 -1.2891e+0 1.7100e+2
      vertex 1.5013e+1 -2.3778e+0 1.6200e+2
    endloop
  endfacet
  facet normal -6.9539e-1 1.2888e-1 -7.0699e-1
    outer loop
      vertex 1.5013e+1 -2.3778e+0 1.6200e+2
      vertex 6.0645e+0 -1.2891e+0 1.7100e+2
      vertex 6.1237e+0 -9.6989e-1 1.7100e+2
    endloop
  endfacet
  facet normal 6.9539e-1 -1.2888e-1 7.0699e-1
    outer loop
      vertex 1.7802e+1 -3.7840e+0 1.6200e+2
      vertex 1.7976e+1 -2.8471e+0 1.6200e+2
      vertex 8.9990e+0 -1.9128e+0 1.7100e+2
    endloop
  endfacet
  facet normal 6.9539e-1 -1.2888e-1 7.0699e-1
    outer loop
      vertex 1.7976e+1 -2.8471e+0 1.6200e+2
      vertex 9.0867e+0 -1.4392e+0 1.7100e+2
      vertex 8.9990e+0 -1.9128e+0 1.7100e+2
    endloop
  endfacet
  facet normal -9.4977e-1 1.7603e-1 2.5874e-1
    outer loop
      vertex 6.0645e+0 -1.2891e+0 1.7100e+2
      vertex 9.5858e+0 -2.0375e+0 1.8444e+2
      vertex 6.1237e+0 -9.6989e-1 1.7100e+2
    endloop
  endfacet
  facet normal -9.4977e-1 1.7603e-1 2.5874e-1
    outer loop
      vertex 6.1237e+0 -9.6989e-1 1.7100e+2
      vertex 9.5858e+0 -2.0375e+0 1.8444e+2
      vertex 9.6793e+0 -1.5331e+0 1.8444e+2
    endloop
  endfacet
  facet normal 9.4977e-1 -1.7603e-1 -2.5874e-1
    outer loop
      vertex 8.9990e+0 -1.9128e+0 1.7100e+2
      vertex 9.0867e+0 -1.4392e+0 1.7100e+2
      vertex 1.2520e+1 -2.6613e+0 1.8444e+2
    endloop
  endfacet
  facet normal 9.4977e-1 -1.7603e-1 -2.5874e-1
    outer loop
      vertex 9.0867e+0 -1.4392e+0 1.7100e+2
      vertex 1.2642e+1 -2.0024e+0 1.8444e+2
      vertex 1.2520e+1 -2.6613e+0 1.8444e+2
    endloop
  endfacet
  facet normal 0.0000e+0 0.0000e+0 -1.0000e+0
    outer loop
      vertex 1.4868e+1 -3.1603e+0 0.0000e+0
      vertex 1.5013e+1 -2.3778e+0 0.0000e+0
      vertex 1.7802e+1 -3.7840e+0 0.0000e+0
    endloop
  endfacet
  facet normal 0.0000e+0 0.0000e+0 -1.0000e+0
    outer loop
      vertex 1.5013e+1 -2.3778e+0 0.0000e+0
      vertex 1.7976e+1 -2.8471e+0 0.0000e+0
      vertex 1.7802e+1 -3.7840e+0 0.0000e+0
    endloop
  endfacet
  facet normal 0.0000e+0 0.0000e+0 1.0000e+0
    outer loop
      vertex 9.5858e+0 -2.0375e+0 1.8444e+2
      vertex 1.2520e+1 -2.6613e+0 1.8444e+2
      vertex 9.6793e+0 -1.5331e+0 1.8444e+2
    endloop
  endfacet
  facet normal 0.0000e+0 0.0000e+0 1.0000e+0
    outer loop
      vertex 9.6793e+0 -1.5331e+0 1.8444e+2
      vertex 1.2520e+1 -2.6613e+0 1.8444e+2
      vertex 1.2642e+1 -2.0024e+0 1.8444e+2
    endloop
  endfacet
  facet normal -9.9144e-1 1.3053e-1 0.0000e+0
    outer loop
      vertex 1.5013e+1 -2.3778e+0 0.0000e+0
      vertex 1.5013e+1 -2.3778e+0 1.6200e+2
      vertex 1.5117e+1 -1.5888e+0 0.0000e+0
    endloop
  endfacet
  facet normal -9.9144e-1 1.3053e-1 0.0000e+0
    outer loop
      vertex 1.5117e+1 -1.5888e+0 0.0000e+0
      vertex 1.5013e+1 -2.3778e+0 1.6200e+2
      vertex 1.5117e+1 -1.5888e+0 1.6200e+2
    endloop
  endfacet
  facet normal 9.9144e-1 -1.3053e-1 0.0000e+0
    outer loop
      vertex 1.7976e+1 -2.8471e+0 0.0000e+0
      vertex 1.8100e+1 -1.9024e+0 0.0000e+0
      vertex 1.7976e+1 -2.8471e+0 1.6200e+2
    endloop
  endfacet
  facet normal 9.9144e-1 -1.3053e-1 0.0000e+0
    outer loop
      vertex 1.8100e+1 -1.9024e+0 0.0000e+0
      vertex 1.8100e+1 -1.9024e+0 1.6200e+2
      vertex 1.7976e+1 -2.8471e+0 1.6200e+2
    endloop
  endfacet
  facet normal -7.0118e-1 9.2312e-2 -7.0699e-1
    outer loop
      vertex 1.5013e+1 -2.3778e+0 1.6200e+2
      vertex 6.1237e+0 -9.6989e-1 1.7100e+2
      vertex 1.5117e+1 -1.5888e+0 1.6200e+2
    endloop
  endfacet
  facet normal -7.0118e-1 9.2312e-2 -7.0699e-1
    outer loop
      vertex 1.5117e+1 -1.5888e+0 1.6200e+2
      vertex 6.1237e+0 -9.6989e-1 1.7100e+2
      vertex 6.1660e+0 -6.4808e-1 1.7100e+2
    endloop
  endfacet
  facet normal 7.0118e-1 -9.2312e-2 7.0699e-1
    outer loop
      vertex 1.7976e+1 -2.8471e+0 1.6200e+2
      vertex 1.8100e+1 -1.9024e+0 1.6200e+2
      vertex 9.0867e+0 -1.4392e+0 1.7100e+2
    endloop
  endfacet
  facet normal 7.0118e-1 -9.2312e-2 7.0699e-1
    outer loop
      vertex 1.8100e+1 -1.9024e+0 1.6200e+2
      vertex 9.1496e+0 -9.6166e-1 1.7100e+2
      vertex 9.0867e+0 -1.4392e+0 1.7100e+2
    endloop
  endfacet
  facet normal -9.5768e-1 1.2608e-1 2.5874e-1
    outer loop
      vertex 6.1237e+0 -9.6989e-1 1.7100e+2
      vertex 9.6793e+0 -1.5331e+0 1.8444e+2
      vertex 6.1660e+0 -6.4808e-1 1.7100e+2
    endloop
  endfacet
  facet normal -9.5768e-1 1.2608e-1 2.5874e-1
    outer loop
      vertex 6.1660e+0 -6.4808e-1 1.7100e+2
      vertex 9.6793e+0 -1.5331e+0 1.8444e+2
      vertex 9.7463e+0 -1.0244e+0 1.8444e+2
    endloop
  endfacet
  facet normal 9.5768e-1 -1.2608e-1 -2.5874e-1
    outer loop
      vertex 9.0867e+0 -1.4392e+0 1.7100e+2
      vertex 9.1496e+0 -9.6166e-1 1.7100e+2
      vertex 1.2642e+1 -2.0024e+0 1.8444e+2
    endloop
  endfacet
  facet normal 9.5768e-1 -1.2608e-1 -2.5874e-1
    outer loop
      vertex 9.1496e+0 -9.6166e-1 1.7100e+2
      vertex 1.2730e+1 -1.3380e+0 1.8444e+2
      vertex 1.2642e+1 -2.0024e+0 1.8444e+2
    endloop
  endfacet
  facet normal 0.0000e+0 0.0000e+0 -1.0000e+0
    outer loop
      vertex 1.5013e+1 -2.3778e+0 0.0000e+0
      vertex 1.5117e+1 -1.5888e+0 0.0000e+0
      vertex 1.7976e+1 -2.8471e+0 0.0000e+0
    endloop
  endfacet
  facet normal 0.0000e+0 0.0000e+0 -1.0000e+0
    outer loop
      vertex 1.5117e+1 -1.5888e+0 0.0000e+0
      vertex 1.8100e+1 -1.9024e+0 0.0000e+0
      vertex 1.7976e+1 -2.8471e+0 0.0000e+0
    endloop
  endfacet
  facet normal 0.0000e+0 0.0000e+0 1.0000e+0
    outer loop
      vertex 9.6793e+0 -1.5331e+0 1.8444e+2
      vertex 1.2642e+1 -2.0024e+0 1.8444e+2
      vertex 9.7463e+0 -1.0244e+0 1.8444e+2
    endloop
  endfacet
  facet normal 0.0000e+0 0.0000e+0 1.0000e+0
    outer loop
      vertex 9.7463e+0 -1.0244e+0 1.8444e+2
      vertex 1.2642e+1 -2.0024e+0 1.8444e+2
      vertex 1.2730e+1 -1.3380e+0 1.8444e+2
    endloop
  endfacet
  facet normal -9.9692e-1 7.8459e-2 0.0000e+0
    outer loop
      vertex 1.5117e+1 -1.5888e+0 0.0000e+0
      vertex 1.5117e+1 -1.5888e+0 1.6200e+2
      vertex 1.5179e+1 -7.9551e-1 0.0000e+0
    endloop
  endfacet
  facet normal -9.9692e-1 7.8459e-2 0.0000e+0
    outer loop
      vertex 1.5179e+1 -7.9551e-1 0.0000e+0
      vertex 1.5117e+1 -1.5888e+0 1.6200e+2
      vertex 1.5179e+1 -7.9551e-1 1.6200e+2
    endloop
  endfacet
  facet normal 9.9692e-1 -7.8459e-2 0.0000e+0
    outer loop
      vertex 1.8100e+1 -1.9024e+0 0.0000e+0
      vertex 1.8175e+1 -9.5251e-1 0.0000e+0
      vertex 1.8100e+1 -1.9024e+0 1.6200e+2
    endloop
  endfacet
  facet normal 9.9692e-1 -7.8459e-2 0.0000e+0
    outer loop
      vertex 1.8175e+1 -9.5251e-1 0.0000e+0
      vertex 1.8175e+1 -9.5251e-1 1.6200e+2
      vertex 1.8100e+1 -1.9024e+0 1.6200e+2
    endloop
  endfacet
  facet normal -7.0505e-1 5.5488e-2 -7.0699e-1
    outer loop
      vertex 1.5117e+1 -1.5888e+0 1.6200e+2
      vertex 6.1660e+0 -6.4808e-1 1.7100e+2
      vertex 1.5179e+1 -7.9551e-1 1.6200e+2
    endloop
  endfacet
  facet normal -7.0505e-1 5.5488e-2 -7.0699e-1
    outer loop
      vertex 1.5179e+1 -7.9551e-1 1.6200e+2
      vertex 6.1660e+0 -6.4808e-1 1.7100e+2
      vertex 6.1915e+0 -3.2448e-1 1.7100e+2
    endloop
  endfacet
  facet normal 7.0505e-1 -5.5488e-2 7.0699e-1
    outer loop
      vertex 1.8100e+1 -1.9024e+0 1.6200e+2
      vertex 1.8175e+1 -9.5251e-1 1.6200e+2
      vertex 9.1496e+0 -9.6166e-1 1.7100e+2
    endloop
  endfacet
  facet normal 7.0505e-1 -5.5488e-2 7.0699e-1
    outer loop
      vertex 1.8175e+1 -9.5251e-1 1.6200e+2
      vertex 9.1874e+0 -4.8149e-1 1.7100e+2
      vertex 9.1496e+0 -9.6166e-1 1.7100e+2
    endloop
  endfacet
  facet normal -9.6297e-1 7.5787e-2 2.5874e-1
    outer loop
      vertex 6.1660e+0 -6.4808e-1 1.7100e+2
      vertex 9.7463e+0 -1.0244e+0 1.8444e+2
      vertex 6.1915e+0 -3.2448e-1 1.7100e+2
    endloop
  endfacet
  facet normal -9.6297e-1 7.5787e-2 2.5874e-1
    outer loop
      vertex 6.1915e+0 -3.2448e-1 1.7100e+2
      vertex 9.7463e+0 -1.0244e+0 1.8444e+2
      vertex 9.7866e+0 -5.1289e-1 1.8444e+2
    endloop
  endfacet
  facet normal 9.6297e-1 -7.5787e-2 -2.5874e-1
    outer loop
      vertex 9.1496e+0 -9.6166e-1 1.7100e+2
      vertex 9.1874e+0 -4.8149e-1 1.7100e+2
      vertex 1.2730e+1 -1.3380e+0 1.8444e+2
    endloop
  endfacet
  facet normal 9.6297e-1 -7.5787e-2 -2.5874e-1
    outer loop
      vertex 9.1874e+0 -4.8149e-1 1.7100e+2
      vertex 1.2782e+1 -6.6990e-1 1.8444e+2
      vertex 1.2730e+1 -1.3380e+0 1.8444e+2
    endloop
  endfacet
  facet normal 0.0000e+0 0.0000e+0 -1.0000e+0
    outer loop
      vertex 1.5117e+1 -1.5888e+0 0.0000e+0
      vertex 1.5179e+1 -7.9551e-1 0.0000e+0
      vertex 1.8100e+1 -1.9024e+0 0.0000e+0
    endloop
  endfacet
  facet normal 0.0000e+0 0.0000e+0 -1.0000e+0
    outer loop
      vertex 1.5179e+1 -7.9551e-1 0.0000e+0
      vertex 1.8175e+1 -9.5251e-1 0.0000e+0
      vertex 1.8100e+1 -1.9024e+0 0.0000e+0
    endloop
  endfacet
  facet normal 0.0000e+0 0.0000e+0 1.0000e+0
    outer loop
      vertex 9.7463e+0 -1.0244e+0 1.8444e+2
      vertex 1.2730e+1 -1.3380e+0 1.8444e+2
      vertex 9.7866e+0 -5.1289e-1 1.8444e+2
    endloop
  endfacet
  facet normal 0.0000e+0 0.0000e+0 1.0000e+0
    outer loop
      vertex 9.7866e+0 -5.1289e-1 1.8444e+2
      vertex 1.2730e+1 -1.3380e+0 1.8444e+2
      vertex 1.2782e+1 -6.6990e-1 1.8444e+2
    endloop
  endfacet
  facet normal -9.9966e-1 2.6177e-2 0.0000e+0
    outer loop
      vertex 1.5179e+1 -7.9551e-1 0.0000e+0
      vertex 1.5179e+1 -7.9551e-1 1.6200e+2
      vertex 1.5200e+1 -3.7229e-15 0.0000e+0
    endloop
  endfacet
  facet normal -9.9966e-1 2.6177e-2 0.0000e+0
    outer loop
      vertex 1.5200e+1 -3.7229e-15 0.0000e+0
      vertex 1.5179e+1 -7.9551e-1 1.6200e+2
      vertex 1.5200e+1 -3.7229e-15 1.6200e+2
    endloop
  endfacet
  facet normal 9.9966e-1 -2.6177e-2 0.0000e+0
    outer loop
      vertex 1.8175e+1 -9.5251e-1 0.0000e+0
      vertex 1.8200e+1 -4.4577e-15 0.0000e+0
      vertex 1.8175e+1 -9.5251e-1 1.6200e+2
    endloop
  endfacet
  facet normal 9.9966e-1 -2.6177e-2 0.0000e+0
    outer loop
      vertex 1.8200e+1 -4.4577e-15 0.0000e+0
      vertex 1.8200e+1 -4.4577e-15 1.6200e+2
      vertex 1.8175e+1 -9.5251e-1 1.6200e+2
    endloop
  endfacet
  facet normal -7.0699e-1 1.8513e-2 -7.0699e-1
    outer loop
      vertex 1.5179e+1 -7.9551e-1 1.6200e+2
      vertex 6.1915e+0 -3.2448e-1 1.7100e+2
      vertex 1.5200e+1 -3.7229e-15 1.6200e+2
    endloop
  endfacet
  facet normal -7.0699e-1 1.8513e-2 -7.0699e-1
    outer loop
      vertex 1.5200e+1 -3.7229e-15 1.6200e+2
      vertex 6.1915e+0 -3.2448e-1 1.7100e+2
      vertex 6.2000e+0 -1.5186e-15 1.7100e+2
    endloop
  endfacet
  facet normal 7.0699e-1 -1.8513e-2 7.0699e-1
    outer loop
      vertex 1.8175e+1 -9.5251e-1 1.6200e+2
      vertex 1.8200e+1 -4.4577e-15 1.6200e+2
      vertex 9.1874e+0 -4.8149e-1 1.7100e+2
    endloop
  endfacet
  facet normal 7.0699e-1 -1.8513e-2 7.0699e-1
    outer loop
      vertex 1.8200e+1 -4.4577e-15 1.6200e+2
      vertex 9.2000e+0 -2.2534e-15 1.7100e+2
      vertex 9.1874e+0 -4.8149e-1 1.7100e+2
    endloop
  endfacet
  facet normal -9.6562e-1 2.5286e-2 2.5874e-1
    outer loop
      vertex 6.1915e+0 -3.2448e-1 1.7100e+2
      vertex 9.7866e+0 -5.1289e-1 1.8444e+2
      vertex 6.2000e+0 -1.5186e-15 1.7100e+2
    endloop
  endfacet
  facet normal -9.6562e-1 2.5286e-2 2.5874e-1
    outer loop
      vertex 6.2000e+0 -1.5186e-15 1.7100e+2
      vertex 9.7866e+0 -5.1289e-1 1.8444e+2
      vertex 9.8000e+0 -2.4003e-15 1.8444e+2
    endloop
  endfacet
  facet normal 9.6562e-1 -2.5286e-2 -2.5874e-1
    outer loop
      vertex 9.1874e+0 -4.8149e-1 1.7100e+2
      vertex 9.2000e+0 -2.2534e-15 1.7100e+2
      vertex 1.2782e+1 -6.6990e-1 1.8444e+2
    endloop
  endfacet
  facet normal 9.6562e-1 -2.5286e-2 -2.5874e-1
    outer loop
      vertex 9.2000e+0 -2.2534e-15 1.7100e+2
      vertex 1.2800e+1 -3.1351e-15 1.8444e+2
      vertex 1.2782e+1 -6.6990e-1 1.8444e+2
    endloop
  endfacet
  facet normal 0.0000e+0 0.0000e+0 -1.0000e+0
    outer loop
      vertex 1.5179e+1 -7.9551e-1 0.0000e+0
      vertex 1.5200e+1 -3.7229e-15 0.0000e+0
      vertex 1.8175e+1 -9.5251e-1 0.0000e+0
    endloop
  endfacet
  facet normal 0.0000e+0 0.0000e+0 -1.0000e+0
    outer loop
      vertex 1.5200e+1 -3.7229e-15 0.0000e+0
      vertex 1.8200e+1 -4.4577e-15 0.0000e+0
      vertex 1.8175e+1 -9.5251e-1 0.0000e+0
    endloop
  endfacet
  facet normal 0.0000e+0 0.0000e+0 1.0000e+0
    outer loop
      vertex 9.7866e+0 -5.1289e-1 1.8444e+2
      vertex 1.2782e+1 -6.6990e-1 1.8444e+2
      vertex 9.8000e+0 -2.4003e-15 1.8444e+2
    endloop
  endfacet
  facet normal 0.0000e+0 0.0000e+0 1.0000e+0
    outer loop
      vertex 9.8000e+0 -2.4003e-15 1.8444e+2
      vertex 1.2782e+1 -6.6990e-1 1.8444e+2
      vertex 1.2800e+1 -3.1351e-15 1.8444e+2
    endloop
  endfacet
endsolid RocketEngine_100N_Scale1to1_10Bar